,merchant_id,merchant_name,cuisine_type,city
0,GF-00001,Resto GrabMantap 0,Seafood,Depok
1,GF-00002,Resto GrabMantap 1,Fast Food,Surabaya
2,GF-00003,Resto GrabMantap 2,Martabak,Tangerang
3,GF-00004,Resto GrabMantap 3,Martabak,Jakarta
4,GF-00005,Resto GrabMantap 4,Snacks,Bekasi
5,GF-00006,Resto GrabMantap 5,Ayam Geprek,Jakarta
6,GF-00007,Resto GrabMantap 6,Martabak,Bekasi
7,GF-00008,Resto GrabMantap 7,Seafood,Bekasi
8,GF-00009,Resto GrabMantap 8,Martabak,Medan
9,GF-00010,Resto GrabMantap 9,Beverages,Makassar
10,GF-00011,Resto GrabMantap 10,Snacks,Surabaya
11,GF-00012,Resto GrabMantap 11,Fast Food,Bogor
12,GF-00013,Resto GrabMantap 12,Martabak,Depok
13,GF-00014,Resto GrabMantap 13,Snacks,Bekasi
14,GF-00015,Resto GrabMantap 14,Fast Food,Bekasi
15,GF-00016,Resto GrabMantap 15,Martabak,Jakarta
16,GF-00017,Resto GrabMantap 16,Beverages,Tangerang
17,GF-00018,Resto GrabMantap 17,Fast Food,Medan
18,GF-00019,Resto GrabMantap 18,Fast Food,Jakarta
19,GF-00020,Resto GrabMantap 19,Beverages,Bali
20,GF-00021,Resto GrabMantap 20,Snacks,Tangerang
21,GF-00022,Resto GrabMantap 21,Martabak,Makassar
22,GF-00023,Resto GrabMantap 22,Martabak,Bandung
23,GF-00024,Resto GrabMantap 23,Snacks,Surabaya
24,GF-00025,Resto GrabMantap 24,Ayam Geprek,Bali
25,GF-00026,Resto GrabMantap 25,Fast Food,Bandung
26,GF-00027,Resto GrabMantap 26,Ayam Geprek,Bogor
27,GF-00028,Resto GrabMantap 27,Ayam Geprek,Tangerang
28,GF-00029,Resto GrabMantap 28,Snacks,Bandung
29,GF-00030,Resto GrabMantap 29,Seafood,Medan
30,GF-00031,Resto GrabMantap 30,Seafood,Jakarta
31,GF-00032,Resto GrabMantap 31,Seafood,Bandung
32,GF-00033,Resto GrabMantap 32,Fast Food,Jakarta
33,GF-00034,Resto GrabMantap 33,Martabak,Medan
34,GF-00035,Resto GrabMantap 34,Snacks,Surabaya
35,GF-00036,Resto GrabMantap 35,Martabak,Depok
36,GF-00037,Resto GrabMantap 36,Martabak,Tangerang
37,GF-00038,Resto GrabMantap 37,Snacks,Bekasi
38,GF-00039,Resto GrabMantap 38,Ayam Geprek,Depok
39,GF-00040,Resto GrabMantap 39,Beverages,Depok
40,GF-00041,Resto GrabMantap 40,Beverages,Bogor
41,GF-00042,Resto GrabMantap 41,Beverages,Tangerang
42,GF-00043,Resto GrabMantap 42,Snacks,Bogor
43,GF-00044,Resto GrabMantap 43,Fast Food,Bandung
44,GF-00045,Resto GrabMantap 44,Beverages,Bali
45,GF-00046,Resto GrabMantap 45,Fast Food,Makassar
46,GF-00047,Resto GrabMantap 46,Ayam Geprek,Tangerang
47,GF-00048,Resto GrabMantap 47,Beverages,Bandung
48,GF-00049,Resto GrabMantap 48,Ayam Geprek,Bandung
49,GF-00050,Resto GrabMantap 49,Beverages,Bali
50,GF-00051,Resto GrabMantap 50,Ayam Geprek,Bandung
51,GF-00052,Resto GrabMantap 51,Fast Food,Bandung
52,GF-00053,Resto GrabMantap 52,Fast Food,Jakarta
53,GF-00054,Resto GrabMantap 53,Fast Food,Jakarta
54,GF-00055,Resto GrabMantap 54,Fast Food,Makassar
55,GF-00056,Resto GrabMantap 55,Ayam Geprek,Bekasi
56,GF-00057,Resto GrabMantap 56,Fast Food,Makassar
57,GF-00058,Resto GrabMantap 57,Ayam Geprek,Bali
58,GF-00059,Resto GrabMantap 58,Martabak,Surabaya
59,GF-00060,Resto GrabMantap 59,Martabak,Jakarta
60,GF-00061,Resto GrabMantap 60,Ayam Geprek,Jakarta
61,GF-00062,Resto GrabMantap 61,Seafood,Bali
62,GF-00063,Resto GrabMantap 62,Beverages,Bandung
63,GF-00064,Resto GrabMantap 63,Snacks,Makassar
64,GF-00065,Resto GrabMantap 64,Snacks,Medan
65,GF-00066,Resto GrabMantap 65,Ayam Geprek,Makassar
66,GF-00067,Resto GrabMantap 66,Fast Food,Medan
67,GF-00068,Resto GrabMantap 67,Seafood,Bali
68,GF-00069,Resto GrabMantap 68,Beverages,Bali
69,GF-00070,Resto GrabMantap 69,Martabak,Bogor
70,GF-00071,Resto GrabMantap 70,Snacks,Bogor
71,GF-00072,Resto GrabMantap 71,Seafood,Jakarta
72,GF-00073,Resto GrabMantap 72,Fast Food,Bogor
73,GF-00074,Resto GrabMantap 73,Beverages,Bali
74,GF-00075,Resto GrabMantap 74,Beverages,Jakarta
75,GF-00076,Resto GrabMantap 75,Beverages,Bekasi
76,GF-00077,Resto GrabMantap 76,Ayam Geprek,Bali
77,GF-00078,Resto GrabMantap 77,Beverages,Makassar
78,GF-00079,Resto GrabMantap 78,Fast Food,Bandung
79,GF-00080,Resto GrabMantap 79,Ayam Geprek,Bandung
80,GF-00081,Resto GrabMantap 80,Snacks,Surabaya
81,GF-00082,Resto GrabMantap 81,Beverages,Bogor
82,GF-00083,Resto GrabMantap 82,Martabak,Medan
83,GF-00084,Resto GrabMantap 83,Seafood,Bali
84,GF-00085,Resto GrabMantap 84,Ayam Geprek,Jakarta
85,GF-00086,Resto GrabMantap 85,Ayam Geprek,Bali
86,GF-00087,Resto GrabMantap 86,Ayam Geprek,Bekasi
87,GF-00088,Resto GrabMantap 87,Beverages,Bekasi
88,GF-00089,Resto GrabMantap 88,Seafood,Tangerang
89,GF-00090,Resto GrabMantap 89,Snacks,Jakarta
90,GF-00091,Resto GrabMantap 90,Ayam Geprek,Surabaya
91,GF-00092,Resto GrabMantap 91,Ayam Geprek,Tangerang
92,GF-00093,Resto GrabMantap 92,Seafood,Jakarta
93,GF-00094,Resto GrabMantap 93,Snacks,Medan
94,GF-00095,Resto GrabMantap 94,Snacks,Depok
95,GF-00096,Resto GrabMantap 95,Snacks,Surabaya
96,GF-00097,Resto GrabMantap 96,Martabak,Medan
97,GF-00098,Resto GrabMantap 97,Fast Food,Medan
98,GF-00099,Resto GrabMantap 98,Fast Food,Bogor
99,GF-00100,Resto GrabMantap 99,Fast Food,Bogor
100,GF-00101,Resto GrabMantap 100,Martabak,Bandung
101,GF-00102,Resto GrabMantap 101,Ayam Geprek,Bali
102,GF-00103,Resto GrabMantap 102,Snacks,Surabaya
103,GF-00104,Resto GrabMantap 103,Snacks,Medan
104,GF-00105,Resto GrabMantap 104,Beverages,Jakarta
105,GF-00106,Resto GrabMantap 105,Ayam Geprek,Bali
106,GF-00107,Resto GrabMantap 106,Beverages,Makassar
107,GF-00108,Resto GrabMantap 107,Seafood,Bali
108,GF-00109,Resto GrabMantap 108,Beverages,Bekasi
109,GF-00110,Resto GrabMantap 109,Snacks,Bandung
110,GF-00111,Resto GrabMantap 110,Fast Food,Bekasi
111,GF-00112,Resto GrabMantap 111,Beverages,Tangerang
112,GF-00113,Resto GrabMantap 112,Martabak,Tangerang
113,GF-00114,Resto GrabMantap 113,Snacks,Bali
114,GF-00115,Resto GrabMantap 114,Martabak,Tangerang
115,GF-00116,Resto GrabMantap 115,Snacks,Tangerang
116,GF-00117,Resto GrabMantap 116,Snacks,Depok
117,GF-00118,Resto GrabMantap 117,Ayam Geprek,Makassar
118,GF-00119,Resto GrabMantap 118,Martabak,Bekasi
119,GF-00120,Resto GrabMantap 119,Fast Food,Medan
120,GF-00121,Resto GrabMantap 120,Beverages,Makassar
121,GF-00122,Resto GrabMantap 121,Snacks,Tangerang
122,GF-00123,Resto GrabMantap 122,Fast Food,Surabaya
123,GF-00124,Resto GrabMantap 123,Seafood,Medan
124,GF-00125,Resto GrabMantap 124,Snacks,Bekasi
125,GF-00126,Resto GrabMantap 125,Snacks,Depok
126,GF-00127,Resto GrabMantap 126,Ayam Geprek,Bekasi
127,GF-00128,Resto GrabMantap 127,Ayam Geprek,Surabaya
128,GF-00129,Resto GrabMantap 128,Beverages,Surabaya
129,GF-00130,Resto GrabMantap 129,Ayam Geprek,Medan
130,GF-00131,Resto GrabMantap 130,Seafood,Makassar
131,GF-00132,Resto GrabMantap 131,Fast Food,Bekasi
132,GF-00133,Resto GrabMantap 132,Ayam Geprek,Bandung
133,GF-00134,Resto GrabMantap 133,Snacks,Depok
134,GF-00135,Resto GrabMantap 134,Snacks,Bekasi
135,GF-00136,Resto GrabMantap 135,Martabak,Surabaya
136,GF-00137,Resto GrabMantap 136,Ayam Geprek,Bali
137,GF-00138,Resto GrabMantap 137,Seafood,Tangerang
138,GF-00139,Resto GrabMantap 138,Fast Food,Tangerang
139,GF-00140,Resto GrabMantap 139,Fast Food,Bogor
140,GF-00141,Resto GrabMantap 140,Snacks,Bandung
141,GF-00142,Resto GrabMantap 141,Seafood,Bali
142,GF-00143,Resto GrabMantap 142,Martabak,Jakarta
143,GF-00144,Resto GrabMantap 143,Fast Food,Tangerang
144,GF-00145,Resto GrabMantap 144,Seafood,Bandung
145,GF-00146,Resto GrabMantap 145,Ayam Geprek,Bogor
146,GF-00147,Resto GrabMantap 146,Fast Food,Depok
147,GF-00148,Resto GrabMantap 147,Snacks,Bekasi
148,GF-00149,Resto GrabMantap 148,Martabak,Jakarta
149,GF-00150,Resto GrabMantap 149,Ayam Geprek,Bogor
150,GF-00151,Resto GrabMantap 150,Ayam Geprek,Bekasi
151,GF-00152,Resto GrabMantap 151,Snacks,Bandung
152,GF-00153,Resto GrabMantap 152,Martabak,Jakarta
153,GF-00154,Resto GrabMantap 153,Martabak,Depok
154,GF-00155,Resto GrabMantap 154,Snacks,Bogor
155,GF-00156,Resto GrabMantap 155,Snacks,Bandung
156,GF-00157,Resto GrabMantap 156,Martabak,Bandung
157,GF-00158,Resto GrabMantap 157,Martabak,Bekasi
158,GF-00159,Resto GrabMantap 158,Martabak,Jakarta
159,GF-00160,Resto GrabMantap 159,Beverages,Depok
160,GF-00161,Resto GrabMantap 160,Beverages,Depok
161,GF-00162,Resto GrabMantap 161,Snacks,Jakarta
162,GF-00163,Resto GrabMantap 162,Martabak,Medan
163,GF-00164,Resto GrabMantap 163,Martabak,Bali
164,GF-00165,Resto GrabMantap 164,Beverages,Medan
165,GF-00166,Resto GrabMantap 165,Fast Food,Makassar
166,GF-00167,Resto GrabMantap 166,Fast Food,Tangerang
167,GF-00168,Resto GrabMantap 167,Snacks,Makassar
168,GF-00169,Resto GrabMantap 168,Seafood,Surabaya
169,GF-00170,Resto GrabMantap 169,Ayam Geprek,Bogor
170,GF-00171,Resto GrabMantap 170,Fast Food,Medan
171,GF-00172,Resto GrabMantap 171,Fast Food,Medan
172,GF-00173,Resto GrabMantap 172,Beverages,Surabaya
173,GF-00174,Resto GrabMantap 173,Beverages,Jakarta
174,GF-00175,Resto GrabMantap 174,Fast Food,Tangerang
175,GF-00176,Resto GrabMantap 175,Fast Food,Bekasi
176,GF-00177,Resto GrabMantap 176,Fast Food,Bogor
177,GF-00178,Resto GrabMantap 177,Fast Food,Tangerang
178,GF-00179,Resto GrabMantap 178,Fast Food,Bogor
179,GF-00180,Resto GrabMantap 179,Ayam Geprek,Bali
180,GF-00181,Resto GrabMantap 180,Ayam Geprek,Jakarta
181,GF-00182,Resto GrabMantap 181,Ayam Geprek,Bandung
182,GF-00183,Resto GrabMantap 182,Martabak,Bekasi
183,GF-00184,Resto GrabMantap 183,Martabak,Bali
184,GF-00185,Resto GrabMantap 184,Fast Food,Bogor
185,GF-00186,Resto GrabMantap 185,Ayam Geprek,Bali
186,GF-00187,Resto GrabMantap 186,Ayam Geprek,Tangerang
187,GF-00188,Resto GrabMantap 187,Seafood,Bali
188,GF-00189,Resto GrabMantap 188,Beverages,Surabaya
189,GF-00190,Resto GrabMantap 189,Martabak,Surabaya
190,GF-00191,Resto GrabMantap 190,Snacks,Bali
191,GF-00192,Resto GrabMantap 191,Fast Food,Jakarta
192,GF-00193,Resto GrabMantap 192,Snacks,Bogor
193,GF-00194,Resto GrabMantap 193,Seafood,Bandung
194,GF-00195,Resto GrabMantap 194,Fast Food,Bandung
195,GF-00196,Resto GrabMantap 195,Beverages,Tangerang
196,GF-00197,Resto GrabMantap 196,Beverages,Bogor
197,GF-00198,Resto GrabMantap 197,Beverages,Bali
198,GF-00199,Resto GrabMantap 198,Snacks,Medan
199,GF-00200,Resto GrabMantap 199,Snacks,Tangerang
200,GF-00201,Resto GrabMantap 200,Snacks,Medan
201,GF-00202,Resto GrabMantap 201,Snacks,Surabaya
202,GF-00203,Resto GrabMantap 202,Seafood,Bogor
203,GF-00204,Resto GrabMantap 203,Fast Food,Depok
204,GF-00205,Resto GrabMantap 204,Fast Food,Surabaya
205,GF-00206,Resto GrabMantap 205,Ayam Geprek,Jakarta
206,GF-00207,Resto GrabMantap 206,Snacks,Makassar
207,GF-00208,Resto GrabMantap 207,Snacks,Makassar
208,GF-00209,Resto GrabMantap 208,Fast Food,Bandung
209,GF-00210,Resto GrabMantap 209,Snacks,Bekasi
210,GF-00211,Resto GrabMantap 210,Martabak,Jakarta
211,GF-00212,Resto GrabMantap 211,Snacks,Bandung
212,GF-00213,Resto GrabMantap 212,Ayam Geprek,Bali
213,GF-00214,Resto GrabMantap 213,Seafood,Surabaya
214,GF-00215,Resto GrabMantap 214,Martabak,Makassar
215,GF-00216,Resto GrabMantap 215,Snacks,Jakarta
216,GF-00217,Resto GrabMantap 216,Snacks,Jakarta
217,GF-00218,Resto GrabMantap 217,Martabak,Bogor
218,GF-00219,Resto GrabMantap 218,Martabak,Depok
219,GF-00220,Resto GrabMantap 219,Fast Food,Jakarta
220,GF-00221,Resto GrabMantap 220,Fast Food,Depok
221,GF-00222,Resto GrabMantap 221,Snacks,Bogor
222,GF-00223,Resto GrabMantap 222,Beverages,Bali
223,GF-00224,Resto GrabMantap 223,Beverages,Medan
224,GF-00225,Resto GrabMantap 224,Ayam Geprek,Depok
225,GF-00226,Resto GrabMantap 225,Beverages,Makassar
226,GF-00227,Resto GrabMantap 226,Martabak,Jakarta
227,GF-00228,Resto GrabMantap 227,Martabak,Jakarta
228,GF-00229,Resto GrabMantap 228,Fast Food,Surabaya
229,GF-00230,Resto GrabMantap 229,Martabak,Bekasi
230,GF-00231,Resto GrabMantap 230,Martabak,Medan
231,GF-00232,Resto GrabMantap 231,Fast Food,Bekasi
232,GF-00233,Resto GrabMantap 232,Ayam Geprek,Medan
233,GF-00234,Resto GrabMantap 233,Fast Food,Bogor
234,GF-00235,Resto GrabMantap 234,Martabak,Jakarta
235,GF-00236,Resto GrabMantap 235,Fast Food,Bandung
236,GF-00237,Resto GrabMantap 236,Snacks,Jakarta
237,GF-00238,Resto GrabMantap 237,Seafood,Surabaya
238,GF-00239,Resto GrabMantap 238,Snacks,Surabaya
239,GF-00240,Resto GrabMantap 239,Fast Food,Depok
240,GF-00241,Resto GrabMantap 240,Ayam Geprek,Tangerang
241,GF-00242,Resto GrabMantap 241,Martabak,Bekasi
242,GF-00243,Resto GrabMantap 242,Beverages,Jakarta
243,GF-00244,Resto GrabMantap 243,Seafood,Medan
244,GF-00245,Resto GrabMantap 244,Snacks,Tangerang
245,GF-00246,Resto GrabMantap 245,Martabak,Bogor
246,GF-00247,Resto GrabMantap 246,Beverages,Depok
247,GF-00248,Resto GrabMantap 247,Beverages,Medan
248,GF-00249,Resto GrabMantap 248,Fast Food,Bogor
249,GF-00250,Resto GrabMantap 249,Fast Food,Bali
250,GF-00251,Resto GrabMantap 250,Ayam Geprek,Bali
251,GF-00252,Resto GrabMantap 251,Seafood,Surabaya
252,GF-00253,Resto GrabMantap 252,Martabak,Makassar
253,GF-00254,Resto GrabMantap 253,Beverages,Jakarta
254,GF-00255,Resto GrabMantap 254,Seafood,Tangerang
255,GF-00256,Resto GrabMantap 255,Snacks,Bali
256,GF-00257,Resto GrabMantap 256,Martabak,Bekasi
257,GF-00258,Resto GrabMantap 257,Ayam Geprek,Jakarta
258,GF-00259,Resto GrabMantap 258,Fast Food,Bogor
259,GF-00260,Resto GrabMantap 259,Ayam Geprek,Tangerang
260,GF-00261,Resto GrabMantap 260,Ayam Geprek,Depok
261,GF-00262,Resto GrabMantap 261,Martabak,Bandung
262,GF-00263,Resto GrabMantap 262,Seafood,Tangerang
263,GF-00264,Resto GrabMantap 263,Martabak,Depok
264,GF-00265,Resto GrabMantap 264,Martabak,Makassar
265,GF-00266,Resto GrabMantap 265,Beverages,Bogor
266,GF-00267,Resto GrabMantap 266,Seafood,Bandung
267,GF-00268,Resto GrabMantap 267,Martabak,Surabaya
268,GF-00269,Resto GrabMantap 268,Ayam Geprek,Bekasi
269,GF-00270,Resto GrabMantap 269,Seafood,Bali
270,GF-00271,Resto GrabMantap 270,Ayam Geprek,Bekasi
271,GF-00272,Resto GrabMantap 271,Martabak,Bogor
272,GF-00273,Resto GrabMantap 272,Martabak,Makassar
273,GF-00274,Resto GrabMantap 273,Martabak,Surabaya
274,GF-00275,Resto GrabMantap 274,Snacks,Bekasi
275,GF-00276,Resto GrabMantap 275,Ayam Geprek,Medan
276,GF-00277,Resto GrabMantap 276,Seafood,Bogor
277,GF-00278,Resto GrabMantap 277,Fast Food,Tangerang
278,GF-00279,Resto GrabMantap 278,Seafood,Depok
279,GF-00280,Resto GrabMantap 279,Martabak,Jakarta
280,GF-00281,Resto GrabMantap 280,Snacks,Bali
281,GF-00282,Resto GrabMantap 281,Martabak,Medan
282,GF-00283,Resto GrabMantap 282,Snacks,Tangerang
283,GF-00284,Resto GrabMantap 283,Fast Food,Tangerang
284,GF-00285,Resto GrabMantap 284,Ayam Geprek,Tangerang
285,GF-00286,Resto GrabMantap 285,Fast Food,Jakarta
286,GF-00287,Resto GrabMantap 286,Ayam Geprek,Depok
287,GF-00288,Resto GrabMantap 287,Seafood,Bali
288,GF-00289,Resto GrabMantap 288,Beverages,Bogor
289,GF-00290,Resto GrabMantap 289,Martabak,Tangerang
290,GF-00291,Resto GrabMantap 290,Snacks,Bali
291,GF-00292,Resto GrabMantap 291,Beverages,Bali
292,GF-00293,Resto GrabMantap 292,Snacks,Surabaya
293,GF-00294,Resto GrabMantap 293,Martabak,Tangerang
294,GF-00295,Resto GrabMantap 294,Martabak,Tangerang
295,GF-00296,Resto GrabMantap 295,Snacks,Surabaya
296,GF-00297,Resto GrabMantap 296,Beverages,Bekasi
297,GF-00298,Resto GrabMantap 297,Snacks,Bali
298,GF-00299,Resto GrabMantap 298,Seafood,Tangerang
299,GF-00300,Resto GrabMantap 299,Seafood,Surabaya
300,GF-00301,Resto GrabMantap 300,Snacks,Medan
301,GF-00302,Resto GrabMantap 301,Fast Food,Medan
302,GF-00303,Resto GrabMantap 302,Fast Food,Surabaya
303,GF-00304,Resto GrabMantap 303,Seafood,Medan
304,GF-00305,Resto GrabMantap 304,Beverages,Bekasi
305,GF-00306,Resto GrabMantap 305,Martabak,Medan
306,GF-00307,Resto GrabMantap 306,Fast Food,Bali
307,GF-00308,Resto GrabMantap 307,Ayam Geprek,Surabaya
308,GF-00309,Resto GrabMantap 308,Martabak,Bogor
309,GF-00310,Resto GrabMantap 309,Martabak,Bekasi
310,GF-00311,Resto GrabMantap 310,Seafood,Depok
311,GF-00312,Resto GrabMantap 311,Seafood,Surabaya
312,GF-00313,Resto GrabMantap 312,Snacks,Bandung
313,GF-00314,Resto GrabMantap 313,Fast Food,Bandung
314,GF-00315,Resto GrabMantap 314,Snacks,Makassar
315,GF-00316,Resto GrabMantap 315,Ayam Geprek,Jakarta
316,GF-00317,Resto GrabMantap 316,Seafood,Jakarta
317,GF-00318,Resto GrabMantap 317,Seafood,Depok
318,GF-00319,Resto GrabMantap 318,Martabak,Surabaya
319,GF-00320,Resto GrabMantap 319,Martabak,Surabaya
320,GF-00321,Resto GrabMantap 320,Ayam Geprek,Bekasi
321,GF-00322,Resto GrabMantap 321,Martabak,Medan
322,GF-00323,Resto GrabMantap 322,Seafood,Bogor
323,GF-00324,Resto GrabMantap 323,Ayam Geprek,Jakarta
324,GF-00325,Resto GrabMantap 324,Martabak,Bali
325,GF-00326,Resto GrabMantap 325,Beverages,Bogor
326,GF-00327,Resto GrabMantap 326,Fast Food,Medan
327,GF-00328,Resto GrabMantap 327,Beverages,Bandung
328,GF-00329,Resto GrabMantap 328,Seafood,Surabaya
329,GF-00330,Resto GrabMantap 329,Beverages,Bekasi
330,GF-00331,Resto GrabMantap 330,Ayam Geprek,Depok
331,GF-00332,Resto GrabMantap 331,Beverages,Bogor
332,GF-00333,Resto GrabMantap 332,Snacks,Bali
333,GF-00334,Resto GrabMantap 333,Fast Food,Makassar
334,GF-00335,Resto GrabMantap 334,Martabak,Bali
335,GF-00336,Resto GrabMantap 335,Fast Food,Bogor
336,GF-00337,Resto GrabMantap 336,Snacks,Bali
337,GF-00338,Resto GrabMantap 337,Fast Food,Bekasi
338,GF-00339,Resto GrabMantap 338,Snacks,Bogor
339,GF-00340,Resto GrabMantap 339,Beverages,Bekasi
340,GF-00341,Resto GrabMantap 340,Seafood,Depok
341,GF-00342,Resto GrabMantap 341,Fast Food,Jakarta
342,GF-00343,Resto GrabMantap 342,Seafood,Medan
343,GF-00344,Resto GrabMantap 343,Snacks,Surabaya
344,GF-00345,Resto GrabMantap 344,Ayam Geprek,Bogor
345,GF-00346,Resto GrabMantap 345,Snacks,Bogor
346,GF-00347,Resto GrabMantap 346,Ayam Geprek,Medan
347,GF-00348,Resto GrabMantap 347,Martabak,Makassar
348,GF-00349,Resto GrabMantap 348,Fast Food,Bekasi
349,GF-00350,Resto GrabMantap 349,Seafood,Tangerang
350,GF-00351,Resto GrabMantap 350,Fast Food,Bandung
351,GF-00352,Resto GrabMantap 351,Snacks,Tangerang
352,GF-00353,Resto GrabMantap 352,Seafood,Surabaya
353,GF-00354,Resto GrabMantap 353,Martabak,Bogor
354,GF-00355,Resto GrabMantap 354,Martabak,Depok
355,GF-00356,Resto GrabMantap 355,Ayam Geprek,Bandung
356,GF-00357,Resto GrabMantap 356,Seafood,Bekasi
357,GF-00358,Resto GrabMantap 357,Beverages,Bandung
358,GF-00359,Resto GrabMantap 358,Seafood,Makassar
359,GF-00360,Resto GrabMantap 359,Seafood,Medan
360,GF-00361,Resto GrabMantap 360,Beverages,Medan
361,GF-00362,Resto GrabMantap 361,Martabak,Bali
362,GF-00363,Resto GrabMantap 362,Snacks,Jakarta
363,GF-00364,Resto GrabMantap 363,Ayam Geprek,Jakarta
364,GF-00365,Resto GrabMantap 364,Ayam Geprek,Jakarta
365,GF-00366,Resto GrabMantap 365,Ayam Geprek,Makassar
366,GF-00367,Resto GrabMantap 366,Seafood,Makassar
367,GF-00368,Resto GrabMantap 367,Fast Food,Depok
368,GF-00369,Resto GrabMantap 368,Ayam Geprek,Tangerang
369,GF-00370,Resto GrabMantap 369,Fast Food,Makassar
370,GF-00371,Resto GrabMantap 370,Snacks,Makassar
371,GF-00372,Resto GrabMantap 371,Martabak,Bekasi
372,GF-00373,Resto GrabMantap 372,Beverages,Bekasi
373,GF-00374,Resto GrabMantap 373,Ayam Geprek,Bali
374,GF-00375,Resto GrabMantap 374,Beverages,Bekasi
375,GF-00376,Resto GrabMantap 375,Seafood,Bogor
376,GF-00377,Resto GrabMantap 376,Snacks,Bogor
377,GF-00378,Resto GrabMantap 377,Beverages,Bekasi
378,GF-00379,Resto GrabMantap 378,Seafood,Makassar
379,GF-00380,Resto GrabMantap 379,Ayam Geprek,Depok
380,GF-00381,Resto GrabMantap 380,Snacks,Makassar
381,GF-00382,Resto GrabMantap 381,Snacks,Surabaya
382,GF-00383,Resto GrabMantap 382,Fast Food,Bekasi
383,GF-00384,Resto GrabMantap 383,Beverages,Medan
384,GF-00385,Resto GrabMantap 384,Beverages,Makassar
385,GF-00386,Resto GrabMantap 385,Ayam Geprek,Depok
386,GF-00387,Resto GrabMantap 386,Beverages,Makassar
387,GF-00388,Resto GrabMantap 387,Seafood,Bali
388,GF-00389,Resto GrabMantap 388,Ayam Geprek,Surabaya
389,GF-00390,Resto GrabMantap 389,Ayam Geprek,Surabaya
390,GF-00391,Resto GrabMantap 390,Fast Food,Medan
391,GF-00392,Resto GrabMantap 391,Ayam Geprek,Depok
392,GF-00393,Resto GrabMantap 392,Beverages,Makassar
393,GF-00394,Resto GrabMantap 393,Ayam Geprek,Tangerang
394,GF-00395,Resto GrabMantap 394,Ayam Geprek,Bekasi
395,GF-00396,Resto GrabMantap 395,Snacks,Makassar
396,GF-00397,Resto GrabMantap 396,Beverages,Tangerang
397,GF-00398,Resto GrabMantap 397,Fast Food,Makassar
398,GF-00399,Resto GrabMantap 398,Seafood,Medan
399,GF-00400,Resto GrabMantap 399,Ayam Geprek,Jakarta
400,GF-00401,Resto GrabMantap 400,Fast Food,Surabaya
401,GF-00402,Resto GrabMantap 401,Fast Food,Bekasi
402,GF-00403,Resto GrabMantap 402,Ayam Geprek,Medan
403,GF-00404,Resto GrabMantap 403,Ayam Geprek,Jakarta
404,GF-00405,Resto GrabMantap 404,Ayam Geprek,Bekasi
405,GF-00406,Resto GrabMantap 405,Seafood,Tangerang
406,GF-00407,Resto GrabMantap 406,Seafood,Surabaya
407,GF-00408,Resto GrabMantap 407,Ayam Geprek,Medan
408,GF-00409,Resto GrabMantap 408,Seafood,Medan
409,GF-00410,Resto GrabMantap 409,Snacks,Bekasi
410,GF-00411,Resto GrabMantap 410,Martabak,Bali
411,GF-00412,Resto GrabMantap 411,Seafood,Bogor
412,GF-00413,Resto GrabMantap 412,Snacks,Bogor
413,GF-00414,Resto GrabMantap 413,Fast Food,Bali
414,GF-00415,Resto GrabMantap 414,Beverages,Medan
415,GF-00416,Resto GrabMantap 415,Seafood,Bekasi
416,GF-00417,Resto GrabMantap 416,Fast Food,Surabaya
417,GF-00418,Resto GrabMantap 417,Seafood,Medan
418,GF-00419,Resto GrabMantap 418,Snacks,Bandung
419,GF-00420,Resto GrabMantap 419,Martabak,Jakarta
420,GF-00421,Resto GrabMantap 420,Beverages,Bali
421,GF-00422,Resto GrabMantap 421,Martabak,Medan
422,GF-00423,Resto GrabMantap 422,Seafood,Bekasi
423,GF-00424,Resto GrabMantap 423,Ayam Geprek,Bali
424,GF-00425,Resto GrabMantap 424,Ayam Geprek,Medan
425,GF-00426,Resto GrabMantap 425,Seafood,Bogor
426,GF-00427,Resto GrabMantap 426,Ayam Geprek,Surabaya
427,GF-00428,Resto GrabMantap 427,Martabak,Medan
428,GF-00429,Resto GrabMantap 428,Ayam Geprek,Makassar
429,GF-00430,Resto GrabMantap 429,Ayam Geprek,Bekasi
430,GF-00431,Resto GrabMantap 430,Fast Food,Surabaya
431,GF-00432,Resto GrabMantap 431,Martabak,Bogor
432,GF-00433,Resto GrabMantap 432,Beverages,Bandung
433,GF-00434,Resto GrabMantap 433,Fast Food,Makassar
434,GF-00435,Resto GrabMantap 434,Beverages,Bandung
435,GF-00436,Resto GrabMantap 435,Snacks,Surabaya
436,GF-00437,Resto GrabMantap 436,Beverages,Surabaya
437,GF-00438,Resto GrabMantap 437,Fast Food,Bali
438,GF-00439,Resto GrabMantap 438,Snacks,Depok
439,GF-00440,Resto GrabMantap 439,Snacks,Medan
440,GF-00441,Resto GrabMantap 440,Fast Food,Surabaya
441,GF-00442,Resto GrabMantap 441,Seafood,Tangerang
442,GF-00443,Resto GrabMantap 442,Martabak,Tangerang
443,GF-00444,Resto GrabMantap 443,Ayam Geprek,Bekasi
444,GF-00445,Resto GrabMantap 444,Snacks,Bekasi
445,GF-00446,Resto GrabMantap 445,Snacks,Bandung
446,GF-00447,Resto GrabMantap 446,Snacks,Depok
447,GF-00448,Resto GrabMantap 447,Snacks,Jakarta
448,GF-00449,Resto GrabMantap 448,Seafood,Bandung
449,GF-00450,Resto GrabMantap 449,Seafood,Tangerang
450,GF-00451,Resto GrabMantap 450,Martabak,Bogor
451,GF-00452,Resto GrabMantap 451,Snacks,Bogor
452,GF-00453,Resto GrabMantap 452,Fast Food,Bandung
453,GF-00454,Resto GrabMantap 453,Seafood,Medan
454,GF-00455,Resto GrabMantap 454,Beverages,Medan
455,GF-00456,Resto GrabMantap 455,Fast Food,Bandung
456,GF-00457,Resto GrabMantap 456,Martabak,Tangerang
457,GF-00458,Resto GrabMantap 457,Fast Food,Makassar
458,GF-00459,Resto GrabMantap 458,Snacks,Bogor
459,GF-00460,Resto GrabMantap 459,Ayam Geprek,Bekasi
460,GF-00461,Resto GrabMantap 460,Beverages,Bali
461,GF-00462,Resto GrabMantap 461,Martabak,Bandung
462,GF-00463,Resto GrabMantap 462,Martabak,Tangerang
463,GF-00464,Resto GrabMantap 463,Ayam Geprek,Surabaya
464,GF-00465,Resto GrabMantap 464,Seafood,Tangerang
465,GF-00466,Resto GrabMantap 465,Ayam Geprek,Depok
466,GF-00467,Resto GrabMantap 466,Ayam Geprek,Bekasi
467,GF-00468,Resto GrabMantap 467,Snacks,Bekasi
468,GF-00469,Resto GrabMantap 468,Ayam Geprek,Medan
469,GF-00470,Resto GrabMantap 469,Snacks,Jakarta
470,GF-00471,Resto GrabMantap 470,Martabak,Makassar
471,GF-00472,Resto GrabMantap 471,Snacks,Bogor
472,GF-00473,Resto GrabMantap 472,Snacks,Bali
473,GF-00474,Resto GrabMantap 473,Fast Food,Tangerang
474,GF-00475,Resto GrabMantap 474,Fast Food,Depok
475,GF-00476,Resto GrabMantap 475,Martabak,Makassar
476,GF-00477,Resto GrabMantap 476,Ayam Geprek,Depok
477,GF-00478,Resto GrabMantap 477,Seafood,Bandung
478,GF-00479,Resto GrabMantap 478,Snacks,Bandung
479,GF-00480,Resto GrabMantap 479,Beverages,Jakarta
480,GF-00481,Resto GrabMantap 480,Fast Food,Medan
481,GF-00482,Resto GrabMantap 481,Fast Food,Surabaya
482,GF-00483,Resto GrabMantap 482,Seafood,Jakarta
483,GF-00484,Resto GrabMantap 483,Snacks,Bali
484,GF-00485,Resto GrabMantap 484,Seafood,Bandung
485,GF-00486,Resto GrabMantap 485,Beverages,Bandung
486,GF-00487,Resto GrabMantap 486,Fast Food,Depok
487,GF-00488,Resto GrabMantap 487,Martabak,Depok
488,GF-00489,Resto GrabMantap 488,Seafood,Bali
489,GF-00490,Resto GrabMantap 489,Snacks,Surabaya
490,GF-00491,Resto GrabMantap 490,Martabak,Bekasi
491,GF-00492,Resto GrabMantap 491,Ayam Geprek,Bogor
492,GF-00493,Resto GrabMantap 492,Fast Food,Bekasi
493,GF-00494,Resto GrabMantap 493,Ayam Geprek,Bekasi
494,GF-00495,Resto GrabMantap 494,Seafood,Makassar
495,GF-00496,Resto GrabMantap 495,Martabak,Jakarta
496,GF-00497,Resto GrabMantap 496,Ayam Geprek,Surabaya
497,GF-00498,Resto GrabMantap 497,Fast Food,Bogor
498,GF-00499,Resto GrabMantap 498,Beverages,Bandung
499,GF-00500,Resto GrabMantap 499,Seafood,Depok
500,GF-00501,Resto GrabMantap 500,Ayam Geprek,Medan
501,GF-00502,Resto GrabMantap 501,Snacks,Makassar
502,GF-00503,Resto GrabMantap 502,Snacks,Bogor
503,GF-00504,Resto GrabMantap 503,Seafood,Jakarta
504,GF-00505,Resto GrabMantap 504,Beverages,Medan
505,GF-00506,Resto GrabMantap 505,Seafood,Surabaya
506,GF-00507,Resto GrabMantap 506,Martabak,Bogor
507,GF-00508,Resto GrabMantap 507,Seafood,Bogor
508,GF-00509,Resto GrabMantap 508,Beverages,Jakarta
509,GF-00510,Resto GrabMantap 509,Martabak,Bekasi
510,GF-00511,Resto GrabMantap 510,Seafood,Depok
511,GF-00512,Resto GrabMantap 511,Martabak,Medan
512,GF-00513,Resto GrabMantap 512,Snacks,Depok
513,GF-00514,Resto GrabMantap 513,Ayam Geprek,Jakarta
514,GF-00515,Resto GrabMantap 514,Beverages,Surabaya
515,GF-00516,Resto GrabMantap 515,Ayam Geprek,Medan
516,GF-00517,Resto GrabMantap 516,Fast Food,Bogor
517,GF-00518,Resto GrabMantap 517,Fast Food,Tangerang
518,GF-00519,Resto GrabMantap 518,Ayam Geprek,Surabaya
519,GF-00520,Resto GrabMantap 519,Ayam Geprek,Surabaya
520,GF-00521,Resto GrabMantap 520,Beverages,Bandung
521,GF-00522,Resto GrabMantap 521,Snacks,Surabaya
522,GF-00523,Resto GrabMantap 522,Snacks,Bogor
523,GF-00524,Resto GrabMantap 523,Martabak,Bekasi
524,GF-00525,Resto GrabMantap 524,Martabak,Surabaya
525,GF-00526,Resto GrabMantap 525,Fast Food,Medan
526,GF-00527,Resto GrabMantap 526,Fast Food,Depok
527,GF-00528,Resto GrabMantap 527,Beverages,Depok
528,GF-00529,Resto GrabMantap 528,Snacks,Surabaya
529,GF-00530,Resto GrabMantap 529,Seafood,Tangerang
530,GF-00531,Resto GrabMantap 530,Snacks,Medan
531,GF-00532,Resto GrabMantap 531,Ayam Geprek,Surabaya
532,GF-00533,Resto GrabMantap 532,Beverages,Jakarta
533,GF-00534,Resto GrabMantap 533,Fast Food,Bogor
534,GF-00535,Resto GrabMantap 534,Snacks,Medan
535,GF-00536,Resto GrabMantap 535,Martabak,Surabaya
536,GF-00537,Resto GrabMantap 536,Fast Food,Bandung
537,GF-00538,Resto GrabMantap 537,Martabak,Bekasi
538,GF-00539,Resto GrabMantap 538,Martabak,Depok
539,GF-00540,Resto GrabMantap 539,Ayam Geprek,Jakarta
540,GF-00541,Resto GrabMantap 540,Seafood,Jakarta
541,GF-00542,Resto GrabMantap 541,Fast Food,Depok
542,GF-00543,Resto GrabMantap 542,Beverages,Bogor
543,GF-00544,Resto GrabMantap 543,Snacks,Surabaya
544,GF-00545,Resto GrabMantap 544,Beverages,Surabaya
545,GF-00546,Resto GrabMantap 545,Fast Food,Bekasi
546,GF-00547,Resto GrabMantap 546,Martabak,Depok
547,GF-00548,Resto GrabMantap 547,Seafood,Jakarta
548,GF-00549,Resto GrabMantap 548,Martabak,Tangerang
549,GF-00550,Resto GrabMantap 549,Seafood,Surabaya
550,GF-00551,Resto GrabMantap 550,Beverages,Bekasi
551,GF-00552,Resto GrabMantap 551,Martabak,Depok
552,GF-00553,Resto GrabMantap 552,Ayam Geprek,Tangerang
553,GF-00554,Resto GrabMantap 553,Seafood,Bekasi
554,GF-00555,Resto GrabMantap 554,Martabak,Tangerang
555,GF-00556,Resto GrabMantap 555,Martabak,Bekasi
556,GF-00557,Resto GrabMantap 556,Beverages,Jakarta
557,GF-00558,Resto GrabMantap 557,Snacks,Jakarta
558,GF-00559,Resto GrabMantap 558,Ayam Geprek,Bogor
559,GF-00560,Resto GrabMantap 559,Martabak,Bali
560,GF-00561,Resto GrabMantap 560,Martabak,Tangerang
561,GF-00562,Resto GrabMantap 561,Snacks,Tangerang
562,GF-00563,Resto GrabMantap 562,Beverages,Makassar
563,GF-00564,Resto GrabMantap 563,Martabak,Jakarta
564,GF-00565,Resto GrabMantap 564,Beverages,Bali
565,GF-00566,Resto GrabMantap 565,Snacks,Bogor
566,GF-00567,Resto GrabMantap 566,Martabak,Tangerang
567,GF-00568,Resto GrabMantap 567,Fast Food,Bandung
568,GF-00569,Resto GrabMantap 568,Snacks,Bekasi
569,GF-00570,Resto GrabMantap 569,Ayam Geprek,Surabaya
570,GF-00571,Resto GrabMantap 570,Seafood,Makassar
571,GF-00572,Resto GrabMantap 571,Seafood,Tangerang
572,GF-00573,Resto GrabMantap 572,Seafood,Surabaya
573,GF-00574,Resto GrabMantap 573,Snacks,Jakarta
574,GF-00575,Resto GrabMantap 574,Beverages,Makassar
575,GF-00576,Resto GrabMantap 575,Seafood,Tangerang
576,GF-00577,Resto GrabMantap 576,Ayam Geprek,Makassar
577,GF-00578,Resto GrabMantap 577,Beverages,Makassar
578,GF-00579,Resto GrabMantap 578,Snacks,Bali
579,GF-00580,Resto GrabMantap 579,Martabak,Bogor
580,GF-00581,Resto GrabMantap 580,Fast Food,Bali
581,GF-00582,Resto GrabMantap 581,Snacks,Bekasi
582,GF-00583,Resto GrabMantap 582,Seafood,Depok
583,GF-00584,Resto GrabMantap 583,Fast Food,Surabaya
584,GF-00585,Resto GrabMantap 584,Ayam Geprek,Makassar
585,GF-00586,Resto GrabMantap 585,Martabak,Bekasi
586,GF-00587,Resto GrabMantap 586,Martabak,Bekasi
587,GF-00588,Resto GrabMantap 587,Snacks,Bandung
588,GF-00589,Resto GrabMantap 588,Fast Food,Bandung
589,GF-00590,Resto GrabMantap 589,Ayam Geprek,Makassar
590,GF-00591,Resto GrabMantap 590,Snacks,Surabaya
591,GF-00592,Resto GrabMantap 591,Ayam Geprek,Surabaya
592,GF-00593,Resto GrabMantap 592,Fast Food,Bandung
593,GF-00594,Resto GrabMantap 593,Martabak,Depok
594,GF-00595,Resto GrabMantap 594,Beverages,Jakarta
595,GF-00596,Resto GrabMantap 595,Snacks,Medan
596,GF-00597,Resto GrabMantap 596,Martabak,Makassar
597,GF-00598,Resto GrabMantap 597,Seafood,Medan
598,GF-00599,Resto GrabMantap 598,Seafood,Makassar
599,GF-00600,Resto GrabMantap 599,Snacks,Depok
600,GF-00601,Resto GrabMantap 600,Seafood,Makassar
601,GF-00602,Resto GrabMantap 601,Ayam Geprek,Medan
602,GF-00603,Resto GrabMantap 602,Seafood,Makassar
603,GF-00604,Resto GrabMantap 603,Beverages,Bogor
604,GF-00605,Resto GrabMantap 604,Snacks,Tangerang
605,GF-00606,Resto GrabMantap 605,Beverages,Makassar
606,GF-00607,Resto GrabMantap 606,Fast Food,Medan
607,GF-00608,Resto GrabMantap 607,Fast Food,Tangerang
608,GF-00609,Resto GrabMantap 608,Ayam Geprek,Jakarta
609,GF-00610,Resto GrabMantap 609,Fast Food,Surabaya
610,GF-00611,Resto GrabMantap 610,Ayam Geprek,Surabaya
611,GF-00612,Resto GrabMantap 611,Snacks,Bali
612,GF-00613,Resto GrabMantap 612,Fast Food,Medan
613,GF-00614,Resto GrabMantap 613,Snacks,Medan
614,GF-00615,Resto GrabMantap 614,Martabak,Bali
615,GF-00616,Resto GrabMantap 615,Martabak,Bogor
616,GF-00617,Resto GrabMantap 616,Snacks,Bandung
617,GF-00618,Resto GrabMantap 617,Ayam Geprek,Surabaya
618,GF-00619,Resto GrabMantap 618,Ayam Geprek,Jakarta
619,GF-00620,Resto GrabMantap 619,Ayam Geprek,Bali
620,GF-00621,Resto GrabMantap 620,Fast Food,Jakarta
621,GF-00622,Resto GrabMantap 621,Snacks,Depok
622,GF-00623,Resto GrabMantap 622,Beverages,Bali
623,GF-00624,Resto GrabMantap 623,Fast Food,Depok
624,GF-00625,Resto GrabMantap 624,Snacks,Bogor
625,GF-00626,Resto GrabMantap 625,Fast Food,Bandung
626,GF-00627,Resto GrabMantap 626,Martabak,Bandung
627,GF-00628,Resto GrabMantap 627,Ayam Geprek,Tangerang
628,GF-00629,Resto GrabMantap 628,Ayam Geprek,Makassar
629,GF-00630,Resto GrabMantap 629,Seafood,Depok
630,GF-00631,Resto GrabMantap 630,Fast Food,Bogor
631,GF-00632,Resto GrabMantap 631,Beverages,Tangerang
632,GF-00633,Resto GrabMantap 632,Snacks,Tangerang
633,GF-00634,Resto GrabMantap 633,Snacks,Tangerang
634,GF-00635,Resto GrabMantap 634,Ayam Geprek,Tangerang
635,GF-00636,Resto GrabMantap 635,Seafood,Tangerang
636,GF-00637,Resto GrabMantap 636,Ayam Geprek,Depok
637,GF-00638,Resto GrabMantap 637,Fast Food,Makassar
638,GF-00639,Resto GrabMantap 638,Snacks,Depok
639,GF-00640,Resto GrabMantap 639,Snacks,Bali
640,GF-00641,Resto GrabMantap 640,Seafood,Tangerang
641,GF-00642,Resto GrabMantap 641,Snacks,Surabaya
642,GF-00643,Resto GrabMantap 642,Beverages,Surabaya
643,GF-00644,Resto GrabMantap 643,Beverages,Bali
644,GF-00645,Resto GrabMantap 644,Ayam Geprek,Bandung
645,GF-00646,Resto GrabMantap 645,Beverages,Medan
646,GF-00647,Resto GrabMantap 646,Snacks,Bogor
647,GF-00648,Resto GrabMantap 647,Fast Food,Medan
648,GF-00649,Resto GrabMantap 648,Beverages,Depok
649,GF-00650,Resto GrabMantap 649,Seafood,Makassar
650,GF-00651,Resto GrabMantap 650,Martabak,Jakarta
651,GF-00652,Resto GrabMantap 651,Ayam Geprek,Bogor
652,GF-00653,Resto GrabMantap 652,Snacks,Bandung
653,GF-00654,Resto GrabMantap 653,Beverages,Surabaya
654,GF-00655,Resto GrabMantap 654,Martabak,Makassar
655,GF-00656,Resto GrabMantap 655,Seafood,Bali
656,GF-00657,Resto GrabMantap 656,Snacks,Medan
657,GF-00658,Resto GrabMantap 657,Beverages,Tangerang
658,GF-00659,Resto GrabMantap 658,Snacks,Bogor
659,GF-00660,Resto GrabMantap 659,Snacks,Bandung
660,GF-00661,Resto GrabMantap 660,Snacks,Medan
661,GF-00662,Resto GrabMantap 661,Fast Food,Medan
662,GF-00663,Resto GrabMantap 662,Martabak,Bogor
663,GF-00664,Resto GrabMantap 663,Martabak,Depok
664,GF-00665,Resto GrabMantap 664,Snacks,Makassar
665,GF-00666,Resto GrabMantap 665,Martabak,Surabaya
666,GF-00667,Resto GrabMantap 666,Fast Food,Bandung
667,GF-00668,Resto GrabMantap 667,Snacks,Bogor
668,GF-00669,Resto GrabMantap 668,Martabak,Bogor
669,GF-00670,Resto GrabMantap 669,Ayam Geprek,Surabaya
670,GF-00671,Resto GrabMantap 670,Martabak,Depok
671,GF-00672,Resto GrabMantap 671,Fast Food,Medan
672,GF-00673,Resto GrabMantap 672,Ayam Geprek,Bandung
673,GF-00674,Resto GrabMantap 673,Seafood,Tangerang
674,GF-00675,Resto GrabMantap 674,Martabak,Surabaya
675,GF-00676,Resto GrabMantap 675,Martabak,Surabaya
676,GF-00677,Resto GrabMantap 676,Beverages,Bali
677,GF-00678,Resto GrabMantap 677,Snacks,Jakarta
678,GF-00679,Resto GrabMantap 678,Fast Food,Bogor
679,GF-00680,Resto GrabMantap 679,Ayam Geprek,Bogor
680,GF-00681,Resto GrabMantap 680,Fast Food,Bali
681,GF-00682,Resto GrabMantap 681,Seafood,Makassar
682,GF-00683,Resto GrabMantap 682,Beverages,Bogor
683,GF-00684,Resto GrabMantap 683,Beverages,Makassar
684,GF-00685,Resto GrabMantap 684,Beverages,Makassar
685,GF-00686,Resto GrabMantap 685,Snacks,Makassar
686,GF-00687,Resto GrabMantap 686,Fast Food,Surabaya
687,GF-00688,Resto GrabMantap 687,Martabak,Tangerang
688,GF-00689,Resto GrabMantap 688,Seafood,Bekasi
689,GF-00690,Resto GrabMantap 689,Fast Food,Makassar
690,GF-00691,Resto GrabMantap 690,Seafood,Tangerang
691,GF-00692,Resto GrabMantap 691,Martabak,Bandung
692,GF-00693,Resto GrabMantap 692,Ayam Geprek,Bali
693,GF-00694,Resto GrabMantap 693,Beverages,Surabaya
694,GF-00695,Resto GrabMantap 694,Beverages,Bekasi
695,GF-00696,Resto GrabMantap 695,Fast Food,Jakarta
696,GF-00697,Resto GrabMantap 696,Beverages,Bogor
697,GF-00698,Resto GrabMantap 697,Martabak,Bali
698,GF-00699,Resto GrabMantap 698,Fast Food,Depok
699,GF-00700,Resto GrabMantap 699,Seafood,Bali
700,GF-00701,Resto GrabMantap 700,Ayam Geprek,Medan
701,GF-00702,Resto GrabMantap 701,Fast Food,Tangerang
702,GF-00703,Resto GrabMantap 702,Beverages,Bandung
703,GF-00704,Resto GrabMantap 703,Seafood,Bogor
704,GF-00705,Resto GrabMantap 704,Ayam Geprek,Bekasi
705,GF-00706,Resto GrabMantap 705,Snacks,Makassar
706,GF-00707,Resto GrabMantap 706,Seafood,Bandung
707,GF-00708,Resto GrabMantap 707,Snacks,Bekasi
708,GF-00709,Resto GrabMantap 708,Snacks,Bekasi
709,GF-00710,Resto GrabMantap 709,Ayam Geprek,Bandung
710,GF-00711,Resto GrabMantap 710,Martabak,Depok
711,GF-00712,Resto GrabMantap 711,Beverages,Bogor
712,GF-00713,Resto GrabMantap 712,Beverages,Depok
713,GF-00714,Resto GrabMantap 713,Beverages,Makassar
714,GF-00715,Resto GrabMantap 714,Beverages,Depok
715,GF-00716,Resto GrabMantap 715,Seafood,Bekasi
716,GF-00717,Resto GrabMantap 716,Ayam Geprek,Jakarta
717,GF-00718,Resto GrabMantap 717,Snacks,Bali
718,GF-00719,Resto GrabMantap 718,Fast Food,Medan
719,GF-00720,Resto GrabMantap 719,Fast Food,Jakarta
720,GF-00721,Resto GrabMantap 720,Ayam Geprek,Bandung
721,GF-00722,Resto GrabMantap 721,Ayam Geprek,Jakarta
722,GF-00723,Resto GrabMantap 722,Martabak,Bandung
723,GF-00724,Resto GrabMantap 723,Beverages,Depok
724,GF-00725,Resto GrabMantap 724,Fast Food,Bandung
725,GF-00726,Resto GrabMantap 725,Beverages,Depok
726,GF-00727,Resto GrabMantap 726,Beverages,Bali
727,GF-00728,Resto GrabMantap 727,Martabak,Bandung
728,GF-00729,Resto GrabMantap 728,Snacks,Makassar
729,GF-00730,Resto GrabMantap 729,Beverages,Depok
730,GF-00731,Resto GrabMantap 730,Martabak,Depok
731,GF-00732,Resto GrabMantap 731,Seafood,Depok
732,GF-00733,Resto GrabMantap 732,Fast Food,Bali
733,GF-00734,Resto GrabMantap 733,Snacks,Bekasi
734,GF-00735,Resto GrabMantap 734,Ayam Geprek,Bogor
735,GF-00736,Resto GrabMantap 735,Seafood,Medan
736,GF-00737,Resto GrabMantap 736,Snacks,Bali
737,GF-00738,Resto GrabMantap 737,Fast Food,Bogor
738,GF-00739,Resto GrabMantap 738,Ayam Geprek,Medan
739,GF-00740,Resto GrabMantap 739,Snacks,Bekasi
740,GF-00741,Resto GrabMantap 740,Snacks,Makassar
741,GF-00742,Resto GrabMantap 741,Ayam Geprek,Medan
742,GF-00743,Resto GrabMantap 742,Fast Food,Makassar
743,GF-00744,Resto GrabMantap 743,Beverages,Makassar
744,GF-00745,Resto GrabMantap 744,Martabak,Bogor
745,GF-00746,Resto GrabMantap 745,Fast Food,Depok
746,GF-00747,Resto GrabMantap 746,Ayam Geprek,Medan
747,GF-00748,Resto GrabMantap 747,Snacks,Bandung
748,GF-00749,Resto GrabMantap 748,Fast Food,Makassar
749,GF-00750,Resto GrabMantap 749,Seafood,Depok
750,GF-00751,Resto GrabMantap 750,Ayam Geprek,Bekasi
751,GF-00752,Resto GrabMantap 751,Snacks,Medan
752,GF-00753,Resto GrabMantap 752,Ayam Geprek,Bogor
753,GF-00754,Resto GrabMantap 753,Ayam Geprek,Bali
754,GF-00755,Resto GrabMantap 754,Ayam Geprek,Bali
755,GF-00756,Resto GrabMantap 755,Beverages,Bogor
756,GF-00757,Resto GrabMantap 756,Ayam Geprek,Surabaya
757,GF-00758,Resto GrabMantap 757,Martabak,Bogor
758,GF-00759,Resto GrabMantap 758,Beverages,Bogor
759,GF-00760,Resto GrabMantap 759,Snacks,Medan
760,GF-00761,Resto GrabMantap 760,Snacks,Bekasi
761,GF-00762,Resto GrabMantap 761,Martabak,Makassar
762,GF-00763,Resto GrabMantap 762,Seafood,Bekasi
763,GF-00764,Resto GrabMantap 763,Seafood,Depok
764,GF-00765,Resto GrabMantap 764,Seafood,Bekasi
765,GF-00766,Resto GrabMantap 765,Martabak,Makassar
766,GF-00767,Resto GrabMantap 766,Fast Food,Tangerang
767,GF-00768,Resto GrabMantap 767,Seafood,Bekasi
768,GF-00769,Resto GrabMantap 768,Martabak,Bekasi
769,GF-00770,Resto GrabMantap 769,Snacks,Bandung
770,GF-00771,Resto GrabMantap 770,Ayam Geprek,Jakarta
771,GF-00772,Resto GrabMantap 771,Snacks,Surabaya
772,GF-00773,Resto GrabMantap 772,Martabak,Bali
773,GF-00774,Resto GrabMantap 773,Fast Food,Tangerang
774,GF-00775,Resto GrabMantap 774,Beverages,Jakarta
775,GF-00776,Resto GrabMantap 775,Snacks,Makassar
776,GF-00777,Resto GrabMantap 776,Seafood,Depok
777,GF-00778,Resto GrabMantap 777,Seafood,Bandung
778,GF-00779,Resto GrabMantap 778,Beverages,Jakarta
779,GF-00780,Resto GrabMantap 779,Ayam Geprek,Tangerang
780,GF-00781,Resto GrabMantap 780,Snacks,Depok
781,GF-00782,Resto GrabMantap 781,Seafood,Surabaya
782,GF-00783,Resto GrabMantap 782,Snacks,Jakarta
783,GF-00784,Resto GrabMantap 783,Ayam Geprek,Depok
784,GF-00785,Resto GrabMantap 784,Martabak,Makassar
785,GF-00786,Resto GrabMantap 785,Snacks,Bali
786,GF-00787,Resto GrabMantap 786,Fast Food,Bali
787,GF-00788,Resto GrabMantap 787,Ayam Geprek,Medan
788,GF-00789,Resto GrabMantap 788,Seafood,Tangerang
789,GF-00790,Resto GrabMantap 789,Ayam Geprek,Bogor
790,GF-00791,Resto GrabMantap 790,Seafood,Depok
791,GF-00792,Resto GrabMantap 791,Martabak,Bekasi
792,GF-00793,Resto GrabMantap 792,Ayam Geprek,Medan
793,GF-00794,Resto GrabMantap 793,Ayam Geprek,Jakarta
794,GF-00795,Resto GrabMantap 794,Snacks,Medan
795,GF-00796,Resto GrabMantap 795,Ayam Geprek,Medan
796,GF-00797,Resto GrabMantap 796,Snacks,Depok
797,GF-00798,Resto GrabMantap 797,Snacks,Bandung
798,GF-00799,Resto GrabMantap 798,Ayam Geprek,Makassar
799,GF-00800,Resto GrabMantap 799,Beverages,Bekasi
800,GF-00801,Resto GrabMantap 800,Beverages,Depok
801,GF-00802,Resto GrabMantap 801,Seafood,Makassar
802,GF-00803,Resto GrabMantap 802,Seafood,Makassar
803,GF-00804,Resto GrabMantap 803,Seafood,Bali
804,GF-00805,Resto GrabMantap 804,Snacks,Bali
805,GF-00806,Resto GrabMantap 805,Snacks,Bekasi
806,GF-00807,Resto GrabMantap 806,Fast Food,Bandung
807,GF-00808,Resto GrabMantap 807,Beverages,Bali
808,GF-00809,Resto GrabMantap 808,Seafood,Bali
809,GF-00810,Resto GrabMantap 809,Beverages,Bekasi
810,GF-00811,Resto GrabMantap 810,Beverages,Bandung
811,GF-00812,Resto GrabMantap 811,Fast Food,Bali
812,GF-00813,Resto GrabMantap 812,Martabak,Medan
813,GF-00814,Resto GrabMantap 813,Seafood,Bogor
814,GF-00815,Resto GrabMantap 814,Fast Food,Jakarta
815,GF-00816,Resto GrabMantap 815,Ayam Geprek,Depok
816,GF-00817,Resto GrabMantap 816,Martabak,Surabaya
817,GF-00818,Resto GrabMantap 817,Seafood,Bekasi
818,GF-00819,Resto GrabMantap 818,Martabak,Bekasi
819,GF-00820,Resto GrabMantap 819,Ayam Geprek,Bali
820,GF-00821,Resto GrabMantap 820,Ayam Geprek,Surabaya
821,GF-00822,Resto GrabMantap 821,Beverages,Depok
822,GF-00823,Resto GrabMantap 822,Martabak,Bali
823,GF-00824,Resto GrabMantap 823,Fast Food,Bali
824,GF-00825,Resto GrabMantap 824,Ayam Geprek,Makassar
825,GF-00826,Resto GrabMantap 825,Beverages,Bekasi
826,GF-00827,Resto GrabMantap 826,Martabak,Medan
827,GF-00828,Resto GrabMantap 827,Martabak,Bogor
828,GF-00829,Resto GrabMantap 828,Beverages,Bekasi
829,GF-00830,Resto GrabMantap 829,Beverages,Tangerang
830,GF-00831,Resto GrabMantap 830,Seafood,Jakarta
831,GF-00832,Resto GrabMantap 831,Beverages,Bali
832,GF-00833,Resto GrabMantap 832,Martabak,Surabaya
833,GF-00834,Resto GrabMantap 833,Snacks,Tangerang
834,GF-00835,Resto GrabMantap 834,Ayam Geprek,Tangerang
835,GF-00836,Resto GrabMantap 835,Beverages,Makassar
836,GF-00837,Resto GrabMantap 836,Ayam Geprek,Makassar
837,GF-00838,Resto GrabMantap 837,Ayam Geprek,Tangerang
838,GF-00839,Resto GrabMantap 838,Seafood,Bogor
839,GF-00840,Resto GrabMantap 839,Martabak,Bekasi
840,GF-00841,Resto GrabMantap 840,Snacks,Depok
841,GF-00842,Resto GrabMantap 841,Seafood,Medan
842,GF-00843,Resto GrabMantap 842,Snacks,Jakarta
843,GF-00844,Resto GrabMantap 843,Martabak,Bekasi
844,GF-00845,Resto GrabMantap 844,Fast Food,Surabaya
845,GF-00846,Resto GrabMantap 845,Martabak,Bekasi
846,GF-00847,Resto GrabMantap 846,Fast Food,Bali
847,GF-00848,Resto GrabMantap 847,Fast Food,Bogor
848,GF-00849,Resto GrabMantap 848,Seafood,Makassar
849,GF-00850,Resto GrabMantap 849,Martabak,Surabaya
850,GF-00851,Resto GrabMantap 850,Seafood,Bandung
851,GF-00852,Resto GrabMantap 851,Seafood,Surabaya
852,GF-00853,Resto GrabMantap 852,Snacks,Bekasi
853,GF-00854,Resto GrabMantap 853,Fast Food,Tangerang
854,GF-00855,Resto GrabMantap 854,Snacks,Surabaya
855,GF-00856,Resto GrabMantap 855,Martabak,Makassar
856,GF-00857,Resto GrabMantap 856,Seafood,Bekasi
857,GF-00858,Resto GrabMantap 857,Ayam Geprek,Bogor
858,GF-00859,Resto GrabMantap 858,Seafood,Jakarta
859,GF-00860,Resto GrabMantap 859,Snacks,Makassar
860,GF-00861,Resto GrabMantap 860,Snacks,Bekasi
861,GF-00862,Resto GrabMantap 861,Martabak,Surabaya
862,GF-00863,Resto GrabMantap 862,Beverages,Medan
863,GF-00864,Resto GrabMantap 863,Seafood,Bogor
864,GF-00865,Resto GrabMantap 864,Fast Food,Makassar
865,GF-00866,Resto GrabMantap 865,Ayam Geprek,Depok
866,GF-00867,Resto GrabMantap 866,Beverages,Bali
867,GF-00868,Resto GrabMantap 867,Beverages,Surabaya
868,GF-00869,Resto GrabMantap 868,Seafood,Makassar
869,GF-00870,Resto GrabMantap 869,Beverages,Tangerang
870,GF-00871,Resto GrabMantap 870,Snacks,Surabaya
871,GF-00872,Resto GrabMantap 871,Martabak,Jakarta
872,GF-00873,Resto GrabMantap 872,Ayam Geprek,Bandung
873,GF-00874,Resto GrabMantap 873,Beverages,Bali
874,GF-00875,Resto GrabMantap 874,Ayam Geprek,Bandung
875,GF-00876,Resto GrabMantap 875,Seafood,Tangerang
876,GF-00877,Resto GrabMantap 876,Seafood,Jakarta
877,GF-00878,Resto GrabMantap 877,Fast Food,Surabaya
878,GF-00879,Resto GrabMantap 878,Seafood,Tangerang
879,GF-00880,Resto GrabMantap 879,Martabak,Bandung
880,GF-00881,Resto GrabMantap 880,Beverages,Tangerang
881,GF-00882,Resto GrabMantap 881,Seafood,Medan
882,GF-00883,Resto GrabMantap 882,Seafood,Bandung
883,GF-00884,Resto GrabMantap 883,Ayam Geprek,Bandung
884,GF-00885,Resto GrabMantap 884,Ayam Geprek,Medan
885,GF-00886,Resto GrabMantap 885,Beverages,Jakarta
886,GF-00887,Resto GrabMantap 886,Fast Food,Bandung
887,GF-00888,Resto GrabMantap 887,Snacks,Makassar
888,GF-00889,Resto GrabMantap 888,Martabak,Makassar
889,GF-00890,Resto GrabMantap 889,Fast Food,Bali
890,GF-00891,Resto GrabMantap 890,Martabak,Bandung
891,GF-00892,Resto GrabMantap 891,Seafood,Medan
892,GF-00893,Resto GrabMantap 892,Fast Food,Medan
893,GF-00894,Resto GrabMantap 893,Ayam Geprek,Bekasi
894,GF-00895,Resto GrabMantap 894,Seafood,Bekasi
895,GF-00896,Resto GrabMantap 895,Seafood,Medan
896,GF-00897,Resto GrabMantap 896,Fast Food,Tangerang
897,GF-00898,Resto GrabMantap 897,Martabak,Depok
898,GF-00899,Resto GrabMantap 898,Ayam Geprek,Bali
899,GF-00900,Resto GrabMantap 899,Seafood,Medan
900,GF-00901,Resto GrabMantap 900,Snacks,Makassar
901,GF-00902,Resto GrabMantap 901,Ayam Geprek,Surabaya
902,GF-00903,Resto GrabMantap 902,Fast Food,Bogor
903,GF-00904,Resto GrabMantap 903,Seafood,Bandung
904,GF-00905,Resto GrabMantap 904,Martabak,Tangerang
905,GF-00906,Resto GrabMantap 905,Seafood,Makassar
906,GF-00907,Resto GrabMantap 906,Ayam Geprek,Surabaya
907,GF-00908,Resto GrabMantap 907,Snacks,Bogor
908,GF-00909,Resto GrabMantap 908,Martabak,Jakarta
909,GF-00910,Resto GrabMantap 909,Ayam Geprek,Bali
910,GF-00911,Resto GrabMantap 910,Martabak,Bekasi
911,GF-00912,Resto GrabMantap 911,Fast Food,Bogor
912,GF-00913,Resto GrabMantap 912,Snacks,Bali
913,GF-00914,Resto GrabMantap 913,Seafood,Depok
914,GF-00915,Resto GrabMantap 914,Seafood,Surabaya
915,GF-00916,Resto GrabMantap 915,Fast Food,Bandung
916,GF-00917,Resto GrabMantap 916,Martabak,Medan
917,GF-00918,Resto GrabMantap 917,Martabak,Jakarta
918,GF-00919,Resto GrabMantap 918,Fast Food,Makassar
919,GF-00920,Resto GrabMantap 919,Fast Food,Tangerang
920,GF-00921,Resto GrabMantap 920,Snacks,Bekasi
921,GF-00922,Resto GrabMantap 921,Fast Food,Depok
922,GF-00923,Resto GrabMantap 922,Fast Food,Jakarta
923,GF-00924,Resto GrabMantap 923,Beverages,Jakarta
924,GF-00925,Resto GrabMantap 924,Ayam Geprek,Bandung
925,GF-00926,Resto GrabMantap 925,Seafood,Tangerang
926,GF-00927,Resto GrabMantap 926,Fast Food,Jakarta
927,GF-00928,Resto GrabMantap 927,Seafood,Depok
928,GF-00929,Resto GrabMantap 928,Beverages,Medan
929,GF-00930,Resto GrabMantap 929,Martabak,Bogor
930,GF-00931,Resto GrabMantap 930,Beverages,Bali
931,GF-00932,Resto GrabMantap 931,Snacks,Jakarta
932,GF-00933,Resto GrabMantap 932,Seafood,Bogor
933,GF-00934,Resto GrabMantap 933,Snacks,Bogor
934,GF-00935,Resto GrabMantap 934,Fast Food,Bandung
935,GF-00936,Resto GrabMantap 935,Seafood,Bekasi
936,GF-00937,Resto GrabMantap 936,Snacks,Makassar
937,GF-00938,Resto GrabMantap 937,Martabak,Bandung
938,GF-00939,Resto GrabMantap 938,Martabak,Tangerang
939,GF-00940,Resto GrabMantap 939,Seafood,Medan
940,GF-00941,Resto GrabMantap 940,Ayam Geprek,Bogor
941,GF-00942,Resto GrabMantap 941,Snacks,Bali
942,GF-00943,Resto GrabMantap 942,Beverages,Bekasi
943,GF-00944,Resto GrabMantap 943,Ayam Geprek,Bogor
944,GF-00945,Resto GrabMantap 944,Ayam Geprek,Bekasi
945,GF-00946,Resto GrabMantap 945,Snacks,Bekasi
946,GF-00947,Resto GrabMantap 946,Ayam Geprek,Bogor
947,GF-00948,Resto GrabMantap 947,Martabak,Depok
948,GF-00949,Resto GrabMantap 948,Martabak,Surabaya
949,GF-00950,Resto GrabMantap 949,Martabak,Tangerang
950,GF-00951,Resto GrabMantap 950,Ayam Geprek,Bekasi
951,GF-00952,Resto GrabMantap 951,Beverages,Bekasi
952,GF-00953,Resto GrabMantap 952,Seafood,Surabaya
953,GF-00954,Resto GrabMantap 953,Fast Food,Bandung
954,GF-00955,Resto GrabMantap 954,Beverages,Bekasi
955,GF-00956,Resto GrabMantap 955,Fast Food,Bandung
956,GF-00957,Resto GrabMantap 956,Fast Food,Bali
957,GF-00958,Resto GrabMantap 957,Martabak,Bogor
958,GF-00959,Resto GrabMantap 958,Fast Food,Bandung
959,GF-00960,Resto GrabMantap 959,Ayam Geprek,Tangerang
960,GF-00961,Resto GrabMantap 960,Ayam Geprek,Medan
961,GF-00962,Resto GrabMantap 961,Snacks,Depok
962,GF-00963,Resto GrabMantap 962,Beverages,Makassar
963,GF-00964,Resto GrabMantap 963,Ayam Geprek,Bekasi
964,GF-00965,Resto GrabMantap 964,Ayam Geprek,Medan
965,GF-00966,Resto GrabMantap 965,Beverages,Jakarta
966,GF-00967,Resto GrabMantap 966,Seafood,Makassar
967,GF-00968,Resto GrabMantap 967,Martabak,Surabaya
968,GF-00969,Resto GrabMantap 968,Ayam Geprek,Jakarta
969,GF-00970,Resto GrabMantap 969,Ayam Geprek,Bandung
970,GF-00971,Resto GrabMantap 970,Fast Food,Medan
971,GF-00972,Resto GrabMantap 971,Ayam Geprek,Bali
972,GF-00973,Resto GrabMantap 972,Martabak,Surabaya
973,GF-00974,Resto GrabMantap 973,Martabak,Depok
974,GF-00975,Resto GrabMantap 974,Ayam Geprek,Bogor
975,GF-00976,Resto GrabMantap 975,Snacks,Jakarta
976,GF-00977,Resto GrabMantap 976,Beverages,Bekasi
977,GF-00978,Resto GrabMantap 977,Snacks,Makassar
978,GF-00979,Resto GrabMantap 978,Martabak,Bekasi
979,GF-00980,Resto GrabMantap 979,Seafood,Surabaya
980,GF-00981,Resto GrabMantap 980,Fast Food,Jakarta
981,GF-00982,Resto GrabMantap 981,Ayam Geprek,Makassar
982,GF-00983,Resto GrabMantap 982,Fast Food,Surabaya
983,GF-00984,Resto GrabMantap 983,Ayam Geprek,Bali
984,GF-00985,Resto GrabMantap 984,Martabak,Bekasi
985,GF-00986,Resto GrabMantap 985,Seafood,Bali
986,GF-00987,Resto GrabMantap 986,Fast Food,Surabaya
987,GF-00988,Resto GrabMantap 987,Snacks,Medan
988,GF-00989,Resto GrabMantap 988,Seafood,Depok
989,GF-00990,Resto GrabMantap 989,Martabak,Tangerang
990,GF-00991,Resto GrabMantap 990,Ayam Geprek,Bekasi
991,GF-00992,Resto GrabMantap 991,Fast Food,Medan
992,GF-00993,Resto GrabMantap 992,Beverages,Makassar
993,GF-00994,Resto GrabMantap 993,Fast Food,Tangerang
994,GF-00995,Resto GrabMantap 994,Seafood,Jakarta
995,GF-00996,Resto GrabMantap 995,Beverages,Depok
996,GF-00997,Resto GrabMantap 996,Seafood,Bali
997,GF-00998,Resto GrabMantap 997,Snacks,Jakarta
998,GF-00999,Resto GrabMantap 998,Ayam Geprek,Bandung
999,GF-01000,Resto GrabMantap 999,Martabak,Depok
1000,GF-01001,Resto GrabMantap 1000,Ayam Geprek,Makassar
1001,GF-01002,Resto GrabMantap 1001,Beverages,Surabaya
1002,GF-01003,Resto GrabMantap 1002,Martabak,Bandung
1003,GF-01004,Resto GrabMantap 1003,Martabak,Tangerang
1004,GF-01005,Resto GrabMantap 1004,Seafood,Tangerang
1005,GF-01006,Resto GrabMantap 1005,Ayam Geprek,Bekasi
1006,GF-01007,Resto GrabMantap 1006,Snacks,Surabaya
1007,GF-01008,Resto GrabMantap 1007,Ayam Geprek,Surabaya
1008,GF-01009,Resto GrabMantap 1008,Beverages,Medan
1009,GF-01010,Resto GrabMantap 1009,Fast Food,Makassar
1010,GF-01011,Resto GrabMantap 1010,Martabak,Medan
1011,GF-01012,Resto GrabMantap 1011,Ayam Geprek,Bogor
1012,GF-01013,Resto GrabMantap 1012,Beverages,Makassar
1013,GF-01014,Resto GrabMantap 1013,Fast Food,Bandung
1014,GF-01015,Resto GrabMantap 1014,Ayam Geprek,Bekasi
1015,GF-01016,Resto GrabMantap 1015,Ayam Geprek,Bekasi
1016,GF-01017,Resto GrabMantap 1016,Snacks,Surabaya
1017,GF-01018,Resto GrabMantap 1017,Fast Food,Tangerang
1018,GF-01019,Resto GrabMantap 1018,Seafood,Surabaya
1019,GF-01020,Resto GrabMantap 1019,Fast Food,Bali
1020,GF-01021,Resto GrabMantap 1020,Seafood,Depok
1021,GF-01022,Resto GrabMantap 1021,Snacks,Surabaya
1022,GF-01023,Resto GrabMantap 1022,Beverages,Bandung
1023,GF-01024,Resto GrabMantap 1023,Ayam Geprek,Bali
1024,GF-01025,Resto GrabMantap 1024,Beverages,Depok
1025,GF-01026,Resto GrabMantap 1025,Beverages,Bandung
1026,GF-01027,Resto GrabMantap 1026,Martabak,Bandung
1027,GF-01028,Resto GrabMantap 1027,Martabak,Makassar
1028,GF-01029,Resto GrabMantap 1028,Seafood,Makassar
1029,GF-01030,Resto GrabMantap 1029,Seafood,Jakarta
1030,GF-01031,Resto GrabMantap 1030,Seafood,Bogor
1031,GF-01032,Resto GrabMantap 1031,Beverages,Tangerang
1032,GF-01033,Resto GrabMantap 1032,Fast Food,Makassar
1033,GF-01034,Resto GrabMantap 1033,Fast Food,Bandung
1034,GF-01035,Resto GrabMantap 1034,Seafood,Tangerang
1035,GF-01036,Resto GrabMantap 1035,Snacks,Bekasi
1036,GF-01037,Resto GrabMantap 1036,Beverages,Bandung
1037,GF-01038,Resto GrabMantap 1037,Ayam Geprek,Bekasi
1038,GF-01039,Resto GrabMantap 1038,Martabak,Jakarta
1039,GF-01040,Resto GrabMantap 1039,Ayam Geprek,Jakarta
1040,GF-01041,Resto GrabMantap 1040,Fast Food,Medan
1041,GF-01042,Resto GrabMantap 1041,Seafood,Makassar
1042,GF-01043,Resto GrabMantap 1042,Snacks,Tangerang
1043,GF-01044,Resto GrabMantap 1043,Beverages,Surabaya
1044,GF-01045,Resto GrabMantap 1044,Seafood,Tangerang
1045,GF-01046,Resto GrabMantap 1045,Snacks,Jakarta
1046,GF-01047,Resto GrabMantap 1046,Fast Food,Medan
1047,GF-01048,Resto GrabMantap 1047,Snacks,Jakarta
1048,GF-01049,Resto GrabMantap 1048,Beverages,Bekasi
1049,GF-01050,Resto GrabMantap 1049,Snacks,Bekasi
1050,GF-01051,Resto GrabMantap 1050,Fast Food,Bekasi
1051,GF-01052,Resto GrabMantap 1051,Beverages,Medan
1052,GF-01053,Resto GrabMantap 1052,Snacks,Bogor
1053,GF-01054,Resto GrabMantap 1053,Snacks,Surabaya
1054,GF-01055,Resto GrabMantap 1054,Fast Food,Medan
1055,GF-01056,Resto GrabMantap 1055,Fast Food,Bandung
1056,GF-01057,Resto GrabMantap 1056,Martabak,Bandung
1057,GF-01058,Resto GrabMantap 1057,Beverages,Medan
1058,GF-01059,Resto GrabMantap 1058,Seafood,Depok
1059,GF-01060,Resto GrabMantap 1059,Ayam Geprek,Bandung
1060,GF-01061,Resto GrabMantap 1060,Snacks,Bekasi
1061,GF-01062,Resto GrabMantap 1061,Beverages,Bali
1062,GF-01063,Resto GrabMantap 1062,Beverages,Depok
1063,GF-01064,Resto GrabMantap 1063,Martabak,Bekasi
1064,GF-01065,Resto GrabMantap 1064,Martabak,Medan
1065,GF-01066,Resto GrabMantap 1065,Snacks,Bekasi
1066,GF-01067,Resto GrabMantap 1066,Snacks,Depok
1067,GF-01068,Resto GrabMantap 1067,Snacks,Bali
1068,GF-01069,Resto GrabMantap 1068,Beverages,Bali
1069,GF-01070,Resto GrabMantap 1069,Seafood,Depok
1070,GF-01071,Resto GrabMantap 1070,Fast Food,Makassar
1071,GF-01072,Resto GrabMantap 1071,Fast Food,Jakarta
1072,GF-01073,Resto GrabMantap 1072,Beverages,Tangerang
1073,GF-01074,Resto GrabMantap 1073,Martabak,Bandung
1074,GF-01075,Resto GrabMantap 1074,Ayam Geprek,Surabaya
1075,GF-01076,Resto GrabMantap 1075,Beverages,Surabaya
1076,GF-01077,Resto GrabMantap 1076,Seafood,Makassar
1077,GF-01078,Resto GrabMantap 1077,Fast Food,Bogor
1078,GF-01079,Resto GrabMantap 1078,Ayam Geprek,Depok
1079,GF-01080,Resto GrabMantap 1079,Martabak,Bandung
1080,GF-01081,Resto GrabMantap 1080,Fast Food,Bogor
1081,GF-01082,Resto GrabMantap 1081,Snacks,Bekasi
1082,GF-01083,Resto GrabMantap 1082,Ayam Geprek,Bandung
1083,GF-01084,Resto GrabMantap 1083,Martabak,Jakarta
1084,GF-01085,Resto GrabMantap 1084,Snacks,Bali
1085,GF-01086,Resto GrabMantap 1085,Fast Food,Bandung
1086,GF-01087,Resto GrabMantap 1086,Snacks,Medan
1087,GF-01088,Resto GrabMantap 1087,Fast Food,Depok
1088,GF-01089,Resto GrabMantap 1088,Seafood,Jakarta
1089,GF-01090,Resto GrabMantap 1089,Ayam Geprek,Bali
1090,GF-01091,Resto GrabMantap 1090,Snacks,Depok
1091,GF-01092,Resto GrabMantap 1091,Snacks,Bogor
1092,GF-01093,Resto GrabMantap 1092,Beverages,Bandung
1093,GF-01094,Resto GrabMantap 1093,Ayam Geprek,Surabaya
1094,GF-01095,Resto GrabMantap 1094,Snacks,Bali
1095,GF-01096,Resto GrabMantap 1095,Seafood,Surabaya
1096,GF-01097,Resto GrabMantap 1096,Beverages,Bekasi
1097,GF-01098,Resto GrabMantap 1097,Fast Food,Depok
1098,GF-01099,Resto GrabMantap 1098,Ayam Geprek,Bekasi
1099,GF-01100,Resto GrabMantap 1099,Seafood,Tangerang
1100,GF-01101,Resto GrabMantap 1100,Ayam Geprek,Bekasi
1101,GF-01102,Resto GrabMantap 1101,Seafood,Surabaya
1102,GF-01103,Resto GrabMantap 1102,Fast Food,Depok
1103,GF-01104,Resto GrabMantap 1103,Fast Food,Bandung
1104,GF-01105,Resto GrabMantap 1104,Seafood,Tangerang
1105,GF-01106,Resto GrabMantap 1105,Beverages,Bogor
1106,GF-01107,Resto GrabMantap 1106,Snacks,Bogor
1107,GF-01108,Resto GrabMantap 1107,Fast Food,Surabaya
1108,GF-01109,Resto GrabMantap 1108,Fast Food,Bali
1109,GF-01110,Resto GrabMantap 1109,Martabak,Makassar
1110,GF-01111,Resto GrabMantap 1110,Fast Food,Tangerang
1111,GF-01112,Resto GrabMantap 1111,Martabak,Jakarta
1112,GF-01113,Resto GrabMantap 1112,Ayam Geprek,Surabaya
1113,GF-01114,Resto GrabMantap 1113,Ayam Geprek,Tangerang
1114,GF-01115,Resto GrabMantap 1114,Fast Food,Bogor
1115,GF-01116,Resto GrabMantap 1115,Seafood,Jakarta
1116,GF-01117,Resto GrabMantap 1116,Martabak,Bekasi
1117,GF-01118,Resto GrabMantap 1117,Ayam Geprek,Bogor
1118,GF-01119,Resto GrabMantap 1118,Ayam Geprek,Jakarta
1119,GF-01120,Resto GrabMantap 1119,Fast Food,Bogor
1120,GF-01121,Resto GrabMantap 1120,Fast Food,Medan
1121,GF-01122,Resto GrabMantap 1121,Martabak,Tangerang
1122,GF-01123,Resto GrabMantap 1122,Fast Food,Depok
1123,GF-01124,Resto GrabMantap 1123,Snacks,Makassar
1124,GF-01125,Resto GrabMantap 1124,Ayam Geprek,Bogor
1125,GF-01126,Resto GrabMantap 1125,Beverages,Depok
1126,GF-01127,Resto GrabMantap 1126,Ayam Geprek,Tangerang
1127,GF-01128,Resto GrabMantap 1127,Martabak,Medan
1128,GF-01129,Resto GrabMantap 1128,Snacks,Medan
1129,GF-01130,Resto GrabMantap 1129,Ayam Geprek,Bandung
1130,GF-01131,Resto GrabMantap 1130,Snacks,Bandung
1131,GF-01132,Resto GrabMantap 1131,Ayam Geprek,Bali
1132,GF-01133,Resto GrabMantap 1132,Fast Food,Bekasi
1133,GF-01134,Resto GrabMantap 1133,Seafood,Medan
1134,GF-01135,Resto GrabMantap 1134,Snacks,Bekasi
1135,GF-01136,Resto GrabMantap 1135,Snacks,Makassar
1136,GF-01137,Resto GrabMantap 1136,Seafood,Bekasi
1137,GF-01138,Resto GrabMantap 1137,Martabak,Surabaya
1138,GF-01139,Resto GrabMantap 1138,Ayam Geprek,Tangerang
1139,GF-01140,Resto GrabMantap 1139,Fast Food,Bandung
1140,GF-01141,Resto GrabMantap 1140,Ayam Geprek,Surabaya
1141,GF-01142,Resto GrabMantap 1141,Martabak,Bekasi
1142,GF-01143,Resto GrabMantap 1142,Ayam Geprek,Surabaya
1143,GF-01144,Resto GrabMantap 1143,Beverages,Bekasi
1144,GF-01145,Resto GrabMantap 1144,Fast Food,Depok
1145,GF-01146,Resto GrabMantap 1145,Fast Food,Bekasi
1146,GF-01147,Resto GrabMantap 1146,Martabak,Makassar
1147,GF-01148,Resto GrabMantap 1147,Fast Food,Surabaya
1148,GF-01149,Resto GrabMantap 1148,Snacks,Bandung
1149,GF-01150,Resto GrabMantap 1149,Fast Food,Surabaya
1150,GF-01151,Resto GrabMantap 1150,Martabak,Jakarta
1151,GF-01152,Resto GrabMantap 1151,Beverages,Bekasi
1152,GF-01153,Resto GrabMantap 1152,Seafood,Bekasi
1153,GF-01154,Resto GrabMantap 1153,Ayam Geprek,Depok
1154,GF-01155,Resto GrabMantap 1154,Ayam Geprek,Depok
1155,GF-01156,Resto GrabMantap 1155,Beverages,Bogor
1156,GF-01157,Resto GrabMantap 1156,Martabak,Surabaya
1157,GF-01158,Resto GrabMantap 1157,Snacks,Depok
1158,GF-01159,Resto GrabMantap 1158,Beverages,Makassar
1159,GF-01160,Resto GrabMantap 1159,Martabak,Depok
1160,GF-01161,Resto GrabMantap 1160,Fast Food,Bogor
1161,GF-01162,Resto GrabMantap 1161,Seafood,Tangerang
1162,GF-01163,Resto GrabMantap 1162,Beverages,Bali
1163,GF-01164,Resto GrabMantap 1163,Beverages,Surabaya
1164,GF-01165,Resto GrabMantap 1164,Martabak,Surabaya
1165,GF-01166,Resto GrabMantap 1165,Seafood,Depok
1166,GF-01167,Resto GrabMantap 1166,Fast Food,Bandung
1167,GF-01168,Resto GrabMantap 1167,Beverages,Bogor
1168,GF-01169,Resto GrabMantap 1168,Martabak,Bogor
1169,GF-01170,Resto GrabMantap 1169,Fast Food,Bali
1170,GF-01171,Resto GrabMantap 1170,Seafood,Medan
1171,GF-01172,Resto GrabMantap 1171,Snacks,Jakarta
1172,GF-01173,Resto GrabMantap 1172,Beverages,Bandung
1173,GF-01174,Resto GrabMantap 1173,Martabak,Jakarta
1174,GF-01175,Resto GrabMantap 1174,Seafood,Tangerang
1175,GF-01176,Resto GrabMantap 1175,Martabak,Medan
1176,GF-01177,Resto GrabMantap 1176,Beverages,Makassar
1177,GF-01178,Resto GrabMantap 1177,Fast Food,Jakarta
1178,GF-01179,Resto GrabMantap 1178,Ayam Geprek,Medan
1179,GF-01180,Resto GrabMantap 1179,Seafood,Tangerang
1180,GF-01181,Resto GrabMantap 1180,Beverages,Tangerang
1181,GF-01182,Resto GrabMantap 1181,Seafood,Makassar
1182,GF-01183,Resto GrabMantap 1182,Fast Food,Bekasi
1183,GF-01184,Resto GrabMantap 1183,Ayam Geprek,Makassar
1184,GF-01185,Resto GrabMantap 1184,Ayam Geprek,Bali
1185,GF-01186,Resto GrabMantap 1185,Seafood,Bali
1186,GF-01187,Resto GrabMantap 1186,Seafood,Bekasi
1187,GF-01188,Resto GrabMantap 1187,Snacks,Medan
1188,GF-01189,Resto GrabMantap 1188,Beverages,Medan
1189,GF-01190,Resto GrabMantap 1189,Martabak,Tangerang
1190,GF-01191,Resto GrabMantap 1190,Seafood,Tangerang
1191,GF-01192,Resto GrabMantap 1191,Ayam Geprek,Surabaya
1192,GF-01193,Resto GrabMantap 1192,Ayam Geprek,Bekasi
1193,GF-01194,Resto GrabMantap 1193,Martabak,Bogor
1194,GF-01195,Resto GrabMantap 1194,Ayam Geprek,Bogor
1195,GF-01196,Resto GrabMantap 1195,Fast Food,Bogor
1196,GF-01197,Resto GrabMantap 1196,Seafood,Tangerang
1197,GF-01198,Resto GrabMantap 1197,Snacks,Medan
1198,GF-01199,Resto GrabMantap 1198,Seafood,Jakarta
1199,GF-01200,Resto GrabMantap 1199,Martabak,Bekasi
1200,GF-01201,Resto GrabMantap 1200,Fast Food,Tangerang
1201,GF-01202,Resto GrabMantap 1201,Fast Food,Depok
1202,GF-01203,Resto GrabMantap 1202,Beverages,Bali
1203,GF-01204,Resto GrabMantap 1203,Beverages,Bandung
1204,GF-01205,Resto GrabMantap 1204,Beverages,Makassar
1205,GF-01206,Resto GrabMantap 1205,Seafood,Bekasi
1206,GF-01207,Resto GrabMantap 1206,Seafood,Medan
1207,GF-01208,Resto GrabMantap 1207,Seafood,Makassar
1208,GF-01209,Resto GrabMantap 1208,Seafood,Jakarta
1209,GF-01210,Resto GrabMantap 1209,Martabak,Jakarta
1210,GF-01211,Resto GrabMantap 1210,Seafood,Depok
1211,GF-01212,Resto GrabMantap 1211,Snacks,Jakarta
1212,GF-01213,Resto GrabMantap 1212,Snacks,Bogor
1213,GF-01214,Resto GrabMantap 1213,Beverages,Bali
1214,GF-01215,Resto GrabMantap 1214,Beverages,Makassar
1215,GF-01216,Resto GrabMantap 1215,Martabak,Tangerang
1216,GF-01217,Resto GrabMantap 1216,Beverages,Surabaya
1217,GF-01218,Resto GrabMantap 1217,Beverages,Tangerang
1218,GF-01219,Resto GrabMantap 1218,Seafood,Bogor
1219,GF-01220,Resto GrabMantap 1219,Martabak,Surabaya
1220,GF-01221,Resto GrabMantap 1220,Snacks,Bogor
1221,GF-01222,Resto GrabMantap 1221,Fast Food,Bali
1222,GF-01223,Resto GrabMantap 1222,Fast Food,Depok
1223,GF-01224,Resto GrabMantap 1223,Ayam Geprek,Bandung
1224,GF-01225,Resto GrabMantap 1224,Ayam Geprek,Jakarta
1225,GF-01226,Resto GrabMantap 1225,Snacks,Bali
1226,GF-01227,Resto GrabMantap 1226,Martabak,Bekasi
1227,GF-01228,Resto GrabMantap 1227,Fast Food,Tangerang
1228,GF-01229,Resto GrabMantap 1228,Ayam Geprek,Tangerang
1229,GF-01230,Resto GrabMantap 1229,Beverages,Bekasi
1230,GF-01231,Resto GrabMantap 1230,Snacks,Bandung
1231,GF-01232,Resto GrabMantap 1231,Snacks,Bogor
1232,GF-01233,Resto GrabMantap 1232,Seafood,Depok
1233,GF-01234,Resto GrabMantap 1233,Snacks,Bogor
1234,GF-01235,Resto GrabMantap 1234,Ayam Geprek,Depok
1235,GF-01236,Resto GrabMantap 1235,Snacks,Bandung
1236,GF-01237,Resto GrabMantap 1236,Ayam Geprek,Bogor
1237,GF-01238,Resto GrabMantap 1237,Fast Food,Bali
1238,GF-01239,Resto GrabMantap 1238,Martabak,Bandung
1239,GF-01240,Resto GrabMantap 1239,Seafood,Tangerang
1240,GF-01241,Resto GrabMantap 1240,Snacks,Medan
1241,GF-01242,Resto GrabMantap 1241,Fast Food,Bekasi
1242,GF-01243,Resto GrabMantap 1242,Seafood,Tangerang
1243,GF-01244,Resto GrabMantap 1243,Ayam Geprek,Surabaya
1244,GF-01245,Resto GrabMantap 1244,Ayam Geprek,Makassar
1245,GF-01246,Resto GrabMantap 1245,Ayam Geprek,Bandung
1246,GF-01247,Resto GrabMantap 1246,Ayam Geprek,Bekasi
1247,GF-01248,Resto GrabMantap 1247,Martabak,Medan
1248,GF-01249,Resto GrabMantap 1248,Martabak,Bogor
1249,GF-01250,Resto GrabMantap 1249,Ayam Geprek,Surabaya
1250,GF-01251,Resto GrabMantap 1250,Seafood,Jakarta
1251,GF-01252,Resto GrabMantap 1251,Seafood,Bogor
1252,GF-01253,Resto GrabMantap 1252,Snacks,Makassar
1253,GF-01254,Resto GrabMantap 1253,Martabak,Tangerang
1254,GF-01255,Resto GrabMantap 1254,Martabak,Bali
1255,GF-01256,Resto GrabMantap 1255,Snacks,Makassar
1256,GF-01257,Resto GrabMantap 1256,Ayam Geprek,Bogor
1257,GF-01258,Resto GrabMantap 1257,Ayam Geprek,Bekasi
1258,GF-01259,Resto GrabMantap 1258,Snacks,Depok
1259,GF-01260,Resto GrabMantap 1259,Seafood,Bogor
1260,GF-01261,Resto GrabMantap 1260,Ayam Geprek,Bogor
1261,GF-01262,Resto GrabMantap 1261,Seafood,Jakarta
1262,GF-01263,Resto GrabMantap 1262,Seafood,Bali
1263,GF-01264,Resto GrabMantap 1263,Fast Food,Medan
1264,GF-01265,Resto GrabMantap 1264,Martabak,Bekasi
1265,GF-01266,Resto GrabMantap 1265,Martabak,Tangerang
1266,GF-01267,Resto GrabMantap 1266,Beverages,Tangerang
1267,GF-01268,Resto GrabMantap 1267,Seafood,Makassar
1268,GF-01269,Resto GrabMantap 1268,Fast Food,Bogor
1269,GF-01270,Resto GrabMantap 1269,Martabak,Bandung
1270,GF-01271,Resto GrabMantap 1270,Seafood,Makassar
1271,GF-01272,Resto GrabMantap 1271,Beverages,Bekasi
1272,GF-01273,Resto GrabMantap 1272,Seafood,Depok
1273,GF-01274,Resto GrabMantap 1273,Fast Food,Bogor
1274,GF-01275,Resto GrabMantap 1274,Fast Food,Tangerang
1275,GF-01276,Resto GrabMantap 1275,Beverages,Bekasi
1276,GF-01277,Resto GrabMantap 1276,Seafood,Tangerang
1277,GF-01278,Resto GrabMantap 1277,Fast Food,Bekasi
1278,GF-01279,Resto GrabMantap 1278,Fast Food,Jakarta
1279,GF-01280,Resto GrabMantap 1279,Ayam Geprek,Tangerang
1280,GF-01281,Resto GrabMantap 1280,Beverages,Bali
1281,GF-01282,Resto GrabMantap 1281,Ayam Geprek,Bogor
1282,GF-01283,Resto GrabMantap 1282,Seafood,Depok
1283,GF-01284,Resto GrabMantap 1283,Ayam Geprek,Tangerang
1284,GF-01285,Resto GrabMantap 1284,Seafood,Depok
1285,GF-01286,Resto GrabMantap 1285,Martabak,Jakarta
1286,GF-01287,Resto GrabMantap 1286,Fast Food,Bekasi
1287,GF-01288,Resto GrabMantap 1287,Beverages,Surabaya
1288,GF-01289,Resto GrabMantap 1288,Martabak,Tangerang
1289,GF-01290,Resto GrabMantap 1289,Fast Food,Medan
1290,GF-01291,Resto GrabMantap 1290,Seafood,Jakarta
1291,GF-01292,Resto GrabMantap 1291,Fast Food,Bogor
1292,GF-01293,Resto GrabMantap 1292,Seafood,Depok
1293,GF-01294,Resto GrabMantap 1293,Martabak,Bali
1294,GF-01295,Resto GrabMantap 1294,Beverages,Surabaya
1295,GF-01296,Resto GrabMantap 1295,Ayam Geprek,Makassar
1296,GF-01297,Resto GrabMantap 1296,Snacks,Bandung
1297,GF-01298,Resto GrabMantap 1297,Fast Food,Bali
1298,GF-01299,Resto GrabMantap 1298,Beverages,Tangerang
1299,GF-01300,Resto GrabMantap 1299,Fast Food,Bandung
1300,GF-01301,Resto GrabMantap 1300,Beverages,Bekasi
1301,GF-01302,Resto GrabMantap 1301,Seafood,Bogor
1302,GF-01303,Resto GrabMantap 1302,Fast Food,Medan
1303,GF-01304,Resto GrabMantap 1303,Ayam Geprek,Jakarta
1304,GF-01305,Resto GrabMantap 1304,Snacks,Bandung
1305,GF-01306,Resto GrabMantap 1305,Fast Food,Bali
1306,GF-01307,Resto GrabMantap 1306,Ayam Geprek,Medan
1307,GF-01308,Resto GrabMantap 1307,Beverages,Bali
1308,GF-01309,Resto GrabMantap 1308,Beverages,Bekasi
1309,GF-01310,Resto GrabMantap 1309,Ayam Geprek,Medan
1310,GF-01311,Resto GrabMantap 1310,Snacks,Surabaya
1311,GF-01312,Resto GrabMantap 1311,Fast Food,Depok
1312,GF-01313,Resto GrabMantap 1312,Ayam Geprek,Bogor
1313,GF-01314,Resto GrabMantap 1313,Snacks,Medan
1314,GF-01315,Resto GrabMantap 1314,Seafood,Surabaya
1315,GF-01316,Resto GrabMantap 1315,Seafood,Bogor
1316,GF-01317,Resto GrabMantap 1316,Martabak,Makassar
1317,GF-01318,Resto GrabMantap 1317,Martabak,Bandung
1318,GF-01319,Resto GrabMantap 1318,Snacks,Makassar
1319,GF-01320,Resto GrabMantap 1319,Ayam Geprek,Bali
1320,GF-01321,Resto GrabMantap 1320,Seafood,Tangerang
1321,GF-01322,Resto GrabMantap 1321,Seafood,Bali
1322,GF-01323,Resto GrabMantap 1322,Ayam Geprek,Bogor
1323,GF-01324,Resto GrabMantap 1323,Fast Food,Bekasi
1324,GF-01325,Resto GrabMantap 1324,Fast Food,Bandung
1325,GF-01326,Resto GrabMantap 1325,Seafood,Bekasi
1326,GF-01327,Resto GrabMantap 1326,Snacks,Depok
1327,GF-01328,Resto GrabMantap 1327,Fast Food,Medan
1328,GF-01329,Resto GrabMantap 1328,Snacks,Bandung
1329,GF-01330,Resto GrabMantap 1329,Beverages,Medan
1330,GF-01331,Resto GrabMantap 1330,Martabak,Jakarta
1331,GF-01332,Resto GrabMantap 1331,Fast Food,Depok
1332,GF-01333,Resto GrabMantap 1332,Beverages,Tangerang
1333,GF-01334,Resto GrabMantap 1333,Beverages,Medan
1334,GF-01335,Resto GrabMantap 1334,Fast Food,Surabaya
1335,GF-01336,Resto GrabMantap 1335,Seafood,Jakarta
1336,GF-01337,Resto GrabMantap 1336,Beverages,Makassar
1337,GF-01338,Resto GrabMantap 1337,Snacks,Tangerang
1338,GF-01339,Resto GrabMantap 1338,Snacks,Tangerang
1339,GF-01340,Resto GrabMantap 1339,Ayam Geprek,Tangerang
1340,GF-01341,Resto GrabMantap 1340,Snacks,Bogor
1341,GF-01342,Resto GrabMantap 1341,Snacks,Medan
1342,GF-01343,Resto GrabMantap 1342,Snacks,Jakarta
1343,GF-01344,Resto GrabMantap 1343,Seafood,Depok
1344,GF-01345,Resto GrabMantap 1344,Snacks,Jakarta
1345,GF-01346,Resto GrabMantap 1345,Seafood,Bandung
1346,GF-01347,Resto GrabMantap 1346,Ayam Geprek,Depok
1347,GF-01348,Resto GrabMantap 1347,Seafood,Bandung
1348,GF-01349,Resto GrabMantap 1348,Snacks,Bogor
1349,GF-01350,Resto GrabMantap 1349,Seafood,Tangerang
1350,GF-01351,Resto GrabMantap 1350,Fast Food,Bekasi
1351,GF-01352,Resto GrabMantap 1351,Beverages,Bogor
1352,GF-01353,Resto GrabMantap 1352,Beverages,Bekasi
1353,GF-01354,Resto GrabMantap 1353,Fast Food,Bali
1354,GF-01355,Resto GrabMantap 1354,Ayam Geprek,Bogor
1355,GF-01356,Resto GrabMantap 1355,Fast Food,Surabaya
1356,GF-01357,Resto GrabMantap 1356,Martabak,Bali
1357,GF-01358,Resto GrabMantap 1357,Fast Food,Surabaya
1358,GF-01359,Resto GrabMantap 1358,Ayam Geprek,Tangerang
1359,GF-01360,Resto GrabMantap 1359,Martabak,Medan
1360,GF-01361,Resto GrabMantap 1360,Ayam Geprek,Makassar
1361,GF-01362,Resto GrabMantap 1361,Seafood,Surabaya
1362,GF-01363,Resto GrabMantap 1362,Snacks,Tangerang
1363,GF-01364,Resto GrabMantap 1363,Fast Food,Makassar
1364,GF-01365,Resto GrabMantap 1364,Snacks,Makassar
1365,GF-01366,Resto GrabMantap 1365,Ayam Geprek,Bali
1366,GF-01367,Resto GrabMantap 1366,Seafood,Makassar
1367,GF-01368,Resto GrabMantap 1367,Fast Food,Tangerang
1368,GF-01369,Resto GrabMantap 1368,Beverages,Bogor
1369,GF-01370,Resto GrabMantap 1369,Martabak,Bali
1370,GF-01371,Resto GrabMantap 1370,Martabak,Tangerang
1371,GF-01372,Resto GrabMantap 1371,Seafood,Bekasi
1372,GF-01373,Resto GrabMantap 1372,Fast Food,Bogor
1373,GF-01374,Resto GrabMantap 1373,Beverages,Bandung
1374,GF-01375,Resto GrabMantap 1374,Ayam Geprek,Medan
1375,GF-01376,Resto GrabMantap 1375,Martabak,Bali
1376,GF-01377,Resto GrabMantap 1376,Seafood,Tangerang
1377,GF-01378,Resto GrabMantap 1377,Fast Food,Bandung
1378,GF-01379,Resto GrabMantap 1378,Beverages,Makassar
1379,GF-01380,Resto GrabMantap 1379,Fast Food,Medan
1380,GF-01381,Resto GrabMantap 1380,Snacks,Jakarta
1381,GF-01382,Resto GrabMantap 1381,Ayam Geprek,Makassar
1382,GF-01383,Resto GrabMantap 1382,Martabak,Jakarta
1383,GF-01384,Resto GrabMantap 1383,Ayam Geprek,Jakarta
1384,GF-01385,Resto GrabMantap 1384,Seafood,Tangerang
1385,GF-01386,Resto GrabMantap 1385,Beverages,Makassar
1386,GF-01387,Resto GrabMantap 1386,Martabak,Bekasi
1387,GF-01388,Resto GrabMantap 1387,Ayam Geprek,Medan
1388,GF-01389,Resto GrabMantap 1388,Snacks,Bekasi
1389,GF-01390,Resto GrabMantap 1389,Fast Food,Makassar
1390,GF-01391,Resto GrabMantap 1390,Snacks,Medan
1391,GF-01392,Resto GrabMantap 1391,Beverages,Bandung
1392,GF-01393,Resto GrabMantap 1392,Seafood,Bali
1393,GF-01394,Resto GrabMantap 1393,Seafood,Bandung
1394,GF-01395,Resto GrabMantap 1394,Martabak,Tangerang
1395,GF-01396,Resto GrabMantap 1395,Seafood,Depok
1396,GF-01397,Resto GrabMantap 1396,Snacks,Makassar
1397,GF-01398,Resto GrabMantap 1397,Seafood,Tangerang
1398,GF-01399,Resto GrabMantap 1398,Fast Food,Tangerang
1399,GF-01400,Resto GrabMantap 1399,Ayam Geprek,Medan
1400,GF-01401,Resto GrabMantap 1400,Seafood,Makassar
1401,GF-01402,Resto GrabMantap 1401,Snacks,Bogor
1402,GF-01403,Resto GrabMantap 1402,Martabak,Bandung
1403,GF-01404,Resto GrabMantap 1403,Martabak,Depok
1404,GF-01405,Resto GrabMantap 1404,Martabak,Medan
1405,GF-01406,Resto GrabMantap 1405,Martabak,Makassar
1406,GF-01407,Resto GrabMantap 1406,Snacks,Bogor
1407,GF-01408,Resto GrabMantap 1407,Beverages,Tangerang
1408,GF-01409,Resto GrabMantap 1408,Martabak,Tangerang
1409,GF-01410,Resto GrabMantap 1409,Snacks,Bogor
1410,GF-01411,Resto GrabMantap 1410,Martabak,Bali
1411,GF-01412,Resto GrabMantap 1411,Ayam Geprek,Bandung
1412,GF-01413,Resto GrabMantap 1412,Martabak,Bali
1413,GF-01414,Resto GrabMantap 1413,Fast Food,Jakarta
1414,GF-01415,Resto GrabMantap 1414,Snacks,Jakarta
1415,GF-01416,Resto GrabMantap 1415,Seafood,Makassar
1416,GF-01417,Resto GrabMantap 1416,Snacks,Depok
1417,GF-01418,Resto GrabMantap 1417,Ayam Geprek,Makassar
1418,GF-01419,Resto GrabMantap 1418,Martabak,Makassar
1419,GF-01420,Resto GrabMantap 1419,Seafood,Bekasi
1420,GF-01421,Resto GrabMantap 1420,Martabak,Makassar
1421,GF-01422,Resto GrabMantap 1421,Snacks,Bogor
1422,GF-01423,Resto GrabMantap 1422,Martabak,Bandung
1423,GF-01424,Resto GrabMantap 1423,Seafood,Makassar
1424,GF-01425,Resto GrabMantap 1424,Fast Food,Bali
1425,GF-01426,Resto GrabMantap 1425,Seafood,Bekasi
1426,GF-01427,Resto GrabMantap 1426,Ayam Geprek,Makassar
1427,GF-01428,Resto GrabMantap 1427,Martabak,Bogor
1428,GF-01429,Resto GrabMantap 1428,Beverages,Medan
1429,GF-01430,Resto GrabMantap 1429,Martabak,Bogor
1430,GF-01431,Resto GrabMantap 1430,Martabak,Medan
1431,GF-01432,Resto GrabMantap 1431,Beverages,Bogor
1432,GF-01433,Resto GrabMantap 1432,Martabak,Medan
1433,GF-01434,Resto GrabMantap 1433,Snacks,Bekasi
1434,GF-01435,Resto GrabMantap 1434,Martabak,Bogor
1435,GF-01436,Resto GrabMantap 1435,Beverages,Makassar
1436,GF-01437,Resto GrabMantap 1436,Fast Food,Medan
1437,GF-01438,Resto GrabMantap 1437,Beverages,Bogor
1438,GF-01439,Resto GrabMantap 1438,Seafood,Depok
1439,GF-01440,Resto GrabMantap 1439,Martabak,Bandung
1440,GF-01441,Resto GrabMantap 1440,Seafood,Bandung
1441,GF-01442,Resto GrabMantap 1441,Martabak,Bogor
1442,GF-01443,Resto GrabMantap 1442,Seafood,Bali
1443,GF-01444,Resto GrabMantap 1443,Beverages,Depok
1444,GF-01445,Resto GrabMantap 1444,Seafood,Medan
1445,GF-01446,Resto GrabMantap 1445,Seafood,Medan
1446,GF-01447,Resto GrabMantap 1446,Martabak,Surabaya
1447,GF-01448,Resto GrabMantap 1447,Martabak,Jakarta
1448,GF-01449,Resto GrabMantap 1448,Snacks,Surabaya
1449,GF-01450,Resto GrabMantap 1449,Martabak,Makassar
1450,GF-01451,Resto GrabMantap 1450,Seafood,Bogor
1451,GF-01452,Resto GrabMantap 1451,Ayam Geprek,Surabaya
1452,GF-01453,Resto GrabMantap 1452,Martabak,Bandung
1453,GF-01454,Resto GrabMantap 1453,Beverages,Jakarta
1454,GF-01455,Resto GrabMantap 1454,Snacks,Bandung
1455,GF-01456,Resto GrabMantap 1455,Beverages,Surabaya
1456,GF-01457,Resto GrabMantap 1456,Seafood,Jakarta
1457,GF-01458,Resto GrabMantap 1457,Snacks,Surabaya
1458,GF-01459,Resto GrabMantap 1458,Ayam Geprek,Surabaya
1459,GF-01460,Resto GrabMantap 1459,Fast Food,Jakarta
1460,GF-01461,Resto GrabMantap 1460,Martabak,Surabaya
1461,GF-01462,Resto GrabMantap 1461,Beverages,Bandung
1462,GF-01463,Resto GrabMantap 1462,Fast Food,Depok
1463,GF-01464,Resto GrabMantap 1463,Fast Food,Depok
1464,GF-01465,Resto GrabMantap 1464,Martabak,Bogor
1465,GF-01466,Resto GrabMantap 1465,Fast Food,Medan
1466,GF-01467,Resto GrabMantap 1466,Seafood,Jakarta
1467,GF-01468,Resto GrabMantap 1467,Fast Food,Medan
1468,GF-01469,Resto GrabMantap 1468,Fast Food,Bogor
1469,GF-01470,Resto GrabMantap 1469,Seafood,Tangerang
1470,GF-01471,Resto GrabMantap 1470,Ayam Geprek,Makassar
1471,GF-01472,Resto GrabMantap 1471,Ayam Geprek,Bogor
1472,GF-01473,Resto GrabMantap 1472,Fast Food,Makassar
1473,GF-01474,Resto GrabMantap 1473,Beverages,Bandung
1474,GF-01475,Resto GrabMantap 1474,Martabak,Depok
1475,GF-01476,Resto GrabMantap 1475,Seafood,Makassar
1476,GF-01477,Resto GrabMantap 1476,Seafood,Bekasi
1477,GF-01478,Resto GrabMantap 1477,Martabak,Surabaya
1478,GF-01479,Resto GrabMantap 1478,Ayam Geprek,Jakarta
1479,GF-01480,Resto GrabMantap 1479,Martabak,Bandung
1480,GF-01481,Resto GrabMantap 1480,Fast Food,Makassar
1481,GF-01482,Resto GrabMantap 1481,Beverages,Bandung
1482,GF-01483,Resto GrabMantap 1482,Fast Food,Bekasi
1483,GF-01484,Resto GrabMantap 1483,Martabak,Tangerang
1484,GF-01485,Resto GrabMantap 1484,Fast Food,Depok
1485,GF-01486,Resto GrabMantap 1485,Fast Food,Bekasi
1486,GF-01487,Resto GrabMantap 1486,Snacks,Bandung
1487,GF-01488,Resto GrabMantap 1487,Snacks,Bekasi
1488,GF-01489,Resto GrabMantap 1488,Beverages,Surabaya
1489,GF-01490,Resto GrabMantap 1489,Seafood,Makassar
1490,GF-01491,Resto GrabMantap 1490,Ayam Geprek,Tangerang
1491,GF-01492,Resto GrabMantap 1491,Beverages,Makassar
1492,GF-01493,Resto GrabMantap 1492,Fast Food,Surabaya
1493,GF-01494,Resto GrabMantap 1493,Fast Food,Bekasi
1494,GF-01495,Resto GrabMantap 1494,Snacks,Bandung
1495,GF-01496,Resto GrabMantap 1495,Martabak,Medan
1496,GF-01497,Resto GrabMantap 1496,Ayam Geprek,Bogor
1497,GF-01498,Resto GrabMantap 1497,Seafood,Tangerang
1498,GF-01499,Resto GrabMantap 1498,Fast Food,Bandung
1499,GF-01500,Resto GrabMantap 1499,Fast Food,Surabaya
1500,GF-01501,Resto GrabMantap 1500,Seafood,Bogor
1501,GF-01502,Resto GrabMantap 1501,Martabak,Bekasi
1502,GF-01503,Resto GrabMantap 1502,Snacks,Bali
1503,GF-01504,Resto GrabMantap 1503,Seafood,Depok
1504,GF-01505,Resto GrabMantap 1504,Martabak,Depok
1505,GF-01506,Resto GrabMantap 1505,Snacks,Tangerang
1506,GF-01507,Resto GrabMantap 1506,Martabak,Bandung
1507,GF-01508,Resto GrabMantap 1507,Seafood,Tangerang
1508,GF-01509,Resto GrabMantap 1508,Martabak,Tangerang
1509,GF-01510,Resto GrabMantap 1509,Snacks,Bogor
1510,GF-01511,Resto GrabMantap 1510,Ayam Geprek,Medan
1511,GF-01512,Resto GrabMantap 1511,Fast Food,Jakarta
1512,GF-01513,Resto GrabMantap 1512,Seafood,Bali
1513,GF-01514,Resto GrabMantap 1513,Snacks,Makassar
1514,GF-01515,Resto GrabMantap 1514,Beverages,Bekasi
1515,GF-01516,Resto GrabMantap 1515,Snacks,Bogor
1516,GF-01517,Resto GrabMantap 1516,Beverages,Bandung
1517,GF-01518,Resto GrabMantap 1517,Beverages,Tangerang
1518,GF-01519,Resto GrabMantap 1518,Ayam Geprek,Bandung
1519,GF-01520,Resto GrabMantap 1519,Martabak,Bogor
1520,GF-01521,Resto GrabMantap 1520,Ayam Geprek,Bandung
1521,GF-01522,Resto GrabMantap 1521,Ayam Geprek,Bandung
1522,GF-01523,Resto GrabMantap 1522,Fast Food,Medan
1523,GF-01524,Resto GrabMantap 1523,Beverages,Bali
1524,GF-01525,Resto GrabMantap 1524,Seafood,Bogor
1525,GF-01526,Resto GrabMantap 1525,Beverages,Bandung
1526,GF-01527,Resto GrabMantap 1526,Snacks,Bekasi
1527,GF-01528,Resto GrabMantap 1527,Snacks,Makassar
1528,GF-01529,Resto GrabMantap 1528,Seafood,Medan
1529,GF-01530,Resto GrabMantap 1529,Beverages,Bekasi
1530,GF-01531,Resto GrabMantap 1530,Seafood,Tangerang
1531,GF-01532,Resto GrabMantap 1531,Seafood,Depok
1532,GF-01533,Resto GrabMantap 1532,Martabak,Makassar
1533,GF-01534,Resto GrabMantap 1533,Beverages,Bekasi
1534,GF-01535,Resto GrabMantap 1534,Fast Food,Makassar
1535,GF-01536,Resto GrabMantap 1535,Martabak,Depok
1536,GF-01537,Resto GrabMantap 1536,Ayam Geprek,Medan
1537,GF-01538,Resto GrabMantap 1537,Snacks,Makassar
1538,GF-01539,Resto GrabMantap 1538,Martabak,Depok
1539,GF-01540,Resto GrabMantap 1539,Beverages,Surabaya
1540,GF-01541,Resto GrabMantap 1540,Ayam Geprek,Surabaya
1541,GF-01542,Resto GrabMantap 1541,Ayam Geprek,Bandung
1542,GF-01543,Resto GrabMantap 1542,Martabak,Tangerang
1543,GF-01544,Resto GrabMantap 1543,Ayam Geprek,Bandung
1544,GF-01545,Resto GrabMantap 1544,Fast Food,Tangerang
1545,GF-01546,Resto GrabMantap 1545,Fast Food,Jakarta
1546,GF-01547,Resto GrabMantap 1546,Seafood,Medan
1547,GF-01548,Resto GrabMantap 1547,Beverages,Bekasi
1548,GF-01549,Resto GrabMantap 1548,Beverages,Medan
1549,GF-01550,Resto GrabMantap 1549,Snacks,Bekasi
1550,GF-01551,Resto GrabMantap 1550,Fast Food,Medan
1551,GF-01552,Resto GrabMantap 1551,Seafood,Bandung
1552,GF-01553,Resto GrabMantap 1552,Seafood,Tangerang
1553,GF-01554,Resto GrabMantap 1553,Ayam Geprek,Medan
1554,GF-01555,Resto GrabMantap 1554,Fast Food,Makassar
1555,GF-01556,Resto GrabMantap 1555,Martabak,Tangerang
1556,GF-01557,Resto GrabMantap 1556,Ayam Geprek,Tangerang
1557,GF-01558,Resto GrabMantap 1557,Ayam Geprek,Makassar
1558,GF-01559,Resto GrabMantap 1558,Beverages,Bogor
1559,GF-01560,Resto GrabMantap 1559,Fast Food,Tangerang
1560,GF-01561,Resto GrabMantap 1560,Snacks,Tangerang
1561,GF-01562,Resto GrabMantap 1561,Snacks,Makassar
1562,GF-01563,Resto GrabMantap 1562,Snacks,Makassar
1563,GF-01564,Resto GrabMantap 1563,Beverages,Depok
1564,GF-01565,Resto GrabMantap 1564,Snacks,Jakarta
1565,GF-01566,Resto GrabMantap 1565,Snacks,Makassar
1566,GF-01567,Resto GrabMantap 1566,Fast Food,Bandung
1567,GF-01568,Resto GrabMantap 1567,Beverages,Bogor
1568,GF-01569,Resto GrabMantap 1568,Martabak,Medan
1569,GF-01570,Resto GrabMantap 1569,Snacks,Bali
1570,GF-01571,Resto GrabMantap 1570,Ayam Geprek,Surabaya
1571,GF-01572,Resto GrabMantap 1571,Seafood,Jakarta
1572,GF-01573,Resto GrabMantap 1572,Ayam Geprek,Bekasi
1573,GF-01574,Resto GrabMantap 1573,Fast Food,Depok
1574,GF-01575,Resto GrabMantap 1574,Martabak,Medan
1575,GF-01576,Resto GrabMantap 1575,Martabak,Bekasi
1576,GF-01577,Resto GrabMantap 1576,Ayam Geprek,Makassar
1577,GF-01578,Resto GrabMantap 1577,Ayam Geprek,Bekasi
1578,GF-01579,Resto GrabMantap 1578,Seafood,Bandung
1579,GF-01580,Resto GrabMantap 1579,Ayam Geprek,Depok
1580,GF-01581,Resto GrabMantap 1580,Fast Food,Depok
1581,GF-01582,Resto GrabMantap 1581,Seafood,Makassar
1582,GF-01583,Resto GrabMantap 1582,Beverages,Surabaya
1583,GF-01584,Resto GrabMantap 1583,Seafood,Tangerang
1584,GF-01585,Resto GrabMantap 1584,Beverages,Surabaya
1585,GF-01586,Resto GrabMantap 1585,Seafood,Bandung
1586,GF-01587,Resto GrabMantap 1586,Martabak,Depok
1587,GF-01588,Resto GrabMantap 1587,Snacks,Medan
1588,GF-01589,Resto GrabMantap 1588,Fast Food,Bandung
1589,GF-01590,Resto GrabMantap 1589,Seafood,Depok
1590,GF-01591,Resto GrabMantap 1590,Ayam Geprek,Surabaya
1591,GF-01592,Resto GrabMantap 1591,Seafood,Bandung
1592,GF-01593,Resto GrabMantap 1592,Seafood,Tangerang
1593,GF-01594,Resto GrabMantap 1593,Ayam Geprek,Depok
1594,GF-01595,Resto GrabMantap 1594,Ayam Geprek,Bandung
1595,GF-01596,Resto GrabMantap 1595,Martabak,Jakarta
1596,GF-01597,Resto GrabMantap 1596,Beverages,Bali
1597,GF-01598,Resto GrabMantap 1597,Beverages,Medan
1598,GF-01599,Resto GrabMantap 1598,Beverages,Bogor
1599,GF-01600,Resto GrabMantap 1599,Beverages,Makassar
1600,GF-01601,Resto GrabMantap 1600,Fast Food,Bekasi
1601,GF-01602,Resto GrabMantap 1601,Beverages,Bekasi
1602,GF-01603,Resto GrabMantap 1602,Fast Food,Depok
1603,GF-01604,Resto GrabMantap 1603,Ayam Geprek,Medan
1604,GF-01605,Resto GrabMantap 1604,Martabak,Makassar
1605,GF-01606,Resto GrabMantap 1605,Ayam Geprek,Bekasi
1606,GF-01607,Resto GrabMantap 1606,Fast Food,Bandung
1607,GF-01608,Resto GrabMantap 1607,Ayam Geprek,Bekasi
1608,GF-01609,Resto GrabMantap 1608,Beverages,Tangerang
1609,GF-01610,Resto GrabMantap 1609,Seafood,Bekasi
1610,GF-01611,Resto GrabMantap 1610,Seafood,Bali
1611,GF-01612,Resto GrabMantap 1611,Fast Food,Medan
1612,GF-01613,Resto GrabMantap 1612,Martabak,Bogor
1613,GF-01614,Resto GrabMantap 1613,Martabak,Tangerang
1614,GF-01615,Resto GrabMantap 1614,Ayam Geprek,Medan
1615,GF-01616,Resto GrabMantap 1615,Martabak,Jakarta
1616,GF-01617,Resto GrabMantap 1616,Ayam Geprek,Depok
1617,GF-01618,Resto GrabMantap 1617,Snacks,Depok
1618,GF-01619,Resto GrabMantap 1618,Beverages,Surabaya
1619,GF-01620,Resto GrabMantap 1619,Fast Food,Tangerang
1620,GF-01621,Resto GrabMantap 1620,Beverages,Depok
1621,GF-01622,Resto GrabMantap 1621,Martabak,Bogor
1622,GF-01623,Resto GrabMantap 1622,Snacks,Bali
1623,GF-01624,Resto GrabMantap 1623,Martabak,Bandung
1624,GF-01625,Resto GrabMantap 1624,Snacks,Bali
1625,GF-01626,Resto GrabMantap 1625,Martabak,Makassar
1626,GF-01627,Resto GrabMantap 1626,Beverages,Bekasi
1627,GF-01628,Resto GrabMantap 1627,Martabak,Bali
1628,GF-01629,Resto GrabMantap 1628,Beverages,Surabaya
1629,GF-01630,Resto GrabMantap 1629,Snacks,Bekasi
1630,GF-01631,Resto GrabMantap 1630,Ayam Geprek,Tangerang
1631,GF-01632,Resto GrabMantap 1631,Ayam Geprek,Bali
1632,GF-01633,Resto GrabMantap 1632,Fast Food,Makassar
1633,GF-01634,Resto GrabMantap 1633,Ayam Geprek,Makassar
1634,GF-01635,Resto GrabMantap 1634,Snacks,Bali
1635,GF-01636,Resto GrabMantap 1635,Fast Food,Medan
1636,GF-01637,Resto GrabMantap 1636,Seafood,Tangerang
1637,GF-01638,Resto GrabMantap 1637,Fast Food,Jakarta
1638,GF-01639,Resto GrabMantap 1638,Beverages,Makassar
1639,GF-01640,Resto GrabMantap 1639,Fast Food,Bogor
1640,GF-01641,Resto GrabMantap 1640,Ayam Geprek,Makassar
1641,GF-01642,Resto GrabMantap 1641,Fast Food,Tangerang
1642,GF-01643,Resto GrabMantap 1642,Martabak,Makassar
1643,GF-01644,Resto GrabMantap 1643,Martabak,Bali
1644,GF-01645,Resto GrabMantap 1644,Seafood,Bandung
1645,GF-01646,Resto GrabMantap 1645,Snacks,Bandung
1646,GF-01647,Resto GrabMantap 1646,Beverages,Bandung
1647,GF-01648,Resto GrabMantap 1647,Seafood,Makassar
1648,GF-01649,Resto GrabMantap 1648,Beverages,Jakarta
1649,GF-01650,Resto GrabMantap 1649,Seafood,Depok
1650,GF-01651,Resto GrabMantap 1650,Ayam Geprek,Makassar
1651,GF-01652,Resto GrabMantap 1651,Ayam Geprek,Tangerang
1652,GF-01653,Resto GrabMantap 1652,Ayam Geprek,Medan
1653,GF-01654,Resto GrabMantap 1653,Martabak,Medan
1654,GF-01655,Resto GrabMantap 1654,Beverages,Bogor
1655,GF-01656,Resto GrabMantap 1655,Ayam Geprek,Makassar
1656,GF-01657,Resto GrabMantap 1656,Beverages,Medan
1657,GF-01658,Resto GrabMantap 1657,Martabak,Bandung
1658,GF-01659,Resto GrabMantap 1658,Beverages,Bandung
1659,GF-01660,Resto GrabMantap 1659,Seafood,Bali
1660,GF-01661,Resto GrabMantap 1660,Beverages,Tangerang
1661,GF-01662,Resto GrabMantap 1661,Ayam Geprek,Tangerang
1662,GF-01663,Resto GrabMantap 1662,Martabak,Jakarta
1663,GF-01664,Resto GrabMantap 1663,Seafood,Tangerang
1664,GF-01665,Resto GrabMantap 1664,Fast Food,Jakarta
1665,GF-01666,Resto GrabMantap 1665,Fast Food,Surabaya
1666,GF-01667,Resto GrabMantap 1666,Seafood,Depok
1667,GF-01668,Resto GrabMantap 1667,Ayam Geprek,Depok
1668,GF-01669,Resto GrabMantap 1668,Fast Food,Tangerang
1669,GF-01670,Resto GrabMantap 1669,Snacks,Bekasi
1670,GF-01671,Resto GrabMantap 1670,Seafood,Bali
1671,GF-01672,Resto GrabMantap 1671,Beverages,Makassar
1672,GF-01673,Resto GrabMantap 1672,Fast Food,Makassar
1673,GF-01674,Resto GrabMantap 1673,Seafood,Medan
1674,GF-01675,Resto GrabMantap 1674,Beverages,Depok
1675,GF-01676,Resto GrabMantap 1675,Beverages,Makassar
1676,GF-01677,Resto GrabMantap 1676,Martabak,Medan
1677,GF-01678,Resto GrabMantap 1677,Fast Food,Depok
1678,GF-01679,Resto GrabMantap 1678,Beverages,Tangerang
1679,GF-01680,Resto GrabMantap 1679,Ayam Geprek,Tangerang
1680,GF-01681,Resto GrabMantap 1680,Ayam Geprek,Jakarta
1681,GF-01682,Resto GrabMantap 1681,Ayam Geprek,Tangerang
1682,GF-01683,Resto GrabMantap 1682,Snacks,Medan
1683,GF-01684,Resto GrabMantap 1683,Fast Food,Bandung
1684,GF-01685,Resto GrabMantap 1684,Martabak,Depok
1685,GF-01686,Resto GrabMantap 1685,Martabak,Medan
1686,GF-01687,Resto GrabMantap 1686,Seafood,Tangerang
1687,GF-01688,Resto GrabMantap 1687,Ayam Geprek,Bekasi
1688,GF-01689,Resto GrabMantap 1688,Ayam Geprek,Bekasi
1689,GF-01690,Resto GrabMantap 1689,Ayam Geprek,Bekasi
1690,GF-01691,Resto GrabMantap 1690,Snacks,Bali
1691,GF-01692,Resto GrabMantap 1691,Ayam Geprek,Bali
1692,GF-01693,Resto GrabMantap 1692,Martabak,Bali
1693,GF-01694,Resto GrabMantap 1693,Fast Food,Surabaya
1694,GF-01695,Resto GrabMantap 1694,Snacks,Bogor
1695,GF-01696,Resto GrabMantap 1695,Seafood,Tangerang
1696,GF-01697,Resto GrabMantap 1696,Seafood,Bogor
1697,GF-01698,Resto GrabMantap 1697,Beverages,Bekasi
1698,GF-01699,Resto GrabMantap 1698,Beverages,Medan
1699,GF-01700,Resto GrabMantap 1699,Snacks,Depok
1700,GF-01701,Resto GrabMantap 1700,Snacks,Medan
1701,GF-01702,Resto GrabMantap 1701,Ayam Geprek,Jakarta
1702,GF-01703,Resto GrabMantap 1702,Beverages,Medan
1703,GF-01704,Resto GrabMantap 1703,Ayam Geprek,Bekasi
1704,GF-01705,Resto GrabMantap 1704,Fast Food,Jakarta
1705,GF-01706,Resto GrabMantap 1705,Fast Food,Medan
1706,GF-01707,Resto GrabMantap 1706,Fast Food,Depok
1707,GF-01708,Resto GrabMantap 1707,Seafood,Tangerang
1708,GF-01709,Resto GrabMantap 1708,Seafood,Medan
1709,GF-01710,Resto GrabMantap 1709,Snacks,Medan
1710,GF-01711,Resto GrabMantap 1710,Snacks,Bali
1711,GF-01712,Resto GrabMantap 1711,Seafood,Bekasi
1712,GF-01713,Resto GrabMantap 1712,Ayam Geprek,Bandung
1713,GF-01714,Resto GrabMantap 1713,Snacks,Tangerang
1714,GF-01715,Resto GrabMantap 1714,Snacks,Makassar
1715,GF-01716,Resto GrabMantap 1715,Martabak,Surabaya
1716,GF-01717,Resto GrabMantap 1716,Beverages,Makassar
1717,GF-01718,Resto GrabMantap 1717,Beverages,Bandung
1718,GF-01719,Resto GrabMantap 1718,Beverages,Bogor
1719,GF-01720,Resto GrabMantap 1719,Fast Food,Makassar
1720,GF-01721,Resto GrabMantap 1720,Seafood,Medan
1721,GF-01722,Resto GrabMantap 1721,Seafood,Depok
1722,GF-01723,Resto GrabMantap 1722,Ayam Geprek,Bogor
1723,GF-01724,Resto GrabMantap 1723,Beverages,Bali
1724,GF-01725,Resto GrabMantap 1724,Seafood,Bekasi
1725,GF-01726,Resto GrabMantap 1725,Snacks,Medan
1726,GF-01727,Resto GrabMantap 1726,Snacks,Bekasi
1727,GF-01728,Resto GrabMantap 1727,Snacks,Medan
1728,GF-01729,Resto GrabMantap 1728,Fast Food,Surabaya
1729,GF-01730,Resto GrabMantap 1729,Beverages,Bandung
1730,GF-01731,Resto GrabMantap 1730,Fast Food,Bandung
1731,GF-01732,Resto GrabMantap 1731,Fast Food,Bogor
1732,GF-01733,Resto GrabMantap 1732,Snacks,Bali
1733,GF-01734,Resto GrabMantap 1733,Beverages,Bali
1734,GF-01735,Resto GrabMantap 1734,Seafood,Medan
1735,GF-01736,Resto GrabMantap 1735,Ayam Geprek,Depok
1736,GF-01737,Resto GrabMantap 1736,Snacks,Medan
1737,GF-01738,Resto GrabMantap 1737,Ayam Geprek,Bali
1738,GF-01739,Resto GrabMantap 1738,Snacks,Bali
1739,GF-01740,Resto GrabMantap 1739,Ayam Geprek,Medan
1740,GF-01741,Resto GrabMantap 1740,Ayam Geprek,Makassar
1741,GF-01742,Resto GrabMantap 1741,Seafood,Bogor
1742,GF-01743,Resto GrabMantap 1742,Seafood,Bandung
1743,GF-01744,Resto GrabMantap 1743,Beverages,Makassar
1744,GF-01745,Resto GrabMantap 1744,Martabak,Bogor
1745,GF-01746,Resto GrabMantap 1745,Fast Food,Bogor
1746,GF-01747,Resto GrabMantap 1746,Martabak,Bandung
1747,GF-01748,Resto GrabMantap 1747,Beverages,Jakarta
1748,GF-01749,Resto GrabMantap 1748,Seafood,Bogor
1749,GF-01750,Resto GrabMantap 1749,Fast Food,Jakarta
1750,GF-01751,Resto GrabMantap 1750,Ayam Geprek,Bandung
1751,GF-01752,Resto GrabMantap 1751,Fast Food,Depok
1752,GF-01753,Resto GrabMantap 1752,Fast Food,Bandung
1753,GF-01754,Resto GrabMantap 1753,Fast Food,Bekasi
1754,GF-01755,Resto GrabMantap 1754,Ayam Geprek,Bogor
1755,GF-01756,Resto GrabMantap 1755,Seafood,Surabaya
1756,GF-01757,Resto GrabMantap 1756,Fast Food,Bandung
1757,GF-01758,Resto GrabMantap 1757,Beverages,Bogor
1758,GF-01759,Resto GrabMantap 1758,Ayam Geprek,Surabaya
1759,GF-01760,Resto GrabMantap 1759,Fast Food,Tangerang
1760,GF-01761,Resto GrabMantap 1760,Fast Food,Bali
1761,GF-01762,Resto GrabMantap 1761,Martabak,Bogor
1762,GF-01763,Resto GrabMantap 1762,Ayam Geprek,Jakarta
1763,GF-01764,Resto GrabMantap 1763,Fast Food,Makassar
1764,GF-01765,Resto GrabMantap 1764,Snacks,Bekasi
1765,GF-01766,Resto GrabMantap 1765,Martabak,Depok
1766,GF-01767,Resto GrabMantap 1766,Martabak,Bekasi
1767,GF-01768,Resto GrabMantap 1767,Martabak,Tangerang
1768,GF-01769,Resto GrabMantap 1768,Snacks,Bekasi
1769,GF-01770,Resto GrabMantap 1769,Beverages,Makassar
1770,GF-01771,Resto GrabMantap 1770,Martabak,Medan
1771,GF-01772,Resto GrabMantap 1771,Seafood,Jakarta
1772,GF-01773,Resto GrabMantap 1772,Ayam Geprek,Jakarta
1773,GF-01774,Resto GrabMantap 1773,Fast Food,Surabaya
1774,GF-01775,Resto GrabMantap 1774,Beverages,Jakarta
1775,GF-01776,Resto GrabMantap 1775,Seafood,Bandung
1776,GF-01777,Resto GrabMantap 1776,Snacks,Depok
1777,GF-01778,Resto GrabMantap 1777,Snacks,Bekasi
1778,GF-01779,Resto GrabMantap 1778,Snacks,Bekasi
1779,GF-01780,Resto GrabMantap 1779,Martabak,Depok
1780,GF-01781,Resto GrabMantap 1780,Beverages,Bogor
1781,GF-01782,Resto GrabMantap 1781,Martabak,Makassar
1782,GF-01783,Resto GrabMantap 1782,Fast Food,Depok
1783,GF-01784,Resto GrabMantap 1783,Martabak,Surabaya
1784,GF-01785,Resto GrabMantap 1784,Fast Food,Bali
1785,GF-01786,Resto GrabMantap 1785,Martabak,Makassar
1786,GF-01787,Resto GrabMantap 1786,Seafood,Bandung
1787,GF-01788,Resto GrabMantap 1787,Snacks,Depok
1788,GF-01789,Resto GrabMantap 1788,Beverages,Makassar
1789,GF-01790,Resto GrabMantap 1789,Fast Food,Bekasi
1790,GF-01791,Resto GrabMantap 1790,Seafood,Bogor
1791,GF-01792,Resto GrabMantap 1791,Ayam Geprek,Makassar
1792,GF-01793,Resto GrabMantap 1792,Seafood,Surabaya
1793,GF-01794,Resto GrabMantap 1793,Seafood,Bandung
1794,GF-01795,Resto GrabMantap 1794,Seafood,Bandung
1795,GF-01796,Resto GrabMantap 1795,Seafood,Surabaya
1796,GF-01797,Resto GrabMantap 1796,Ayam Geprek,Bekasi
1797,GF-01798,Resto GrabMantap 1797,Snacks,Tangerang
1798,GF-01799,Resto GrabMantap 1798,Ayam Geprek,Surabaya
1799,GF-01800,Resto GrabMantap 1799,Martabak,Tangerang
1800,GF-01801,Resto GrabMantap 1800,Fast Food,Medan
1801,GF-01802,Resto GrabMantap 1801,Beverages,Bali
1802,GF-01803,Resto GrabMantap 1802,Snacks,Makassar
1803,GF-01804,Resto GrabMantap 1803,Martabak,Bogor
1804,GF-01805,Resto GrabMantap 1804,Fast Food,Bogor
1805,GF-01806,Resto GrabMantap 1805,Beverages,Bekasi
1806,GF-01807,Resto GrabMantap 1806,Snacks,Medan
1807,GF-01808,Resto GrabMantap 1807,Beverages,Tangerang
1808,GF-01809,Resto GrabMantap 1808,Snacks,Bandung
1809,GF-01810,Resto GrabMantap 1809,Ayam Geprek,Bekasi
1810,GF-01811,Resto GrabMantap 1810,Ayam Geprek,Bekasi
1811,GF-01812,Resto GrabMantap 1811,Ayam Geprek,Jakarta
1812,GF-01813,Resto GrabMantap 1812,Fast Food,Bekasi
1813,GF-01814,Resto GrabMantap 1813,Ayam Geprek,Surabaya
1814,GF-01815,Resto GrabMantap 1814,Snacks,Bandung
1815,GF-01816,Resto GrabMantap 1815,Ayam Geprek,Surabaya
1816,GF-01817,Resto GrabMantap 1816,Snacks,Depok
1817,GF-01818,Resto GrabMantap 1817,Snacks,Bali
1818,GF-01819,Resto GrabMantap 1818,Snacks,Bekasi
1819,GF-01820,Resto GrabMantap 1819,Seafood,Jakarta
1820,GF-01821,Resto GrabMantap 1820,Beverages,Jakarta
1821,GF-01822,Resto GrabMantap 1821,Martabak,Tangerang
1822,GF-01823,Resto GrabMantap 1822,Fast Food,Depok
1823,GF-01824,Resto GrabMantap 1823,Seafood,Bekasi
1824,GF-01825,Resto GrabMantap 1824,Seafood,Bali
1825,GF-01826,Resto GrabMantap 1825,Seafood,Surabaya
1826,GF-01827,Resto GrabMantap 1826,Seafood,Makassar
1827,GF-01828,Resto GrabMantap 1827,Snacks,Bekasi
1828,GF-01829,Resto GrabMantap 1828,Martabak,Bandung
1829,GF-01830,Resto GrabMantap 1829,Martabak,Makassar
1830,GF-01831,Resto GrabMantap 1830,Fast Food,Tangerang
1831,GF-01832,Resto GrabMantap 1831,Snacks,Medan
1832,GF-01833,Resto GrabMantap 1832,Seafood,Bali
1833,GF-01834,Resto GrabMantap 1833,Martabak,Bali
1834,GF-01835,Resto GrabMantap 1834,Martabak,Medan
1835,GF-01836,Resto GrabMantap 1835,Fast Food,Medan
1836,GF-01837,Resto GrabMantap 1836,Seafood,Makassar
1837,GF-01838,Resto GrabMantap 1837,Beverages,Medan
1838,GF-01839,Resto GrabMantap 1838,Seafood,Bali
1839,GF-01840,Resto GrabMantap 1839,Beverages,Bali
1840,GF-01841,Resto GrabMantap 1840,Seafood,Medan
1841,GF-01842,Resto GrabMantap 1841,Fast Food,Surabaya
1842,GF-01843,Resto GrabMantap 1842,Ayam Geprek,Tangerang
1843,GF-01844,Resto GrabMantap 1843,Fast Food,Depok
1844,GF-01845,Resto GrabMantap 1844,Beverages,Tangerang
1845,GF-01846,Resto GrabMantap 1845,Fast Food,Bogor
1846,GF-01847,Resto GrabMantap 1846,Snacks,Bali
1847,GF-01848,Resto GrabMantap 1847,Snacks,Bali
1848,GF-01849,Resto GrabMantap 1848,Fast Food,Bekasi
1849,GF-01850,Resto GrabMantap 1849,Fast Food,Bali
1850,GF-01851,Resto GrabMantap 1850,Beverages,Depok
1851,GF-01852,Resto GrabMantap 1851,Martabak,Tangerang
1852,GF-01853,Resto GrabMantap 1852,Ayam Geprek,Bali
1853,GF-01854,Resto GrabMantap 1853,Ayam Geprek,Surabaya
1854,GF-01855,Resto GrabMantap 1854,Martabak,Tangerang
1855,GF-01856,Resto GrabMantap 1855,Beverages,Tangerang
1856,GF-01857,Resto GrabMantap 1856,Snacks,Medan
1857,GF-01858,Resto GrabMantap 1857,Snacks,Bekasi
1858,GF-01859,Resto GrabMantap 1858,Fast Food,Depok
1859,GF-01860,Resto GrabMantap 1859,Seafood,Makassar
1860,GF-01861,Resto GrabMantap 1860,Fast Food,Surabaya
1861,GF-01862,Resto GrabMantap 1861,Seafood,Bekasi
1862,GF-01863,Resto GrabMantap 1862,Snacks,Depok
1863,GF-01864,Resto GrabMantap 1863,Seafood,Makassar
1864,GF-01865,Resto GrabMantap 1864,Snacks,Bekasi
1865,GF-01866,Resto GrabMantap 1865,Ayam Geprek,Bekasi
1866,GF-01867,Resto GrabMantap 1866,Martabak,Makassar
1867,GF-01868,Resto GrabMantap 1867,Fast Food,Depok
1868,GF-01869,Resto GrabMantap 1868,Seafood,Medan
1869,GF-01870,Resto GrabMantap 1869,Martabak,Medan
1870,GF-01871,Resto GrabMantap 1870,Beverages,Makassar
1871,GF-01872,Resto GrabMantap 1871,Ayam Geprek,Jakarta
1872,GF-01873,Resto GrabMantap 1872,Snacks,Makassar
1873,GF-01874,Resto GrabMantap 1873,Snacks,Bandung
1874,GF-01875,Resto GrabMantap 1874,Beverages,Bandung
1875,GF-01876,Resto GrabMantap 1875,Martabak,Bekasi
1876,GF-01877,Resto GrabMantap 1876,Seafood,Surabaya
1877,GF-01878,Resto GrabMantap 1877,Fast Food,Makassar
1878,GF-01879,Resto GrabMantap 1878,Seafood,Surabaya
1879,GF-01880,Resto GrabMantap 1879,Ayam Geprek,Depok
1880,GF-01881,Resto GrabMantap 1880,Ayam Geprek,Makassar
1881,GF-01882,Resto GrabMantap 1881,Ayam Geprek,Bekasi
1882,GF-01883,Resto GrabMantap 1882,Snacks,Bogor
1883,GF-01884,Resto GrabMantap 1883,Fast Food,Bogor
1884,GF-01885,Resto GrabMantap 1884,Ayam Geprek,Medan
1885,GF-01886,Resto GrabMantap 1885,Seafood,Surabaya
1886,GF-01887,Resto GrabMantap 1886,Seafood,Bogor
1887,GF-01888,Resto GrabMantap 1887,Beverages,Jakarta
1888,GF-01889,Resto GrabMantap 1888,Fast Food,Bandung
1889,GF-01890,Resto GrabMantap 1889,Ayam Geprek,Bekasi
1890,GF-01891,Resto GrabMantap 1890,Martabak,Medan
1891,GF-01892,Resto GrabMantap 1891,Seafood,Tangerang
1892,GF-01893,Resto GrabMantap 1892,Seafood,Tangerang
1893,GF-01894,Resto GrabMantap 1893,Snacks,Tangerang
1894,GF-01895,Resto GrabMantap 1894,Martabak,Bogor
1895,GF-01896,Resto GrabMantap 1895,Fast Food,Bali
1896,GF-01897,Resto GrabMantap 1896,Beverages,Surabaya
1897,GF-01898,Resto GrabMantap 1897,Martabak,Bogor
1898,GF-01899,Resto GrabMantap 1898,Martabak,Bogor
1899,GF-01900,Resto GrabMantap 1899,Martabak,Bali
1900,GF-01901,Resto GrabMantap 1900,Snacks,Depok
1901,GF-01902,Resto GrabMantap 1901,Martabak,Surabaya
1902,GF-01903,Resto GrabMantap 1902,Seafood,Bandung
1903,GF-01904,Resto GrabMantap 1903,Snacks,Bekasi
1904,GF-01905,Resto GrabMantap 1904,Ayam Geprek,Bandung
1905,GF-01906,Resto GrabMantap 1905,Seafood,Depok
1906,GF-01907,Resto GrabMantap 1906,Beverages,Tangerang
1907,GF-01908,Resto GrabMantap 1907,Snacks,Bogor
1908,GF-01909,Resto GrabMantap 1908,Ayam Geprek,Medan
1909,GF-01910,Resto GrabMantap 1909,Ayam Geprek,Medan
1910,GF-01911,Resto GrabMantap 1910,Ayam Geprek,Bali
1911,GF-01912,Resto GrabMantap 1911,Fast Food,Makassar
1912,GF-01913,Resto GrabMantap 1912,Martabak,Makassar
1913,GF-01914,Resto GrabMantap 1913,Snacks,Bali
1914,GF-01915,Resto GrabMantap 1914,Martabak,Makassar
1915,GF-01916,Resto GrabMantap 1915,Fast Food,Bekasi
1916,GF-01917,Resto GrabMantap 1916,Seafood,Bogor
1917,GF-01918,Resto GrabMantap 1917,Seafood,Bekasi
1918,GF-01919,Resto GrabMantap 1918,Martabak,Bandung
1919,GF-01920,Resto GrabMantap 1919,Fast Food,Tangerang
1920,GF-01921,Resto GrabMantap 1920,Martabak,Medan
1921,GF-01922,Resto GrabMantap 1921,Ayam Geprek,Medan
1922,GF-01923,Resto GrabMantap 1922,Fast Food,Depok
1923,GF-01924,Resto GrabMantap 1923,Ayam Geprek,Bekasi
1924,GF-01925,Resto GrabMantap 1924,Seafood,Bogor
1925,GF-01926,Resto GrabMantap 1925,Seafood,Bogor
1926,GF-01927,Resto GrabMantap 1926,Beverages,Tangerang
1927,GF-01928,Resto GrabMantap 1927,Seafood,Surabaya
1928,GF-01929,Resto GrabMantap 1928,Beverages,Bali
1929,GF-01930,Resto GrabMantap 1929,Ayam Geprek,Makassar
1930,GF-01931,Resto GrabMantap 1930,Beverages,Medan
1931,GF-01932,Resto GrabMantap 1931,Snacks,Surabaya
1932,GF-01933,Resto GrabMantap 1932,Ayam Geprek,Bandung
1933,GF-01934,Resto GrabMantap 1933,Beverages,Medan
1934,GF-01935,Resto GrabMantap 1934,Ayam Geprek,Makassar
1935,GF-01936,Resto GrabMantap 1935,Beverages,Makassar
1936,GF-01937,Resto GrabMantap 1936,Beverages,Bandung
1937,GF-01938,Resto GrabMantap 1937,Snacks,Tangerang
1938,GF-01939,Resto GrabMantap 1938,Seafood,Jakarta
1939,GF-01940,Resto GrabMantap 1939,Snacks,Bali
1940,GF-01941,Resto GrabMantap 1940,Fast Food,Bali
1941,GF-01942,Resto GrabMantap 1941,Beverages,Bekasi
1942,GF-01943,Resto GrabMantap 1942,Seafood,Bogor
1943,GF-01944,Resto GrabMantap 1943,Snacks,Tangerang
1944,GF-01945,Resto GrabMantap 1944,Martabak,Jakarta
1945,GF-01946,Resto GrabMantap 1945,Ayam Geprek,Jakarta
1946,GF-01947,Resto GrabMantap 1946,Martabak,Bekasi
1947,GF-01948,Resto GrabMantap 1947,Fast Food,Surabaya
1948,GF-01949,Resto GrabMantap 1948,Beverages,Makassar
1949,GF-01950,Resto GrabMantap 1949,Seafood,Bali
1950,GF-01951,Resto GrabMantap 1950,Fast Food,Bandung
1951,GF-01952,Resto GrabMantap 1951,Seafood,Bandung
1952,GF-01953,Resto GrabMantap 1952,Seafood,Surabaya
1953,GF-01954,Resto GrabMantap 1953,Martabak,Medan
1954,GF-01955,Resto GrabMantap 1954,Snacks,Depok
1955,GF-01956,Resto GrabMantap 1955,Seafood,Bali
1956,GF-01957,Resto GrabMantap 1956,Beverages,Jakarta
1957,GF-01958,Resto GrabMantap 1957,Martabak,Makassar
1958,GF-01959,Resto GrabMantap 1958,Ayam Geprek,Makassar
1959,GF-01960,Resto GrabMantap 1959,Ayam Geprek,Makassar
1960,GF-01961,Resto GrabMantap 1960,Martabak,Bekasi
1961,GF-01962,Resto GrabMantap 1961,Beverages,Tangerang
1962,GF-01963,Resto GrabMantap 1962,Snacks,Makassar
1963,GF-01964,Resto GrabMantap 1963,Seafood,Bandung
1964,GF-01965,Resto GrabMantap 1964,Fast Food,Bali
1965,GF-01966,Resto GrabMantap 1965,Ayam Geprek,Bandung
1966,GF-01967,Resto GrabMantap 1966,Beverages,Bogor
1967,GF-01968,Resto GrabMantap 1967,Beverages,Surabaya
1968,GF-01969,Resto GrabMantap 1968,Beverages,Tangerang
1969,GF-01970,Resto GrabMantap 1969,Snacks,Bali
1970,GF-01971,Resto GrabMantap 1970,Beverages,Bali
1971,GF-01972,Resto GrabMantap 1971,Beverages,Bogor
1972,GF-01973,Resto GrabMantap 1972,Seafood,Bandung
1973,GF-01974,Resto GrabMantap 1973,Seafood,Jakarta
1974,GF-01975,Resto GrabMantap 1974,Ayam Geprek,Bogor
1975,GF-01976,Resto GrabMantap 1975,Fast Food,Jakarta
1976,GF-01977,Resto GrabMantap 1976,Seafood,Depok
1977,GF-01978,Resto GrabMantap 1977,Martabak,Bandung
1978,GF-01979,Resto GrabMantap 1978,Beverages,Surabaya
1979,GF-01980,Resto GrabMantap 1979,Beverages,Surabaya
1980,GF-01981,Resto GrabMantap 1980,Martabak,Medan
1981,GF-01982,Resto GrabMantap 1981,Seafood,Bekasi
1982,GF-01983,Resto GrabMantap 1982,Martabak,Makassar
1983,GF-01984,Resto GrabMantap 1983,Ayam Geprek,Medan
1984,GF-01985,Resto GrabMantap 1984,Fast Food,Makassar
1985,GF-01986,Resto GrabMantap 1985,Beverages,Bandung
1986,GF-01987,Resto GrabMantap 1986,Martabak,Bogor
1987,GF-01988,Resto GrabMantap 1987,Martabak,Medan
1988,GF-01989,Resto GrabMantap 1988,Seafood,Jakarta
1989,GF-01990,Resto GrabMantap 1989,Seafood,Medan
1990,GF-01991,Resto GrabMantap 1990,Fast Food,Bekasi
1991,GF-01992,Resto GrabMantap 1991,Fast Food,Bandung
1992,GF-01993,Resto GrabMantap 1992,Martabak,Surabaya
1993,GF-01994,Resto GrabMantap 1993,Ayam Geprek,Makassar
1994,GF-01995,Resto GrabMantap 1994,Snacks,Bogor
1995,GF-01996,Resto GrabMantap 1995,Seafood,Jakarta
1996,GF-01997,Resto GrabMantap 1996,Snacks,Surabaya
1997,GF-01998,Resto GrabMantap 1997,Snacks,Bandung
1998,GF-01999,Resto GrabMantap 1998,Seafood,Depok
1999,GF-02000,Resto GrabMantap 1999,Ayam Geprek,Bogor
2000,GF-02001,Resto GrabMantap 2000,Snacks,Bali
2001,GF-02002,Resto GrabMantap 2001,Snacks,Surabaya
2002,GF-02003,Resto GrabMantap 2002,Beverages,Bali
2003,GF-02004,Resto GrabMantap 2003,Seafood,Makassar
2004,GF-02005,Resto GrabMantap 2004,Snacks,Medan
2005,GF-02006,Resto GrabMantap 2005,Beverages,Bandung
2006,GF-02007,Resto GrabMantap 2006,Fast Food,Medan
2007,GF-02008,Resto GrabMantap 2007,Ayam Geprek,Bandung
2008,GF-02009,Resto GrabMantap 2008,Beverages,Bekasi
2009,GF-02010,Resto GrabMantap 2009,Beverages,Bandung
2010,GF-02011,Resto GrabMantap 2010,Snacks,Jakarta
2011,GF-02012,Resto GrabMantap 2011,Ayam Geprek,Bogor
2012,GF-02013,Resto GrabMantap 2012,Martabak,Bekasi
2013,GF-02014,Resto GrabMantap 2013,Beverages,Surabaya
2014,GF-02015,Resto GrabMantap 2014,Snacks,Tangerang
2015,GF-02016,Resto GrabMantap 2015,Beverages,Bogor
2016,GF-02017,Resto GrabMantap 2016,Martabak,Bali
2017,GF-02018,Resto GrabMantap 2017,Seafood,Bandung
2018,GF-02019,Resto GrabMantap 2018,Fast Food,Bekasi
2019,GF-02020,Resto GrabMantap 2019,Seafood,Depok
2020,GF-02021,Resto GrabMantap 2020,Ayam Geprek,Medan
2021,GF-02022,Resto GrabMantap 2021,Martabak,Depok
2022,GF-02023,Resto GrabMantap 2022,Fast Food,Medan
2023,GF-02024,Resto GrabMantap 2023,Snacks,Depok
2024,GF-02025,Resto GrabMantap 2024,Seafood,Bali
2025,GF-02026,Resto GrabMantap 2025,Snacks,Bandung
2026,GF-02027,Resto GrabMantap 2026,Snacks,Tangerang
2027,GF-02028,Resto GrabMantap 2027,Beverages,Makassar
2028,GF-02029,Resto GrabMantap 2028,Fast Food,Depok
2029,GF-02030,Resto GrabMantap 2029,Snacks,Bogor
2030,GF-02031,Resto GrabMantap 2030,Martabak,Tangerang
2031,GF-02032,Resto GrabMantap 2031,Fast Food,Makassar
2032,GF-02033,Resto GrabMantap 2032,Fast Food,Bekasi
2033,GF-02034,Resto GrabMantap 2033,Ayam Geprek,Jakarta
2034,GF-02035,Resto GrabMantap 2034,Snacks,Bogor
2035,GF-02036,Resto GrabMantap 2035,Beverages,Bekasi
2036,GF-02037,Resto GrabMantap 2036,Martabak,Bogor
2037,GF-02038,Resto GrabMantap 2037,Snacks,Bandung
2038,GF-02039,Resto GrabMantap 2038,Snacks,Tangerang
2039,GF-02040,Resto GrabMantap 2039,Beverages,Tangerang
2040,GF-02041,Resto GrabMantap 2040,Fast Food,Surabaya
2041,GF-02042,Resto GrabMantap 2041,Snacks,Tangerang
2042,GF-02043,Resto GrabMantap 2042,Fast Food,Bogor
2043,GF-02044,Resto GrabMantap 2043,Seafood,Surabaya
2044,GF-02045,Resto GrabMantap 2044,Seafood,Jakarta
2045,GF-02046,Resto GrabMantap 2045,Ayam Geprek,Bogor
2046,GF-02047,Resto GrabMantap 2046,Fast Food,Bandung
2047,GF-02048,Resto GrabMantap 2047,Beverages,Tangerang
2048,GF-02049,Resto GrabMantap 2048,Seafood,Surabaya
2049,GF-02050,Resto GrabMantap 2049,Martabak,Tangerang
2050,GF-02051,Resto GrabMantap 2050,Martabak,Bekasi
2051,GF-02052,Resto GrabMantap 2051,Beverages,Bogor
2052,GF-02053,Resto GrabMantap 2052,Ayam Geprek,Bekasi
2053,GF-02054,Resto GrabMantap 2053,Fast Food,Bandung
2054,GF-02055,Resto GrabMantap 2054,Martabak,Bogor
2055,GF-02056,Resto GrabMantap 2055,Snacks,Jakarta
2056,GF-02057,Resto GrabMantap 2056,Fast Food,Depok
2057,GF-02058,Resto GrabMantap 2057,Snacks,Makassar
2058,GF-02059,Resto GrabMantap 2058,Beverages,Tangerang
2059,GF-02060,Resto GrabMantap 2059,Martabak,Bogor
2060,GF-02061,Resto GrabMantap 2060,Fast Food,Tangerang
2061,GF-02062,Resto GrabMantap 2061,Fast Food,Depok
2062,GF-02063,Resto GrabMantap 2062,Seafood,Surabaya
2063,GF-02064,Resto GrabMantap 2063,Martabak,Bogor
2064,GF-02065,Resto GrabMantap 2064,Fast Food,Tangerang
2065,GF-02066,Resto GrabMantap 2065,Ayam Geprek,Depok
2066,GF-02067,Resto GrabMantap 2066,Ayam Geprek,Tangerang
2067,GF-02068,Resto GrabMantap 2067,Ayam Geprek,Tangerang
2068,GF-02069,Resto GrabMantap 2068,Martabak,Medan
2069,GF-02070,Resto GrabMantap 2069,Seafood,Surabaya
2070,GF-02071,Resto GrabMantap 2070,Snacks,Makassar
2071,GF-02072,Resto GrabMantap 2071,Ayam Geprek,Jakarta
2072,GF-02073,Resto GrabMantap 2072,Fast Food,Surabaya
2073,GF-02074,Resto GrabMantap 2073,Seafood,Depok
2074,GF-02075,Resto GrabMantap 2074,Ayam Geprek,Surabaya
2075,GF-02076,Resto GrabMantap 2075,Snacks,Tangerang
2076,GF-02077,Resto GrabMantap 2076,Seafood,Bekasi
2077,GF-02078,Resto GrabMantap 2077,Martabak,Bekasi
2078,GF-02079,Resto GrabMantap 2078,Beverages,Bekasi
2079,GF-02080,Resto GrabMantap 2079,Fast Food,Depok
2080,GF-02081,Resto GrabMantap 2080,Beverages,Bandung
2081,GF-02082,Resto GrabMantap 2081,Seafood,Bali
2082,GF-02083,Resto GrabMantap 2082,Fast Food,Makassar
2083,GF-02084,Resto GrabMantap 2083,Beverages,Bekasi
2084,GF-02085,Resto GrabMantap 2084,Seafood,Bandung
2085,GF-02086,Resto GrabMantap 2085,Fast Food,Bogor
2086,GF-02087,Resto GrabMantap 2086,Ayam Geprek,Bogor
2087,GF-02088,Resto GrabMantap 2087,Ayam Geprek,Bandung
2088,GF-02089,Resto GrabMantap 2088,Snacks,Bali
2089,GF-02090,Resto GrabMantap 2089,Martabak,Jakarta
2090,GF-02091,Resto GrabMantap 2090,Ayam Geprek,Bali
2091,GF-02092,Resto GrabMantap 2091,Beverages,Jakarta
2092,GF-02093,Resto GrabMantap 2092,Ayam Geprek,Bekasi
2093,GF-02094,Resto GrabMantap 2093,Martabak,Bekasi
2094,GF-02095,Resto GrabMantap 2094,Beverages,Tangerang
2095,GF-02096,Resto GrabMantap 2095,Martabak,Bandung
2096,GF-02097,Resto GrabMantap 2096,Martabak,Bandung
2097,GF-02098,Resto GrabMantap 2097,Beverages,Bekasi
2098,GF-02099,Resto GrabMantap 2098,Seafood,Makassar
2099,GF-02100,Resto GrabMantap 2099,Ayam Geprek,Makassar
2100,GF-02101,Resto GrabMantap 2100,Martabak,Tangerang
2101,GF-02102,Resto GrabMantap 2101,Martabak,Jakarta
2102,GF-02103,Resto GrabMantap 2102,Martabak,Makassar
2103,GF-02104,Resto GrabMantap 2103,Beverages,Depok
2104,GF-02105,Resto GrabMantap 2104,Snacks,Bali
2105,GF-02106,Resto GrabMantap 2105,Snacks,Bali
2106,GF-02107,Resto GrabMantap 2106,Snacks,Medan
2107,GF-02108,Resto GrabMantap 2107,Seafood,Depok
2108,GF-02109,Resto GrabMantap 2108,Snacks,Bandung
2109,GF-02110,Resto GrabMantap 2109,Seafood,Bogor
2110,GF-02111,Resto GrabMantap 2110,Ayam Geprek,Jakarta
2111,GF-02112,Resto GrabMantap 2111,Seafood,Tangerang
2112,GF-02113,Resto GrabMantap 2112,Beverages,Makassar
2113,GF-02114,Resto GrabMantap 2113,Fast Food,Depok
2114,GF-02115,Resto GrabMantap 2114,Seafood,Makassar
2115,GF-02116,Resto GrabMantap 2115,Beverages,Jakarta
2116,GF-02117,Resto GrabMantap 2116,Beverages,Bali
2117,GF-02118,Resto GrabMantap 2117,Beverages,Depok
2118,GF-02119,Resto GrabMantap 2118,Seafood,Bogor
2119,GF-02120,Resto GrabMantap 2119,Seafood,Tangerang
2120,GF-02121,Resto GrabMantap 2120,Beverages,Makassar
2121,GF-02122,Resto GrabMantap 2121,Beverages,Depok
2122,GF-02123,Resto GrabMantap 2122,Fast Food,Surabaya
2123,GF-02124,Resto GrabMantap 2123,Martabak,Tangerang
2124,GF-02125,Resto GrabMantap 2124,Seafood,Tangerang
2125,GF-02126,Resto GrabMantap 2125,Ayam Geprek,Bekasi
2126,GF-02127,Resto GrabMantap 2126,Fast Food,Bali
2127,GF-02128,Resto GrabMantap 2127,Beverages,Bogor
2128,GF-02129,Resto GrabMantap 2128,Snacks,Makassar
2129,GF-02130,Resto GrabMantap 2129,Fast Food,Medan
2130,GF-02131,Resto GrabMantap 2130,Beverages,Jakarta
2131,GF-02132,Resto GrabMantap 2131,Snacks,Medan
2132,GF-02133,Resto GrabMantap 2132,Ayam Geprek,Bogor
2133,GF-02134,Resto GrabMantap 2133,Beverages,Surabaya
2134,GF-02135,Resto GrabMantap 2134,Snacks,Bekasi
2135,GF-02136,Resto GrabMantap 2135,Snacks,Surabaya
2136,GF-02137,Resto GrabMantap 2136,Snacks,Bali
2137,GF-02138,Resto GrabMantap 2137,Beverages,Makassar
2138,GF-02139,Resto GrabMantap 2138,Fast Food,Bandung
2139,GF-02140,Resto GrabMantap 2139,Fast Food,Bogor
2140,GF-02141,Resto GrabMantap 2140,Beverages,Makassar
2141,GF-02142,Resto GrabMantap 2141,Ayam Geprek,Surabaya
2142,GF-02143,Resto GrabMantap 2142,Beverages,Bandung
2143,GF-02144,Resto GrabMantap 2143,Seafood,Bandung
2144,GF-02145,Resto GrabMantap 2144,Martabak,Jakarta
2145,GF-02146,Resto GrabMantap 2145,Seafood,Depok
2146,GF-02147,Resto GrabMantap 2146,Fast Food,Tangerang
2147,GF-02148,Resto GrabMantap 2147,Snacks,Tangerang
2148,GF-02149,Resto GrabMantap 2148,Ayam Geprek,Medan
2149,GF-02150,Resto GrabMantap 2149,Snacks,Makassar
2150,GF-02151,Resto GrabMantap 2150,Seafood,Tangerang
2151,GF-02152,Resto GrabMantap 2151,Seafood,Jakarta
2152,GF-02153,Resto GrabMantap 2152,Fast Food,Bogor
2153,GF-02154,Resto GrabMantap 2153,Seafood,Makassar
2154,GF-02155,Resto GrabMantap 2154,Ayam Geprek,Bogor
2155,GF-02156,Resto GrabMantap 2155,Beverages,Depok
2156,GF-02157,Resto GrabMantap 2156,Fast Food,Bogor
2157,GF-02158,Resto GrabMantap 2157,Snacks,Medan
2158,GF-02159,Resto GrabMantap 2158,Martabak,Bandung
2159,GF-02160,Resto GrabMantap 2159,Fast Food,Makassar
2160,GF-02161,Resto GrabMantap 2160,Snacks,Tangerang
2161,GF-02162,Resto GrabMantap 2161,Snacks,Surabaya
2162,GF-02163,Resto GrabMantap 2162,Seafood,Depok
2163,GF-02164,Resto GrabMantap 2163,Snacks,Bekasi
2164,GF-02165,Resto GrabMantap 2164,Martabak,Jakarta
2165,GF-02166,Resto GrabMantap 2165,Martabak,Surabaya
2166,GF-02167,Resto GrabMantap 2166,Snacks,Makassar
2167,GF-02168,Resto GrabMantap 2167,Martabak,Jakarta
2168,GF-02169,Resto GrabMantap 2168,Ayam Geprek,Bandung
2169,GF-02170,Resto GrabMantap 2169,Snacks,Tangerang
2170,GF-02171,Resto GrabMantap 2170,Fast Food,Bandung
2171,GF-02172,Resto GrabMantap 2171,Beverages,Medan
2172,GF-02173,Resto GrabMantap 2172,Martabak,Tangerang
2173,GF-02174,Resto GrabMantap 2173,Snacks,Bali
2174,GF-02175,Resto GrabMantap 2174,Ayam Geprek,Depok
2175,GF-02176,Resto GrabMantap 2175,Fast Food,Bandung
2176,GF-02177,Resto GrabMantap 2176,Beverages,Medan
2177,GF-02178,Resto GrabMantap 2177,Ayam Geprek,Bekasi
2178,GF-02179,Resto GrabMantap 2178,Martabak,Bekasi
2179,GF-02180,Resto GrabMantap 2179,Beverages,Medan
2180,GF-02181,Resto GrabMantap 2180,Fast Food,Depok
2181,GF-02182,Resto GrabMantap 2181,Martabak,Bandung
2182,GF-02183,Resto GrabMantap 2182,Seafood,Bali
2183,GF-02184,Resto GrabMantap 2183,Fast Food,Surabaya
2184,GF-02185,Resto GrabMantap 2184,Beverages,Surabaya
2185,GF-02186,Resto GrabMantap 2185,Martabak,Bali
2186,GF-02187,Resto GrabMantap 2186,Seafood,Bali
2187,GF-02188,Resto GrabMantap 2187,Snacks,Makassar
2188,GF-02189,Resto GrabMantap 2188,Seafood,Bogor
2189,GF-02190,Resto GrabMantap 2189,Seafood,Tangerang
2190,GF-02191,Resto GrabMantap 2190,Martabak,Surabaya
2191,GF-02192,Resto GrabMantap 2191,Ayam Geprek,Medan
2192,GF-02193,Resto GrabMantap 2192,Beverages,Tangerang
2193,GF-02194,Resto GrabMantap 2193,Ayam Geprek,Surabaya
2194,GF-02195,Resto GrabMantap 2194,Fast Food,Bogor
2195,GF-02196,Resto GrabMantap 2195,Seafood,Bekasi
2196,GF-02197,Resto GrabMantap 2196,Snacks,Bali
2197,GF-02198,Resto GrabMantap 2197,Snacks,Makassar
2198,GF-02199,Resto GrabMantap 2198,Snacks,Bekasi
2199,GF-02200,Resto GrabMantap 2199,Martabak,Bogor
2200,GF-02201,Resto GrabMantap 2200,Beverages,Jakarta
2201,GF-02202,Resto GrabMantap 2201,Seafood,Bekasi
2202,GF-02203,Resto GrabMantap 2202,Seafood,Tangerang
2203,GF-02204,Resto GrabMantap 2203,Ayam Geprek,Bekasi
2204,GF-02205,Resto GrabMantap 2204,Snacks,Bali
2205,GF-02206,Resto GrabMantap 2205,Snacks,Tangerang
2206,GF-02207,Resto GrabMantap 2206,Seafood,Bali
2207,GF-02208,Resto GrabMantap 2207,Fast Food,Bali
2208,GF-02209,Resto GrabMantap 2208,Ayam Geprek,Bandung
2209,GF-02210,Resto GrabMantap 2209,Ayam Geprek,Tangerang
2210,GF-02211,Resto GrabMantap 2210,Beverages,Tangerang
2211,GF-02212,Resto GrabMantap 2211,Martabak,Bekasi
2212,GF-02213,Resto GrabMantap 2212,Ayam Geprek,Surabaya
2213,GF-02214,Resto GrabMantap 2213,Beverages,Medan
2214,GF-02215,Resto GrabMantap 2214,Snacks,Depok
2215,GF-02216,Resto GrabMantap 2215,Beverages,Tangerang
2216,GF-02217,Resto GrabMantap 2216,Fast Food,Bandung
2217,GF-02218,Resto GrabMantap 2217,Beverages,Makassar
2218,GF-02219,Resto GrabMantap 2218,Fast Food,Bandung
2219,GF-02220,Resto GrabMantap 2219,Seafood,Bekasi
2220,GF-02221,Resto GrabMantap 2220,Ayam Geprek,Bandung
2221,GF-02222,Resto GrabMantap 2221,Ayam Geprek,Medan
2222,GF-02223,Resto GrabMantap 2222,Seafood,Medan
2223,GF-02224,Resto GrabMantap 2223,Martabak,Tangerang
2224,GF-02225,Resto GrabMantap 2224,Snacks,Bogor
2225,GF-02226,Resto GrabMantap 2225,Beverages,Tangerang
2226,GF-02227,Resto GrabMantap 2226,Seafood,Surabaya
2227,GF-02228,Resto GrabMantap 2227,Ayam Geprek,Surabaya
2228,GF-02229,Resto GrabMantap 2228,Ayam Geprek,Bekasi
2229,GF-02230,Resto GrabMantap 2229,Snacks,Bogor
2230,GF-02231,Resto GrabMantap 2230,Seafood,Tangerang
2231,GF-02232,Resto GrabMantap 2231,Snacks,Tangerang
2232,GF-02233,Resto GrabMantap 2232,Snacks,Makassar
2233,GF-02234,Resto GrabMantap 2233,Fast Food,Jakarta
2234,GF-02235,Resto GrabMantap 2234,Fast Food,Bogor
2235,GF-02236,Resto GrabMantap 2235,Snacks,Bandung
2236,GF-02237,Resto GrabMantap 2236,Ayam Geprek,Depok
2237,GF-02238,Resto GrabMantap 2237,Snacks,Bandung
2238,GF-02239,Resto GrabMantap 2238,Beverages,Bogor
2239,GF-02240,Resto GrabMantap 2239,Snacks,Bekasi
2240,GF-02241,Resto GrabMantap 2240,Martabak,Jakarta
2241,GF-02242,Resto GrabMantap 2241,Martabak,Medan
2242,GF-02243,Resto GrabMantap 2242,Ayam Geprek,Bandung
2243,GF-02244,Resto GrabMantap 2243,Seafood,Medan
2244,GF-02245,Resto GrabMantap 2244,Beverages,Bandung
2245,GF-02246,Resto GrabMantap 2245,Beverages,Makassar
2246,GF-02247,Resto GrabMantap 2246,Ayam Geprek,Jakarta
2247,GF-02248,Resto GrabMantap 2247,Beverages,Jakarta
2248,GF-02249,Resto GrabMantap 2248,Beverages,Medan
2249,GF-02250,Resto GrabMantap 2249,Snacks,Bandung
2250,GF-02251,Resto GrabMantap 2250,Ayam Geprek,Medan
2251,GF-02252,Resto GrabMantap 2251,Fast Food,Depok
2252,GF-02253,Resto GrabMantap 2252,Seafood,Tangerang
2253,GF-02254,Resto GrabMantap 2253,Fast Food,Makassar
2254,GF-02255,Resto GrabMantap 2254,Seafood,Bekasi
2255,GF-02256,Resto GrabMantap 2255,Martabak,Bandung
2256,GF-02257,Resto GrabMantap 2256,Snacks,Jakarta
2257,GF-02258,Resto GrabMantap 2257,Snacks,Jakarta
2258,GF-02259,Resto GrabMantap 2258,Ayam Geprek,Bogor
2259,GF-02260,Resto GrabMantap 2259,Ayam Geprek,Depok
2260,GF-02261,Resto GrabMantap 2260,Fast Food,Bali
2261,GF-02262,Resto GrabMantap 2261,Ayam Geprek,Depok
2262,GF-02263,Resto GrabMantap 2262,Seafood,Tangerang
2263,GF-02264,Resto GrabMantap 2263,Martabak,Surabaya
2264,GF-02265,Resto GrabMantap 2264,Seafood,Jakarta
2265,GF-02266,Resto GrabMantap 2265,Fast Food,Makassar
2266,GF-02267,Resto GrabMantap 2266,Seafood,Bandung
2267,GF-02268,Resto GrabMantap 2267,Ayam Geprek,Medan
2268,GF-02269,Resto GrabMantap 2268,Snacks,Bandung
2269,GF-02270,Resto GrabMantap 2269,Seafood,Makassar
2270,GF-02271,Resto GrabMantap 2270,Beverages,Bandung
2271,GF-02272,Resto GrabMantap 2271,Ayam Geprek,Tangerang
2272,GF-02273,Resto GrabMantap 2272,Seafood,Bekasi
2273,GF-02274,Resto GrabMantap 2273,Martabak,Bali
2274,GF-02275,Resto GrabMantap 2274,Ayam Geprek,Tangerang
2275,GF-02276,Resto GrabMantap 2275,Seafood,Tangerang
2276,GF-02277,Resto GrabMantap 2276,Beverages,Depok
2277,GF-02278,Resto GrabMantap 2277,Martabak,Medan
2278,GF-02279,Resto GrabMantap 2278,Ayam Geprek,Depok
2279,GF-02280,Resto GrabMantap 2279,Ayam Geprek,Bogor
2280,GF-02281,Resto GrabMantap 2280,Snacks,Makassar
2281,GF-02282,Resto GrabMantap 2281,Snacks,Jakarta
2282,GF-02283,Resto GrabMantap 2282,Seafood,Surabaya
2283,GF-02284,Resto GrabMantap 2283,Beverages,Depok
2284,GF-02285,Resto GrabMantap 2284,Snacks,Surabaya
2285,GF-02286,Resto GrabMantap 2285,Fast Food,Tangerang
2286,GF-02287,Resto GrabMantap 2286,Ayam Geprek,Bogor
2287,GF-02288,Resto GrabMantap 2287,Beverages,Makassar
2288,GF-02289,Resto GrabMantap 2288,Ayam Geprek,Tangerang
2289,GF-02290,Resto GrabMantap 2289,Fast Food,Surabaya
2290,GF-02291,Resto GrabMantap 2290,Martabak,Bandung
2291,GF-02292,Resto GrabMantap 2291,Ayam Geprek,Surabaya
2292,GF-02293,Resto GrabMantap 2292,Martabak,Depok
2293,GF-02294,Resto GrabMantap 2293,Beverages,Bekasi
2294,GF-02295,Resto GrabMantap 2294,Fast Food,Jakarta
2295,GF-02296,Resto GrabMantap 2295,Snacks,Bali
2296,GF-02297,Resto GrabMantap 2296,Snacks,Makassar
2297,GF-02298,Resto GrabMantap 2297,Ayam Geprek,Surabaya
2298,GF-02299,Resto GrabMantap 2298,Ayam Geprek,Jakarta
2299,GF-02300,Resto GrabMantap 2299,Snacks,Bogor
2300,GF-02301,Resto GrabMantap 2300,Seafood,Jakarta
2301,GF-02302,Resto GrabMantap 2301,Snacks,Bogor
2302,GF-02303,Resto GrabMantap 2302,Martabak,Tangerang
2303,GF-02304,Resto GrabMantap 2303,Ayam Geprek,Medan
2304,GF-02305,Resto GrabMantap 2304,Beverages,Bogor
2305,GF-02306,Resto GrabMantap 2305,Snacks,Bogor
2306,GF-02307,Resto GrabMantap 2306,Snacks,Bandung
2307,GF-02308,Resto GrabMantap 2307,Beverages,Bali
2308,GF-02309,Resto GrabMantap 2308,Seafood,Depok
2309,GF-02310,Resto GrabMantap 2309,Martabak,Bali
2310,GF-02311,Resto GrabMantap 2310,Beverages,Bekasi
2311,GF-02312,Resto GrabMantap 2311,Fast Food,Surabaya
2312,GF-02313,Resto GrabMantap 2312,Beverages,Tangerang
2313,GF-02314,Resto GrabMantap 2313,Beverages,Bekasi
2314,GF-02315,Resto GrabMantap 2314,Ayam Geprek,Bandung
2315,GF-02316,Resto GrabMantap 2315,Beverages,Tangerang
2316,GF-02317,Resto GrabMantap 2316,Beverages,Bandung
2317,GF-02318,Resto GrabMantap 2317,Ayam Geprek,Bekasi
2318,GF-02319,Resto GrabMantap 2318,Fast Food,Makassar
2319,GF-02320,Resto GrabMantap 2319,Seafood,Bogor
2320,GF-02321,Resto GrabMantap 2320,Beverages,Makassar
2321,GF-02322,Resto GrabMantap 2321,Martabak,Bekasi
2322,GF-02323,Resto GrabMantap 2322,Beverages,Depok
2323,GF-02324,Resto GrabMantap 2323,Beverages,Tangerang
2324,GF-02325,Resto GrabMantap 2324,Fast Food,Depok
2325,GF-02326,Resto GrabMantap 2325,Martabak,Tangerang
2326,GF-02327,Resto GrabMantap 2326,Ayam Geprek,Jakarta
2327,GF-02328,Resto GrabMantap 2327,Fast Food,Bekasi
2328,GF-02329,Resto GrabMantap 2328,Beverages,Bandung
2329,GF-02330,Resto GrabMantap 2329,Fast Food,Medan
2330,GF-02331,Resto GrabMantap 2330,Ayam Geprek,Depok
2331,GF-02332,Resto GrabMantap 2331,Martabak,Medan
2332,GF-02333,Resto GrabMantap 2332,Ayam Geprek,Tangerang
2333,GF-02334,Resto GrabMantap 2333,Fast Food,Makassar
2334,GF-02335,Resto GrabMantap 2334,Martabak,Makassar
2335,GF-02336,Resto GrabMantap 2335,Snacks,Surabaya
2336,GF-02337,Resto GrabMantap 2336,Fast Food,Surabaya
2337,GF-02338,Resto GrabMantap 2337,Snacks,Bogor
2338,GF-02339,Resto GrabMantap 2338,Ayam Geprek,Bogor
2339,GF-02340,Resto GrabMantap 2339,Fast Food,Bogor
2340,GF-02341,Resto GrabMantap 2340,Martabak,Tangerang
2341,GF-02342,Resto GrabMantap 2341,Seafood,Surabaya
2342,GF-02343,Resto GrabMantap 2342,Fast Food,Jakarta
2343,GF-02344,Resto GrabMantap 2343,Snacks,Bali
2344,GF-02345,Resto GrabMantap 2344,Seafood,Surabaya
2345,GF-02346,Resto GrabMantap 2345,Seafood,Makassar
2346,GF-02347,Resto GrabMantap 2346,Snacks,Bali
2347,GF-02348,Resto GrabMantap 2347,Ayam Geprek,Depok
2348,GF-02349,Resto GrabMantap 2348,Snacks,Bali
2349,GF-02350,Resto GrabMantap 2349,Fast Food,Tangerang
2350,GF-02351,Resto GrabMantap 2350,Ayam Geprek,Makassar
2351,GF-02352,Resto GrabMantap 2351,Seafood,Medan
2352,GF-02353,Resto GrabMantap 2352,Ayam Geprek,Bogor
2353,GF-02354,Resto GrabMantap 2353,Ayam Geprek,Tangerang
2354,GF-02355,Resto GrabMantap 2354,Snacks,Bandung
2355,GF-02356,Resto GrabMantap 2355,Snacks,Bogor
2356,GF-02357,Resto GrabMantap 2356,Beverages,Medan
2357,GF-02358,Resto GrabMantap 2357,Martabak,Bali
2358,GF-02359,Resto GrabMantap 2358,Seafood,Bandung
2359,GF-02360,Resto GrabMantap 2359,Ayam Geprek,Bekasi
2360,GF-02361,Resto GrabMantap 2360,Beverages,Medan
2361,GF-02362,Resto GrabMantap 2361,Beverages,Medan
2362,GF-02363,Resto GrabMantap 2362,Beverages,Jakarta
2363,GF-02364,Resto GrabMantap 2363,Martabak,Bandung
2364,GF-02365,Resto GrabMantap 2364,Martabak,Medan
2365,GF-02366,Resto GrabMantap 2365,Seafood,Bandung
2366,GF-02367,Resto GrabMantap 2366,Beverages,Tangerang
2367,GF-02368,Resto GrabMantap 2367,Ayam Geprek,Bogor
2368,GF-02369,Resto GrabMantap 2368,Fast Food,Bali
2369,GF-02370,Resto GrabMantap 2369,Fast Food,Bekasi
2370,GF-02371,Resto GrabMantap 2370,Fast Food,Bogor
2371,GF-02372,Resto GrabMantap 2371,Beverages,Makassar
2372,GF-02373,Resto GrabMantap 2372,Martabak,Makassar
2373,GF-02374,Resto GrabMantap 2373,Fast Food,Bandung
2374,GF-02375,Resto GrabMantap 2374,Beverages,Makassar
2375,GF-02376,Resto GrabMantap 2375,Seafood,Makassar
2376,GF-02377,Resto GrabMantap 2376,Fast Food,Medan
2377,GF-02378,Resto GrabMantap 2377,Beverages,Makassar
2378,GF-02379,Resto GrabMantap 2378,Snacks,Bandung
2379,GF-02380,Resto GrabMantap 2379,Ayam Geprek,Tangerang
2380,GF-02381,Resto GrabMantap 2380,Fast Food,Surabaya
2381,GF-02382,Resto GrabMantap 2381,Fast Food,Surabaya
2382,GF-02383,Resto GrabMantap 2382,Fast Food,Surabaya
2383,GF-02384,Resto GrabMantap 2383,Ayam Geprek,Makassar
2384,GF-02385,Resto GrabMantap 2384,Seafood,Jakarta
2385,GF-02386,Resto GrabMantap 2385,Fast Food,Medan
2386,GF-02387,Resto GrabMantap 2386,Fast Food,Bogor
2387,GF-02388,Resto GrabMantap 2387,Martabak,Bali
2388,GF-02389,Resto GrabMantap 2388,Snacks,Tangerang
2389,GF-02390,Resto GrabMantap 2389,Fast Food,Bekasi
2390,GF-02391,Resto GrabMantap 2390,Martabak,Bandung
2391,GF-02392,Resto GrabMantap 2391,Ayam Geprek,Tangerang
2392,GF-02393,Resto GrabMantap 2392,Fast Food,Jakarta
2393,GF-02394,Resto GrabMantap 2393,Martabak,Surabaya
2394,GF-02395,Resto GrabMantap 2394,Snacks,Medan
2395,GF-02396,Resto GrabMantap 2395,Snacks,Tangerang
2396,GF-02397,Resto GrabMantap 2396,Ayam Geprek,Surabaya
2397,GF-02398,Resto GrabMantap 2397,Seafood,Jakarta
2398,GF-02399,Resto GrabMantap 2398,Martabak,Bali
2399,GF-02400,Resto GrabMantap 2399,Seafood,Tangerang
2400,GF-02401,Resto GrabMantap 2400,Fast Food,Jakarta
2401,GF-02402,Resto GrabMantap 2401,Seafood,Medan
2402,GF-02403,Resto GrabMantap 2402,Beverages,Makassar
2403,GF-02404,Resto GrabMantap 2403,Martabak,Tangerang
2404,GF-02405,Resto GrabMantap 2404,Beverages,Bekasi
2405,GF-02406,Resto GrabMantap 2405,Martabak,Bandung
2406,GF-02407,Resto GrabMantap 2406,Ayam Geprek,Depok
2407,GF-02408,Resto GrabMantap 2407,Fast Food,Medan
2408,GF-02409,Resto GrabMantap 2408,Fast Food,Tangerang
2409,GF-02410,Resto GrabMantap 2409,Fast Food,Tangerang
2410,GF-02411,Resto GrabMantap 2410,Martabak,Jakarta
2411,GF-02412,Resto GrabMantap 2411,Snacks,Medan
2412,GF-02413,Resto GrabMantap 2412,Beverages,Bandung
2413,GF-02414,Resto GrabMantap 2413,Seafood,Depok
2414,GF-02415,Resto GrabMantap 2414,Seafood,Medan
2415,GF-02416,Resto GrabMantap 2415,Fast Food,Surabaya
2416,GF-02417,Resto GrabMantap 2416,Snacks,Bekasi
2417,GF-02418,Resto GrabMantap 2417,Martabak,Medan
2418,GF-02419,Resto GrabMantap 2418,Fast Food,Bali
2419,GF-02420,Resto GrabMantap 2419,Snacks,Depok
2420,GF-02421,Resto GrabMantap 2420,Seafood,Medan
2421,GF-02422,Resto GrabMantap 2421,Seafood,Bandung
2422,GF-02423,Resto GrabMantap 2422,Beverages,Depok
2423,GF-02424,Resto GrabMantap 2423,Beverages,Bali
2424,GF-02425,Resto GrabMantap 2424,Fast Food,Bandung
2425,GF-02426,Resto GrabMantap 2425,Ayam Geprek,Medan
2426,GF-02427,Resto GrabMantap 2426,Martabak,Makassar
2427,GF-02428,Resto GrabMantap 2427,Ayam Geprek,Bali
2428,GF-02429,Resto GrabMantap 2428,Snacks,Tangerang
2429,GF-02430,Resto GrabMantap 2429,Martabak,Surabaya
2430,GF-02431,Resto GrabMantap 2430,Fast Food,Bandung
2431,GF-02432,Resto GrabMantap 2431,Beverages,Bandung
2432,GF-02433,Resto GrabMantap 2432,Martabak,Bandung
2433,GF-02434,Resto GrabMantap 2433,Seafood,Depok
2434,GF-02435,Resto GrabMantap 2434,Ayam Geprek,Tangerang
2435,GF-02436,Resto GrabMantap 2435,Ayam Geprek,Bogor
2436,GF-02437,Resto GrabMantap 2436,Seafood,Surabaya
2437,GF-02438,Resto GrabMantap 2437,Beverages,Makassar
2438,GF-02439,Resto GrabMantap 2438,Ayam Geprek,Makassar
2439,GF-02440,Resto GrabMantap 2439,Martabak,Depok
2440,GF-02441,Resto GrabMantap 2440,Martabak,Tangerang
2441,GF-02442,Resto GrabMantap 2441,Beverages,Bandung
2442,GF-02443,Resto GrabMantap 2442,Snacks,Bandung
2443,GF-02444,Resto GrabMantap 2443,Seafood,Tangerang
2444,GF-02445,Resto GrabMantap 2444,Fast Food,Bandung
2445,GF-02446,Resto GrabMantap 2445,Beverages,Makassar
2446,GF-02447,Resto GrabMantap 2446,Martabak,Bandung
2447,GF-02448,Resto GrabMantap 2447,Ayam Geprek,Bekasi
2448,GF-02449,Resto GrabMantap 2448,Snacks,Makassar
2449,GF-02450,Resto GrabMantap 2449,Beverages,Surabaya
2450,GF-02451,Resto GrabMantap 2450,Snacks,Medan
2451,GF-02452,Resto GrabMantap 2451,Ayam Geprek,Tangerang
2452,GF-02453,Resto GrabMantap 2452,Fast Food,Bogor
2453,GF-02454,Resto GrabMantap 2453,Seafood,Bandung
2454,GF-02455,Resto GrabMantap 2454,Fast Food,Bali
2455,GF-02456,Resto GrabMantap 2455,Fast Food,Jakarta
2456,GF-02457,Resto GrabMantap 2456,Snacks,Makassar
2457,GF-02458,Resto GrabMantap 2457,Fast Food,Bogor
2458,GF-02459,Resto GrabMantap 2458,Beverages,Tangerang
2459,GF-02460,Resto GrabMantap 2459,Snacks,Bali
2460,GF-02461,Resto GrabMantap 2460,Seafood,Makassar
2461,GF-02462,Resto GrabMantap 2461,Snacks,Jakarta
2462,GF-02463,Resto GrabMantap 2462,Ayam Geprek,Tangerang
2463,GF-02464,Resto GrabMantap 2463,Fast Food,Surabaya
2464,GF-02465,Resto GrabMantap 2464,Martabak,Depok
2465,GF-02466,Resto GrabMantap 2465,Snacks,Bali
2466,GF-02467,Resto GrabMantap 2466,Beverages,Tangerang
2467,GF-02468,Resto GrabMantap 2467,Ayam Geprek,Medan
2468,GF-02469,Resto GrabMantap 2468,Martabak,Depok
2469,GF-02470,Resto GrabMantap 2469,Martabak,Surabaya
2470,GF-02471,Resto GrabMantap 2470,Snacks,Depok
2471,GF-02472,Resto GrabMantap 2471,Seafood,Bogor
2472,GF-02473,Resto GrabMantap 2472,Ayam Geprek,Makassar
2473,GF-02474,Resto GrabMantap 2473,Beverages,Bali
2474,GF-02475,Resto GrabMantap 2474,Seafood,Tangerang
2475,GF-02476,Resto GrabMantap 2475,Fast Food,Depok
2476,GF-02477,Resto GrabMantap 2476,Snacks,Bandung
2477,GF-02478,Resto GrabMantap 2477,Seafood,Bandung
2478,GF-02479,Resto GrabMantap 2478,Martabak,Bogor
2479,GF-02480,Resto GrabMantap 2479,Martabak,Tangerang
2480,GF-02481,Resto GrabMantap 2480,Fast Food,Tangerang
2481,GF-02482,Resto GrabMantap 2481,Snacks,Tangerang
2482,GF-02483,Resto GrabMantap 2482,Beverages,Makassar
2483,GF-02484,Resto GrabMantap 2483,Ayam Geprek,Makassar
2484,GF-02485,Resto GrabMantap 2484,Snacks,Bekasi
2485,GF-02486,Resto GrabMantap 2485,Seafood,Bogor
2486,GF-02487,Resto GrabMantap 2486,Ayam Geprek,Surabaya
2487,GF-02488,Resto GrabMantap 2487,Beverages,Bekasi
2488,GF-02489,Resto GrabMantap 2488,Snacks,Tangerang
2489,GF-02490,Resto GrabMantap 2489,Beverages,Medan
2490,GF-02491,Resto GrabMantap 2490,Martabak,Bogor
2491,GF-02492,Resto GrabMantap 2491,Fast Food,Makassar
2492,GF-02493,Resto GrabMantap 2492,Fast Food,Bekasi
2493,GF-02494,Resto GrabMantap 2493,Ayam Geprek,Makassar
2494,GF-02495,Resto GrabMantap 2494,Snacks,Bogor
2495,GF-02496,Resto GrabMantap 2495,Seafood,Surabaya
2496,GF-02497,Resto GrabMantap 2496,Martabak,Bali
2497,GF-02498,Resto GrabMantap 2497,Ayam Geprek,Bandung
2498,GF-02499,Resto GrabMantap 2498,Fast Food,Bali
2499,GF-02500,Resto GrabMantap 2499,Seafood,Surabaya
2500,GF-02501,Resto GrabMantap 2500,Beverages,Bogor
2501,GF-02502,Resto GrabMantap 2501,Martabak,Medan
2502,GF-02503,Resto GrabMantap 2502,Seafood,Jakarta
2503,GF-02504,Resto GrabMantap 2503,Martabak,Bogor
2504,GF-02505,Resto GrabMantap 2504,Snacks,Bekasi
2505,GF-02506,Resto GrabMantap 2505,Fast Food,Surabaya
2506,GF-02507,Resto GrabMantap 2506,Beverages,Bandung
2507,GF-02508,Resto GrabMantap 2507,Fast Food,Medan
2508,GF-02509,Resto GrabMantap 2508,Martabak,Bekasi
2509,GF-02510,Resto GrabMantap 2509,Seafood,Tangerang
2510,GF-02511,Resto GrabMantap 2510,Martabak,Depok
2511,GF-02512,Resto GrabMantap 2511,Snacks,Jakarta
2512,GF-02513,Resto GrabMantap 2512,Ayam Geprek,Bandung
2513,GF-02514,Resto GrabMantap 2513,Ayam Geprek,Bali
2514,GF-02515,Resto GrabMantap 2514,Fast Food,Medan
2515,GF-02516,Resto GrabMantap 2515,Ayam Geprek,Tangerang
2516,GF-02517,Resto GrabMantap 2516,Beverages,Tangerang
2517,GF-02518,Resto GrabMantap 2517,Fast Food,Bali
2518,GF-02519,Resto GrabMantap 2518,Martabak,Depok
2519,GF-02520,Resto GrabMantap 2519,Beverages,Surabaya
2520,GF-02521,Resto GrabMantap 2520,Seafood,Bali
2521,GF-02522,Resto GrabMantap 2521,Snacks,Tangerang
2522,GF-02523,Resto GrabMantap 2522,Snacks,Tangerang
2523,GF-02524,Resto GrabMantap 2523,Beverages,Bogor
2524,GF-02525,Resto GrabMantap 2524,Martabak,Bali
2525,GF-02526,Resto GrabMantap 2525,Martabak,Bali
2526,GF-02527,Resto GrabMantap 2526,Beverages,Jakarta
2527,GF-02528,Resto GrabMantap 2527,Martabak,Bali
2528,GF-02529,Resto GrabMantap 2528,Martabak,Bandung
2529,GF-02530,Resto GrabMantap 2529,Beverages,Medan
2530,GF-02531,Resto GrabMantap 2530,Snacks,Tangerang
2531,GF-02532,Resto GrabMantap 2531,Martabak,Bekasi
2532,GF-02533,Resto GrabMantap 2532,Seafood,Medan
2533,GF-02534,Resto GrabMantap 2533,Fast Food,Tangerang
2534,GF-02535,Resto GrabMantap 2534,Seafood,Bandung
2535,GF-02536,Resto GrabMantap 2535,Ayam Geprek,Bandung
2536,GF-02537,Resto GrabMantap 2536,Seafood,Bekasi
2537,GF-02538,Resto GrabMantap 2537,Ayam Geprek,Jakarta
2538,GF-02539,Resto GrabMantap 2538,Fast Food,Medan
2539,GF-02540,Resto GrabMantap 2539,Snacks,Depok
2540,GF-02541,Resto GrabMantap 2540,Fast Food,Bali
2541,GF-02542,Resto GrabMantap 2541,Martabak,Bali
2542,GF-02543,Resto GrabMantap 2542,Snacks,Medan
2543,GF-02544,Resto GrabMantap 2543,Ayam Geprek,Bekasi
2544,GF-02545,Resto GrabMantap 2544,Ayam Geprek,Medan
2545,GF-02546,Resto GrabMantap 2545,Beverages,Tangerang
2546,GF-02547,Resto GrabMantap 2546,Seafood,Medan
2547,GF-02548,Resto GrabMantap 2547,Beverages,Bekasi
2548,GF-02549,Resto GrabMantap 2548,Beverages,Tangerang
2549,GF-02550,Resto GrabMantap 2549,Martabak,Jakarta
2550,GF-02551,Resto GrabMantap 2550,Martabak,Bali
2551,GF-02552,Resto GrabMantap 2551,Snacks,Bandung
2552,GF-02553,Resto GrabMantap 2552,Beverages,Tangerang
2553,GF-02554,Resto GrabMantap 2553,Seafood,Bogor
2554,GF-02555,Resto GrabMantap 2554,Beverages,Jakarta
2555,GF-02556,Resto GrabMantap 2555,Snacks,Medan
2556,GF-02557,Resto GrabMantap 2556,Ayam Geprek,Depok
2557,GF-02558,Resto GrabMantap 2557,Seafood,Bekasi
2558,GF-02559,Resto GrabMantap 2558,Martabak,Jakarta
2559,GF-02560,Resto GrabMantap 2559,Snacks,Medan
2560,GF-02561,Resto GrabMantap 2560,Seafood,Depok
2561,GF-02562,Resto GrabMantap 2561,Seafood,Medan
2562,GF-02563,Resto GrabMantap 2562,Snacks,Bali
2563,GF-02564,Resto GrabMantap 2563,Martabak,Bogor
2564,GF-02565,Resto GrabMantap 2564,Beverages,Medan
2565,GF-02566,Resto GrabMantap 2565,Snacks,Bekasi
2566,GF-02567,Resto GrabMantap 2566,Martabak,Jakarta
2567,GF-02568,Resto GrabMantap 2567,Martabak,Medan
2568,GF-02569,Resto GrabMantap 2568,Ayam Geprek,Medan
2569,GF-02570,Resto GrabMantap 2569,Seafood,Medan
2570,GF-02571,Resto GrabMantap 2570,Ayam Geprek,Bekasi
2571,GF-02572,Resto GrabMantap 2571,Seafood,Medan
2572,GF-02573,Resto GrabMantap 2572,Ayam Geprek,Surabaya
2573,GF-02574,Resto GrabMantap 2573,Ayam Geprek,Bali
2574,GF-02575,Resto GrabMantap 2574,Seafood,Bandung
2575,GF-02576,Resto GrabMantap 2575,Seafood,Depok
2576,GF-02577,Resto GrabMantap 2576,Seafood,Medan
2577,GF-02578,Resto GrabMantap 2577,Martabak,Bali
2578,GF-02579,Resto GrabMantap 2578,Snacks,Makassar
2579,GF-02580,Resto GrabMantap 2579,Beverages,Bekasi
2580,GF-02581,Resto GrabMantap 2580,Snacks,Jakarta
2581,GF-02582,Resto GrabMantap 2581,Fast Food,Bogor
2582,GF-02583,Resto GrabMantap 2582,Beverages,Bali
2583,GF-02584,Resto GrabMantap 2583,Fast Food,Bogor
2584,GF-02585,Resto GrabMantap 2584,Martabak,Jakarta
2585,GF-02586,Resto GrabMantap 2585,Seafood,Makassar
2586,GF-02587,Resto GrabMantap 2586,Ayam Geprek,Surabaya
2587,GF-02588,Resto GrabMantap 2587,Ayam Geprek,Makassar
2588,GF-02589,Resto GrabMantap 2588,Seafood,Medan
2589,GF-02590,Resto GrabMantap 2589,Snacks,Bali
2590,GF-02591,Resto GrabMantap 2590,Ayam Geprek,Bali
2591,GF-02592,Resto GrabMantap 2591,Snacks,Bandung
2592,GF-02593,Resto GrabMantap 2592,Beverages,Depok
2593,GF-02594,Resto GrabMantap 2593,Ayam Geprek,Makassar
2594,GF-02595,Resto GrabMantap 2594,Snacks,Bogor
2595,GF-02596,Resto GrabMantap 2595,Fast Food,Makassar
2596,GF-02597,Resto GrabMantap 2596,Beverages,Makassar
2597,GF-02598,Resto GrabMantap 2597,Fast Food,Bogor
2598,GF-02599,Resto GrabMantap 2598,Snacks,Depok
2599,GF-02600,Resto GrabMantap 2599,Ayam Geprek,Jakarta
2600,GF-02601,Resto GrabMantap 2600,Martabak,Bali
2601,GF-02602,Resto GrabMantap 2601,Fast Food,Bandung
2602,GF-02603,Resto GrabMantap 2602,Ayam Geprek,Jakarta
2603,GF-02604,Resto GrabMantap 2603,Ayam Geprek,Bekasi
2604,GF-02605,Resto GrabMantap 2604,Snacks,Tangerang
2605,GF-02606,Resto GrabMantap 2605,Ayam Geprek,Bogor
2606,GF-02607,Resto GrabMantap 2606,Martabak,Bogor
2607,GF-02608,Resto GrabMantap 2607,Fast Food,Bekasi
2608,GF-02609,Resto GrabMantap 2608,Fast Food,Depok
2609,GF-02610,Resto GrabMantap 2609,Fast Food,Bali
2610,GF-02611,Resto GrabMantap 2610,Martabak,Depok
2611,GF-02612,Resto GrabMantap 2611,Ayam Geprek,Bandung
2612,GF-02613,Resto GrabMantap 2612,Seafood,Makassar
2613,GF-02614,Resto GrabMantap 2613,Beverages,Makassar
2614,GF-02615,Resto GrabMantap 2614,Snacks,Bogor
2615,GF-02616,Resto GrabMantap 2615,Seafood,Makassar
2616,GF-02617,Resto GrabMantap 2616,Beverages,Bogor
2617,GF-02618,Resto GrabMantap 2617,Ayam Geprek,Medan
2618,GF-02619,Resto GrabMantap 2618,Beverages,Jakarta
2619,GF-02620,Resto GrabMantap 2619,Snacks,Depok
2620,GF-02621,Resto GrabMantap 2620,Beverages,Bandung
2621,GF-02622,Resto GrabMantap 2621,Fast Food,Depok
2622,GF-02623,Resto GrabMantap 2622,Fast Food,Bandung
2623,GF-02624,Resto GrabMantap 2623,Ayam Geprek,Bandung
2624,GF-02625,Resto GrabMantap 2624,Fast Food,Surabaya
2625,GF-02626,Resto GrabMantap 2625,Fast Food,Bogor
2626,GF-02627,Resto GrabMantap 2626,Martabak,Bogor
2627,GF-02628,Resto GrabMantap 2627,Fast Food,Surabaya
2628,GF-02629,Resto GrabMantap 2628,Snacks,Bali
2629,GF-02630,Resto GrabMantap 2629,Fast Food,Depok
2630,GF-02631,Resto GrabMantap 2630,Ayam Geprek,Tangerang
2631,GF-02632,Resto GrabMantap 2631,Fast Food,Bekasi
2632,GF-02633,Resto GrabMantap 2632,Beverages,Bali
2633,GF-02634,Resto GrabMantap 2633,Ayam Geprek,Surabaya
2634,GF-02635,Resto GrabMantap 2634,Snacks,Bekasi
2635,GF-02636,Resto GrabMantap 2635,Fast Food,Tangerang
2636,GF-02637,Resto GrabMantap 2636,Martabak,Bali
2637,GF-02638,Resto GrabMantap 2637,Beverages,Tangerang
2638,GF-02639,Resto GrabMantap 2638,Beverages,Medan
2639,GF-02640,Resto GrabMantap 2639,Fast Food,Medan
2640,GF-02641,Resto GrabMantap 2640,Seafood,Bogor
2641,GF-02642,Resto GrabMantap 2641,Seafood,Bekasi
2642,GF-02643,Resto GrabMantap 2642,Beverages,Depok
2643,GF-02644,Resto GrabMantap 2643,Martabak,Bandung
2644,GF-02645,Resto GrabMantap 2644,Fast Food,Bandung
2645,GF-02646,Resto GrabMantap 2645,Martabak,Tangerang
2646,GF-02647,Resto GrabMantap 2646,Martabak,Bogor
2647,GF-02648,Resto GrabMantap 2647,Martabak,Bali
2648,GF-02649,Resto GrabMantap 2648,Beverages,Bogor
2649,GF-02650,Resto GrabMantap 2649,Ayam Geprek,Jakarta
2650,GF-02651,Resto GrabMantap 2650,Seafood,Bogor
2651,GF-02652,Resto GrabMantap 2651,Seafood,Bekasi
2652,GF-02653,Resto GrabMantap 2652,Martabak,Bandung
2653,GF-02654,Resto GrabMantap 2653,Seafood,Tangerang
2654,GF-02655,Resto GrabMantap 2654,Beverages,Depok
2655,GF-02656,Resto GrabMantap 2655,Snacks,Bekasi
2656,GF-02657,Resto GrabMantap 2656,Ayam Geprek,Makassar
2657,GF-02658,Resto GrabMantap 2657,Snacks,Makassar
2658,GF-02659,Resto GrabMantap 2658,Beverages,Bogor
2659,GF-02660,Resto GrabMantap 2659,Ayam Geprek,Bekasi
2660,GF-02661,Resto GrabMantap 2660,Snacks,Medan
2661,GF-02662,Resto GrabMantap 2661,Martabak,Tangerang
2662,GF-02663,Resto GrabMantap 2662,Ayam Geprek,Medan
2663,GF-02664,Resto GrabMantap 2663,Beverages,Tangerang
2664,GF-02665,Resto GrabMantap 2664,Beverages,Bekasi
2665,GF-02666,Resto GrabMantap 2665,Ayam Geprek,Bali
2666,GF-02667,Resto GrabMantap 2666,Fast Food,Medan
2667,GF-02668,Resto GrabMantap 2667,Seafood,Makassar
2668,GF-02669,Resto GrabMantap 2668,Beverages,Surabaya
2669,GF-02670,Resto GrabMantap 2669,Beverages,Jakarta
2670,GF-02671,Resto GrabMantap 2670,Snacks,Makassar
2671,GF-02672,Resto GrabMantap 2671,Fast Food,Bogor
2672,GF-02673,Resto GrabMantap 2672,Beverages,Medan
2673,GF-02674,Resto GrabMantap 2673,Beverages,Medan
2674,GF-02675,Resto GrabMantap 2674,Snacks,Jakarta
2675,GF-02676,Resto GrabMantap 2675,Fast Food,Bogor
2676,GF-02677,Resto GrabMantap 2676,Beverages,Bogor
2677,GF-02678,Resto GrabMantap 2677,Snacks,Makassar
2678,GF-02679,Resto GrabMantap 2678,Seafood,Bekasi
2679,GF-02680,Resto GrabMantap 2679,Snacks,Medan
2680,GF-02681,Resto GrabMantap 2680,Ayam Geprek,Bali
2681,GF-02682,Resto GrabMantap 2681,Beverages,Bali
2682,GF-02683,Resto GrabMantap 2682,Seafood,Depok
2683,GF-02684,Resto GrabMantap 2683,Fast Food,Medan
2684,GF-02685,Resto GrabMantap 2684,Snacks,Tangerang
2685,GF-02686,Resto GrabMantap 2685,Fast Food,Bekasi
2686,GF-02687,Resto GrabMantap 2686,Snacks,Depok
2687,GF-02688,Resto GrabMantap 2687,Snacks,Bali
2688,GF-02689,Resto GrabMantap 2688,Ayam Geprek,Depok
2689,GF-02690,Resto GrabMantap 2689,Ayam Geprek,Medan
2690,GF-02691,Resto GrabMantap 2690,Snacks,Tangerang
2691,GF-02692,Resto GrabMantap 2691,Snacks,Bekasi
2692,GF-02693,Resto GrabMantap 2692,Fast Food,Bandung
2693,GF-02694,Resto GrabMantap 2693,Martabak,Jakarta
2694,GF-02695,Resto GrabMantap 2694,Martabak,Medan
2695,GF-02696,Resto GrabMantap 2695,Fast Food,Jakarta
2696,GF-02697,Resto GrabMantap 2696,Fast Food,Makassar
2697,GF-02698,Resto GrabMantap 2697,Beverages,Medan
2698,GF-02699,Resto GrabMantap 2698,Snacks,Bogor
2699,GF-02700,Resto GrabMantap 2699,Snacks,Bali
2700,GF-02701,Resto GrabMantap 2700,Snacks,Makassar
2701,GF-02702,Resto GrabMantap 2701,Martabak,Tangerang
2702,GF-02703,Resto GrabMantap 2702,Beverages,Makassar
2703,GF-02704,Resto GrabMantap 2703,Seafood,Jakarta
2704,GF-02705,Resto GrabMantap 2704,Seafood,Jakarta
2705,GF-02706,Resto GrabMantap 2705,Beverages,Bandung
2706,GF-02707,Resto GrabMantap 2706,Seafood,Bali
2707,GF-02708,Resto GrabMantap 2707,Fast Food,Bali
2708,GF-02709,Resto GrabMantap 2708,Beverages,Surabaya
2709,GF-02710,Resto GrabMantap 2709,Beverages,Bekasi
2710,GF-02711,Resto GrabMantap 2710,Martabak,Tangerang
2711,GF-02712,Resto GrabMantap 2711,Seafood,Surabaya
2712,GF-02713,Resto GrabMantap 2712,Snacks,Jakarta
2713,GF-02714,Resto GrabMantap 2713,Ayam Geprek,Bandung
2714,GF-02715,Resto GrabMantap 2714,Martabak,Bandung
2715,GF-02716,Resto GrabMantap 2715,Ayam Geprek,Surabaya
2716,GF-02717,Resto GrabMantap 2716,Snacks,Bali
2717,GF-02718,Resto GrabMantap 2717,Ayam Geprek,Bekasi
2718,GF-02719,Resto GrabMantap 2718,Martabak,Depok
2719,GF-02720,Resto GrabMantap 2719,Ayam Geprek,Bali
2720,GF-02721,Resto GrabMantap 2720,Beverages,Bandung
2721,GF-02722,Resto GrabMantap 2721,Seafood,Medan
2722,GF-02723,Resto GrabMantap 2722,Martabak,Tangerang
2723,GF-02724,Resto GrabMantap 2723,Ayam Geprek,Jakarta
2724,GF-02725,Resto GrabMantap 2724,Snacks,Bandung
2725,GF-02726,Resto GrabMantap 2725,Ayam Geprek,Bandung
2726,GF-02727,Resto GrabMantap 2726,Seafood,Bandung
2727,GF-02728,Resto GrabMantap 2727,Seafood,Bogor
2728,GF-02729,Resto GrabMantap 2728,Fast Food,Bandung
2729,GF-02730,Resto GrabMantap 2729,Martabak,Surabaya
2730,GF-02731,Resto GrabMantap 2730,Fast Food,Medan
2731,GF-02732,Resto GrabMantap 2731,Beverages,Depok
2732,GF-02733,Resto GrabMantap 2732,Ayam Geprek,Surabaya
2733,GF-02734,Resto GrabMantap 2733,Martabak,Depok
2734,GF-02735,Resto GrabMantap 2734,Seafood,Bali
2735,GF-02736,Resto GrabMantap 2735,Ayam Geprek,Surabaya
2736,GF-02737,Resto GrabMantap 2736,Seafood,Surabaya
2737,GF-02738,Resto GrabMantap 2737,Snacks,Bekasi
2738,GF-02739,Resto GrabMantap 2738,Fast Food,Bogor
2739,GF-02740,Resto GrabMantap 2739,Snacks,Bali
2740,GF-02741,Resto GrabMantap 2740,Martabak,Medan
2741,GF-02742,Resto GrabMantap 2741,Ayam Geprek,Makassar
2742,GF-02743,Resto GrabMantap 2742,Seafood,Bali
2743,GF-02744,Resto GrabMantap 2743,Ayam Geprek,Medan
2744,GF-02745,Resto GrabMantap 2744,Martabak,Depok
2745,GF-02746,Resto GrabMantap 2745,Beverages,Bali
2746,GF-02747,Resto GrabMantap 2746,Beverages,Tangerang
2747,GF-02748,Resto GrabMantap 2747,Ayam Geprek,Tangerang
2748,GF-02749,Resto GrabMantap 2748,Snacks,Bali
2749,GF-02750,Resto GrabMantap 2749,Fast Food,Depok
2750,GF-02751,Resto GrabMantap 2750,Martabak,Medan
2751,GF-02752,Resto GrabMantap 2751,Beverages,Medan
2752,GF-02753,Resto GrabMantap 2752,Seafood,Surabaya
2753,GF-02754,Resto GrabMantap 2753,Ayam Geprek,Jakarta
2754,GF-02755,Resto GrabMantap 2754,Ayam Geprek,Tangerang
2755,GF-02756,Resto GrabMantap 2755,Beverages,Bogor
2756,GF-02757,Resto GrabMantap 2756,Martabak,Tangerang
2757,GF-02758,Resto GrabMantap 2757,Ayam Geprek,Bandung
2758,GF-02759,Resto GrabMantap 2758,Seafood,Depok
2759,GF-02760,Resto GrabMantap 2759,Fast Food,Bali
2760,GF-02761,Resto GrabMantap 2760,Seafood,Bandung
2761,GF-02762,Resto GrabMantap 2761,Seafood,Makassar
2762,GF-02763,Resto GrabMantap 2762,Fast Food,Jakarta
2763,GF-02764,Resto GrabMantap 2763,Ayam Geprek,Bekasi
2764,GF-02765,Resto GrabMantap 2764,Martabak,Medan
2765,GF-02766,Resto GrabMantap 2765,Snacks,Bogor
2766,GF-02767,Resto GrabMantap 2766,Snacks,Makassar
2767,GF-02768,Resto GrabMantap 2767,Seafood,Surabaya
2768,GF-02769,Resto GrabMantap 2768,Beverages,Surabaya
2769,GF-02770,Resto GrabMantap 2769,Snacks,Bali
2770,GF-02771,Resto GrabMantap 2770,Beverages,Makassar
2771,GF-02772,Resto GrabMantap 2771,Snacks,Tangerang
2772,GF-02773,Resto GrabMantap 2772,Snacks,Bandung
2773,GF-02774,Resto GrabMantap 2773,Seafood,Depok
2774,GF-02775,Resto GrabMantap 2774,Seafood,Depok
2775,GF-02776,Resto GrabMantap 2775,Beverages,Makassar
2776,GF-02777,Resto GrabMantap 2776,Fast Food,Depok
2777,GF-02778,Resto GrabMantap 2777,Ayam Geprek,Bali
2778,GF-02779,Resto GrabMantap 2778,Fast Food,Bali
2779,GF-02780,Resto GrabMantap 2779,Seafood,Jakarta
2780,GF-02781,Resto GrabMantap 2780,Snacks,Bali
2781,GF-02782,Resto GrabMantap 2781,Beverages,Surabaya
2782,GF-02783,Resto GrabMantap 2782,Martabak,Jakarta
2783,GF-02784,Resto GrabMantap 2783,Beverages,Makassar
2784,GF-02785,Resto GrabMantap 2784,Ayam Geprek,Tangerang
2785,GF-02786,Resto GrabMantap 2785,Seafood,Bandung
2786,GF-02787,Resto GrabMantap 2786,Seafood,Bali
2787,GF-02788,Resto GrabMantap 2787,Martabak,Bekasi
2788,GF-02789,Resto GrabMantap 2788,Snacks,Depok
2789,GF-02790,Resto GrabMantap 2789,Snacks,Depok
2790,GF-02791,Resto GrabMantap 2790,Fast Food,Medan
2791,GF-02792,Resto GrabMantap 2791,Ayam Geprek,Bogor
2792,GF-02793,Resto GrabMantap 2792,Seafood,Makassar
2793,GF-02794,Resto GrabMantap 2793,Ayam Geprek,Bandung
2794,GF-02795,Resto GrabMantap 2794,Martabak,Depok
2795,GF-02796,Resto GrabMantap 2795,Martabak,Makassar
2796,GF-02797,Resto GrabMantap 2796,Martabak,Jakarta
2797,GF-02798,Resto GrabMantap 2797,Fast Food,Bandung
2798,GF-02799,Resto GrabMantap 2798,Martabak,Bogor
2799,GF-02800,Resto GrabMantap 2799,Snacks,Bogor
2800,GF-02801,Resto GrabMantap 2800,Ayam Geprek,Bali
2801,GF-02802,Resto GrabMantap 2801,Fast Food,Medan
2802,GF-02803,Resto GrabMantap 2802,Snacks,Jakarta
2803,GF-02804,Resto GrabMantap 2803,Seafood,Jakarta
2804,GF-02805,Resto GrabMantap 2804,Ayam Geprek,Medan
2805,GF-02806,Resto GrabMantap 2805,Beverages,Jakarta
2806,GF-02807,Resto GrabMantap 2806,Martabak,Jakarta
2807,GF-02808,Resto GrabMantap 2807,Ayam Geprek,Depok
2808,GF-02809,Resto GrabMantap 2808,Martabak,Surabaya
2809,GF-02810,Resto GrabMantap 2809,Snacks,Medan
2810,GF-02811,Resto GrabMantap 2810,Fast Food,Jakarta
2811,GF-02812,Resto GrabMantap 2811,Seafood,Bandung
2812,GF-02813,Resto GrabMantap 2812,Snacks,Tangerang
2813,GF-02814,Resto GrabMantap 2813,Ayam Geprek,Makassar
2814,GF-02815,Resto GrabMantap 2814,Seafood,Jakarta
2815,GF-02816,Resto GrabMantap 2815,Beverages,Surabaya
2816,GF-02817,Resto GrabMantap 2816,Snacks,Depok
2817,GF-02818,Resto GrabMantap 2817,Snacks,Bekasi
2818,GF-02819,Resto GrabMantap 2818,Martabak,Jakarta
2819,GF-02820,Resto GrabMantap 2819,Ayam Geprek,Bali
2820,GF-02821,Resto GrabMantap 2820,Fast Food,Makassar
2821,GF-02822,Resto GrabMantap 2821,Seafood,Depok
2822,GF-02823,Resto GrabMantap 2822,Ayam Geprek,Makassar
2823,GF-02824,Resto GrabMantap 2823,Beverages,Depok
2824,GF-02825,Resto GrabMantap 2824,Seafood,Bogor
2825,GF-02826,Resto GrabMantap 2825,Ayam Geprek,Bekasi
2826,GF-02827,Resto GrabMantap 2826,Ayam Geprek,Makassar
2827,GF-02828,Resto GrabMantap 2827,Fast Food,Bandung
2828,GF-02829,Resto GrabMantap 2828,Martabak,Jakarta
2829,GF-02830,Resto GrabMantap 2829,Fast Food,Bekasi
2830,GF-02831,Resto GrabMantap 2830,Seafood,Depok
2831,GF-02832,Resto GrabMantap 2831,Martabak,Bogor
2832,GF-02833,Resto GrabMantap 2832,Beverages,Surabaya
2833,GF-02834,Resto GrabMantap 2833,Martabak,Jakarta
2834,GF-02835,Resto GrabMantap 2834,Beverages,Bandung
2835,GF-02836,Resto GrabMantap 2835,Martabak,Medan
2836,GF-02837,Resto GrabMantap 2836,Seafood,Bogor
2837,GF-02838,Resto GrabMantap 2837,Fast Food,Bali
2838,GF-02839,Resto GrabMantap 2838,Ayam Geprek,Bogor
2839,GF-02840,Resto GrabMantap 2839,Beverages,Bandung
2840,GF-02841,Resto GrabMantap 2840,Fast Food,Bandung
2841,GF-02842,Resto GrabMantap 2841,Beverages,Bali
2842,GF-02843,Resto GrabMantap 2842,Seafood,Makassar
2843,GF-02844,Resto GrabMantap 2843,Fast Food,Depok
2844,GF-02845,Resto GrabMantap 2844,Seafood,Tangerang
2845,GF-02846,Resto GrabMantap 2845,Seafood,Tangerang
2846,GF-02847,Resto GrabMantap 2846,Beverages,Bekasi
2847,GF-02848,Resto GrabMantap 2847,Martabak,Bekasi
2848,GF-02849,Resto GrabMantap 2848,Fast Food,Bekasi
2849,GF-02850,Resto GrabMantap 2849,Seafood,Depok
2850,GF-02851,Resto GrabMantap 2850,Fast Food,Bali
2851,GF-02852,Resto GrabMantap 2851,Ayam Geprek,Bekasi
2852,GF-02853,Resto GrabMantap 2852,Seafood,Bekasi
2853,GF-02854,Resto GrabMantap 2853,Seafood,Medan
2854,GF-02855,Resto GrabMantap 2854,Fast Food,Tangerang
2855,GF-02856,Resto GrabMantap 2855,Fast Food,Bali
2856,GF-02857,Resto GrabMantap 2856,Beverages,Makassar
2857,GF-02858,Resto GrabMantap 2857,Martabak,Depok
2858,GF-02859,Resto GrabMantap 2858,Snacks,Bekasi
2859,GF-02860,Resto GrabMantap 2859,Beverages,Bekasi
2860,GF-02861,Resto GrabMantap 2860,Seafood,Medan
2861,GF-02862,Resto GrabMantap 2861,Seafood,Bekasi
2862,GF-02863,Resto GrabMantap 2862,Ayam Geprek,Bali
2863,GF-02864,Resto GrabMantap 2863,Martabak,Bali
2864,GF-02865,Resto GrabMantap 2864,Ayam Geprek,Bali
2865,GF-02866,Resto GrabMantap 2865,Snacks,Bandung
2866,GF-02867,Resto GrabMantap 2866,Seafood,Makassar
2867,GF-02868,Resto GrabMantap 2867,Snacks,Bekasi
2868,GF-02869,Resto GrabMantap 2868,Beverages,Depok
2869,GF-02870,Resto GrabMantap 2869,Seafood,Bali
2870,GF-02871,Resto GrabMantap 2870,Beverages,Medan
2871,GF-02872,Resto GrabMantap 2871,Ayam Geprek,Depok
2872,GF-02873,Resto GrabMantap 2872,Fast Food,Bogor
2873,GF-02874,Resto GrabMantap 2873,Ayam Geprek,Depok
2874,GF-02875,Resto GrabMantap 2874,Martabak,Surabaya
2875,GF-02876,Resto GrabMantap 2875,Ayam Geprek,Bandung
2876,GF-02877,Resto GrabMantap 2876,Seafood,Tangerang
2877,GF-02878,Resto GrabMantap 2877,Fast Food,Bogor
2878,GF-02879,Resto GrabMantap 2878,Fast Food,Bogor
2879,GF-02880,Resto GrabMantap 2879,Ayam Geprek,Bandung
2880,GF-02881,Resto GrabMantap 2880,Martabak,Depok
2881,GF-02882,Resto GrabMantap 2881,Martabak,Surabaya
2882,GF-02883,Resto GrabMantap 2882,Martabak,Tangerang
2883,GF-02884,Resto GrabMantap 2883,Beverages,Tangerang
2884,GF-02885,Resto GrabMantap 2884,Fast Food,Tangerang
2885,GF-02886,Resto GrabMantap 2885,Ayam Geprek,Bekasi
2886,GF-02887,Resto GrabMantap 2886,Martabak,Medan
2887,GF-02888,Resto GrabMantap 2887,Beverages,Bekasi
2888,GF-02889,Resto GrabMantap 2888,Snacks,Makassar
2889,GF-02890,Resto GrabMantap 2889,Fast Food,Surabaya
2890,GF-02891,Resto GrabMantap 2890,Ayam Geprek,Bandung
2891,GF-02892,Resto GrabMantap 2891,Fast Food,Medan
2892,GF-02893,Resto GrabMantap 2892,Ayam Geprek,Tangerang
2893,GF-02894,Resto GrabMantap 2893,Seafood,Jakarta
2894,GF-02895,Resto GrabMantap 2894,Fast Food,Tangerang
2895,GF-02896,Resto GrabMantap 2895,Seafood,Surabaya
2896,GF-02897,Resto GrabMantap 2896,Snacks,Medan
2897,GF-02898,Resto GrabMantap 2897,Ayam Geprek,Depok
2898,GF-02899,Resto GrabMantap 2898,Martabak,Surabaya
2899,GF-02900,Resto GrabMantap 2899,Beverages,Tangerang
2900,GF-02901,Resto GrabMantap 2900,Beverages,Bandung
2901,GF-02902,Resto GrabMantap 2901,Martabak,Jakarta
2902,GF-02903,Resto GrabMantap 2902,Martabak,Surabaya
2903,GF-02904,Resto GrabMantap 2903,Fast Food,Medan
2904,GF-02905,Resto GrabMantap 2904,Seafood,Bogor
2905,GF-02906,Resto GrabMantap 2905,Snacks,Jakarta
2906,GF-02907,Resto GrabMantap 2906,Beverages,Bekasi
2907,GF-02908,Resto GrabMantap 2907,Fast Food,Bogor
2908,GF-02909,Resto GrabMantap 2908,Beverages,Depok
2909,GF-02910,Resto GrabMantap 2909,Fast Food,Bali
2910,GF-02911,Resto GrabMantap 2910,Ayam Geprek,Tangerang
2911,GF-02912,Resto GrabMantap 2911,Fast Food,Jakarta
2912,GF-02913,Resto GrabMantap 2912,Beverages,Depok
2913,GF-02914,Resto GrabMantap 2913,Snacks,Jakarta
2914,GF-02915,Resto GrabMantap 2914,Ayam Geprek,Jakarta
2915,GF-02916,Resto GrabMantap 2915,Beverages,Bekasi
2916,GF-02917,Resto GrabMantap 2916,Beverages,Surabaya
2917,GF-02918,Resto GrabMantap 2917,Seafood,Medan
2918,GF-02919,Resto GrabMantap 2918,Ayam Geprek,Surabaya
2919,GF-02920,Resto GrabMantap 2919,Ayam Geprek,Tangerang
2920,GF-02921,Resto GrabMantap 2920,Snacks,Bali
2921,GF-02922,Resto GrabMantap 2921,Seafood,Makassar
2922,GF-02923,Resto GrabMantap 2922,Martabak,Bogor
2923,GF-02924,Resto GrabMantap 2923,Beverages,Surabaya
2924,GF-02925,Resto GrabMantap 2924,Ayam Geprek,Jakarta
2925,GF-02926,Resto GrabMantap 2925,Fast Food,Bogor
2926,GF-02927,Resto GrabMantap 2926,Fast Food,Bekasi
2927,GF-02928,Resto GrabMantap 2927,Beverages,Surabaya
2928,GF-02929,Resto GrabMantap 2928,Fast Food,Jakarta
2929,GF-02930,Resto GrabMantap 2929,Snacks,Bali
2930,GF-02931,Resto GrabMantap 2930,Seafood,Bali
2931,GF-02932,Resto GrabMantap 2931,Seafood,Makassar
2932,GF-02933,Resto GrabMantap 2932,Ayam Geprek,Jakarta
2933,GF-02934,Resto GrabMantap 2933,Ayam Geprek,Bali
2934,GF-02935,Resto GrabMantap 2934,Seafood,Tangerang
2935,GF-02936,Resto GrabMantap 2935,Ayam Geprek,Bandung
2936,GF-02937,Resto GrabMantap 2936,Ayam Geprek,Surabaya
2937,GF-02938,Resto GrabMantap 2937,Snacks,Bogor
2938,GF-02939,Resto GrabMantap 2938,Snacks,Surabaya
2939,GF-02940,Resto GrabMantap 2939,Snacks,Surabaya
2940,GF-02941,Resto GrabMantap 2940,Snacks,Bali
2941,GF-02942,Resto GrabMantap 2941,Fast Food,Bali
2942,GF-02943,Resto GrabMantap 2942,Martabak,Tangerang
2943,GF-02944,Resto GrabMantap 2943,Snacks,Bandung
2944,GF-02945,Resto GrabMantap 2944,Ayam Geprek,Makassar
2945,GF-02946,Resto GrabMantap 2945,Seafood,Tangerang
2946,GF-02947,Resto GrabMantap 2946,Martabak,Tangerang
2947,GF-02948,Resto GrabMantap 2947,Snacks,Medan
2948,GF-02949,Resto GrabMantap 2948,Martabak,Bali
2949,GF-02950,Resto GrabMantap 2949,Seafood,Surabaya
2950,GF-02951,Resto GrabMantap 2950,Seafood,Bali
2951,GF-02952,Resto GrabMantap 2951,Ayam Geprek,Bandung
2952,GF-02953,Resto GrabMantap 2952,Ayam Geprek,Bali
2953,GF-02954,Resto GrabMantap 2953,Beverages,Bali
2954,GF-02955,Resto GrabMantap 2954,Ayam Geprek,Bandung
2955,GF-02956,Resto GrabMantap 2955,Fast Food,Surabaya
2956,GF-02957,Resto GrabMantap 2956,Martabak,Bogor
2957,GF-02958,Resto GrabMantap 2957,Snacks,Depok
2958,GF-02959,Resto GrabMantap 2958,Fast Food,Surabaya
2959,GF-02960,Resto GrabMantap 2959,Seafood,Bandung
2960,GF-02961,Resto GrabMantap 2960,Beverages,Bali
2961,GF-02962,Resto GrabMantap 2961,Seafood,Surabaya
2962,GF-02963,Resto GrabMantap 2962,Ayam Geprek,Makassar
2963,GF-02964,Resto GrabMantap 2963,Fast Food,Medan
2964,GF-02965,Resto GrabMantap 2964,Seafood,Bali
2965,GF-02966,Resto GrabMantap 2965,Ayam Geprek,Tangerang
2966,GF-02967,Resto GrabMantap 2966,Snacks,Surabaya
2967,GF-02968,Resto GrabMantap 2967,Snacks,Bekasi
2968,GF-02969,Resto GrabMantap 2968,Snacks,Bali
2969,GF-02970,Resto GrabMantap 2969,Beverages,Makassar
2970,GF-02971,Resto GrabMantap 2970,Ayam Geprek,Depok
2971,GF-02972,Resto GrabMantap 2971,Martabak,Bandung
2972,GF-02973,Resto GrabMantap 2972,Beverages,Tangerang
2973,GF-02974,Resto GrabMantap 2973,Snacks,Bogor
2974,GF-02975,Resto GrabMantap 2974,Fast Food,Medan
2975,GF-02976,Resto GrabMantap 2975,Martabak,Medan
2976,GF-02977,Resto GrabMantap 2976,Ayam Geprek,Surabaya
2977,GF-02978,Resto GrabMantap 2977,Beverages,Bogor
2978,GF-02979,Resto GrabMantap 2978,Seafood,Bekasi
2979,GF-02980,Resto GrabMantap 2979,Snacks,Surabaya
2980,GF-02981,Resto GrabMantap 2980,Martabak,Makassar
2981,GF-02982,Resto GrabMantap 2981,Beverages,Bandung
2982,GF-02983,Resto GrabMantap 2982,Fast Food,Depok
2983,GF-02984,Resto GrabMantap 2983,Ayam Geprek,Tangerang
2984,GF-02985,Resto GrabMantap 2984,Seafood,Bekasi
2985,GF-02986,Resto GrabMantap 2985,Snacks,Tangerang
2986,GF-02987,Resto GrabMantap 2986,Snacks,Bekasi
2987,GF-02988,Resto GrabMantap 2987,Fast Food,Makassar
2988,GF-02989,Resto GrabMantap 2988,Ayam Geprek,Tangerang
2989,GF-02990,Resto GrabMantap 2989,Ayam Geprek,Depok
2990,GF-02991,Resto GrabMantap 2990,Fast Food,Bandung
2991,GF-02992,Resto GrabMantap 2991,Seafood,Makassar
2992,GF-02993,Resto GrabMantap 2992,Snacks,Bogor
2993,GF-02994,Resto GrabMantap 2993,Martabak,Makassar
2994,GF-02995,Resto GrabMantap 2994,Fast Food,Bogor
2995,GF-02996,Resto GrabMantap 2995,Martabak,Surabaya
2996,GF-02997,Resto GrabMantap 2996,Seafood,Depok
2997,GF-02998,Resto GrabMantap 2997,Beverages,Tangerang
2998,GF-02999,Resto GrabMantap 2998,Beverages,Medan
2999,GF-03000,Resto GrabMantap 2999,Beverages,Tangerang
3000,GF-03001,Resto GrabMantap 3000,Fast Food,Surabaya
3001,GF-03002,Resto GrabMantap 3001,Seafood,Depok
3002,GF-03003,Resto GrabMantap 3002,Fast Food,Surabaya
3003,GF-03004,Resto GrabMantap 3003,Martabak,Bekasi
3004,GF-03005,Resto GrabMantap 3004,Beverages,Tangerang
3005,GF-03006,Resto GrabMantap 3005,Snacks,Bali
3006,GF-03007,Resto GrabMantap 3006,Ayam Geprek,Bandung
3007,GF-03008,Resto GrabMantap 3007,Martabak,Jakarta
3008,GF-03009,Resto GrabMantap 3008,Ayam Geprek,Bogor
3009,GF-03010,Resto GrabMantap 3009,Seafood,Makassar
3010,GF-03011,Resto GrabMantap 3010,Martabak,Bali
3011,GF-03012,Resto GrabMantap 3011,Martabak,Bogor
3012,GF-03013,Resto GrabMantap 3012,Martabak,Surabaya
3013,GF-03014,Resto GrabMantap 3013,Snacks,Jakarta
3014,GF-03015,Resto GrabMantap 3014,Snacks,Makassar
3015,GF-03016,Resto GrabMantap 3015,Seafood,Jakarta
3016,GF-03017,Resto GrabMantap 3016,Snacks,Medan
3017,GF-03018,Resto GrabMantap 3017,Fast Food,Bali
3018,GF-03019,Resto GrabMantap 3018,Seafood,Tangerang
3019,GF-03020,Resto GrabMantap 3019,Martabak,Jakarta
3020,GF-03021,Resto GrabMantap 3020,Martabak,Surabaya
3021,GF-03022,Resto GrabMantap 3021,Beverages,Makassar
3022,GF-03023,Resto GrabMantap 3022,Beverages,Surabaya
3023,GF-03024,Resto GrabMantap 3023,Snacks,Tangerang
3024,GF-03025,Resto GrabMantap 3024,Snacks,Bekasi
3025,GF-03026,Resto GrabMantap 3025,Seafood,Bandung
3026,GF-03027,Resto GrabMantap 3026,Fast Food,Depok
3027,GF-03028,Resto GrabMantap 3027,Beverages,Jakarta
3028,GF-03029,Resto GrabMantap 3028,Fast Food,Surabaya
3029,GF-03030,Resto GrabMantap 3029,Seafood,Bandung
3030,GF-03031,Resto GrabMantap 3030,Ayam Geprek,Medan
3031,GF-03032,Resto GrabMantap 3031,Beverages,Depok
3032,GF-03033,Resto GrabMantap 3032,Fast Food,Bogor
3033,GF-03034,Resto GrabMantap 3033,Fast Food,Tangerang
3034,GF-03035,Resto GrabMantap 3034,Snacks,Bandung
3035,GF-03036,Resto GrabMantap 3035,Ayam Geprek,Bandung
3036,GF-03037,Resto GrabMantap 3036,Martabak,Bogor
3037,GF-03038,Resto GrabMantap 3037,Seafood,Tangerang
3038,GF-03039,Resto GrabMantap 3038,Seafood,Medan
3039,GF-03040,Resto GrabMantap 3039,Fast Food,Bandung
3040,GF-03041,Resto GrabMantap 3040,Martabak,Bandung
3041,GF-03042,Resto GrabMantap 3041,Fast Food,Bali
3042,GF-03043,Resto GrabMantap 3042,Ayam Geprek,Depok
3043,GF-03044,Resto GrabMantap 3043,Martabak,Medan
3044,GF-03045,Resto GrabMantap 3044,Fast Food,Bali
3045,GF-03046,Resto GrabMantap 3045,Beverages,Bali
3046,GF-03047,Resto GrabMantap 3046,Fast Food,Depok
3047,GF-03048,Resto GrabMantap 3047,Beverages,Bandung
3048,GF-03049,Resto GrabMantap 3048,Martabak,Bandung
3049,GF-03050,Resto GrabMantap 3049,Ayam Geprek,Jakarta
3050,GF-03051,Resto GrabMantap 3050,Snacks,Makassar
3051,GF-03052,Resto GrabMantap 3051,Martabak,Jakarta
3052,GF-03053,Resto GrabMantap 3052,Snacks,Bali
3053,GF-03054,Resto GrabMantap 3053,Seafood,Makassar
3054,GF-03055,Resto GrabMantap 3054,Beverages,Bali
3055,GF-03056,Resto GrabMantap 3055,Martabak,Bekasi
3056,GF-03057,Resto GrabMantap 3056,Ayam Geprek,Bandung
3057,GF-03058,Resto GrabMantap 3057,Ayam Geprek,Makassar
3058,GF-03059,Resto GrabMantap 3058,Seafood,Bali
3059,GF-03060,Resto GrabMantap 3059,Ayam Geprek,Makassar
3060,GF-03061,Resto GrabMantap 3060,Fast Food,Bandung
3061,GF-03062,Resto GrabMantap 3061,Seafood,Bali
3062,GF-03063,Resto GrabMantap 3062,Martabak,Makassar
3063,GF-03064,Resto GrabMantap 3063,Martabak,Bogor
3064,GF-03065,Resto GrabMantap 3064,Snacks,Bandung
3065,GF-03066,Resto GrabMantap 3065,Beverages,Makassar
3066,GF-03067,Resto GrabMantap 3066,Ayam Geprek,Medan
3067,GF-03068,Resto GrabMantap 3067,Fast Food,Medan
3068,GF-03069,Resto GrabMantap 3068,Ayam Geprek,Bali
3069,GF-03070,Resto GrabMantap 3069,Martabak,Bogor
3070,GF-03071,Resto GrabMantap 3070,Seafood,Bogor
3071,GF-03072,Resto GrabMantap 3071,Fast Food,Bekasi
3072,GF-03073,Resto GrabMantap 3072,Seafood,Makassar
3073,GF-03074,Resto GrabMantap 3073,Martabak,Tangerang
3074,GF-03075,Resto GrabMantap 3074,Fast Food,Surabaya
3075,GF-03076,Resto GrabMantap 3075,Ayam Geprek,Makassar
3076,GF-03077,Resto GrabMantap 3076,Ayam Geprek,Surabaya
3077,GF-03078,Resto GrabMantap 3077,Ayam Geprek,Bali
3078,GF-03079,Resto GrabMantap 3078,Ayam Geprek,Bandung
3079,GF-03080,Resto GrabMantap 3079,Seafood,Bogor
3080,GF-03081,Resto GrabMantap 3080,Seafood,Jakarta
3081,GF-03082,Resto GrabMantap 3081,Seafood,Medan
3082,GF-03083,Resto GrabMantap 3082,Martabak,Jakarta
3083,GF-03084,Resto GrabMantap 3083,Fast Food,Bogor
3084,GF-03085,Resto GrabMantap 3084,Martabak,Tangerang
3085,GF-03086,Resto GrabMantap 3085,Fast Food,Medan
3086,GF-03087,Resto GrabMantap 3086,Ayam Geprek,Surabaya
3087,GF-03088,Resto GrabMantap 3087,Beverages,Bandung
3088,GF-03089,Resto GrabMantap 3088,Beverages,Surabaya
3089,GF-03090,Resto GrabMantap 3089,Snacks,Makassar
3090,GF-03091,Resto GrabMantap 3090,Martabak,Depok
3091,GF-03092,Resto GrabMantap 3091,Snacks,Makassar
3092,GF-03093,Resto GrabMantap 3092,Snacks,Tangerang
3093,GF-03094,Resto GrabMantap 3093,Snacks,Surabaya
3094,GF-03095,Resto GrabMantap 3094,Fast Food,Surabaya
3095,GF-03096,Resto GrabMantap 3095,Martabak,Bogor
3096,GF-03097,Resto GrabMantap 3096,Snacks,Makassar
3097,GF-03098,Resto GrabMantap 3097,Snacks,Surabaya
3098,GF-03099,Resto GrabMantap 3098,Ayam Geprek,Surabaya
3099,GF-03100,Resto GrabMantap 3099,Ayam Geprek,Jakarta
3100,GF-03101,Resto GrabMantap 3100,Ayam Geprek,Bogor
3101,GF-03102,Resto GrabMantap 3101,Fast Food,Bekasi
3102,GF-03103,Resto GrabMantap 3102,Martabak,Makassar
3103,GF-03104,Resto GrabMantap 3103,Beverages,Jakarta
3104,GF-03105,Resto GrabMantap 3104,Snacks,Jakarta
3105,GF-03106,Resto GrabMantap 3105,Martabak,Makassar
3106,GF-03107,Resto GrabMantap 3106,Seafood,Bogor
3107,GF-03108,Resto GrabMantap 3107,Ayam Geprek,Bekasi
3108,GF-03109,Resto GrabMantap 3108,Martabak,Jakarta
3109,GF-03110,Resto GrabMantap 3109,Beverages,Jakarta
3110,GF-03111,Resto GrabMantap 3110,Seafood,Bali
3111,GF-03112,Resto GrabMantap 3111,Seafood,Bandung
3112,GF-03113,Resto GrabMantap 3112,Martabak,Depok
3113,GF-03114,Resto GrabMantap 3113,Snacks,Bekasi
3114,GF-03115,Resto GrabMantap 3114,Seafood,Tangerang
3115,GF-03116,Resto GrabMantap 3115,Fast Food,Bekasi
3116,GF-03117,Resto GrabMantap 3116,Martabak,Makassar
3117,GF-03118,Resto GrabMantap 3117,Snacks,Bandung
3118,GF-03119,Resto GrabMantap 3118,Martabak,Bandung
3119,GF-03120,Resto GrabMantap 3119,Fast Food,Depok
3120,GF-03121,Resto GrabMantap 3120,Martabak,Bandung
3121,GF-03122,Resto GrabMantap 3121,Beverages,Bogor
3122,GF-03123,Resto GrabMantap 3122,Beverages,Surabaya
3123,GF-03124,Resto GrabMantap 3123,Seafood,Bali
3124,GF-03125,Resto GrabMantap 3124,Beverages,Surabaya
3125,GF-03126,Resto GrabMantap 3125,Snacks,Medan
3126,GF-03127,Resto GrabMantap 3126,Snacks,Surabaya
3127,GF-03128,Resto GrabMantap 3127,Fast Food,Bali
3128,GF-03129,Resto GrabMantap 3128,Ayam Geprek,Tangerang
3129,GF-03130,Resto GrabMantap 3129,Ayam Geprek,Jakarta
3130,GF-03131,Resto GrabMantap 3130,Fast Food,Bekasi
3131,GF-03132,Resto GrabMantap 3131,Ayam Geprek,Makassar
3132,GF-03133,Resto GrabMantap 3132,Seafood,Medan
3133,GF-03134,Resto GrabMantap 3133,Snacks,Medan
3134,GF-03135,Resto GrabMantap 3134,Fast Food,Makassar
3135,GF-03136,Resto GrabMantap 3135,Fast Food,Makassar
3136,GF-03137,Resto GrabMantap 3136,Fast Food,Surabaya
3137,GF-03138,Resto GrabMantap 3137,Snacks,Makassar
3138,GF-03139,Resto GrabMantap 3138,Seafood,Depok
3139,GF-03140,Resto GrabMantap 3139,Fast Food,Bali
3140,GF-03141,Resto GrabMantap 3140,Ayam Geprek,Depok
3141,GF-03142,Resto GrabMantap 3141,Fast Food,Bekasi
3142,GF-03143,Resto GrabMantap 3142,Ayam Geprek,Medan
3143,GF-03144,Resto GrabMantap 3143,Beverages,Surabaya
3144,GF-03145,Resto GrabMantap 3144,Seafood,Tangerang
3145,GF-03146,Resto GrabMantap 3145,Fast Food,Makassar
3146,GF-03147,Resto GrabMantap 3146,Snacks,Bandung
3147,GF-03148,Resto GrabMantap 3147,Ayam Geprek,Bandung
3148,GF-03149,Resto GrabMantap 3148,Martabak,Surabaya
3149,GF-03150,Resto GrabMantap 3149,Snacks,Makassar
3150,GF-03151,Resto GrabMantap 3150,Snacks,Bogor
3151,GF-03152,Resto GrabMantap 3151,Ayam Geprek,Bali
3152,GF-03153,Resto GrabMantap 3152,Seafood,Bandung
3153,GF-03154,Resto GrabMantap 3153,Beverages,Makassar
3154,GF-03155,Resto GrabMantap 3154,Fast Food,Jakarta
3155,GF-03156,Resto GrabMantap 3155,Fast Food,Depok
3156,GF-03157,Resto GrabMantap 3156,Beverages,Makassar
3157,GF-03158,Resto GrabMantap 3157,Ayam Geprek,Tangerang
3158,GF-03159,Resto GrabMantap 3158,Fast Food,Makassar
3159,GF-03160,Resto GrabMantap 3159,Snacks,Depok
3160,GF-03161,Resto GrabMantap 3160,Snacks,Depok
3161,GF-03162,Resto GrabMantap 3161,Seafood,Bekasi
3162,GF-03163,Resto GrabMantap 3162,Beverages,Surabaya
3163,GF-03164,Resto GrabMantap 3163,Ayam Geprek,Bekasi
3164,GF-03165,Resto GrabMantap 3164,Fast Food,Bandung
3165,GF-03166,Resto GrabMantap 3165,Snacks,Bali
3166,GF-03167,Resto GrabMantap 3166,Snacks,Surabaya
3167,GF-03168,Resto GrabMantap 3167,Fast Food,Medan
3168,GF-03169,Resto GrabMantap 3168,Ayam Geprek,Bekasi
3169,GF-03170,Resto GrabMantap 3169,Fast Food,Depok
3170,GF-03171,Resto GrabMantap 3170,Martabak,Bali
3171,GF-03172,Resto GrabMantap 3171,Fast Food,Medan
3172,GF-03173,Resto GrabMantap 3172,Seafood,Bali
3173,GF-03174,Resto GrabMantap 3173,Martabak,Bali
3174,GF-03175,Resto GrabMantap 3174,Beverages,Bandung
3175,GF-03176,Resto GrabMantap 3175,Seafood,Jakarta
3176,GF-03177,Resto GrabMantap 3176,Beverages,Jakarta
3177,GF-03178,Resto GrabMantap 3177,Martabak,Depok
3178,GF-03179,Resto GrabMantap 3178,Fast Food,Depok
3179,GF-03180,Resto GrabMantap 3179,Ayam Geprek,Bogor
3180,GF-03181,Resto GrabMantap 3180,Seafood,Jakarta
3181,GF-03182,Resto GrabMantap 3181,Beverages,Depok
3182,GF-03183,Resto GrabMantap 3182,Seafood,Depok
3183,GF-03184,Resto GrabMantap 3183,Ayam Geprek,Bogor
3184,GF-03185,Resto GrabMantap 3184,Ayam Geprek,Depok
3185,GF-03186,Resto GrabMantap 3185,Martabak,Makassar
3186,GF-03187,Resto GrabMantap 3186,Snacks,Bogor
3187,GF-03188,Resto GrabMantap 3187,Seafood,Bogor
3188,GF-03189,Resto GrabMantap 3188,Seafood,Makassar
3189,GF-03190,Resto GrabMantap 3189,Beverages,Bandung
3190,GF-03191,Resto GrabMantap 3190,Seafood,Depok
3191,GF-03192,Resto GrabMantap 3191,Fast Food,Bekasi
3192,GF-03193,Resto GrabMantap 3192,Fast Food,Bekasi
3193,GF-03194,Resto GrabMantap 3193,Seafood,Medan
3194,GF-03195,Resto GrabMantap 3194,Ayam Geprek,Jakarta
3195,GF-03196,Resto GrabMantap 3195,Beverages,Makassar
3196,GF-03197,Resto GrabMantap 3196,Snacks,Depok
3197,GF-03198,Resto GrabMantap 3197,Ayam Geprek,Bekasi
3198,GF-03199,Resto GrabMantap 3198,Martabak,Bandung
3199,GF-03200,Resto GrabMantap 3199,Ayam Geprek,Jakarta
3200,GF-03201,Resto GrabMantap 3200,Martabak,Tangerang
3201,GF-03202,Resto GrabMantap 3201,Snacks,Jakarta
3202,GF-03203,Resto GrabMantap 3202,Fast Food,Makassar
3203,GF-03204,Resto GrabMantap 3203,Seafood,Medan
3204,GF-03205,Resto GrabMantap 3204,Ayam Geprek,Bekasi
3205,GF-03206,Resto GrabMantap 3205,Martabak,Jakarta
3206,GF-03207,Resto GrabMantap 3206,Fast Food,Bogor
3207,GF-03208,Resto GrabMantap 3207,Fast Food,Bekasi
3208,GF-03209,Resto GrabMantap 3208,Snacks,Depok
3209,GF-03210,Resto GrabMantap 3209,Beverages,Tangerang
3210,GF-03211,Resto GrabMantap 3210,Snacks,Jakarta
3211,GF-03212,Resto GrabMantap 3211,Seafood,Bekasi
3212,GF-03213,Resto GrabMantap 3212,Ayam Geprek,Bekasi
3213,GF-03214,Resto GrabMantap 3213,Fast Food,Medan
3214,GF-03215,Resto GrabMantap 3214,Snacks,Bogor
3215,GF-03216,Resto GrabMantap 3215,Beverages,Jakarta
3216,GF-03217,Resto GrabMantap 3216,Beverages,Bandung
3217,GF-03218,Resto GrabMantap 3217,Fast Food,Bali
3218,GF-03219,Resto GrabMantap 3218,Seafood,Depok
3219,GF-03220,Resto GrabMantap 3219,Beverages,Tangerang
3220,GF-03221,Resto GrabMantap 3220,Martabak,Bandung
3221,GF-03222,Resto GrabMantap 3221,Beverages,Surabaya
3222,GF-03223,Resto GrabMantap 3222,Beverages,Bekasi
3223,GF-03224,Resto GrabMantap 3223,Snacks,Bandung
3224,GF-03225,Resto GrabMantap 3224,Martabak,Bandung
3225,GF-03226,Resto GrabMantap 3225,Snacks,Surabaya
3226,GF-03227,Resto GrabMantap 3226,Martabak,Makassar
3227,GF-03228,Resto GrabMantap 3227,Beverages,Bali
3228,GF-03229,Resto GrabMantap 3228,Seafood,Surabaya
3229,GF-03230,Resto GrabMantap 3229,Snacks,Surabaya
3230,GF-03231,Resto GrabMantap 3230,Seafood,Medan
3231,GF-03232,Resto GrabMantap 3231,Ayam Geprek,Medan
3232,GF-03233,Resto GrabMantap 3232,Beverages,Bali
3233,GF-03234,Resto GrabMantap 3233,Ayam Geprek,Jakarta
3234,GF-03235,Resto GrabMantap 3234,Seafood,Tangerang
3235,GF-03236,Resto GrabMantap 3235,Fast Food,Makassar
3236,GF-03237,Resto GrabMantap 3236,Martabak,Depok
3237,GF-03238,Resto GrabMantap 3237,Ayam Geprek,Bogor
3238,GF-03239,Resto GrabMantap 3238,Seafood,Bandung
3239,GF-03240,Resto GrabMantap 3239,Fast Food,Bandung
3240,GF-03241,Resto GrabMantap 3240,Seafood,Surabaya
3241,GF-03242,Resto GrabMantap 3241,Ayam Geprek,Bali
3242,GF-03243,Resto GrabMantap 3242,Beverages,Jakarta
3243,GF-03244,Resto GrabMantap 3243,Beverages,Bogor
3244,GF-03245,Resto GrabMantap 3244,Seafood,Bekasi
3245,GF-03246,Resto GrabMantap 3245,Seafood,Medan
3246,GF-03247,Resto GrabMantap 3246,Beverages,Depok
3247,GF-03248,Resto GrabMantap 3247,Ayam Geprek,Makassar
3248,GF-03249,Resto GrabMantap 3248,Beverages,Jakarta
3249,GF-03250,Resto GrabMantap 3249,Seafood,Bogor
3250,GF-03251,Resto GrabMantap 3250,Snacks,Bali
3251,GF-03252,Resto GrabMantap 3251,Snacks,Bogor
3252,GF-03253,Resto GrabMantap 3252,Snacks,Makassar
3253,GF-03254,Resto GrabMantap 3253,Ayam Geprek,Bali
3254,GF-03255,Resto GrabMantap 3254,Beverages,Depok
3255,GF-03256,Resto GrabMantap 3255,Ayam Geprek,Depok
3256,GF-03257,Resto GrabMantap 3256,Snacks,Medan
3257,GF-03258,Resto GrabMantap 3257,Martabak,Bekasi
3258,GF-03259,Resto GrabMantap 3258,Beverages,Tangerang
3259,GF-03260,Resto GrabMantap 3259,Ayam Geprek,Bekasi
3260,GF-03261,Resto GrabMantap 3260,Seafood,Tangerang
3261,GF-03262,Resto GrabMantap 3261,Fast Food,Bandung
3262,GF-03263,Resto GrabMantap 3262,Martabak,Depok
3263,GF-03264,Resto GrabMantap 3263,Martabak,Bekasi
3264,GF-03265,Resto GrabMantap 3264,Beverages,Bekasi
3265,GF-03266,Resto GrabMantap 3265,Snacks,Bekasi
3266,GF-03267,Resto GrabMantap 3266,Martabak,Bandung
3267,GF-03268,Resto GrabMantap 3267,Fast Food,Bekasi
3268,GF-03269,Resto GrabMantap 3268,Martabak,Surabaya
3269,GF-03270,Resto GrabMantap 3269,Fast Food,Depok
3270,GF-03271,Resto GrabMantap 3270,Ayam Geprek,Bekasi
3271,GF-03272,Resto GrabMantap 3271,Fast Food,Bekasi
3272,GF-03273,Resto GrabMantap 3272,Beverages,Surabaya
3273,GF-03274,Resto GrabMantap 3273,Snacks,Bekasi
3274,GF-03275,Resto GrabMantap 3274,Beverages,Bali
3275,GF-03276,Resto GrabMantap 3275,Ayam Geprek,Medan
3276,GF-03277,Resto GrabMantap 3276,Martabak,Bogor
3277,GF-03278,Resto GrabMantap 3277,Snacks,Surabaya
3278,GF-03279,Resto GrabMantap 3278,Martabak,Jakarta
3279,GF-03280,Resto GrabMantap 3279,Ayam Geprek,Bekasi
3280,GF-03281,Resto GrabMantap 3280,Ayam Geprek,Bali
3281,GF-03282,Resto GrabMantap 3281,Ayam Geprek,Tangerang
3282,GF-03283,Resto GrabMantap 3282,Ayam Geprek,Medan
3283,GF-03284,Resto GrabMantap 3283,Seafood,Bali
3284,GF-03285,Resto GrabMantap 3284,Seafood,Bogor
3285,GF-03286,Resto GrabMantap 3285,Seafood,Makassar
3286,GF-03287,Resto GrabMantap 3286,Ayam Geprek,Bogor
3287,GF-03288,Resto GrabMantap 3287,Ayam Geprek,Jakarta
3288,GF-03289,Resto GrabMantap 3288,Beverages,Bandung
3289,GF-03290,Resto GrabMantap 3289,Martabak,Bogor
3290,GF-03291,Resto GrabMantap 3290,Martabak,Bekasi
3291,GF-03292,Resto GrabMantap 3291,Snacks,Tangerang
3292,GF-03293,Resto GrabMantap 3292,Ayam Geprek,Bekasi
3293,GF-03294,Resto GrabMantap 3293,Seafood,Tangerang
3294,GF-03295,Resto GrabMantap 3294,Ayam Geprek,Surabaya
3295,GF-03296,Resto GrabMantap 3295,Beverages,Bogor
3296,GF-03297,Resto GrabMantap 3296,Snacks,Bogor
3297,GF-03298,Resto GrabMantap 3297,Beverages,Makassar
3298,GF-03299,Resto GrabMantap 3298,Seafood,Makassar
3299,GF-03300,Resto GrabMantap 3299,Snacks,Bogor
3300,GF-03301,Resto GrabMantap 3300,Martabak,Makassar
3301,GF-03302,Resto GrabMantap 3301,Ayam Geprek,Tangerang
3302,GF-03303,Resto GrabMantap 3302,Snacks,Bogor
3303,GF-03304,Resto GrabMantap 3303,Ayam Geprek,Surabaya
3304,GF-03305,Resto GrabMantap 3304,Seafood,Depok
3305,GF-03306,Resto GrabMantap 3305,Ayam Geprek,Tangerang
3306,GF-03307,Resto GrabMantap 3306,Ayam Geprek,Bogor
3307,GF-03308,Resto GrabMantap 3307,Ayam Geprek,Medan
3308,GF-03309,Resto GrabMantap 3308,Snacks,Bandung
3309,GF-03310,Resto GrabMantap 3309,Beverages,Bogor
3310,GF-03311,Resto GrabMantap 3310,Ayam Geprek,Jakarta
3311,GF-03312,Resto GrabMantap 3311,Beverages,Bali
3312,GF-03313,Resto GrabMantap 3312,Ayam Geprek,Bogor
3313,GF-03314,Resto GrabMantap 3313,Beverages,Bogor
3314,GF-03315,Resto GrabMantap 3314,Martabak,Surabaya
3315,GF-03316,Resto GrabMantap 3315,Seafood,Surabaya
3316,GF-03317,Resto GrabMantap 3316,Ayam Geprek,Bandung
3317,GF-03318,Resto GrabMantap 3317,Martabak,Tangerang
3318,GF-03319,Resto GrabMantap 3318,Ayam Geprek,Surabaya
3319,GF-03320,Resto GrabMantap 3319,Beverages,Jakarta
3320,GF-03321,Resto GrabMantap 3320,Seafood,Makassar
3321,GF-03322,Resto GrabMantap 3321,Martabak,Bekasi
3322,GF-03323,Resto GrabMantap 3322,Seafood,Bali
3323,GF-03324,Resto GrabMantap 3323,Seafood,Bandung
3324,GF-03325,Resto GrabMantap 3324,Fast Food,Surabaya
3325,GF-03326,Resto GrabMantap 3325,Beverages,Makassar
3326,GF-03327,Resto GrabMantap 3326,Martabak,Makassar
3327,GF-03328,Resto GrabMantap 3327,Ayam Geprek,Bekasi
3328,GF-03329,Resto GrabMantap 3328,Seafood,Bekasi
3329,GF-03330,Resto GrabMantap 3329,Snacks,Depok
3330,GF-03331,Resto GrabMantap 3330,Beverages,Bogor
3331,GF-03332,Resto GrabMantap 3331,Snacks,Depok
3332,GF-03333,Resto GrabMantap 3332,Seafood,Surabaya
3333,GF-03334,Resto GrabMantap 3333,Seafood,Medan
3334,GF-03335,Resto GrabMantap 3334,Snacks,Bali
3335,GF-03336,Resto GrabMantap 3335,Seafood,Tangerang
3336,GF-03337,Resto GrabMantap 3336,Fast Food,Bali
3337,GF-03338,Resto GrabMantap 3337,Snacks,Jakarta
3338,GF-03339,Resto GrabMantap 3338,Fast Food,Surabaya
3339,GF-03340,Resto GrabMantap 3339,Martabak,Bali
3340,GF-03341,Resto GrabMantap 3340,Beverages,Bali
3341,GF-03342,Resto GrabMantap 3341,Fast Food,Bogor
3342,GF-03343,Resto GrabMantap 3342,Snacks,Medan
3343,GF-03344,Resto GrabMantap 3343,Seafood,Jakarta
3344,GF-03345,Resto GrabMantap 3344,Beverages,Tangerang
3345,GF-03346,Resto GrabMantap 3345,Fast Food,Bali
3346,GF-03347,Resto GrabMantap 3346,Snacks,Medan
3347,GF-03348,Resto GrabMantap 3347,Snacks,Jakarta
3348,GF-03349,Resto GrabMantap 3348,Ayam Geprek,Tangerang
3349,GF-03350,Resto GrabMantap 3349,Fast Food,Makassar
3350,GF-03351,Resto GrabMantap 3350,Seafood,Medan
3351,GF-03352,Resto GrabMantap 3351,Beverages,Bekasi
3352,GF-03353,Resto GrabMantap 3352,Fast Food,Bandung
3353,GF-03354,Resto GrabMantap 3353,Beverages,Depok
3354,GF-03355,Resto GrabMantap 3354,Seafood,Jakarta
3355,GF-03356,Resto GrabMantap 3355,Seafood,Bekasi
3356,GF-03357,Resto GrabMantap 3356,Fast Food,Depok
3357,GF-03358,Resto GrabMantap 3357,Martabak,Depok
3358,GF-03359,Resto GrabMantap 3358,Seafood,Bandung
3359,GF-03360,Resto GrabMantap 3359,Martabak,Tangerang
3360,GF-03361,Resto GrabMantap 3360,Ayam Geprek,Makassar
3361,GF-03362,Resto GrabMantap 3361,Fast Food,Medan
3362,GF-03363,Resto GrabMantap 3362,Fast Food,Bekasi
3363,GF-03364,Resto GrabMantap 3363,Beverages,Medan
3364,GF-03365,Resto GrabMantap 3364,Beverages,Depok
3365,GF-03366,Resto GrabMantap 3365,Ayam Geprek,Tangerang
3366,GF-03367,Resto GrabMantap 3366,Beverages,Tangerang
3367,GF-03368,Resto GrabMantap 3367,Snacks,Bogor
3368,GF-03369,Resto GrabMantap 3368,Martabak,Makassar
3369,GF-03370,Resto GrabMantap 3369,Snacks,Depok
3370,GF-03371,Resto GrabMantap 3370,Ayam Geprek,Tangerang
3371,GF-03372,Resto GrabMantap 3371,Fast Food,Bogor
3372,GF-03373,Resto GrabMantap 3372,Fast Food,Bekasi
3373,GF-03374,Resto GrabMantap 3373,Martabak,Makassar
3374,GF-03375,Resto GrabMantap 3374,Beverages,Tangerang
3375,GF-03376,Resto GrabMantap 3375,Ayam Geprek,Bandung
3376,GF-03377,Resto GrabMantap 3376,Seafood,Bandung
3377,GF-03378,Resto GrabMantap 3377,Ayam Geprek,Jakarta
3378,GF-03379,Resto GrabMantap 3378,Beverages,Jakarta
3379,GF-03380,Resto GrabMantap 3379,Seafood,Makassar
3380,GF-03381,Resto GrabMantap 3380,Martabak,Depok
3381,GF-03382,Resto GrabMantap 3381,Snacks,Bali
3382,GF-03383,Resto GrabMantap 3382,Martabak,Surabaya
3383,GF-03384,Resto GrabMantap 3383,Martabak,Depok
3384,GF-03385,Resto GrabMantap 3384,Fast Food,Bekasi
3385,GF-03386,Resto GrabMantap 3385,Ayam Geprek,Jakarta
3386,GF-03387,Resto GrabMantap 3386,Martabak,Depok
3387,GF-03388,Resto GrabMantap 3387,Martabak,Bali
3388,GF-03389,Resto GrabMantap 3388,Ayam Geprek,Bogor
3389,GF-03390,Resto GrabMantap 3389,Beverages,Bandung
3390,GF-03391,Resto GrabMantap 3390,Fast Food,Jakarta
3391,GF-03392,Resto GrabMantap 3391,Beverages,Bandung
3392,GF-03393,Resto GrabMantap 3392,Martabak,Bandung
3393,GF-03394,Resto GrabMantap 3393,Seafood,Depok
3394,GF-03395,Resto GrabMantap 3394,Ayam Geprek,Bandung
3395,GF-03396,Resto GrabMantap 3395,Beverages,Surabaya
3396,GF-03397,Resto GrabMantap 3396,Martabak,Bali
3397,GF-03398,Resto GrabMantap 3397,Fast Food,Medan
3398,GF-03399,Resto GrabMantap 3398,Martabak,Surabaya
3399,GF-03400,Resto GrabMantap 3399,Martabak,Surabaya
3400,GF-03401,Resto GrabMantap 3400,Snacks,Bali
3401,GF-03402,Resto GrabMantap 3401,Martabak,Medan
3402,GF-03403,Resto GrabMantap 3402,Martabak,Bekasi
3403,GF-03404,Resto GrabMantap 3403,Beverages,Makassar
3404,GF-03405,Resto GrabMantap 3404,Seafood,Surabaya
3405,GF-03406,Resto GrabMantap 3405,Beverages,Medan
3406,GF-03407,Resto GrabMantap 3406,Ayam Geprek,Bandung
3407,GF-03408,Resto GrabMantap 3407,Snacks,Bogor
3408,GF-03409,Resto GrabMantap 3408,Ayam Geprek,Bekasi
3409,GF-03410,Resto GrabMantap 3409,Ayam Geprek,Medan
3410,GF-03411,Resto GrabMantap 3410,Beverages,Medan
3411,GF-03412,Resto GrabMantap 3411,Snacks,Makassar
3412,GF-03413,Resto GrabMantap 3412,Fast Food,Makassar
3413,GF-03414,Resto GrabMantap 3413,Martabak,Bogor
3414,GF-03415,Resto GrabMantap 3414,Ayam Geprek,Bali
3415,GF-03416,Resto GrabMantap 3415,Beverages,Bogor
3416,GF-03417,Resto GrabMantap 3416,Fast Food,Bandung
3417,GF-03418,Resto GrabMantap 3417,Ayam Geprek,Jakarta
3418,GF-03419,Resto GrabMantap 3418,Seafood,Bekasi
3419,GF-03420,Resto GrabMantap 3419,Fast Food,Makassar
3420,GF-03421,Resto GrabMantap 3420,Beverages,Tangerang
3421,GF-03422,Resto GrabMantap 3421,Ayam Geprek,Makassar
3422,GF-03423,Resto GrabMantap 3422,Snacks,Bekasi
3423,GF-03424,Resto GrabMantap 3423,Fast Food,Tangerang
3424,GF-03425,Resto GrabMantap 3424,Martabak,Bogor
3425,GF-03426,Resto GrabMantap 3425,Beverages,Bogor
3426,GF-03427,Resto GrabMantap 3426,Martabak,Bekasi
3427,GF-03428,Resto GrabMantap 3427,Seafood,Bogor
3428,GF-03429,Resto GrabMantap 3428,Snacks,Jakarta
3429,GF-03430,Resto GrabMantap 3429,Snacks,Bandung
3430,GF-03431,Resto GrabMantap 3430,Martabak,Surabaya
3431,GF-03432,Resto GrabMantap 3431,Beverages,Bogor
3432,GF-03433,Resto GrabMantap 3432,Fast Food,Bandung
3433,GF-03434,Resto GrabMantap 3433,Ayam Geprek,Medan
3434,GF-03435,Resto GrabMantap 3434,Fast Food,Bekasi
3435,GF-03436,Resto GrabMantap 3435,Seafood,Tangerang
3436,GF-03437,Resto GrabMantap 3436,Fast Food,Jakarta
3437,GF-03438,Resto GrabMantap 3437,Snacks,Bandung
3438,GF-03439,Resto GrabMantap 3438,Fast Food,Jakarta
3439,GF-03440,Resto GrabMantap 3439,Fast Food,Surabaya
3440,GF-03441,Resto GrabMantap 3440,Fast Food,Bogor
3441,GF-03442,Resto GrabMantap 3441,Fast Food,Surabaya
3442,GF-03443,Resto GrabMantap 3442,Beverages,Bandung
3443,GF-03444,Resto GrabMantap 3443,Martabak,Bandung
3444,GF-03445,Resto GrabMantap 3444,Seafood,Bandung
3445,GF-03446,Resto GrabMantap 3445,Beverages,Jakarta
3446,GF-03447,Resto GrabMantap 3446,Snacks,Surabaya
3447,GF-03448,Resto GrabMantap 3447,Fast Food,Bogor
3448,GF-03449,Resto GrabMantap 3448,Beverages,Bogor
3449,GF-03450,Resto GrabMantap 3449,Snacks,Depok
3450,GF-03451,Resto GrabMantap 3450,Snacks,Bekasi
3451,GF-03452,Resto GrabMantap 3451,Martabak,Medan
3452,GF-03453,Resto GrabMantap 3452,Snacks,Bogor
3453,GF-03454,Resto GrabMantap 3453,Martabak,Jakarta
3454,GF-03455,Resto GrabMantap 3454,Beverages,Bandung
3455,GF-03456,Resto GrabMantap 3455,Seafood,Bali
3456,GF-03457,Resto GrabMantap 3456,Ayam Geprek,Bekasi
3457,GF-03458,Resto GrabMantap 3457,Seafood,Surabaya
3458,GF-03459,Resto GrabMantap 3458,Snacks,Makassar
3459,GF-03460,Resto GrabMantap 3459,Snacks,Jakarta
3460,GF-03461,Resto GrabMantap 3460,Seafood,Bekasi
3461,GF-03462,Resto GrabMantap 3461,Seafood,Bandung
3462,GF-03463,Resto GrabMantap 3462,Fast Food,Depok
3463,GF-03464,Resto GrabMantap 3463,Beverages,Surabaya
3464,GF-03465,Resto GrabMantap 3464,Martabak,Bogor
3465,GF-03466,Resto GrabMantap 3465,Seafood,Makassar
3466,GF-03467,Resto GrabMantap 3466,Ayam Geprek,Bekasi
3467,GF-03468,Resto GrabMantap 3467,Martabak,Medan
3468,GF-03469,Resto GrabMantap 3468,Martabak,Makassar
3469,GF-03470,Resto GrabMantap 3469,Fast Food,Jakarta
3470,GF-03471,Resto GrabMantap 3470,Martabak,Depok
3471,GF-03472,Resto GrabMantap 3471,Snacks,Tangerang
3472,GF-03473,Resto GrabMantap 3472,Martabak,Tangerang
3473,GF-03474,Resto GrabMantap 3473,Martabak,Depok
3474,GF-03475,Resto GrabMantap 3474,Seafood,Depok
3475,GF-03476,Resto GrabMantap 3475,Ayam Geprek,Surabaya
3476,GF-03477,Resto GrabMantap 3476,Seafood,Bandung
3477,GF-03478,Resto GrabMantap 3477,Martabak,Jakarta
3478,GF-03479,Resto GrabMantap 3478,Beverages,Bogor
3479,GF-03480,Resto GrabMantap 3479,Fast Food,Surabaya
3480,GF-03481,Resto GrabMantap 3480,Fast Food,Depok
3481,GF-03482,Resto GrabMantap 3481,Seafood,Makassar
3482,GF-03483,Resto GrabMantap 3482,Beverages,Bali
3483,GF-03484,Resto GrabMantap 3483,Snacks,Makassar
3484,GF-03485,Resto GrabMantap 3484,Seafood,Bekasi
3485,GF-03486,Resto GrabMantap 3485,Snacks,Depok
3486,GF-03487,Resto GrabMantap 3486,Martabak,Surabaya
3487,GF-03488,Resto GrabMantap 3487,Martabak,Bogor
3488,GF-03489,Resto GrabMantap 3488,Snacks,Bekasi
3489,GF-03490,Resto GrabMantap 3489,Ayam Geprek,Bali
3490,GF-03491,Resto GrabMantap 3490,Seafood,Bekasi
3491,GF-03492,Resto GrabMantap 3491,Martabak,Bandung
3492,GF-03493,Resto GrabMantap 3492,Ayam Geprek,Bekasi
3493,GF-03494,Resto GrabMantap 3493,Martabak,Makassar
3494,GF-03495,Resto GrabMantap 3494,Martabak,Jakarta
3495,GF-03496,Resto GrabMantap 3495,Fast Food,Bali
3496,GF-03497,Resto GrabMantap 3496,Ayam Geprek,Bandung
3497,GF-03498,Resto GrabMantap 3497,Martabak,Medan
3498,GF-03499,Resto GrabMantap 3498,Beverages,Tangerang
3499,GF-03500,Resto GrabMantap 3499,Seafood,Bekasi
3500,GF-03501,Resto GrabMantap 3500,Beverages,Jakarta
3501,GF-03502,Resto GrabMantap 3501,Seafood,Bali
3502,GF-03503,Resto GrabMantap 3502,Fast Food,Bandung
3503,GF-03504,Resto GrabMantap 3503,Beverages,Jakarta
3504,GF-03505,Resto GrabMantap 3504,Fast Food,Tangerang
3505,GF-03506,Resto GrabMantap 3505,Snacks,Jakarta
3506,GF-03507,Resto GrabMantap 3506,Martabak,Bekasi
3507,GF-03508,Resto GrabMantap 3507,Seafood,Bandung
3508,GF-03509,Resto GrabMantap 3508,Ayam Geprek,Surabaya
3509,GF-03510,Resto GrabMantap 3509,Martabak,Tangerang
3510,GF-03511,Resto GrabMantap 3510,Ayam Geprek,Makassar
3511,GF-03512,Resto GrabMantap 3511,Beverages,Medan
3512,GF-03513,Resto GrabMantap 3512,Seafood,Bali
3513,GF-03514,Resto GrabMantap 3513,Beverages,Tangerang
3514,GF-03515,Resto GrabMantap 3514,Seafood,Surabaya
3515,GF-03516,Resto GrabMantap 3515,Snacks,Bali
3516,GF-03517,Resto GrabMantap 3516,Ayam Geprek,Surabaya
3517,GF-03518,Resto GrabMantap 3517,Fast Food,Jakarta
3518,GF-03519,Resto GrabMantap 3518,Fast Food,Surabaya
3519,GF-03520,Resto GrabMantap 3519,Martabak,Bali
3520,GF-03521,Resto GrabMantap 3520,Snacks,Bogor
3521,GF-03522,Resto GrabMantap 3521,Ayam Geprek,Bekasi
3522,GF-03523,Resto GrabMantap 3522,Snacks,Bandung
3523,GF-03524,Resto GrabMantap 3523,Martabak,Bekasi
3524,GF-03525,Resto GrabMantap 3524,Ayam Geprek,Bandung
3525,GF-03526,Resto GrabMantap 3525,Beverages,Bogor
3526,GF-03527,Resto GrabMantap 3526,Snacks,Tangerang
3527,GF-03528,Resto GrabMantap 3527,Beverages,Bekasi
3528,GF-03529,Resto GrabMantap 3528,Snacks,Depok
3529,GF-03530,Resto GrabMantap 3529,Ayam Geprek,Depok
3530,GF-03531,Resto GrabMantap 3530,Beverages,Makassar
3531,GF-03532,Resto GrabMantap 3531,Martabak,Medan
3532,GF-03533,Resto GrabMantap 3532,Seafood,Bandung
3533,GF-03534,Resto GrabMantap 3533,Ayam Geprek,Surabaya
3534,GF-03535,Resto GrabMantap 3534,Martabak,Makassar
3535,GF-03536,Resto GrabMantap 3535,Martabak,Makassar
3536,GF-03537,Resto GrabMantap 3536,Beverages,Depok
3537,GF-03538,Resto GrabMantap 3537,Martabak,Bandung
3538,GF-03539,Resto GrabMantap 3538,Snacks,Depok
3539,GF-03540,Resto GrabMantap 3539,Martabak,Medan
3540,GF-03541,Resto GrabMantap 3540,Seafood,Jakarta
3541,GF-03542,Resto GrabMantap 3541,Seafood,Jakarta
3542,GF-03543,Resto GrabMantap 3542,Snacks,Medan
3543,GF-03544,Resto GrabMantap 3543,Fast Food,Bandung
3544,GF-03545,Resto GrabMantap 3544,Martabak,Surabaya
3545,GF-03546,Resto GrabMantap 3545,Ayam Geprek,Surabaya
3546,GF-03547,Resto GrabMantap 3546,Snacks,Surabaya
3547,GF-03548,Resto GrabMantap 3547,Martabak,Jakarta
3548,GF-03549,Resto GrabMantap 3548,Martabak,Surabaya
3549,GF-03550,Resto GrabMantap 3549,Fast Food,Bali
3550,GF-03551,Resto GrabMantap 3550,Ayam Geprek,Surabaya
3551,GF-03552,Resto GrabMantap 3551,Ayam Geprek,Bogor
3552,GF-03553,Resto GrabMantap 3552,Beverages,Bandung
3553,GF-03554,Resto GrabMantap 3553,Fast Food,Bekasi
3554,GF-03555,Resto GrabMantap 3554,Fast Food,Bandung
3555,GF-03556,Resto GrabMantap 3555,Ayam Geprek,Bali
3556,GF-03557,Resto GrabMantap 3556,Martabak,Bogor
3557,GF-03558,Resto GrabMantap 3557,Martabak,Depok
3558,GF-03559,Resto GrabMantap 3558,Ayam Geprek,Bogor
3559,GF-03560,Resto GrabMantap 3559,Beverages,Jakarta
3560,GF-03561,Resto GrabMantap 3560,Ayam Geprek,Depok
3561,GF-03562,Resto GrabMantap 3561,Seafood,Bogor
3562,GF-03563,Resto GrabMantap 3562,Martabak,Makassar
3563,GF-03564,Resto GrabMantap 3563,Beverages,Bandung
3564,GF-03565,Resto GrabMantap 3564,Beverages,Depok
3565,GF-03566,Resto GrabMantap 3565,Snacks,Surabaya
3566,GF-03567,Resto GrabMantap 3566,Ayam Geprek,Bogor
3567,GF-03568,Resto GrabMantap 3567,Martabak,Medan
3568,GF-03569,Resto GrabMantap 3568,Beverages,Surabaya
3569,GF-03570,Resto GrabMantap 3569,Fast Food,Jakarta
3570,GF-03571,Resto GrabMantap 3570,Ayam Geprek,Bali
3571,GF-03572,Resto GrabMantap 3571,Martabak,Bali
3572,GF-03573,Resto GrabMantap 3572,Fast Food,Bali
3573,GF-03574,Resto GrabMantap 3573,Seafood,Bogor
3574,GF-03575,Resto GrabMantap 3574,Snacks,Bandung
3575,GF-03576,Resto GrabMantap 3575,Beverages,Surabaya
3576,GF-03577,Resto GrabMantap 3576,Seafood,Bekasi
3577,GF-03578,Resto GrabMantap 3577,Martabak,Tangerang
3578,GF-03579,Resto GrabMantap 3578,Fast Food,Jakarta
3579,GF-03580,Resto GrabMantap 3579,Snacks,Jakarta
3580,GF-03581,Resto GrabMantap 3580,Ayam Geprek,Bekasi
3581,GF-03582,Resto GrabMantap 3581,Snacks,Makassar
3582,GF-03583,Resto GrabMantap 3582,Fast Food,Surabaya
3583,GF-03584,Resto GrabMantap 3583,Beverages,Medan
3584,GF-03585,Resto GrabMantap 3584,Ayam Geprek,Bogor
3585,GF-03586,Resto GrabMantap 3585,Fast Food,Jakarta
3586,GF-03587,Resto GrabMantap 3586,Snacks,Makassar
3587,GF-03588,Resto GrabMantap 3587,Fast Food,Bekasi
3588,GF-03589,Resto GrabMantap 3588,Beverages,Depok
3589,GF-03590,Resto GrabMantap 3589,Ayam Geprek,Bandung
3590,GF-03591,Resto GrabMantap 3590,Martabak,Makassar
3591,GF-03592,Resto GrabMantap 3591,Fast Food,Medan
3592,GF-03593,Resto GrabMantap 3592,Fast Food,Surabaya
3593,GF-03594,Resto GrabMantap 3593,Seafood,Bali
3594,GF-03595,Resto GrabMantap 3594,Seafood,Surabaya
3595,GF-03596,Resto GrabMantap 3595,Beverages,Bandung
3596,GF-03597,Resto GrabMantap 3596,Ayam Geprek,Depok
3597,GF-03598,Resto GrabMantap 3597,Beverages,Bali
3598,GF-03599,Resto GrabMantap 3598,Ayam Geprek,Bandung
3599,GF-03600,Resto GrabMantap 3599,Snacks,Bogor
3600,GF-03601,Resto GrabMantap 3600,Beverages,Tangerang
3601,GF-03602,Resto GrabMantap 3601,Martabak,Bekasi
3602,GF-03603,Resto GrabMantap 3602,Snacks,Bali
3603,GF-03604,Resto GrabMantap 3603,Ayam Geprek,Bandung
3604,GF-03605,Resto GrabMantap 3604,Snacks,Makassar
3605,GF-03606,Resto GrabMantap 3605,Martabak,Medan
3606,GF-03607,Resto GrabMantap 3606,Beverages,Surabaya
3607,GF-03608,Resto GrabMantap 3607,Martabak,Tangerang
3608,GF-03609,Resto GrabMantap 3608,Beverages,Depok
3609,GF-03610,Resto GrabMantap 3609,Seafood,Bali
3610,GF-03611,Resto GrabMantap 3610,Seafood,Bandung
3611,GF-03612,Resto GrabMantap 3611,Fast Food,Jakarta
3612,GF-03613,Resto GrabMantap 3612,Seafood,Jakarta
3613,GF-03614,Resto GrabMantap 3613,Fast Food,Tangerang
3614,GF-03615,Resto GrabMantap 3614,Fast Food,Bogor
3615,GF-03616,Resto GrabMantap 3615,Ayam Geprek,Makassar
3616,GF-03617,Resto GrabMantap 3616,Martabak,Depok
3617,GF-03618,Resto GrabMantap 3617,Seafood,Jakarta
3618,GF-03619,Resto GrabMantap 3618,Seafood,Medan
3619,GF-03620,Resto GrabMantap 3619,Seafood,Jakarta
3620,GF-03621,Resto GrabMantap 3620,Ayam Geprek,Bandung
3621,GF-03622,Resto GrabMantap 3621,Martabak,Bandung
3622,GF-03623,Resto GrabMantap 3622,Snacks,Bali
3623,GF-03624,Resto GrabMantap 3623,Martabak,Bandung
3624,GF-03625,Resto GrabMantap 3624,Seafood,Surabaya
3625,GF-03626,Resto GrabMantap 3625,Fast Food,Makassar
3626,GF-03627,Resto GrabMantap 3626,Seafood,Makassar
3627,GF-03628,Resto GrabMantap 3627,Beverages,Bogor
3628,GF-03629,Resto GrabMantap 3628,Beverages,Bali
3629,GF-03630,Resto GrabMantap 3629,Fast Food,Makassar
3630,GF-03631,Resto GrabMantap 3630,Beverages,Jakarta
3631,GF-03632,Resto GrabMantap 3631,Beverages,Bandung
3632,GF-03633,Resto GrabMantap 3632,Seafood,Surabaya
3633,GF-03634,Resto GrabMantap 3633,Fast Food,Medan
3634,GF-03635,Resto GrabMantap 3634,Seafood,Depok
3635,GF-03636,Resto GrabMantap 3635,Ayam Geprek,Surabaya
3636,GF-03637,Resto GrabMantap 3636,Fast Food,Makassar
3637,GF-03638,Resto GrabMantap 3637,Ayam Geprek,Tangerang
3638,GF-03639,Resto GrabMantap 3638,Ayam Geprek,Tangerang
3639,GF-03640,Resto GrabMantap 3639,Fast Food,Jakarta
3640,GF-03641,Resto GrabMantap 3640,Ayam Geprek,Bogor
3641,GF-03642,Resto GrabMantap 3641,Fast Food,Bekasi
3642,GF-03643,Resto GrabMantap 3642,Snacks,Depok
3643,GF-03644,Resto GrabMantap 3643,Ayam Geprek,Tangerang
3644,GF-03645,Resto GrabMantap 3644,Martabak,Bandung
3645,GF-03646,Resto GrabMantap 3645,Snacks,Jakarta
3646,GF-03647,Resto GrabMantap 3646,Martabak,Bali
3647,GF-03648,Resto GrabMantap 3647,Seafood,Medan
3648,GF-03649,Resto GrabMantap 3648,Fast Food,Tangerang
3649,GF-03650,Resto GrabMantap 3649,Martabak,Bali
3650,GF-03651,Resto GrabMantap 3650,Seafood,Bekasi
3651,GF-03652,Resto GrabMantap 3651,Snacks,Depok
3652,GF-03653,Resto GrabMantap 3652,Ayam Geprek,Jakarta
3653,GF-03654,Resto GrabMantap 3653,Ayam Geprek,Jakarta
3654,GF-03655,Resto GrabMantap 3654,Seafood,Makassar
3655,GF-03656,Resto GrabMantap 3655,Ayam Geprek,Medan
3656,GF-03657,Resto GrabMantap 3656,Seafood,Bogor
3657,GF-03658,Resto GrabMantap 3657,Beverages,Bekasi
3658,GF-03659,Resto GrabMantap 3658,Martabak,Depok
3659,GF-03660,Resto GrabMantap 3659,Snacks,Depok
3660,GF-03661,Resto GrabMantap 3660,Seafood,Depok
3661,GF-03662,Resto GrabMantap 3661,Snacks,Depok
3662,GF-03663,Resto GrabMantap 3662,Beverages,Bali
3663,GF-03664,Resto GrabMantap 3663,Fast Food,Depok
3664,GF-03665,Resto GrabMantap 3664,Fast Food,Surabaya
3665,GF-03666,Resto GrabMantap 3665,Snacks,Medan
3666,GF-03667,Resto GrabMantap 3666,Ayam Geprek,Makassar
3667,GF-03668,Resto GrabMantap 3667,Ayam Geprek,Makassar
3668,GF-03669,Resto GrabMantap 3668,Martabak,Jakarta
3669,GF-03670,Resto GrabMantap 3669,Martabak,Bekasi
3670,GF-03671,Resto GrabMantap 3670,Ayam Geprek,Bekasi
3671,GF-03672,Resto GrabMantap 3671,Fast Food,Bekasi
3672,GF-03673,Resto GrabMantap 3672,Fast Food,Jakarta
3673,GF-03674,Resto GrabMantap 3673,Fast Food,Makassar
3674,GF-03675,Resto GrabMantap 3674,Ayam Geprek,Makassar
3675,GF-03676,Resto GrabMantap 3675,Fast Food,Medan
3676,GF-03677,Resto GrabMantap 3676,Snacks,Bandung
3677,GF-03678,Resto GrabMantap 3677,Beverages,Bali
3678,GF-03679,Resto GrabMantap 3678,Snacks,Bekasi
3679,GF-03680,Resto GrabMantap 3679,Ayam Geprek,Surabaya
3680,GF-03681,Resto GrabMantap 3680,Beverages,Bali
3681,GF-03682,Resto GrabMantap 3681,Snacks,Tangerang
3682,GF-03683,Resto GrabMantap 3682,Martabak,Depok
3683,GF-03684,Resto GrabMantap 3683,Beverages,Bekasi
3684,GF-03685,Resto GrabMantap 3684,Beverages,Jakarta
3685,GF-03686,Resto GrabMantap 3685,Fast Food,Bogor
3686,GF-03687,Resto GrabMantap 3686,Fast Food,Jakarta
3687,GF-03688,Resto GrabMantap 3687,Ayam Geprek,Bandung
3688,GF-03689,Resto GrabMantap 3688,Fast Food,Bali
3689,GF-03690,Resto GrabMantap 3689,Fast Food,Medan
3690,GF-03691,Resto GrabMantap 3690,Fast Food,Surabaya
3691,GF-03692,Resto GrabMantap 3691,Beverages,Medan
3692,GF-03693,Resto GrabMantap 3692,Martabak,Bekasi
3693,GF-03694,Resto GrabMantap 3693,Seafood,Bali
3694,GF-03695,Resto GrabMantap 3694,Snacks,Makassar
3695,GF-03696,Resto GrabMantap 3695,Seafood,Depok
3696,GF-03697,Resto GrabMantap 3696,Martabak,Jakarta
3697,GF-03698,Resto GrabMantap 3697,Martabak,Depok
3698,GF-03699,Resto GrabMantap 3698,Ayam Geprek,Tangerang
3699,GF-03700,Resto GrabMantap 3699,Fast Food,Bali
3700,GF-03701,Resto GrabMantap 3700,Seafood,Tangerang
3701,GF-03702,Resto GrabMantap 3701,Seafood,Depok
3702,GF-03703,Resto GrabMantap 3702,Ayam Geprek,Depok
3703,GF-03704,Resto GrabMantap 3703,Fast Food,Jakarta
3704,GF-03705,Resto GrabMantap 3704,Beverages,Bandung
3705,GF-03706,Resto GrabMantap 3705,Beverages,Jakarta
3706,GF-03707,Resto GrabMantap 3706,Ayam Geprek,Bandung
3707,GF-03708,Resto GrabMantap 3707,Ayam Geprek,Bogor
3708,GF-03709,Resto GrabMantap 3708,Beverages,Jakarta
3709,GF-03710,Resto GrabMantap 3709,Martabak,Bali
3710,GF-03711,Resto GrabMantap 3710,Fast Food,Tangerang
3711,GF-03712,Resto GrabMantap 3711,Beverages,Surabaya
3712,GF-03713,Resto GrabMantap 3712,Seafood,Makassar
3713,GF-03714,Resto GrabMantap 3713,Beverages,Bekasi
3714,GF-03715,Resto GrabMantap 3714,Ayam Geprek,Bandung
3715,GF-03716,Resto GrabMantap 3715,Seafood,Bekasi
3716,GF-03717,Resto GrabMantap 3716,Fast Food,Makassar
3717,GF-03718,Resto GrabMantap 3717,Beverages,Bekasi
3718,GF-03719,Resto GrabMantap 3718,Beverages,Depok
3719,GF-03720,Resto GrabMantap 3719,Snacks,Bogor
3720,GF-03721,Resto GrabMantap 3720,Seafood,Bogor
3721,GF-03722,Resto GrabMantap 3721,Ayam Geprek,Jakarta
3722,GF-03723,Resto GrabMantap 3722,Martabak,Makassar
3723,GF-03724,Resto GrabMantap 3723,Ayam Geprek,Makassar
3724,GF-03725,Resto GrabMantap 3724,Martabak,Bogor
3725,GF-03726,Resto GrabMantap 3725,Seafood,Bandung
3726,GF-03727,Resto GrabMantap 3726,Martabak,Bali
3727,GF-03728,Resto GrabMantap 3727,Beverages,Makassar
3728,GF-03729,Resto GrabMantap 3728,Snacks,Bekasi
3729,GF-03730,Resto GrabMantap 3729,Snacks,Medan
3730,GF-03731,Resto GrabMantap 3730,Ayam Geprek,Bandung
3731,GF-03732,Resto GrabMantap 3731,Seafood,Bali
3732,GF-03733,Resto GrabMantap 3732,Fast Food,Depok
3733,GF-03734,Resto GrabMantap 3733,Martabak,Bekasi
3734,GF-03735,Resto GrabMantap 3734,Snacks,Tangerang
3735,GF-03736,Resto GrabMantap 3735,Ayam Geprek,Bekasi
3736,GF-03737,Resto GrabMantap 3736,Martabak,Bogor
3737,GF-03738,Resto GrabMantap 3737,Snacks,Bali
3738,GF-03739,Resto GrabMantap 3738,Fast Food,Makassar
3739,GF-03740,Resto GrabMantap 3739,Fast Food,Bandung
3740,GF-03741,Resto GrabMantap 3740,Beverages,Bandung
3741,GF-03742,Resto GrabMantap 3741,Ayam Geprek,Surabaya
3742,GF-03743,Resto GrabMantap 3742,Seafood,Makassar
3743,GF-03744,Resto GrabMantap 3743,Martabak,Bali
3744,GF-03745,Resto GrabMantap 3744,Martabak,Tangerang
3745,GF-03746,Resto GrabMantap 3745,Snacks,Makassar
3746,GF-03747,Resto GrabMantap 3746,Snacks,Depok
3747,GF-03748,Resto GrabMantap 3747,Snacks,Depok
3748,GF-03749,Resto GrabMantap 3748,Beverages,Bogor
3749,GF-03750,Resto GrabMantap 3749,Fast Food,Jakarta
3750,GF-03751,Resto GrabMantap 3750,Martabak,Surabaya
3751,GF-03752,Resto GrabMantap 3751,Fast Food,Tangerang
3752,GF-03753,Resto GrabMantap 3752,Fast Food,Surabaya
3753,GF-03754,Resto GrabMantap 3753,Seafood,Makassar
3754,GF-03755,Resto GrabMantap 3754,Fast Food,Bali
3755,GF-03756,Resto GrabMantap 3755,Fast Food,Surabaya
3756,GF-03757,Resto GrabMantap 3756,Ayam Geprek,Makassar
3757,GF-03758,Resto GrabMantap 3757,Beverages,Makassar
3758,GF-03759,Resto GrabMantap 3758,Ayam Geprek,Makassar
3759,GF-03760,Resto GrabMantap 3759,Ayam Geprek,Depok
3760,GF-03761,Resto GrabMantap 3760,Beverages,Medan
3761,GF-03762,Resto GrabMantap 3761,Martabak,Surabaya
3762,GF-03763,Resto GrabMantap 3762,Seafood,Bogor
3763,GF-03764,Resto GrabMantap 3763,Fast Food,Bekasi
3764,GF-03765,Resto GrabMantap 3764,Martabak,Bandung
3765,GF-03766,Resto GrabMantap 3765,Snacks,Bogor
3766,GF-03767,Resto GrabMantap 3766,Martabak,Tangerang
3767,GF-03768,Resto GrabMantap 3767,Martabak,Bekasi
3768,GF-03769,Resto GrabMantap 3768,Fast Food,Depok
3769,GF-03770,Resto GrabMantap 3769,Martabak,Depok
3770,GF-03771,Resto GrabMantap 3770,Seafood,Medan
3771,GF-03772,Resto GrabMantap 3771,Beverages,Jakarta
3772,GF-03773,Resto GrabMantap 3772,Snacks,Bogor
3773,GF-03774,Resto GrabMantap 3773,Beverages,Bogor
3774,GF-03775,Resto GrabMantap 3774,Seafood,Bali
3775,GF-03776,Resto GrabMantap 3775,Ayam Geprek,Bekasi
3776,GF-03777,Resto GrabMantap 3776,Beverages,Bekasi
3777,GF-03778,Resto GrabMantap 3777,Beverages,Medan
3778,GF-03779,Resto GrabMantap 3778,Snacks,Depok
3779,GF-03780,Resto GrabMantap 3779,Snacks,Surabaya
3780,GF-03781,Resto GrabMantap 3780,Ayam Geprek,Makassar
3781,GF-03782,Resto GrabMantap 3781,Snacks,Depok
3782,GF-03783,Resto GrabMantap 3782,Beverages,Bogor
3783,GF-03784,Resto GrabMantap 3783,Seafood,Tangerang
3784,GF-03785,Resto GrabMantap 3784,Seafood,Bogor
3785,GF-03786,Resto GrabMantap 3785,Seafood,Bogor
3786,GF-03787,Resto GrabMantap 3786,Seafood,Surabaya
3787,GF-03788,Resto GrabMantap 3787,Martabak,Bali
3788,GF-03789,Resto GrabMantap 3788,Ayam Geprek,Bekasi
3789,GF-03790,Resto GrabMantap 3789,Beverages,Bandung
3790,GF-03791,Resto GrabMantap 3790,Ayam Geprek,Bogor
3791,GF-03792,Resto GrabMantap 3791,Beverages,Makassar
3792,GF-03793,Resto GrabMantap 3792,Martabak,Bandung
3793,GF-03794,Resto GrabMantap 3793,Seafood,Bekasi
3794,GF-03795,Resto GrabMantap 3794,Beverages,Medan
3795,GF-03796,Resto GrabMantap 3795,Snacks,Jakarta
3796,GF-03797,Resto GrabMantap 3796,Ayam Geprek,Depok
3797,GF-03798,Resto GrabMantap 3797,Seafood,Bali
3798,GF-03799,Resto GrabMantap 3798,Beverages,Depok
3799,GF-03800,Resto GrabMantap 3799,Ayam Geprek,Bogor
3800,GF-03801,Resto GrabMantap 3800,Snacks,Jakarta
3801,GF-03802,Resto GrabMantap 3801,Ayam Geprek,Bekasi
3802,GF-03803,Resto GrabMantap 3802,Snacks,Surabaya
3803,GF-03804,Resto GrabMantap 3803,Fast Food,Depok
3804,GF-03805,Resto GrabMantap 3804,Martabak,Makassar
3805,GF-03806,Resto GrabMantap 3805,Martabak,Depok
3806,GF-03807,Resto GrabMantap 3806,Ayam Geprek,Medan
3807,GF-03808,Resto GrabMantap 3807,Seafood,Bekasi
3808,GF-03809,Resto GrabMantap 3808,Fast Food,Bekasi
3809,GF-03810,Resto GrabMantap 3809,Snacks,Tangerang
3810,GF-03811,Resto GrabMantap 3810,Ayam Geprek,Bandung
3811,GF-03812,Resto GrabMantap 3811,Ayam Geprek,Jakarta
3812,GF-03813,Resto GrabMantap 3812,Beverages,Bogor
3813,GF-03814,Resto GrabMantap 3813,Martabak,Tangerang
3814,GF-03815,Resto GrabMantap 3814,Beverages,Bogor
3815,GF-03816,Resto GrabMantap 3815,Ayam Geprek,Bogor
3816,GF-03817,Resto GrabMantap 3816,Martabak,Surabaya
3817,GF-03818,Resto GrabMantap 3817,Snacks,Tangerang
3818,GF-03819,Resto GrabMantap 3818,Seafood,Medan
3819,GF-03820,Resto GrabMantap 3819,Beverages,Bogor
3820,GF-03821,Resto GrabMantap 3820,Martabak,Bandung
3821,GF-03822,Resto GrabMantap 3821,Beverages,Bali
3822,GF-03823,Resto GrabMantap 3822,Ayam Geprek,Depok
3823,GF-03824,Resto GrabMantap 3823,Fast Food,Bali
3824,GF-03825,Resto GrabMantap 3824,Beverages,Bandung
3825,GF-03826,Resto GrabMantap 3825,Beverages,Makassar
3826,GF-03827,Resto GrabMantap 3826,Snacks,Jakarta
3827,GF-03828,Resto GrabMantap 3827,Beverages,Bandung
3828,GF-03829,Resto GrabMantap 3828,Snacks,Surabaya
3829,GF-03830,Resto GrabMantap 3829,Fast Food,Bali
3830,GF-03831,Resto GrabMantap 3830,Fast Food,Bandung
3831,GF-03832,Resto GrabMantap 3831,Martabak,Bekasi
3832,GF-03833,Resto GrabMantap 3832,Seafood,Bogor
3833,GF-03834,Resto GrabMantap 3833,Ayam Geprek,Depok
3834,GF-03835,Resto GrabMantap 3834,Martabak,Bali
3835,GF-03836,Resto GrabMantap 3835,Fast Food,Medan
3836,GF-03837,Resto GrabMantap 3836,Ayam Geprek,Bandung
3837,GF-03838,Resto GrabMantap 3837,Ayam Geprek,Jakarta
3838,GF-03839,Resto GrabMantap 3838,Seafood,Surabaya
3839,GF-03840,Resto GrabMantap 3839,Snacks,Makassar
3840,GF-03841,Resto GrabMantap 3840,Martabak,Bandung
3841,GF-03842,Resto GrabMantap 3841,Martabak,Medan
3842,GF-03843,Resto GrabMantap 3842,Martabak,Surabaya
3843,GF-03844,Resto GrabMantap 3843,Fast Food,Makassar
3844,GF-03845,Resto GrabMantap 3844,Martabak,Medan
3845,GF-03846,Resto GrabMantap 3845,Beverages,Bogor
3846,GF-03847,Resto GrabMantap 3846,Ayam Geprek,Bogor
3847,GF-03848,Resto GrabMantap 3847,Fast Food,Jakarta
3848,GF-03849,Resto GrabMantap 3848,Martabak,Bekasi
3849,GF-03850,Resto GrabMantap 3849,Beverages,Bekasi
3850,GF-03851,Resto GrabMantap 3850,Ayam Geprek,Tangerang
3851,GF-03852,Resto GrabMantap 3851,Snacks,Depok
3852,GF-03853,Resto GrabMantap 3852,Beverages,Tangerang
3853,GF-03854,Resto GrabMantap 3853,Ayam Geprek,Bogor
3854,GF-03855,Resto GrabMantap 3854,Snacks,Tangerang
3855,GF-03856,Resto GrabMantap 3855,Ayam Geprek,Tangerang
3856,GF-03857,Resto GrabMantap 3856,Martabak,Bekasi
3857,GF-03858,Resto GrabMantap 3857,Fast Food,Makassar
3858,GF-03859,Resto GrabMantap 3858,Fast Food,Depok
3859,GF-03860,Resto GrabMantap 3859,Beverages,Bali
3860,GF-03861,Resto GrabMantap 3860,Seafood,Bekasi
3861,GF-03862,Resto GrabMantap 3861,Snacks,Surabaya
3862,GF-03863,Resto GrabMantap 3862,Martabak,Bandung
3863,GF-03864,Resto GrabMantap 3863,Martabak,Surabaya
3864,GF-03865,Resto GrabMantap 3864,Martabak,Surabaya
3865,GF-03866,Resto GrabMantap 3865,Seafood,Tangerang
3866,GF-03867,Resto GrabMantap 3866,Fast Food,Makassar
3867,GF-03868,Resto GrabMantap 3867,Fast Food,Bali
3868,GF-03869,Resto GrabMantap 3868,Martabak,Bogor
3869,GF-03870,Resto GrabMantap 3869,Fast Food,Medan
3870,GF-03871,Resto GrabMantap 3870,Snacks,Tangerang
3871,GF-03872,Resto GrabMantap 3871,Snacks,Bandung
3872,GF-03873,Resto GrabMantap 3872,Fast Food,Tangerang
3873,GF-03874,Resto GrabMantap 3873,Martabak,Bandung
3874,GF-03875,Resto GrabMantap 3874,Snacks,Bandung
3875,GF-03876,Resto GrabMantap 3875,Beverages,Bandung
3876,GF-03877,Resto GrabMantap 3876,Fast Food,Surabaya
3877,GF-03878,Resto GrabMantap 3877,Snacks,Tangerang
3878,GF-03879,Resto GrabMantap 3878,Seafood,Bekasi
3879,GF-03880,Resto GrabMantap 3879,Seafood,Surabaya
3880,GF-03881,Resto GrabMantap 3880,Martabak,Bogor
3881,GF-03882,Resto GrabMantap 3881,Beverages,Makassar
3882,GF-03883,Resto GrabMantap 3882,Ayam Geprek,Surabaya
3883,GF-03884,Resto GrabMantap 3883,Fast Food,Bogor
3884,GF-03885,Resto GrabMantap 3884,Beverages,Bekasi
3885,GF-03886,Resto GrabMantap 3885,Beverages,Bekasi
3886,GF-03887,Resto GrabMantap 3886,Ayam Geprek,Jakarta
3887,GF-03888,Resto GrabMantap 3887,Ayam Geprek,Depok
3888,GF-03889,Resto GrabMantap 3888,Fast Food,Bogor
3889,GF-03890,Resto GrabMantap 3889,Seafood,Jakarta
3890,GF-03891,Resto GrabMantap 3890,Snacks,Medan
3891,GF-03892,Resto GrabMantap 3891,Beverages,Depok
3892,GF-03893,Resto GrabMantap 3892,Beverages,Surabaya
3893,GF-03894,Resto GrabMantap 3893,Fast Food,Bandung
3894,GF-03895,Resto GrabMantap 3894,Beverages,Makassar
3895,GF-03896,Resto GrabMantap 3895,Ayam Geprek,Bekasi
3896,GF-03897,Resto GrabMantap 3896,Seafood,Makassar
3897,GF-03898,Resto GrabMantap 3897,Ayam Geprek,Makassar
3898,GF-03899,Resto GrabMantap 3898,Seafood,Medan
3899,GF-03900,Resto GrabMantap 3899,Fast Food,Jakarta
3900,GF-03901,Resto GrabMantap 3900,Fast Food,Bogor
3901,GF-03902,Resto GrabMantap 3901,Snacks,Tangerang
3902,GF-03903,Resto GrabMantap 3902,Martabak,Tangerang
3903,GF-03904,Resto GrabMantap 3903,Snacks,Bandung
3904,GF-03905,Resto GrabMantap 3904,Seafood,Makassar
3905,GF-03906,Resto GrabMantap 3905,Snacks,Medan
3906,GF-03907,Resto GrabMantap 3906,Snacks,Makassar
3907,GF-03908,Resto GrabMantap 3907,Beverages,Depok
3908,GF-03909,Resto GrabMantap 3908,Fast Food,Medan
3909,GF-03910,Resto GrabMantap 3909,Fast Food,Depok
3910,GF-03911,Resto GrabMantap 3910,Martabak,Bogor
3911,GF-03912,Resto GrabMantap 3911,Snacks,Makassar
3912,GF-03913,Resto GrabMantap 3912,Snacks,Bandung
3913,GF-03914,Resto GrabMantap 3913,Fast Food,Surabaya
3914,GF-03915,Resto GrabMantap 3914,Martabak,Bandung
3915,GF-03916,Resto GrabMantap 3915,Beverages,Surabaya
3916,GF-03917,Resto GrabMantap 3916,Fast Food,Surabaya
3917,GF-03918,Resto GrabMantap 3917,Beverages,Bali
3918,GF-03919,Resto GrabMantap 3918,Beverages,Depok
3919,GF-03920,Resto GrabMantap 3919,Beverages,Jakarta
3920,GF-03921,Resto GrabMantap 3920,Martabak,Jakarta
3921,GF-03922,Resto GrabMantap 3921,Beverages,Bali
3922,GF-03923,Resto GrabMantap 3922,Martabak,Depok
3923,GF-03924,Resto GrabMantap 3923,Seafood,Surabaya
3924,GF-03925,Resto GrabMantap 3924,Fast Food,Jakarta
3925,GF-03926,Resto GrabMantap 3925,Seafood,Tangerang
3926,GF-03927,Resto GrabMantap 3926,Martabak,Tangerang
3927,GF-03928,Resto GrabMantap 3927,Beverages,Bekasi
3928,GF-03929,Resto GrabMantap 3928,Ayam Geprek,Tangerang
3929,GF-03930,Resto GrabMantap 3929,Snacks,Bandung
3930,GF-03931,Resto GrabMantap 3930,Seafood,Medan
3931,GF-03932,Resto GrabMantap 3931,Martabak,Bandung
3932,GF-03933,Resto GrabMantap 3932,Fast Food,Bogor
3933,GF-03934,Resto GrabMantap 3933,Ayam Geprek,Makassar
3934,GF-03935,Resto GrabMantap 3934,Beverages,Jakarta
3935,GF-03936,Resto GrabMantap 3935,Fast Food,Tangerang
3936,GF-03937,Resto GrabMantap 3936,Seafood,Bali
3937,GF-03938,Resto GrabMantap 3937,Snacks,Bogor
3938,GF-03939,Resto GrabMantap 3938,Ayam Geprek,Tangerang
3939,GF-03940,Resto GrabMantap 3939,Seafood,Jakarta
3940,GF-03941,Resto GrabMantap 3940,Seafood,Depok
3941,GF-03942,Resto GrabMantap 3941,Beverages,Jakarta
3942,GF-03943,Resto GrabMantap 3942,Fast Food,Makassar
3943,GF-03944,Resto GrabMantap 3943,Fast Food,Surabaya
3944,GF-03945,Resto GrabMantap 3944,Ayam Geprek,Makassar
3945,GF-03946,Resto GrabMantap 3945,Seafood,Medan
3946,GF-03947,Resto GrabMantap 3946,Ayam Geprek,Makassar
3947,GF-03948,Resto GrabMantap 3947,Martabak,Medan
3948,GF-03949,Resto GrabMantap 3948,Ayam Geprek,Tangerang
3949,GF-03950,Resto GrabMantap 3949,Beverages,Bekasi
3950,GF-03951,Resto GrabMantap 3950,Ayam Geprek,Surabaya
3951,GF-03952,Resto GrabMantap 3951,Snacks,Jakarta
3952,GF-03953,Resto GrabMantap 3952,Ayam Geprek,Medan
3953,GF-03954,Resto GrabMantap 3953,Snacks,Bekasi
3954,GF-03955,Resto GrabMantap 3954,Seafood,Jakarta
3955,GF-03956,Resto GrabMantap 3955,Seafood,Jakarta
3956,GF-03957,Resto GrabMantap 3956,Snacks,Bogor
3957,GF-03958,Resto GrabMantap 3957,Snacks,Bekasi
3958,GF-03959,Resto GrabMantap 3958,Snacks,Surabaya
3959,GF-03960,Resto GrabMantap 3959,Seafood,Jakarta
3960,GF-03961,Resto GrabMantap 3960,Ayam Geprek,Makassar
3961,GF-03962,Resto GrabMantap 3961,Snacks,Bogor
3962,GF-03963,Resto GrabMantap 3962,Martabak,Bandung
3963,GF-03964,Resto GrabMantap 3963,Ayam Geprek,Jakarta
3964,GF-03965,Resto GrabMantap 3964,Snacks,Bali
3965,GF-03966,Resto GrabMantap 3965,Seafood,Bekasi
3966,GF-03967,Resto GrabMantap 3966,Snacks,Medan
3967,GF-03968,Resto GrabMantap 3967,Seafood,Medan
3968,GF-03969,Resto GrabMantap 3968,Ayam Geprek,Jakarta
3969,GF-03970,Resto GrabMantap 3969,Martabak,Bogor
3970,GF-03971,Resto GrabMantap 3970,Martabak,Bandung
3971,GF-03972,Resto GrabMantap 3971,Ayam Geprek,Jakarta
3972,GF-03973,Resto GrabMantap 3972,Snacks,Medan
3973,GF-03974,Resto GrabMantap 3973,Martabak,Bogor
3974,GF-03975,Resto GrabMantap 3974,Fast Food,Bali
3975,GF-03976,Resto GrabMantap 3975,Beverages,Bali
3976,GF-03977,Resto GrabMantap 3976,Ayam Geprek,Medan
3977,GF-03978,Resto GrabMantap 3977,Ayam Geprek,Bandung
3978,GF-03979,Resto GrabMantap 3978,Snacks,Bali
3979,GF-03980,Resto GrabMantap 3979,Martabak,Bogor
3980,GF-03981,Resto GrabMantap 3980,Ayam Geprek,Surabaya
3981,GF-03982,Resto GrabMantap 3981,Seafood,Makassar
3982,GF-03983,Resto GrabMantap 3982,Martabak,Depok
3983,GF-03984,Resto GrabMantap 3983,Ayam Geprek,Jakarta
3984,GF-03985,Resto GrabMantap 3984,Snacks,Bali
3985,GF-03986,Resto GrabMantap 3985,Seafood,Makassar
3986,GF-03987,Resto GrabMantap 3986,Seafood,Tangerang
3987,GF-03988,Resto GrabMantap 3987,Fast Food,Tangerang
3988,GF-03989,Resto GrabMantap 3988,Beverages,Bandung
3989,GF-03990,Resto GrabMantap 3989,Fast Food,Bandung
3990,GF-03991,Resto GrabMantap 3990,Snacks,Bekasi
3991,GF-03992,Resto GrabMantap 3991,Fast Food,Tangerang
3992,GF-03993,Resto GrabMantap 3992,Fast Food,Medan
3993,GF-03994,Resto GrabMantap 3993,Snacks,Jakarta
3994,GF-03995,Resto GrabMantap 3994,Beverages,Bekasi
3995,GF-03996,Resto GrabMantap 3995,Ayam Geprek,Bandung
3996,GF-03997,Resto GrabMantap 3996,Fast Food,Bekasi
3997,GF-03998,Resto GrabMantap 3997,Beverages,Bali
3998,GF-03999,Resto GrabMantap 3998,Seafood,Medan
3999,GF-04000,Resto GrabMantap 3999,Martabak,Bogor
4000,GF-04001,Resto GrabMantap 4000,Martabak,Bekasi
4001,GF-04002,Resto GrabMantap 4001,Fast Food,Makassar
4002,GF-04003,Resto GrabMantap 4002,Seafood,Surabaya
4003,GF-04004,Resto GrabMantap 4003,Seafood,Bogor
4004,GF-04005,Resto GrabMantap 4004,Seafood,Bandung
4005,GF-04006,Resto GrabMantap 4005,Fast Food,Surabaya
4006,GF-04007,Resto GrabMantap 4006,Ayam Geprek,Bandung
4007,GF-04008,Resto GrabMantap 4007,Martabak,Makassar
4008,GF-04009,Resto GrabMantap 4008,Fast Food,Tangerang
4009,GF-04010,Resto GrabMantap 4009,Beverages,Surabaya
4010,GF-04011,Resto GrabMantap 4010,Ayam Geprek,Bali
4011,GF-04012,Resto GrabMantap 4011,Snacks,Depok
4012,GF-04013,Resto GrabMantap 4012,Ayam Geprek,Bogor
4013,GF-04014,Resto GrabMantap 4013,Snacks,Depok
4014,GF-04015,Resto GrabMantap 4014,Seafood,Depok
4015,GF-04016,Resto GrabMantap 4015,Martabak,Bandung
4016,GF-04017,Resto GrabMantap 4016,Seafood,Medan
4017,GF-04018,Resto GrabMantap 4017,Fast Food,Jakarta
4018,GF-04019,Resto GrabMantap 4018,Fast Food,Bandung
4019,GF-04020,Resto GrabMantap 4019,Fast Food,Bekasi
4020,GF-04021,Resto GrabMantap 4020,Seafood,Surabaya
4021,GF-04022,Resto GrabMantap 4021,Seafood,Bekasi
4022,GF-04023,Resto GrabMantap 4022,Martabak,Tangerang
4023,GF-04024,Resto GrabMantap 4023,Ayam Geprek,Tangerang
4024,GF-04025,Resto GrabMantap 4024,Martabak,Bali
4025,GF-04026,Resto GrabMantap 4025,Ayam Geprek,Bali
4026,GF-04027,Resto GrabMantap 4026,Seafood,Bogor
4027,GF-04028,Resto GrabMantap 4027,Martabak,Bali
4028,GF-04029,Resto GrabMantap 4028,Fast Food,Depok
4029,GF-04030,Resto GrabMantap 4029,Beverages,Bandung
4030,GF-04031,Resto GrabMantap 4030,Ayam Geprek,Tangerang
4031,GF-04032,Resto GrabMantap 4031,Fast Food,Bali
4032,GF-04033,Resto GrabMantap 4032,Fast Food,Bekasi
4033,GF-04034,Resto GrabMantap 4033,Beverages,Bogor
4034,GF-04035,Resto GrabMantap 4034,Martabak,Bali
4035,GF-04036,Resto GrabMantap 4035,Snacks,Depok
4036,GF-04037,Resto GrabMantap 4036,Beverages,Makassar
4037,GF-04038,Resto GrabMantap 4037,Fast Food,Bekasi
4038,GF-04039,Resto GrabMantap 4038,Ayam Geprek,Surabaya
4039,GF-04040,Resto GrabMantap 4039,Snacks,Bogor
4040,GF-04041,Resto GrabMantap 4040,Fast Food,Makassar
4041,GF-04042,Resto GrabMantap 4041,Seafood,Depok
4042,GF-04043,Resto GrabMantap 4042,Fast Food,Depok
4043,GF-04044,Resto GrabMantap 4043,Ayam Geprek,Bandung
4044,GF-04045,Resto GrabMantap 4044,Fast Food,Makassar
4045,GF-04046,Resto GrabMantap 4045,Ayam Geprek,Bekasi
4046,GF-04047,Resto GrabMantap 4046,Ayam Geprek,Medan
4047,GF-04048,Resto GrabMantap 4047,Martabak,Tangerang
4048,GF-04049,Resto GrabMantap 4048,Seafood,Tangerang
4049,GF-04050,Resto GrabMantap 4049,Seafood,Bekasi
4050,GF-04051,Resto GrabMantap 4050,Fast Food,Bekasi
4051,GF-04052,Resto GrabMantap 4051,Ayam Geprek,Bogor
4052,GF-04053,Resto GrabMantap 4052,Ayam Geprek,Bekasi
4053,GF-04054,Resto GrabMantap 4053,Snacks,Bali
4054,GF-04055,Resto GrabMantap 4054,Martabak,Medan
4055,GF-04056,Resto GrabMantap 4055,Fast Food,Medan
4056,GF-04057,Resto GrabMantap 4056,Seafood,Jakarta
4057,GF-04058,Resto GrabMantap 4057,Martabak,Tangerang
4058,GF-04059,Resto GrabMantap 4058,Martabak,Depok
4059,GF-04060,Resto GrabMantap 4059,Beverages,Bali
4060,GF-04061,Resto GrabMantap 4060,Martabak,Tangerang
4061,GF-04062,Resto GrabMantap 4061,Snacks,Bekasi
4062,GF-04063,Resto GrabMantap 4062,Snacks,Depok
4063,GF-04064,Resto GrabMantap 4063,Snacks,Bali
4064,GF-04065,Resto GrabMantap 4064,Martabak,Medan
4065,GF-04066,Resto GrabMantap 4065,Snacks,Makassar
4066,GF-04067,Resto GrabMantap 4066,Fast Food,Depok
4067,GF-04068,Resto GrabMantap 4067,Martabak,Bogor
4068,GF-04069,Resto GrabMantap 4068,Seafood,Tangerang
4069,GF-04070,Resto GrabMantap 4069,Fast Food,Tangerang
4070,GF-04071,Resto GrabMantap 4070,Snacks,Medan
4071,GF-04072,Resto GrabMantap 4071,Fast Food,Makassar
4072,GF-04073,Resto GrabMantap 4072,Ayam Geprek,Bandung
4073,GF-04074,Resto GrabMantap 4073,Martabak,Bekasi
4074,GF-04075,Resto GrabMantap 4074,Ayam Geprek,Bekasi
4075,GF-04076,Resto GrabMantap 4075,Fast Food,Tangerang
4076,GF-04077,Resto GrabMantap 4076,Beverages,Tangerang
4077,GF-04078,Resto GrabMantap 4077,Beverages,Tangerang
4078,GF-04079,Resto GrabMantap 4078,Snacks,Bogor
4079,GF-04080,Resto GrabMantap 4079,Seafood,Bekasi
4080,GF-04081,Resto GrabMantap 4080,Seafood,Bekasi
4081,GF-04082,Resto GrabMantap 4081,Martabak,Makassar
4082,GF-04083,Resto GrabMantap 4082,Beverages,Makassar
4083,GF-04084,Resto GrabMantap 4083,Seafood,Medan
4084,GF-04085,Resto GrabMantap 4084,Seafood,Depok
4085,GF-04086,Resto GrabMantap 4085,Seafood,Makassar
4086,GF-04087,Resto GrabMantap 4086,Beverages,Bogor
4087,GF-04088,Resto GrabMantap 4087,Beverages,Depok
4088,GF-04089,Resto GrabMantap 4088,Fast Food,Medan
4089,GF-04090,Resto GrabMantap 4089,Martabak,Jakarta
4090,GF-04091,Resto GrabMantap 4090,Fast Food,Tangerang
4091,GF-04092,Resto GrabMantap 4091,Seafood,Bandung
4092,GF-04093,Resto GrabMantap 4092,Snacks,Tangerang
4093,GF-04094,Resto GrabMantap 4093,Martabak,Bogor
4094,GF-04095,Resto GrabMantap 4094,Snacks,Bandung
4095,GF-04096,Resto GrabMantap 4095,Ayam Geprek,Makassar
4096,GF-04097,Resto GrabMantap 4096,Snacks,Bogor
4097,GF-04098,Resto GrabMantap 4097,Seafood,Medan
4098,GF-04099,Resto GrabMantap 4098,Snacks,Tangerang
4099,GF-04100,Resto GrabMantap 4099,Snacks,Bekasi
4100,GF-04101,Resto GrabMantap 4100,Ayam Geprek,Surabaya
4101,GF-04102,Resto GrabMantap 4101,Ayam Geprek,Medan
4102,GF-04103,Resto GrabMantap 4102,Martabak,Bekasi
4103,GF-04104,Resto GrabMantap 4103,Ayam Geprek,Depok
4104,GF-04105,Resto GrabMantap 4104,Snacks,Bogor
4105,GF-04106,Resto GrabMantap 4105,Beverages,Bekasi
4106,GF-04107,Resto GrabMantap 4106,Beverages,Depok
4107,GF-04108,Resto GrabMantap 4107,Ayam Geprek,Jakarta
4108,GF-04109,Resto GrabMantap 4108,Fast Food,Jakarta
4109,GF-04110,Resto GrabMantap 4109,Seafood,Medan
4110,GF-04111,Resto GrabMantap 4110,Beverages,Bali
4111,GF-04112,Resto GrabMantap 4111,Snacks,Surabaya
4112,GF-04113,Resto GrabMantap 4112,Beverages,Jakarta
4113,GF-04114,Resto GrabMantap 4113,Fast Food,Depok
4114,GF-04115,Resto GrabMantap 4114,Fast Food,Tangerang
4115,GF-04116,Resto GrabMantap 4115,Snacks,Medan
4116,GF-04117,Resto GrabMantap 4116,Martabak,Surabaya
4117,GF-04118,Resto GrabMantap 4117,Martabak,Depok
4118,GF-04119,Resto GrabMantap 4118,Ayam Geprek,Surabaya
4119,GF-04120,Resto GrabMantap 4119,Seafood,Depok
4120,GF-04121,Resto GrabMantap 4120,Fast Food,Bali
4121,GF-04122,Resto GrabMantap 4121,Beverages,Surabaya
4122,GF-04123,Resto GrabMantap 4122,Ayam Geprek,Bekasi
4123,GF-04124,Resto GrabMantap 4123,Martabak,Bogor
4124,GF-04125,Resto GrabMantap 4124,Fast Food,Depok
4125,GF-04126,Resto GrabMantap 4125,Martabak,Makassar
4126,GF-04127,Resto GrabMantap 4126,Ayam Geprek,Medan
4127,GF-04128,Resto GrabMantap 4127,Ayam Geprek,Tangerang
4128,GF-04129,Resto GrabMantap 4128,Fast Food,Jakarta
4129,GF-04130,Resto GrabMantap 4129,Beverages,Bogor
4130,GF-04131,Resto GrabMantap 4130,Ayam Geprek,Surabaya
4131,GF-04132,Resto GrabMantap 4131,Beverages,Bekasi
4132,GF-04133,Resto GrabMantap 4132,Snacks,Makassar
4133,GF-04134,Resto GrabMantap 4133,Ayam Geprek,Bali
4134,GF-04135,Resto GrabMantap 4134,Fast Food,Bogor
4135,GF-04136,Resto GrabMantap 4135,Ayam Geprek,Bali
4136,GF-04137,Resto GrabMantap 4136,Ayam Geprek,Bekasi
4137,GF-04138,Resto GrabMantap 4137,Seafood,Bekasi
4138,GF-04139,Resto GrabMantap 4138,Snacks,Medan
4139,GF-04140,Resto GrabMantap 4139,Seafood,Bogor
4140,GF-04141,Resto GrabMantap 4140,Snacks,Depok
4141,GF-04142,Resto GrabMantap 4141,Ayam Geprek,Depok
4142,GF-04143,Resto GrabMantap 4142,Martabak,Depok
4143,GF-04144,Resto GrabMantap 4143,Beverages,Bali
4144,GF-04145,Resto GrabMantap 4144,Beverages,Bekasi
4145,GF-04146,Resto GrabMantap 4145,Beverages,Surabaya
4146,GF-04147,Resto GrabMantap 4146,Snacks,Bandung
4147,GF-04148,Resto GrabMantap 4147,Fast Food,Medan
4148,GF-04149,Resto GrabMantap 4148,Martabak,Bogor
4149,GF-04150,Resto GrabMantap 4149,Martabak,Bandung
4150,GF-04151,Resto GrabMantap 4150,Beverages,Bogor
4151,GF-04152,Resto GrabMantap 4151,Fast Food,Jakarta
4152,GF-04153,Resto GrabMantap 4152,Beverages,Tangerang
4153,GF-04154,Resto GrabMantap 4153,Ayam Geprek,Medan
4154,GF-04155,Resto GrabMantap 4154,Snacks,Surabaya
4155,GF-04156,Resto GrabMantap 4155,Snacks,Tangerang
4156,GF-04157,Resto GrabMantap 4156,Martabak,Bali
4157,GF-04158,Resto GrabMantap 4157,Beverages,Bandung
4158,GF-04159,Resto GrabMantap 4158,Fast Food,Bogor
4159,GF-04160,Resto GrabMantap 4159,Martabak,Depok
4160,GF-04161,Resto GrabMantap 4160,Seafood,Depok
4161,GF-04162,Resto GrabMantap 4161,Beverages,Bali
4162,GF-04163,Resto GrabMantap 4162,Snacks,Bali
4163,GF-04164,Resto GrabMantap 4163,Martabak,Bandung
4164,GF-04165,Resto GrabMantap 4164,Fast Food,Makassar
4165,GF-04166,Resto GrabMantap 4165,Martabak,Depok
4166,GF-04167,Resto GrabMantap 4166,Snacks,Bekasi
4167,GF-04168,Resto GrabMantap 4167,Martabak,Bogor
4168,GF-04169,Resto GrabMantap 4168,Snacks,Tangerang
4169,GF-04170,Resto GrabMantap 4169,Seafood,Surabaya
4170,GF-04171,Resto GrabMantap 4170,Snacks,Makassar
4171,GF-04172,Resto GrabMantap 4171,Seafood,Makassar
4172,GF-04173,Resto GrabMantap 4172,Martabak,Makassar
4173,GF-04174,Resto GrabMantap 4173,Snacks,Medan
4174,GF-04175,Resto GrabMantap 4174,Martabak,Bekasi
4175,GF-04176,Resto GrabMantap 4175,Fast Food,Bekasi
4176,GF-04177,Resto GrabMantap 4176,Beverages,Depok
4177,GF-04178,Resto GrabMantap 4177,Ayam Geprek,Bogor
4178,GF-04179,Resto GrabMantap 4178,Fast Food,Medan
4179,GF-04180,Resto GrabMantap 4179,Ayam Geprek,Jakarta
4180,GF-04181,Resto GrabMantap 4180,Fast Food,Tangerang
4181,GF-04182,Resto GrabMantap 4181,Martabak,Surabaya
4182,GF-04183,Resto GrabMantap 4182,Ayam Geprek,Bogor
4183,GF-04184,Resto GrabMantap 4183,Martabak,Jakarta
4184,GF-04185,Resto GrabMantap 4184,Ayam Geprek,Depok
4185,GF-04186,Resto GrabMantap 4185,Beverages,Makassar
4186,GF-04187,Resto GrabMantap 4186,Fast Food,Medan
4187,GF-04188,Resto GrabMantap 4187,Seafood,Bekasi
4188,GF-04189,Resto GrabMantap 4188,Martabak,Depok
4189,GF-04190,Resto GrabMantap 4189,Ayam Geprek,Depok
4190,GF-04191,Resto GrabMantap 4190,Ayam Geprek,Surabaya
4191,GF-04192,Resto GrabMantap 4191,Beverages,Makassar
4192,GF-04193,Resto GrabMantap 4192,Snacks,Bali
4193,GF-04194,Resto GrabMantap 4193,Martabak,Jakarta
4194,GF-04195,Resto GrabMantap 4194,Seafood,Bekasi
4195,GF-04196,Resto GrabMantap 4195,Seafood,Bekasi
4196,GF-04197,Resto GrabMantap 4196,Snacks,Depok
4197,GF-04198,Resto GrabMantap 4197,Martabak,Bali
4198,GF-04199,Resto GrabMantap 4198,Ayam Geprek,Jakarta
4199,GF-04200,Resto GrabMantap 4199,Seafood,Medan
4200,GF-04201,Resto GrabMantap 4200,Martabak,Makassar
4201,GF-04202,Resto GrabMantap 4201,Ayam Geprek,Bali
4202,GF-04203,Resto GrabMantap 4202,Snacks,Bandung
4203,GF-04204,Resto GrabMantap 4203,Seafood,Jakarta
4204,GF-04205,Resto GrabMantap 4204,Seafood,Bandung
4205,GF-04206,Resto GrabMantap 4205,Fast Food,Bogor
4206,GF-04207,Resto GrabMantap 4206,Ayam Geprek,Bali
4207,GF-04208,Resto GrabMantap 4207,Fast Food,Medan
4208,GF-04209,Resto GrabMantap 4208,Martabak,Depok
4209,GF-04210,Resto GrabMantap 4209,Beverages,Bogor
4210,GF-04211,Resto GrabMantap 4210,Fast Food,Tangerang
4211,GF-04212,Resto GrabMantap 4211,Beverages,Tangerang
4212,GF-04213,Resto GrabMantap 4212,Fast Food,Surabaya
4213,GF-04214,Resto GrabMantap 4213,Fast Food,Bandung
4214,GF-04215,Resto GrabMantap 4214,Martabak,Bekasi
4215,GF-04216,Resto GrabMantap 4215,Beverages,Bekasi
4216,GF-04217,Resto GrabMantap 4216,Ayam Geprek,Surabaya
4217,GF-04218,Resto GrabMantap 4217,Beverages,Bogor
4218,GF-04219,Resto GrabMantap 4218,Beverages,Jakarta
4219,GF-04220,Resto GrabMantap 4219,Beverages,Jakarta
4220,GF-04221,Resto GrabMantap 4220,Ayam Geprek,Medan
4221,GF-04222,Resto GrabMantap 4221,Martabak,Tangerang
4222,GF-04223,Resto GrabMantap 4222,Martabak,Tangerang
4223,GF-04224,Resto GrabMantap 4223,Fast Food,Jakarta
4224,GF-04225,Resto GrabMantap 4224,Fast Food,Tangerang
4225,GF-04226,Resto GrabMantap 4225,Fast Food,Bali
4226,GF-04227,Resto GrabMantap 4226,Ayam Geprek,Jakarta
4227,GF-04228,Resto GrabMantap 4227,Ayam Geprek,Surabaya
4228,GF-04229,Resto GrabMantap 4228,Ayam Geprek,Bandung
4229,GF-04230,Resto GrabMantap 4229,Fast Food,Bekasi
4230,GF-04231,Resto GrabMantap 4230,Beverages,Bali
4231,GF-04232,Resto GrabMantap 4231,Fast Food,Surabaya
4232,GF-04233,Resto GrabMantap 4232,Martabak,Medan
4233,GF-04234,Resto GrabMantap 4233,Snacks,Depok
4234,GF-04235,Resto GrabMantap 4234,Beverages,Bogor
4235,GF-04236,Resto GrabMantap 4235,Seafood,Medan
4236,GF-04237,Resto GrabMantap 4236,Martabak,Surabaya
4237,GF-04238,Resto GrabMantap 4237,Ayam Geprek,Tangerang
4238,GF-04239,Resto GrabMantap 4238,Martabak,Depok
4239,GF-04240,Resto GrabMantap 4239,Ayam Geprek,Bandung
4240,GF-04241,Resto GrabMantap 4240,Martabak,Bandung
4241,GF-04242,Resto GrabMantap 4241,Seafood,Bekasi
4242,GF-04243,Resto GrabMantap 4242,Snacks,Makassar
4243,GF-04244,Resto GrabMantap 4243,Martabak,Bandung
4244,GF-04245,Resto GrabMantap 4244,Fast Food,Bogor
4245,GF-04246,Resto GrabMantap 4245,Martabak,Jakarta
4246,GF-04247,Resto GrabMantap 4246,Ayam Geprek,Tangerang
4247,GF-04248,Resto GrabMantap 4247,Martabak,Medan
4248,GF-04249,Resto GrabMantap 4248,Ayam Geprek,Medan
4249,GF-04250,Resto GrabMantap 4249,Seafood,Tangerang
4250,GF-04251,Resto GrabMantap 4250,Fast Food,Bandung
4251,GF-04252,Resto GrabMantap 4251,Fast Food,Surabaya
4252,GF-04253,Resto GrabMantap 4252,Snacks,Tangerang
4253,GF-04254,Resto GrabMantap 4253,Ayam Geprek,Surabaya
4254,GF-04255,Resto GrabMantap 4254,Martabak,Depok
4255,GF-04256,Resto GrabMantap 4255,Snacks,Jakarta
4256,GF-04257,Resto GrabMantap 4256,Martabak,Bali
4257,GF-04258,Resto GrabMantap 4257,Beverages,Bekasi
4258,GF-04259,Resto GrabMantap 4258,Snacks,Bekasi
4259,GF-04260,Resto GrabMantap 4259,Beverages,Bandung
4260,GF-04261,Resto GrabMantap 4260,Beverages,Bandung
4261,GF-04262,Resto GrabMantap 4261,Martabak,Bandung
4262,GF-04263,Resto GrabMantap 4262,Fast Food,Bali
4263,GF-04264,Resto GrabMantap 4263,Martabak,Surabaya
4264,GF-04265,Resto GrabMantap 4264,Fast Food,Bogor
4265,GF-04266,Resto GrabMantap 4265,Snacks,Jakarta
4266,GF-04267,Resto GrabMantap 4266,Seafood,Depok
4267,GF-04268,Resto GrabMantap 4267,Snacks,Bali
4268,GF-04269,Resto GrabMantap 4268,Fast Food,Depok
4269,GF-04270,Resto GrabMantap 4269,Seafood,Makassar
4270,GF-04271,Resto GrabMantap 4270,Ayam Geprek,Tangerang
4271,GF-04272,Resto GrabMantap 4271,Martabak,Bali
4272,GF-04273,Resto GrabMantap 4272,Beverages,Bandung
4273,GF-04274,Resto GrabMantap 4273,Martabak,Bali
4274,GF-04275,Resto GrabMantap 4274,Ayam Geprek,Bali
4275,GF-04276,Resto GrabMantap 4275,Martabak,Jakarta
4276,GF-04277,Resto GrabMantap 4276,Fast Food,Makassar
4277,GF-04278,Resto GrabMantap 4277,Fast Food,Bogor
4278,GF-04279,Resto GrabMantap 4278,Beverages,Bandung
4279,GF-04280,Resto GrabMantap 4279,Snacks,Tangerang
4280,GF-04281,Resto GrabMantap 4280,Beverages,Bali
4281,GF-04282,Resto GrabMantap 4281,Seafood,Jakarta
4282,GF-04283,Resto GrabMantap 4282,Snacks,Tangerang
4283,GF-04284,Resto GrabMantap 4283,Snacks,Medan
4284,GF-04285,Resto GrabMantap 4284,Martabak,Bali
4285,GF-04286,Resto GrabMantap 4285,Seafood,Jakarta
4286,GF-04287,Resto GrabMantap 4286,Seafood,Medan
4287,GF-04288,Resto GrabMantap 4287,Ayam Geprek,Tangerang
4288,GF-04289,Resto GrabMantap 4288,Ayam Geprek,Bogor
4289,GF-04290,Resto GrabMantap 4289,Beverages,Bali
4290,GF-04291,Resto GrabMantap 4290,Ayam Geprek,Bandung
4291,GF-04292,Resto GrabMantap 4291,Fast Food,Bekasi
4292,GF-04293,Resto GrabMantap 4292,Ayam Geprek,Depok
4293,GF-04294,Resto GrabMantap 4293,Beverages,Tangerang
4294,GF-04295,Resto GrabMantap 4294,Martabak,Depok
4295,GF-04296,Resto GrabMantap 4295,Martabak,Bandung
4296,GF-04297,Resto GrabMantap 4296,Beverages,Bali
4297,GF-04298,Resto GrabMantap 4297,Ayam Geprek,Makassar
4298,GF-04299,Resto GrabMantap 4298,Martabak,Bandung
4299,GF-04300,Resto GrabMantap 4299,Seafood,Bali
4300,GF-04301,Resto GrabMantap 4300,Ayam Geprek,Depok
4301,GF-04302,Resto GrabMantap 4301,Martabak,Bali
4302,GF-04303,Resto GrabMantap 4302,Ayam Geprek,Jakarta
4303,GF-04304,Resto GrabMantap 4303,Ayam Geprek,Bali
4304,GF-04305,Resto GrabMantap 4304,Ayam Geprek,Medan
4305,GF-04306,Resto GrabMantap 4305,Fast Food,Bekasi
4306,GF-04307,Resto GrabMantap 4306,Fast Food,Jakarta
4307,GF-04308,Resto GrabMantap 4307,Ayam Geprek,Makassar
4308,GF-04309,Resto GrabMantap 4308,Ayam Geprek,Jakarta
4309,GF-04310,Resto GrabMantap 4309,Beverages,Medan
4310,GF-04311,Resto GrabMantap 4310,Seafood,Medan
4311,GF-04312,Resto GrabMantap 4311,Beverages,Bekasi
4312,GF-04313,Resto GrabMantap 4312,Snacks,Tangerang
4313,GF-04314,Resto GrabMantap 4313,Snacks,Surabaya
4314,GF-04315,Resto GrabMantap 4314,Fast Food,Medan
4315,GF-04316,Resto GrabMantap 4315,Seafood,Medan
4316,GF-04317,Resto GrabMantap 4316,Beverages,Medan
4317,GF-04318,Resto GrabMantap 4317,Fast Food,Surabaya
4318,GF-04319,Resto GrabMantap 4318,Ayam Geprek,Makassar
4319,GF-04320,Resto GrabMantap 4319,Fast Food,Jakarta
4320,GF-04321,Resto GrabMantap 4320,Beverages,Jakarta
4321,GF-04322,Resto GrabMantap 4321,Snacks,Bali
4322,GF-04323,Resto GrabMantap 4322,Beverages,Bali
4323,GF-04324,Resto GrabMantap 4323,Fast Food,Depok
4324,GF-04325,Resto GrabMantap 4324,Ayam Geprek,Depok
4325,GF-04326,Resto GrabMantap 4325,Ayam Geprek,Depok
4326,GF-04327,Resto GrabMantap 4326,Fast Food,Medan
4327,GF-04328,Resto GrabMantap 4327,Fast Food,Makassar
4328,GF-04329,Resto GrabMantap 4328,Fast Food,Medan
4329,GF-04330,Resto GrabMantap 4329,Martabak,Jakarta
4330,GF-04331,Resto GrabMantap 4330,Martabak,Makassar
4331,GF-04332,Resto GrabMantap 4331,Seafood,Bali
4332,GF-04333,Resto GrabMantap 4332,Martabak,Bandung
4333,GF-04334,Resto GrabMantap 4333,Fast Food,Jakarta
4334,GF-04335,Resto GrabMantap 4334,Fast Food,Depok
4335,GF-04336,Resto GrabMantap 4335,Beverages,Surabaya
4336,GF-04337,Resto GrabMantap 4336,Martabak,Jakarta
4337,GF-04338,Resto GrabMantap 4337,Martabak,Depok
4338,GF-04339,Resto GrabMantap 4338,Fast Food,Makassar
4339,GF-04340,Resto GrabMantap 4339,Beverages,Makassar
4340,GF-04341,Resto GrabMantap 4340,Seafood,Medan
4341,GF-04342,Resto GrabMantap 4341,Fast Food,Surabaya
4342,GF-04343,Resto GrabMantap 4342,Martabak,Tangerang
4343,GF-04344,Resto GrabMantap 4343,Ayam Geprek,Bogor
4344,GF-04345,Resto GrabMantap 4344,Seafood,Makassar
4345,GF-04346,Resto GrabMantap 4345,Ayam Geprek,Bekasi
4346,GF-04347,Resto GrabMantap 4346,Beverages,Depok
4347,GF-04348,Resto GrabMantap 4347,Ayam Geprek,Tangerang
4348,GF-04349,Resto GrabMantap 4348,Seafood,Bekasi
4349,GF-04350,Resto GrabMantap 4349,Beverages,Bogor
4350,GF-04351,Resto GrabMantap 4350,Fast Food,Bali
4351,GF-04352,Resto GrabMantap 4351,Fast Food,Bekasi
4352,GF-04353,Resto GrabMantap 4352,Beverages,Surabaya
4353,GF-04354,Resto GrabMantap 4353,Fast Food,Medan
4354,GF-04355,Resto GrabMantap 4354,Beverages,Tangerang
4355,GF-04356,Resto GrabMantap 4355,Martabak,Medan
4356,GF-04357,Resto GrabMantap 4356,Martabak,Bandung
4357,GF-04358,Resto GrabMantap 4357,Seafood,Tangerang
4358,GF-04359,Resto GrabMantap 4358,Fast Food,Depok
4359,GF-04360,Resto GrabMantap 4359,Seafood,Tangerang
4360,GF-04361,Resto GrabMantap 4360,Seafood,Bogor
4361,GF-04362,Resto GrabMantap 4361,Seafood,Bandung
4362,GF-04363,Resto GrabMantap 4362,Seafood,Bandung
4363,GF-04364,Resto GrabMantap 4363,Seafood,Bali
4364,GF-04365,Resto GrabMantap 4364,Ayam Geprek,Bandung
4365,GF-04366,Resto GrabMantap 4365,Martabak,Bandung
4366,GF-04367,Resto GrabMantap 4366,Martabak,Bali
4367,GF-04368,Resto GrabMantap 4367,Martabak,Surabaya
4368,GF-04369,Resto GrabMantap 4368,Martabak,Depok
4369,GF-04370,Resto GrabMantap 4369,Seafood,Makassar
4370,GF-04371,Resto GrabMantap 4370,Fast Food,Tangerang
4371,GF-04372,Resto GrabMantap 4371,Ayam Geprek,Bogor
4372,GF-04373,Resto GrabMantap 4372,Seafood,Bali
4373,GF-04374,Resto GrabMantap 4373,Beverages,Medan
4374,GF-04375,Resto GrabMantap 4374,Seafood,Jakarta
4375,GF-04376,Resto GrabMantap 4375,Beverages,Tangerang
4376,GF-04377,Resto GrabMantap 4376,Snacks,Jakarta
4377,GF-04378,Resto GrabMantap 4377,Snacks,Jakarta
4378,GF-04379,Resto GrabMantap 4378,Fast Food,Bali
4379,GF-04380,Resto GrabMantap 4379,Snacks,Jakarta
4380,GF-04381,Resto GrabMantap 4380,Snacks,Makassar
4381,GF-04382,Resto GrabMantap 4381,Fast Food,Bali
4382,GF-04383,Resto GrabMantap 4382,Snacks,Medan
4383,GF-04384,Resto GrabMantap 4383,Ayam Geprek,Depok
4384,GF-04385,Resto GrabMantap 4384,Beverages,Depok
4385,GF-04386,Resto GrabMantap 4385,Beverages,Makassar
4386,GF-04387,Resto GrabMantap 4386,Fast Food,Surabaya
4387,GF-04388,Resto GrabMantap 4387,Beverages,Bekasi
4388,GF-04389,Resto GrabMantap 4388,Fast Food,Bandung
4389,GF-04390,Resto GrabMantap 4389,Beverages,Makassar
4390,GF-04391,Resto GrabMantap 4390,Beverages,Bandung
4391,GF-04392,Resto GrabMantap 4391,Seafood,Makassar
4392,GF-04393,Resto GrabMantap 4392,Ayam Geprek,Bandung
4393,GF-04394,Resto GrabMantap 4393,Ayam Geprek,Bogor
4394,GF-04395,Resto GrabMantap 4394,Martabak,Bogor
4395,GF-04396,Resto GrabMantap 4395,Seafood,Jakarta
4396,GF-04397,Resto GrabMantap 4396,Fast Food,Jakarta
4397,GF-04398,Resto GrabMantap 4397,Snacks,Bogor
4398,GF-04399,Resto GrabMantap 4398,Snacks,Bogor
4399,GF-04400,Resto GrabMantap 4399,Seafood,Bali
4400,GF-04401,Resto GrabMantap 4400,Fast Food,Medan
4401,GF-04402,Resto GrabMantap 4401,Fast Food,Bandung
4402,GF-04403,Resto GrabMantap 4402,Seafood,Medan
4403,GF-04404,Resto GrabMantap 4403,Martabak,Bekasi
4404,GF-04405,Resto GrabMantap 4404,Snacks,Surabaya
4405,GF-04406,Resto GrabMantap 4405,Fast Food,Medan
4406,GF-04407,Resto GrabMantap 4406,Fast Food,Bali
4407,GF-04408,Resto GrabMantap 4407,Martabak,Bandung
4408,GF-04409,Resto GrabMantap 4408,Snacks,Tangerang
4409,GF-04410,Resto GrabMantap 4409,Beverages,Bandung
4410,GF-04411,Resto GrabMantap 4410,Seafood,Bali
4411,GF-04412,Resto GrabMantap 4411,Snacks,Bekasi
4412,GF-04413,Resto GrabMantap 4412,Martabak,Surabaya
4413,GF-04414,Resto GrabMantap 4413,Beverages,Bogor
4414,GF-04415,Resto GrabMantap 4414,Ayam Geprek,Jakarta
4415,GF-04416,Resto GrabMantap 4415,Snacks,Jakarta
4416,GF-04417,Resto GrabMantap 4416,Seafood,Bandung
4417,GF-04418,Resto GrabMantap 4417,Fast Food,Bekasi
4418,GF-04419,Resto GrabMantap 4418,Martabak,Surabaya
4419,GF-04420,Resto GrabMantap 4419,Fast Food,Depok
4420,GF-04421,Resto GrabMantap 4420,Ayam Geprek,Bandung
4421,GF-04422,Resto GrabMantap 4421,Ayam Geprek,Makassar
4422,GF-04423,Resto GrabMantap 4422,Seafood,Bandung
4423,GF-04424,Resto GrabMantap 4423,Snacks,Tangerang
4424,GF-04425,Resto GrabMantap 4424,Fast Food,Bali
4425,GF-04426,Resto GrabMantap 4425,Beverages,Depok
4426,GF-04427,Resto GrabMantap 4426,Seafood,Jakarta
4427,GF-04428,Resto GrabMantap 4427,Snacks,Makassar
4428,GF-04429,Resto GrabMantap 4428,Beverages,Bali
4429,GF-04430,Resto GrabMantap 4429,Martabak,Bogor
4430,GF-04431,Resto GrabMantap 4430,Fast Food,Tangerang
4431,GF-04432,Resto GrabMantap 4431,Beverages,Depok
4432,GF-04433,Resto GrabMantap 4432,Seafood,Bekasi
4433,GF-04434,Resto GrabMantap 4433,Fast Food,Bali
4434,GF-04435,Resto GrabMantap 4434,Beverages,Medan
4435,GF-04436,Resto GrabMantap 4435,Ayam Geprek,Makassar
4436,GF-04437,Resto GrabMantap 4436,Beverages,Depok
4437,GF-04438,Resto GrabMantap 4437,Fast Food,Depok
4438,GF-04439,Resto GrabMantap 4438,Snacks,Medan
4439,GF-04440,Resto GrabMantap 4439,Martabak,Surabaya
4440,GF-04441,Resto GrabMantap 4440,Seafood,Makassar
4441,GF-04442,Resto GrabMantap 4441,Seafood,Jakarta
4442,GF-04443,Resto GrabMantap 4442,Seafood,Jakarta
4443,GF-04444,Resto GrabMantap 4443,Seafood,Makassar
4444,GF-04445,Resto GrabMantap 4444,Snacks,Bogor
4445,GF-04446,Resto GrabMantap 4445,Martabak,Bekasi
4446,GF-04447,Resto GrabMantap 4446,Ayam Geprek,Medan
4447,GF-04448,Resto GrabMantap 4447,Beverages,Bogor
4448,GF-04449,Resto GrabMantap 4448,Snacks,Bogor
4449,GF-04450,Resto GrabMantap 4449,Ayam Geprek,Bandung
4450,GF-04451,Resto GrabMantap 4450,Snacks,Makassar
4451,GF-04452,Resto GrabMantap 4451,Fast Food,Depok
4452,GF-04453,Resto GrabMantap 4452,Ayam Geprek,Depok
4453,GF-04454,Resto GrabMantap 4453,Martabak,Bogor
4454,GF-04455,Resto GrabMantap 4454,Ayam Geprek,Surabaya
4455,GF-04456,Resto GrabMantap 4455,Seafood,Medan
4456,GF-04457,Resto GrabMantap 4456,Martabak,Bekasi
4457,GF-04458,Resto GrabMantap 4457,Ayam Geprek,Tangerang
4458,GF-04459,Resto GrabMantap 4458,Fast Food,Medan
4459,GF-04460,Resto GrabMantap 4459,Beverages,Tangerang
4460,GF-04461,Resto GrabMantap 4460,Seafood,Surabaya
4461,GF-04462,Resto GrabMantap 4461,Ayam Geprek,Bekasi
4462,GF-04463,Resto GrabMantap 4462,Fast Food,Medan
4463,GF-04464,Resto GrabMantap 4463,Snacks,Jakarta
4464,GF-04465,Resto GrabMantap 4464,Seafood,Bogor
4465,GF-04466,Resto GrabMantap 4465,Fast Food,Tangerang
4466,GF-04467,Resto GrabMantap 4466,Ayam Geprek,Bekasi
4467,GF-04468,Resto GrabMantap 4467,Snacks,Depok
4468,GF-04469,Resto GrabMantap 4468,Martabak,Bekasi
4469,GF-04470,Resto GrabMantap 4469,Seafood,Medan
4470,GF-04471,Resto GrabMantap 4470,Ayam Geprek,Medan
4471,GF-04472,Resto GrabMantap 4471,Martabak,Bali
4472,GF-04473,Resto GrabMantap 4472,Ayam Geprek,Jakarta
4473,GF-04474,Resto GrabMantap 4473,Beverages,Bekasi
4474,GF-04475,Resto GrabMantap 4474,Martabak,Depok
4475,GF-04476,Resto GrabMantap 4475,Fast Food,Jakarta
4476,GF-04477,Resto GrabMantap 4476,Seafood,Bogor
4477,GF-04478,Resto GrabMantap 4477,Ayam Geprek,Surabaya
4478,GF-04479,Resto GrabMantap 4478,Fast Food,Makassar
4479,GF-04480,Resto GrabMantap 4479,Martabak,Medan
4480,GF-04481,Resto GrabMantap 4480,Fast Food,Jakarta
4481,GF-04482,Resto GrabMantap 4481,Martabak,Bogor
4482,GF-04483,Resto GrabMantap 4482,Seafood,Bekasi
4483,GF-04484,Resto GrabMantap 4483,Seafood,Medan
4484,GF-04485,Resto GrabMantap 4484,Snacks,Bali
4485,GF-04486,Resto GrabMantap 4485,Beverages,Tangerang
4486,GF-04487,Resto GrabMantap 4486,Beverages,Tangerang
4487,GF-04488,Resto GrabMantap 4487,Martabak,Depok
4488,GF-04489,Resto GrabMantap 4488,Snacks,Tangerang
4489,GF-04490,Resto GrabMantap 4489,Ayam Geprek,Depok
4490,GF-04491,Resto GrabMantap 4490,Beverages,Depok
4491,GF-04492,Resto GrabMantap 4491,Seafood,Surabaya
4492,GF-04493,Resto GrabMantap 4492,Ayam Geprek,Jakarta
4493,GF-04494,Resto GrabMantap 4493,Martabak,Surabaya
4494,GF-04495,Resto GrabMantap 4494,Snacks,Bali
4495,GF-04496,Resto GrabMantap 4495,Snacks,Medan
4496,GF-04497,Resto GrabMantap 4496,Fast Food,Bekasi
4497,GF-04498,Resto GrabMantap 4497,Seafood,Makassar
4498,GF-04499,Resto GrabMantap 4498,Snacks,Bekasi
4499,GF-04500,Resto GrabMantap 4499,Seafood,Bogor
4500,GF-04501,Resto GrabMantap 4500,Snacks,Bekasi
4501,GF-04502,Resto GrabMantap 4501,Beverages,Bogor
4502,GF-04503,Resto GrabMantap 4502,Ayam Geprek,Surabaya
4503,GF-04504,Resto GrabMantap 4503,Seafood,Tangerang
4504,GF-04505,Resto GrabMantap 4504,Ayam Geprek,Makassar
4505,GF-04506,Resto GrabMantap 4505,Snacks,Bekasi
4506,GF-04507,Resto GrabMantap 4506,Seafood,Bogor
4507,GF-04508,Resto GrabMantap 4507,Ayam Geprek,Surabaya
4508,GF-04509,Resto GrabMantap 4508,Ayam Geprek,Bogor
4509,GF-04510,Resto GrabMantap 4509,Fast Food,Depok
4510,GF-04511,Resto GrabMantap 4510,Ayam Geprek,Medan
4511,GF-04512,Resto GrabMantap 4511,Ayam Geprek,Bali
4512,GF-04513,Resto GrabMantap 4512,Ayam Geprek,Medan
4513,GF-04514,Resto GrabMantap 4513,Martabak,Jakarta
4514,GF-04515,Resto GrabMantap 4514,Ayam Geprek,Surabaya
4515,GF-04516,Resto GrabMantap 4515,Beverages,Depok
4516,GF-04517,Resto GrabMantap 4516,Fast Food,Bogor
4517,GF-04518,Resto GrabMantap 4517,Fast Food,Surabaya
4518,GF-04519,Resto GrabMantap 4518,Ayam Geprek,Bogor
4519,GF-04520,Resto GrabMantap 4519,Seafood,Depok
4520,GF-04521,Resto GrabMantap 4520,Ayam Geprek,Surabaya
4521,GF-04522,Resto GrabMantap 4521,Beverages,Medan
4522,GF-04523,Resto GrabMantap 4522,Seafood,Tangerang
4523,GF-04524,Resto GrabMantap 4523,Martabak,Makassar
4524,GF-04525,Resto GrabMantap 4524,Seafood,Bali
4525,GF-04526,Resto GrabMantap 4525,Seafood,Makassar
4526,GF-04527,Resto GrabMantap 4526,Snacks,Tangerang
4527,GF-04528,Resto GrabMantap 4527,Seafood,Bekasi
4528,GF-04529,Resto GrabMantap 4528,Seafood,Medan
4529,GF-04530,Resto GrabMantap 4529,Beverages,Medan
4530,GF-04531,Resto GrabMantap 4530,Beverages,Bogor
4531,GF-04532,Resto GrabMantap 4531,Snacks,Medan
4532,GF-04533,Resto GrabMantap 4532,Snacks,Surabaya
4533,GF-04534,Resto GrabMantap 4533,Ayam Geprek,Depok
4534,GF-04535,Resto GrabMantap 4534,Martabak,Surabaya
4535,GF-04536,Resto GrabMantap 4535,Martabak,Bogor
4536,GF-04537,Resto GrabMantap 4536,Snacks,Tangerang
4537,GF-04538,Resto GrabMantap 4537,Ayam Geprek,Bogor
4538,GF-04539,Resto GrabMantap 4538,Seafood,Bogor
4539,GF-04540,Resto GrabMantap 4539,Beverages,Surabaya
4540,GF-04541,Resto GrabMantap 4540,Beverages,Bandung
4541,GF-04542,Resto GrabMantap 4541,Martabak,Bekasi
4542,GF-04543,Resto GrabMantap 4542,Fast Food,Jakarta
4543,GF-04544,Resto GrabMantap 4543,Ayam Geprek,Bekasi
4544,GF-04545,Resto GrabMantap 4544,Martabak,Surabaya
4545,GF-04546,Resto GrabMantap 4545,Seafood,Surabaya
4546,GF-04547,Resto GrabMantap 4546,Martabak,Bandung
4547,GF-04548,Resto GrabMantap 4547,Seafood,Bandung
4548,GF-04549,Resto GrabMantap 4548,Beverages,Medan
4549,GF-04550,Resto GrabMantap 4549,Snacks,Makassar
4550,GF-04551,Resto GrabMantap 4550,Fast Food,Surabaya
4551,GF-04552,Resto GrabMantap 4551,Snacks,Medan
4552,GF-04553,Resto GrabMantap 4552,Fast Food,Tangerang
4553,GF-04554,Resto GrabMantap 4553,Beverages,Jakarta
4554,GF-04555,Resto GrabMantap 4554,Martabak,Bogor
4555,GF-04556,Resto GrabMantap 4555,Martabak,Bekasi
4556,GF-04557,Resto GrabMantap 4556,Snacks,Tangerang
4557,GF-04558,Resto GrabMantap 4557,Beverages,Tangerang
4558,GF-04559,Resto GrabMantap 4558,Beverages,Jakarta
4559,GF-04560,Resto GrabMantap 4559,Snacks,Depok
4560,GF-04561,Resto GrabMantap 4560,Beverages,Bekasi
4561,GF-04562,Resto GrabMantap 4561,Ayam Geprek,Bandung
4562,GF-04563,Resto GrabMantap 4562,Fast Food,Bandung
4563,GF-04564,Resto GrabMantap 4563,Seafood,Surabaya
4564,GF-04565,Resto GrabMantap 4564,Ayam Geprek,Makassar
4565,GF-04566,Resto GrabMantap 4565,Fast Food,Medan
4566,GF-04567,Resto GrabMantap 4566,Martabak,Tangerang
4567,GF-04568,Resto GrabMantap 4567,Martabak,Makassar
4568,GF-04569,Resto GrabMantap 4568,Beverages,Makassar
4569,GF-04570,Resto GrabMantap 4569,Snacks,Jakarta
4570,GF-04571,Resto GrabMantap 4570,Ayam Geprek,Bali
4571,GF-04572,Resto GrabMantap 4571,Martabak,Surabaya
4572,GF-04573,Resto GrabMantap 4572,Fast Food,Depok
4573,GF-04574,Resto GrabMantap 4573,Martabak,Medan
4574,GF-04575,Resto GrabMantap 4574,Ayam Geprek,Bogor
4575,GF-04576,Resto GrabMantap 4575,Snacks,Jakarta
4576,GF-04577,Resto GrabMantap 4576,Seafood,Bali
4577,GF-04578,Resto GrabMantap 4577,Fast Food,Bandung
4578,GF-04579,Resto GrabMantap 4578,Beverages,Tangerang
4579,GF-04580,Resto GrabMantap 4579,Martabak,Bandung
4580,GF-04581,Resto GrabMantap 4580,Ayam Geprek,Jakarta
4581,GF-04582,Resto GrabMantap 4581,Snacks,Medan
4582,GF-04583,Resto GrabMantap 4582,Seafood,Surabaya
4583,GF-04584,Resto GrabMantap 4583,Ayam Geprek,Tangerang
4584,GF-04585,Resto GrabMantap 4584,Beverages,Jakarta
4585,GF-04586,Resto GrabMantap 4585,Martabak,Jakarta
4586,GF-04587,Resto GrabMantap 4586,Ayam Geprek,Surabaya
4587,GF-04588,Resto GrabMantap 4587,Beverages,Surabaya
4588,GF-04589,Resto GrabMantap 4588,Ayam Geprek,Bogor
4589,GF-04590,Resto GrabMantap 4589,Martabak,Bandung
4590,GF-04591,Resto GrabMantap 4590,Ayam Geprek,Jakarta
4591,GF-04592,Resto GrabMantap 4591,Martabak,Medan
4592,GF-04593,Resto GrabMantap 4592,Beverages,Medan
4593,GF-04594,Resto GrabMantap 4593,Seafood,Medan
4594,GF-04595,Resto GrabMantap 4594,Ayam Geprek,Makassar
4595,GF-04596,Resto GrabMantap 4595,Seafood,Medan
4596,GF-04597,Resto GrabMantap 4596,Snacks,Depok
4597,GF-04598,Resto GrabMantap 4597,Ayam Geprek,Bogor
4598,GF-04599,Resto GrabMantap 4598,Martabak,Bali
4599,GF-04600,Resto GrabMantap 4599,Fast Food,Bogor
4600,GF-04601,Resto GrabMantap 4600,Snacks,Bogor
4601,GF-04602,Resto GrabMantap 4601,Seafood,Bali
4602,GF-04603,Resto GrabMantap 4602,Beverages,Bali
4603,GF-04604,Resto GrabMantap 4603,Martabak,Surabaya
4604,GF-04605,Resto GrabMantap 4604,Ayam Geprek,Medan
4605,GF-04606,Resto GrabMantap 4605,Snacks,Makassar
4606,GF-04607,Resto GrabMantap 4606,Martabak,Bogor
4607,GF-04608,Resto GrabMantap 4607,Martabak,Bekasi
4608,GF-04609,Resto GrabMantap 4608,Martabak,Tangerang
4609,GF-04610,Resto GrabMantap 4609,Martabak,Makassar
4610,GF-04611,Resto GrabMantap 4610,Ayam Geprek,Depok
4611,GF-04612,Resto GrabMantap 4611,Martabak,Surabaya
4612,GF-04613,Resto GrabMantap 4612,Snacks,Depok
4613,GF-04614,Resto GrabMantap 4613,Seafood,Bekasi
4614,GF-04615,Resto GrabMantap 4614,Snacks,Surabaya
4615,GF-04616,Resto GrabMantap 4615,Snacks,Bekasi
4616,GF-04617,Resto GrabMantap 4616,Seafood,Bekasi
4617,GF-04618,Resto GrabMantap 4617,Fast Food,Tangerang
4618,GF-04619,Resto GrabMantap 4618,Seafood,Bandung
4619,GF-04620,Resto GrabMantap 4619,Beverages,Jakarta
4620,GF-04621,Resto GrabMantap 4620,Fast Food,Bali
4621,GF-04622,Resto GrabMantap 4621,Seafood,Bekasi
4622,GF-04623,Resto GrabMantap 4622,Fast Food,Surabaya
4623,GF-04624,Resto GrabMantap 4623,Fast Food,Tangerang
4624,GF-04625,Resto GrabMantap 4624,Seafood,Depok
4625,GF-04626,Resto GrabMantap 4625,Ayam Geprek,Jakarta
4626,GF-04627,Resto GrabMantap 4626,Snacks,Tangerang
4627,GF-04628,Resto GrabMantap 4627,Fast Food,Jakarta
4628,GF-04629,Resto GrabMantap 4628,Beverages,Bekasi
4629,GF-04630,Resto GrabMantap 4629,Snacks,Tangerang
4630,GF-04631,Resto GrabMantap 4630,Martabak,Bandung
4631,GF-04632,Resto GrabMantap 4631,Snacks,Medan
4632,GF-04633,Resto GrabMantap 4632,Seafood,Jakarta
4633,GF-04634,Resto GrabMantap 4633,Fast Food,Tangerang
4634,GF-04635,Resto GrabMantap 4634,Martabak,Depok
4635,GF-04636,Resto GrabMantap 4635,Snacks,Depok
4636,GF-04637,Resto GrabMantap 4636,Ayam Geprek,Tangerang
4637,GF-04638,Resto GrabMantap 4637,Ayam Geprek,Bekasi
4638,GF-04639,Resto GrabMantap 4638,Seafood,Bandung
4639,GF-04640,Resto GrabMantap 4639,Beverages,Medan
4640,GF-04641,Resto GrabMantap 4640,Snacks,Bandung
4641,GF-04642,Resto GrabMantap 4641,Beverages,Bandung
4642,GF-04643,Resto GrabMantap 4642,Beverages,Jakarta
4643,GF-04644,Resto GrabMantap 4643,Martabak,Bali
4644,GF-04645,Resto GrabMantap 4644,Beverages,Makassar
4645,GF-04646,Resto GrabMantap 4645,Snacks,Bekasi
4646,GF-04647,Resto GrabMantap 4646,Snacks,Tangerang
4647,GF-04648,Resto GrabMantap 4647,Ayam Geprek,Depok
4648,GF-04649,Resto GrabMantap 4648,Beverages,Surabaya
4649,GF-04650,Resto GrabMantap 4649,Seafood,Depok
4650,GF-04651,Resto GrabMantap 4650,Snacks,Depok
4651,GF-04652,Resto GrabMantap 4651,Seafood,Bandung
4652,GF-04653,Resto GrabMantap 4652,Snacks,Bekasi
4653,GF-04654,Resto GrabMantap 4653,Beverages,Depok
4654,GF-04655,Resto GrabMantap 4654,Ayam Geprek,Bekasi
4655,GF-04656,Resto GrabMantap 4655,Snacks,Bali
4656,GF-04657,Resto GrabMantap 4656,Ayam Geprek,Bandung
4657,GF-04658,Resto GrabMantap 4657,Fast Food,Medan
4658,GF-04659,Resto GrabMantap 4658,Seafood,Depok
4659,GF-04660,Resto GrabMantap 4659,Fast Food,Bogor
4660,GF-04661,Resto GrabMantap 4660,Seafood,Surabaya
4661,GF-04662,Resto GrabMantap 4661,Martabak,Bandung
4662,GF-04663,Resto GrabMantap 4662,Seafood,Bekasi
4663,GF-04664,Resto GrabMantap 4663,Martabak,Bekasi
4664,GF-04665,Resto GrabMantap 4664,Seafood,Bali
4665,GF-04666,Resto GrabMantap 4665,Ayam Geprek,Depok
4666,GF-04667,Resto GrabMantap 4666,Seafood,Depok
4667,GF-04668,Resto GrabMantap 4667,Ayam Geprek,Bali
4668,GF-04669,Resto GrabMantap 4668,Fast Food,Medan
4669,GF-04670,Resto GrabMantap 4669,Ayam Geprek,Surabaya
4670,GF-04671,Resto GrabMantap 4670,Seafood,Surabaya
4671,GF-04672,Resto GrabMantap 4671,Ayam Geprek,Bogor
4672,GF-04673,Resto GrabMantap 4672,Fast Food,Bogor
4673,GF-04674,Resto GrabMantap 4673,Beverages,Tangerang
4674,GF-04675,Resto GrabMantap 4674,Ayam Geprek,Tangerang
4675,GF-04676,Resto GrabMantap 4675,Ayam Geprek,Bogor
4676,GF-04677,Resto GrabMantap 4676,Martabak,Depok
4677,GF-04678,Resto GrabMantap 4677,Seafood,Bali
4678,GF-04679,Resto GrabMantap 4678,Seafood,Bogor
4679,GF-04680,Resto GrabMantap 4679,Fast Food,Bandung
4680,GF-04681,Resto GrabMantap 4680,Martabak,Bali
4681,GF-04682,Resto GrabMantap 4681,Ayam Geprek,Bekasi
4682,GF-04683,Resto GrabMantap 4682,Seafood,Tangerang
4683,GF-04684,Resto GrabMantap 4683,Seafood,Jakarta
4684,GF-04685,Resto GrabMantap 4684,Beverages,Bandung
4685,GF-04686,Resto GrabMantap 4685,Snacks,Surabaya
4686,GF-04687,Resto GrabMantap 4686,Seafood,Bali
4687,GF-04688,Resto GrabMantap 4687,Beverages,Surabaya
4688,GF-04689,Resto GrabMantap 4688,Fast Food,Bandung
4689,GF-04690,Resto GrabMantap 4689,Beverages,Medan
4690,GF-04691,Resto GrabMantap 4690,Beverages,Tangerang
4691,GF-04692,Resto GrabMantap 4691,Beverages,Surabaya
4692,GF-04693,Resto GrabMantap 4692,Snacks,Bali
4693,GF-04694,Resto GrabMantap 4693,Snacks,Depok
4694,GF-04695,Resto GrabMantap 4694,Snacks,Tangerang
4695,GF-04696,Resto GrabMantap 4695,Seafood,Jakarta
4696,GF-04697,Resto GrabMantap 4696,Martabak,Bogor
4697,GF-04698,Resto GrabMantap 4697,Snacks,Bekasi
4698,GF-04699,Resto GrabMantap 4698,Martabak,Bogor
4699,GF-04700,Resto GrabMantap 4699,Fast Food,Bekasi
4700,GF-04701,Resto GrabMantap 4700,Martabak,Bali
4701,GF-04702,Resto GrabMantap 4701,Ayam Geprek,Bekasi
4702,GF-04703,Resto GrabMantap 4702,Beverages,Bekasi
4703,GF-04704,Resto GrabMantap 4703,Fast Food,Tangerang
4704,GF-04705,Resto GrabMantap 4704,Ayam Geprek,Bekasi
4705,GF-04706,Resto GrabMantap 4705,Fast Food,Medan
4706,GF-04707,Resto GrabMantap 4706,Martabak,Surabaya
4707,GF-04708,Resto GrabMantap 4707,Ayam Geprek,Depok
4708,GF-04709,Resto GrabMantap 4708,Ayam Geprek,Tangerang
4709,GF-04710,Resto GrabMantap 4709,Snacks,Jakarta
4710,GF-04711,Resto GrabMantap 4710,Seafood,Surabaya
4711,GF-04712,Resto GrabMantap 4711,Seafood,Bogor
4712,GF-04713,Resto GrabMantap 4712,Seafood,Bekasi
4713,GF-04714,Resto GrabMantap 4713,Martabak,Bekasi
4714,GF-04715,Resto GrabMantap 4714,Snacks,Tangerang
4715,GF-04716,Resto GrabMantap 4715,Beverages,Medan
4716,GF-04717,Resto GrabMantap 4716,Ayam Geprek,Jakarta
4717,GF-04718,Resto GrabMantap 4717,Seafood,Bali
4718,GF-04719,Resto GrabMantap 4718,Snacks,Bekasi
4719,GF-04720,Resto GrabMantap 4719,Snacks,Surabaya
4720,GF-04721,Resto GrabMantap 4720,Fast Food,Bali
4721,GF-04722,Resto GrabMantap 4721,Martabak,Makassar
4722,GF-04723,Resto GrabMantap 4722,Martabak,Bogor
4723,GF-04724,Resto GrabMantap 4723,Beverages,Depok
4724,GF-04725,Resto GrabMantap 4724,Seafood,Jakarta
4725,GF-04726,Resto GrabMantap 4725,Beverages,Depok
4726,GF-04727,Resto GrabMantap 4726,Seafood,Makassar
4727,GF-04728,Resto GrabMantap 4727,Ayam Geprek,Bogor
4728,GF-04729,Resto GrabMantap 4728,Seafood,Tangerang
4729,GF-04730,Resto GrabMantap 4729,Seafood,Bekasi
4730,GF-04731,Resto GrabMantap 4730,Fast Food,Makassar
4731,GF-04732,Resto GrabMantap 4731,Fast Food,Medan
4732,GF-04733,Resto GrabMantap 4732,Ayam Geprek,Medan
4733,GF-04734,Resto GrabMantap 4733,Snacks,Bekasi
4734,GF-04735,Resto GrabMantap 4734,Fast Food,Bali
4735,GF-04736,Resto GrabMantap 4735,Seafood,Bandung
4736,GF-04737,Resto GrabMantap 4736,Martabak,Bali
4737,GF-04738,Resto GrabMantap 4737,Beverages,Medan
4738,GF-04739,Resto GrabMantap 4738,Fast Food,Bekasi
4739,GF-04740,Resto GrabMantap 4739,Seafood,Medan
4740,GF-04741,Resto GrabMantap 4740,Fast Food,Bekasi
4741,GF-04742,Resto GrabMantap 4741,Snacks,Tangerang
4742,GF-04743,Resto GrabMantap 4742,Ayam Geprek,Medan
4743,GF-04744,Resto GrabMantap 4743,Snacks,Tangerang
4744,GF-04745,Resto GrabMantap 4744,Snacks,Surabaya
4745,GF-04746,Resto GrabMantap 4745,Seafood,Jakarta
4746,GF-04747,Resto GrabMantap 4746,Snacks,Bandung
4747,GF-04748,Resto GrabMantap 4747,Fast Food,Jakarta
4748,GF-04749,Resto GrabMantap 4748,Martabak,Bandung
4749,GF-04750,Resto GrabMantap 4749,Martabak,Depok
4750,GF-04751,Resto GrabMantap 4750,Fast Food,Makassar
4751,GF-04752,Resto GrabMantap 4751,Snacks,Bekasi
4752,GF-04753,Resto GrabMantap 4752,Martabak,Bandung
4753,GF-04754,Resto GrabMantap 4753,Snacks,Tangerang
4754,GF-04755,Resto GrabMantap 4754,Martabak,Bali
4755,GF-04756,Resto GrabMantap 4755,Snacks,Bekasi
4756,GF-04757,Resto GrabMantap 4756,Ayam Geprek,Bali
4757,GF-04758,Resto GrabMantap 4757,Martabak,Surabaya
4758,GF-04759,Resto GrabMantap 4758,Ayam Geprek,Surabaya
4759,GF-04760,Resto GrabMantap 4759,Ayam Geprek,Jakarta
4760,GF-04761,Resto GrabMantap 4760,Seafood,Tangerang
4761,GF-04762,Resto GrabMantap 4761,Seafood,Bekasi
4762,GF-04763,Resto GrabMantap 4762,Fast Food,Surabaya
4763,GF-04764,Resto GrabMantap 4763,Seafood,Bekasi
4764,GF-04765,Resto GrabMantap 4764,Seafood,Bandung
4765,GF-04766,Resto GrabMantap 4765,Fast Food,Bandung
4766,GF-04767,Resto GrabMantap 4766,Fast Food,Depok
4767,GF-04768,Resto GrabMantap 4767,Ayam Geprek,Makassar
4768,GF-04769,Resto GrabMantap 4768,Ayam Geprek,Depok
4769,GF-04770,Resto GrabMantap 4769,Seafood,Bandung
4770,GF-04771,Resto GrabMantap 4770,Martabak,Bandung
4771,GF-04772,Resto GrabMantap 4771,Snacks,Bandung
4772,GF-04773,Resto GrabMantap 4772,Snacks,Medan
4773,GF-04774,Resto GrabMantap 4773,Snacks,Medan
4774,GF-04775,Resto GrabMantap 4774,Snacks,Makassar
4775,GF-04776,Resto GrabMantap 4775,Ayam Geprek,Jakarta
4776,GF-04777,Resto GrabMantap 4776,Seafood,Bogor
4777,GF-04778,Resto GrabMantap 4777,Fast Food,Bandung
4778,GF-04779,Resto GrabMantap 4778,Ayam Geprek,Bekasi
4779,GF-04780,Resto GrabMantap 4779,Seafood,Medan
4780,GF-04781,Resto GrabMantap 4780,Snacks,Depok
4781,GF-04782,Resto GrabMantap 4781,Beverages,Depok
4782,GF-04783,Resto GrabMantap 4782,Seafood,Tangerang
4783,GF-04784,Resto GrabMantap 4783,Ayam Geprek,Bogor
4784,GF-04785,Resto GrabMantap 4784,Martabak,Bandung
4785,GF-04786,Resto GrabMantap 4785,Beverages,Depok
4786,GF-04787,Resto GrabMantap 4786,Ayam Geprek,Bandung
4787,GF-04788,Resto GrabMantap 4787,Martabak,Jakarta
4788,GF-04789,Resto GrabMantap 4788,Snacks,Bekasi
4789,GF-04790,Resto GrabMantap 4789,Snacks,Bekasi
4790,GF-04791,Resto GrabMantap 4790,Ayam Geprek,Bandung
4791,GF-04792,Resto GrabMantap 4791,Beverages,Bekasi
4792,GF-04793,Resto GrabMantap 4792,Fast Food,Bekasi
4793,GF-04794,Resto GrabMantap 4793,Ayam Geprek,Bali
4794,GF-04795,Resto GrabMantap 4794,Snacks,Bekasi
4795,GF-04796,Resto GrabMantap 4795,Martabak,Depok
4796,GF-04797,Resto GrabMantap 4796,Beverages,Bandung
4797,GF-04798,Resto GrabMantap 4797,Martabak,Bandung
4798,GF-04799,Resto GrabMantap 4798,Ayam Geprek,Tangerang
4799,GF-04800,Resto GrabMantap 4799,Martabak,Surabaya
4800,GF-04801,Resto GrabMantap 4800,Snacks,Depok
4801,GF-04802,Resto GrabMantap 4801,Snacks,Bandung
4802,GF-04803,Resto GrabMantap 4802,Ayam Geprek,Bekasi
4803,GF-04804,Resto GrabMantap 4803,Fast Food,Tangerang
4804,GF-04805,Resto GrabMantap 4804,Snacks,Bali
4805,GF-04806,Resto GrabMantap 4805,Snacks,Surabaya
4806,GF-04807,Resto GrabMantap 4806,Snacks,Surabaya
4807,GF-04808,Resto GrabMantap 4807,Beverages,Surabaya
4808,GF-04809,Resto GrabMantap 4808,Beverages,Makassar
4809,GF-04810,Resto GrabMantap 4809,Fast Food,Surabaya
4810,GF-04811,Resto GrabMantap 4810,Seafood,Makassar
4811,GF-04812,Resto GrabMantap 4811,Beverages,Bali
4812,GF-04813,Resto GrabMantap 4812,Ayam Geprek,Medan
4813,GF-04814,Resto GrabMantap 4813,Seafood,Makassar
4814,GF-04815,Resto GrabMantap 4814,Martabak,Bandung
4815,GF-04816,Resto GrabMantap 4815,Seafood,Surabaya
4816,GF-04817,Resto GrabMantap 4816,Ayam Geprek,Jakarta
4817,GF-04818,Resto GrabMantap 4817,Beverages,Bandung
4818,GF-04819,Resto GrabMantap 4818,Ayam Geprek,Tangerang
4819,GF-04820,Resto GrabMantap 4819,Ayam Geprek,Bekasi
4820,GF-04821,Resto GrabMantap 4820,Snacks,Makassar
4821,GF-04822,Resto GrabMantap 4821,Seafood,Bandung
4822,GF-04823,Resto GrabMantap 4822,Martabak,Jakarta
4823,GF-04824,Resto GrabMantap 4823,Ayam Geprek,Surabaya
4824,GF-04825,Resto GrabMantap 4824,Ayam Geprek,Surabaya
4825,GF-04826,Resto GrabMantap 4825,Seafood,Makassar
4826,GF-04827,Resto GrabMantap 4826,Snacks,Makassar
4827,GF-04828,Resto GrabMantap 4827,Fast Food,Tangerang
4828,GF-04829,Resto GrabMantap 4828,Ayam Geprek,Bandung
4829,GF-04830,Resto GrabMantap 4829,Fast Food,Tangerang
4830,GF-04831,Resto GrabMantap 4830,Ayam Geprek,Makassar
4831,GF-04832,Resto GrabMantap 4831,Beverages,Surabaya
4832,GF-04833,Resto GrabMantap 4832,Seafood,Tangerang
4833,GF-04834,Resto GrabMantap 4833,Martabak,Bogor
4834,GF-04835,Resto GrabMantap 4834,Martabak,Bali
4835,GF-04836,Resto GrabMantap 4835,Martabak,Bekasi
4836,GF-04837,Resto GrabMantap 4836,Ayam Geprek,Jakarta
4837,GF-04838,Resto GrabMantap 4837,Fast Food,Bekasi
4838,GF-04839,Resto GrabMantap 4838,Fast Food,Makassar
4839,GF-04840,Resto GrabMantap 4839,Ayam Geprek,Bali
4840,GF-04841,Resto GrabMantap 4840,Ayam Geprek,Makassar
4841,GF-04842,Resto GrabMantap 4841,Seafood,Bogor
4842,GF-04843,Resto GrabMantap 4842,Martabak,Bali
4843,GF-04844,Resto GrabMantap 4843,Seafood,Makassar
4844,GF-04845,Resto GrabMantap 4844,Seafood,Tangerang
4845,GF-04846,Resto GrabMantap 4845,Fast Food,Bogor
4846,GF-04847,Resto GrabMantap 4846,Seafood,Bekasi
4847,GF-04848,Resto GrabMantap 4847,Martabak,Surabaya
4848,GF-04849,Resto GrabMantap 4848,Seafood,Bandung
4849,GF-04850,Resto GrabMantap 4849,Martabak,Makassar
4850,GF-04851,Resto GrabMantap 4850,Ayam Geprek,Depok
4851,GF-04852,Resto GrabMantap 4851,Martabak,Bogor
4852,GF-04853,Resto GrabMantap 4852,Seafood,Bekasi
4853,GF-04854,Resto GrabMantap 4853,Beverages,Makassar
4854,GF-04855,Resto GrabMantap 4854,Ayam Geprek,Jakarta
4855,GF-04856,Resto GrabMantap 4855,Martabak,Medan
4856,GF-04857,Resto GrabMantap 4856,Martabak,Jakarta
4857,GF-04858,Resto GrabMantap 4857,Ayam Geprek,Depok
4858,GF-04859,Resto GrabMantap 4858,Beverages,Surabaya
4859,GF-04860,Resto GrabMantap 4859,Ayam Geprek,Bekasi
4860,GF-04861,Resto GrabMantap 4860,Fast Food,Depok
4861,GF-04862,Resto GrabMantap 4861,Ayam Geprek,Bogor
4862,GF-04863,Resto GrabMantap 4862,Snacks,Medan
4863,GF-04864,Resto GrabMantap 4863,Beverages,Bandung
4864,GF-04865,Resto GrabMantap 4864,Fast Food,Jakarta
4865,GF-04866,Resto GrabMantap 4865,Beverages,Jakarta
4866,GF-04867,Resto GrabMantap 4866,Fast Food,Medan
4867,GF-04868,Resto GrabMantap 4867,Snacks,Bali
4868,GF-04869,Resto GrabMantap 4868,Fast Food,Tangerang
4869,GF-04870,Resto GrabMantap 4869,Seafood,Bekasi
4870,GF-04871,Resto GrabMantap 4870,Snacks,Surabaya
4871,GF-04872,Resto GrabMantap 4871,Beverages,Medan
4872,GF-04873,Resto GrabMantap 4872,Beverages,Bogor
4873,GF-04874,Resto GrabMantap 4873,Ayam Geprek,Bandung
4874,GF-04875,Resto GrabMantap 4874,Martabak,Bandung
4875,GF-04876,Resto GrabMantap 4875,Fast Food,Bali
4876,GF-04877,Resto GrabMantap 4876,Snacks,Tangerang
4877,GF-04878,Resto GrabMantap 4877,Fast Food,Jakarta
4878,GF-04879,Resto GrabMantap 4878,Snacks,Jakarta
4879,GF-04880,Resto GrabMantap 4879,Martabak,Bekasi
4880,GF-04881,Resto GrabMantap 4880,Seafood,Bandung
4881,GF-04882,Resto GrabMantap 4881,Martabak,Makassar
4882,GF-04883,Resto GrabMantap 4882,Snacks,Tangerang
4883,GF-04884,Resto GrabMantap 4883,Seafood,Bogor
4884,GF-04885,Resto GrabMantap 4884,Martabak,Makassar
4885,GF-04886,Resto GrabMantap 4885,Seafood,Medan
4886,GF-04887,Resto GrabMantap 4886,Seafood,Bogor
4887,GF-04888,Resto GrabMantap 4887,Beverages,Bali
4888,GF-04889,Resto GrabMantap 4888,Snacks,Tangerang
4889,GF-04890,Resto GrabMantap 4889,Fast Food,Makassar
4890,GF-04891,Resto GrabMantap 4890,Fast Food,Bogor
4891,GF-04892,Resto GrabMantap 4891,Beverages,Bandung
4892,GF-04893,Resto GrabMantap 4892,Beverages,Bandung
4893,GF-04894,Resto GrabMantap 4893,Snacks,Bogor
4894,GF-04895,Resto GrabMantap 4894,Fast Food,Jakarta
4895,GF-04896,Resto GrabMantap 4895,Beverages,Jakarta
4896,GF-04897,Resto GrabMantap 4896,Beverages,Bogor
4897,GF-04898,Resto GrabMantap 4897,Martabak,Depok
4898,GF-04899,Resto GrabMantap 4898,Ayam Geprek,Depok
4899,GF-04900,Resto GrabMantap 4899,Snacks,Jakarta
4900,GF-04901,Resto GrabMantap 4900,Seafood,Bekasi
4901,GF-04902,Resto GrabMantap 4901,Snacks,Surabaya
4902,GF-04903,Resto GrabMantap 4902,Martabak,Bandung
4903,GF-04904,Resto GrabMantap 4903,Snacks,Tangerang
4904,GF-04905,Resto GrabMantap 4904,Ayam Geprek,Tangerang
4905,GF-04906,Resto GrabMantap 4905,Beverages,Tangerang
4906,GF-04907,Resto GrabMantap 4906,Beverages,Medan
4907,GF-04908,Resto GrabMantap 4907,Beverages,Surabaya
4908,GF-04909,Resto GrabMantap 4908,Ayam Geprek,Makassar
4909,GF-04910,Resto GrabMantap 4909,Snacks,Tangerang
4910,GF-04911,Resto GrabMantap 4910,Martabak,Bandung
4911,GF-04912,Resto GrabMantap 4911,Seafood,Depok
4912,GF-04913,Resto GrabMantap 4912,Fast Food,Tangerang
4913,GF-04914,Resto GrabMantap 4913,Fast Food,Medan
4914,GF-04915,Resto GrabMantap 4914,Ayam Geprek,Bogor
4915,GF-04916,Resto GrabMantap 4915,Fast Food,Bandung
4916,GF-04917,Resto GrabMantap 4916,Beverages,Bandung
4917,GF-04918,Resto GrabMantap 4917,Ayam Geprek,Tangerang
4918,GF-04919,Resto GrabMantap 4918,Seafood,Surabaya
4919,GF-04920,Resto GrabMantap 4919,Ayam Geprek,Surabaya
4920,GF-04921,Resto GrabMantap 4920,Snacks,Bogor
4921,GF-04922,Resto GrabMantap 4921,Ayam Geprek,Bali
4922,GF-04923,Resto GrabMantap 4922,Beverages,Medan
4923,GF-04924,Resto GrabMantap 4923,Snacks,Medan
4924,GF-04925,Resto GrabMantap 4924,Martabak,Surabaya
4925,GF-04926,Resto GrabMantap 4925,Martabak,Bali
4926,GF-04927,Resto GrabMantap 4926,Snacks,Tangerang
4927,GF-04928,Resto GrabMantap 4927,Martabak,Jakarta
4928,GF-04929,Resto GrabMantap 4928,Snacks,Makassar
4929,GF-04930,Resto GrabMantap 4929,Ayam Geprek,Jakarta
4930,GF-04931,Resto GrabMantap 4930,Beverages,Jakarta
4931,GF-04932,Resto GrabMantap 4931,Fast Food,Tangerang
4932,GF-04933,Resto GrabMantap 4932,Martabak,Bali
4933,GF-04934,Resto GrabMantap 4933,Beverages,Jakarta
4934,GF-04935,Resto GrabMantap 4934,Martabak,Makassar
4935,GF-04936,Resto GrabMantap 4935,Seafood,Bandung
4936,GF-04937,Resto GrabMantap 4936,Fast Food,Depok
4937,GF-04938,Resto GrabMantap 4937,Fast Food,Depok
4938,GF-04939,Resto GrabMantap 4938,Snacks,Bogor
4939,GF-04940,Resto GrabMantap 4939,Beverages,Bekasi
4940,GF-04941,Resto GrabMantap 4940,Ayam Geprek,Bogor
4941,GF-04942,Resto GrabMantap 4941,Seafood,Bekasi
4942,GF-04943,Resto GrabMantap 4942,Fast Food,Depok
4943,GF-04944,Resto GrabMantap 4943,Seafood,Medan
4944,GF-04945,Resto GrabMantap 4944,Ayam Geprek,Bekasi
4945,GF-04946,Resto GrabMantap 4945,Beverages,Bali
4946,GF-04947,Resto GrabMantap 4946,Martabak,Tangerang
4947,GF-04948,Resto GrabMantap 4947,Ayam Geprek,Depok
4948,GF-04949,Resto GrabMantap 4948,Seafood,Surabaya
4949,GF-04950,Resto GrabMantap 4949,Seafood,Bekasi
4950,GF-04951,Resto GrabMantap 4950,Snacks,Jakarta
4951,GF-04952,Resto GrabMantap 4951,Seafood,Jakarta
4952,GF-04953,Resto GrabMantap 4952,Martabak,Makassar
4953,GF-04954,Resto GrabMantap 4953,Fast Food,Bandung
4954,GF-04955,Resto GrabMantap 4954,Ayam Geprek,Bekasi
4955,GF-04956,Resto GrabMantap 4955,Seafood,Makassar
4956,GF-04957,Resto GrabMantap 4956,Martabak,Bandung
4957,GF-04958,Resto GrabMantap 4957,Martabak,Makassar
4958,GF-04959,Resto GrabMantap 4958,Snacks,Bali
4959,GF-04960,Resto GrabMantap 4959,Ayam Geprek,Bali
4960,GF-04961,Resto GrabMantap 4960,Snacks,Makassar
4961,GF-04962,Resto GrabMantap 4961,Snacks,Tangerang
4962,GF-04963,Resto GrabMantap 4962,Ayam Geprek,Makassar
4963,GF-04964,Resto GrabMantap 4963,Fast Food,Bekasi
4964,GF-04965,Resto GrabMantap 4964,Ayam Geprek,Bekasi
4965,GF-04966,Resto GrabMantap 4965,Fast Food,Tangerang
4966,GF-04967,Resto GrabMantap 4966,Seafood,Medan
4967,GF-04968,Resto GrabMantap 4967,Fast Food,Surabaya
4968,GF-04969,Resto GrabMantap 4968,Snacks,Bekasi
4969,GF-04970,Resto GrabMantap 4969,Snacks,Bekasi
4970,GF-04971,Resto GrabMantap 4970,Seafood,Depok
4971,GF-04972,Resto GrabMantap 4971,Seafood,Bali
4972,GF-04973,Resto GrabMantap 4972,Ayam Geprek,Depok
4973,GF-04974,Resto GrabMantap 4973,Fast Food,Makassar
4974,GF-04975,Resto GrabMantap 4974,Ayam Geprek,Bandung
4975,GF-04976,Resto GrabMantap 4975,Martabak,Jakarta
4976,GF-04977,Resto GrabMantap 4976,Snacks,Jakarta
4977,GF-04978,Resto GrabMantap 4977,Seafood,Surabaya
4978,GF-04979,Resto GrabMantap 4978,Seafood,Medan
4979,GF-04980,Resto GrabMantap 4979,Beverages,Medan
4980,GF-04981,Resto GrabMantap 4980,Beverages,Surabaya
4981,GF-04982,Resto GrabMantap 4981,Snacks,Medan
4982,GF-04983,Resto GrabMantap 4982,Ayam Geprek,Makassar
4983,GF-04984,Resto GrabMantap 4983,Snacks,Bali
4984,GF-04985,Resto GrabMantap 4984,Ayam Geprek,Tangerang
4985,GF-04986,Resto GrabMantap 4985,Ayam Geprek,Makassar
4986,GF-04987,Resto GrabMantap 4986,Fast Food,Medan
4987,GF-04988,Resto GrabMantap 4987,Ayam Geprek,Tangerang
4988,GF-04989,Resto GrabMantap 4988,Beverages,Bekasi
4989,GF-04990,Resto GrabMantap 4989,Martabak,Bandung
4990,GF-04991,Resto GrabMantap 4990,Fast Food,Bali
4991,GF-04992,Resto GrabMantap 4991,Martabak,Makassar
4992,GF-04993,Resto GrabMantap 4992,Fast Food,Tangerang
4993,GF-04994,Resto GrabMantap 4993,Seafood,Bogor
4994,GF-04995,Resto GrabMantap 4994,Ayam Geprek,Bali
4995,GF-04996,Resto GrabMantap 4995,Ayam Geprek,Bandung
4996,GF-04997,Resto GrabMantap 4996,Beverages,Medan
4997,GF-04998,Resto GrabMantap 4997,Fast Food,Bali
4998,GF-04999,Resto GrabMantap 4998,Beverages,Depok
4999,GF-05000,Resto GrabMantap 4999,Seafood,Bekasi
5000,GF-05001,Resto GrabMantap 5000,Ayam Geprek,Bali
5001,GF-05002,Resto GrabMantap 5001,Seafood,Depok
5002,GF-05003,Resto GrabMantap 5002,Beverages,Makassar
5003,GF-05004,Resto GrabMantap 5003,Ayam Geprek,Jakarta
5004,GF-05005,Resto GrabMantap 5004,Seafood,Jakarta
5005,GF-05006,Resto GrabMantap 5005,Martabak,Bali
5006,GF-05007,Resto GrabMantap 5006,Beverages,Depok
5007,GF-05008,Resto GrabMantap 5007,Seafood,Tangerang
5008,GF-05009,Resto GrabMantap 5008,Snacks,Bandung
5009,GF-05010,Resto GrabMantap 5009,Snacks,Tangerang
5010,GF-05011,Resto GrabMantap 5010,Snacks,Bekasi
5011,GF-05012,Resto GrabMantap 5011,Martabak,Bandung
5012,GF-05013,Resto GrabMantap 5012,Beverages,Depok
5013,GF-05014,Resto GrabMantap 5013,Seafood,Surabaya
5014,GF-05015,Resto GrabMantap 5014,Fast Food,Bali
5015,GF-05016,Resto GrabMantap 5015,Ayam Geprek,Tangerang
5016,GF-05017,Resto GrabMantap 5016,Beverages,Makassar
5017,GF-05018,Resto GrabMantap 5017,Ayam Geprek,Bali
5018,GF-05019,Resto GrabMantap 5018,Fast Food,Bandung
5019,GF-05020,Resto GrabMantap 5019,Snacks,Bekasi
5020,GF-05021,Resto GrabMantap 5020,Snacks,Depok
5021,GF-05022,Resto GrabMantap 5021,Ayam Geprek,Bekasi
5022,GF-05023,Resto GrabMantap 5022,Beverages,Makassar
5023,GF-05024,Resto GrabMantap 5023,Beverages,Bali
5024,GF-05025,Resto GrabMantap 5024,Ayam Geprek,Makassar
5025,GF-05026,Resto GrabMantap 5025,Seafood,Bogor
5026,GF-05027,Resto GrabMantap 5026,Martabak,Medan
5027,GF-05028,Resto GrabMantap 5027,Fast Food,Surabaya
5028,GF-05029,Resto GrabMantap 5028,Beverages,Surabaya
5029,GF-05030,Resto GrabMantap 5029,Seafood,Bogor
5030,GF-05031,Resto GrabMantap 5030,Seafood,Bali
5031,GF-05032,Resto GrabMantap 5031,Martabak,Bogor
5032,GF-05033,Resto GrabMantap 5032,Beverages,Surabaya
5033,GF-05034,Resto GrabMantap 5033,Ayam Geprek,Bogor
5034,GF-05035,Resto GrabMantap 5034,Seafood,Medan
5035,GF-05036,Resto GrabMantap 5035,Snacks,Jakarta
5036,GF-05037,Resto GrabMantap 5036,Beverages,Bali
5037,GF-05038,Resto GrabMantap 5037,Snacks,Bekasi
5038,GF-05039,Resto GrabMantap 5038,Ayam Geprek,Makassar
5039,GF-05040,Resto GrabMantap 5039,Snacks,Surabaya
5040,GF-05041,Resto GrabMantap 5040,Seafood,Depok
5041,GF-05042,Resto GrabMantap 5041,Beverages,Bekasi
5042,GF-05043,Resto GrabMantap 5042,Beverages,Jakarta
5043,GF-05044,Resto GrabMantap 5043,Snacks,Makassar
5044,GF-05045,Resto GrabMantap 5044,Ayam Geprek,Depok
5045,GF-05046,Resto GrabMantap 5045,Seafood,Jakarta
5046,GF-05047,Resto GrabMantap 5046,Beverages,Tangerang
5047,GF-05048,Resto GrabMantap 5047,Martabak,Bogor
5048,GF-05049,Resto GrabMantap 5048,Snacks,Tangerang
5049,GF-05050,Resto GrabMantap 5049,Ayam Geprek,Medan
5050,GF-05051,Resto GrabMantap 5050,Beverages,Medan
5051,GF-05052,Resto GrabMantap 5051,Martabak,Bogor
5052,GF-05053,Resto GrabMantap 5052,Fast Food,Depok
5053,GF-05054,Resto GrabMantap 5053,Ayam Geprek,Surabaya
5054,GF-05055,Resto GrabMantap 5054,Beverages,Medan
5055,GF-05056,Resto GrabMantap 5055,Ayam Geprek,Surabaya
5056,GF-05057,Resto GrabMantap 5056,Beverages,Medan
5057,GF-05058,Resto GrabMantap 5057,Ayam Geprek,Tangerang
5058,GF-05059,Resto GrabMantap 5058,Beverages,Bekasi
5059,GF-05060,Resto GrabMantap 5059,Snacks,Jakarta
5060,GF-05061,Resto GrabMantap 5060,Seafood,Jakarta
5061,GF-05062,Resto GrabMantap 5061,Beverages,Bandung
5062,GF-05063,Resto GrabMantap 5062,Fast Food,Medan
5063,GF-05064,Resto GrabMantap 5063,Martabak,Bekasi
5064,GF-05065,Resto GrabMantap 5064,Fast Food,Bogor
5065,GF-05066,Resto GrabMantap 5065,Beverages,Depok
5066,GF-05067,Resto GrabMantap 5066,Beverages,Bandung
5067,GF-05068,Resto GrabMantap 5067,Seafood,Medan
5068,GF-05069,Resto GrabMantap 5068,Seafood,Bogor
5069,GF-05070,Resto GrabMantap 5069,Seafood,Depok
5070,GF-05071,Resto GrabMantap 5070,Martabak,Bogor
5071,GF-05072,Resto GrabMantap 5071,Ayam Geprek,Jakarta
5072,GF-05073,Resto GrabMantap 5072,Ayam Geprek,Tangerang
5073,GF-05074,Resto GrabMantap 5073,Snacks,Medan
5074,GF-05075,Resto GrabMantap 5074,Fast Food,Medan
5075,GF-05076,Resto GrabMantap 5075,Snacks,Depok
5076,GF-05077,Resto GrabMantap 5076,Seafood,Bandung
5077,GF-05078,Resto GrabMantap 5077,Seafood,Jakarta
5078,GF-05079,Resto GrabMantap 5078,Snacks,Makassar
5079,GF-05080,Resto GrabMantap 5079,Seafood,Jakarta
5080,GF-05081,Resto GrabMantap 5080,Martabak,Jakarta
5081,GF-05082,Resto GrabMantap 5081,Ayam Geprek,Bandung
5082,GF-05083,Resto GrabMantap 5082,Snacks,Depok
5083,GF-05084,Resto GrabMantap 5083,Snacks,Bekasi
5084,GF-05085,Resto GrabMantap 5084,Ayam Geprek,Surabaya
5085,GF-05086,Resto GrabMantap 5085,Ayam Geprek,Medan
5086,GF-05087,Resto GrabMantap 5086,Ayam Geprek,Makassar
5087,GF-05088,Resto GrabMantap 5087,Fast Food,Surabaya
5088,GF-05089,Resto GrabMantap 5088,Ayam Geprek,Depok
5089,GF-05090,Resto GrabMantap 5089,Seafood,Tangerang
5090,GF-05091,Resto GrabMantap 5090,Seafood,Medan
5091,GF-05092,Resto GrabMantap 5091,Ayam Geprek,Depok
5092,GF-05093,Resto GrabMantap 5092,Fast Food,Bali
5093,GF-05094,Resto GrabMantap 5093,Seafood,Bandung
5094,GF-05095,Resto GrabMantap 5094,Martabak,Jakarta
5095,GF-05096,Resto GrabMantap 5095,Snacks,Tangerang
5096,GF-05097,Resto GrabMantap 5096,Ayam Geprek,Depok
5097,GF-05098,Resto GrabMantap 5097,Martabak,Tangerang
5098,GF-05099,Resto GrabMantap 5098,Ayam Geprek,Medan
5099,GF-05100,Resto GrabMantap 5099,Ayam Geprek,Surabaya
5100,GF-05101,Resto GrabMantap 5100,Snacks,Makassar
5101,GF-05102,Resto GrabMantap 5101,Ayam Geprek,Depok
5102,GF-05103,Resto GrabMantap 5102,Fast Food,Tangerang
5103,GF-05104,Resto GrabMantap 5103,Snacks,Jakarta
5104,GF-05105,Resto GrabMantap 5104,Snacks,Bandung
5105,GF-05106,Resto GrabMantap 5105,Ayam Geprek,Depok
5106,GF-05107,Resto GrabMantap 5106,Ayam Geprek,Makassar
5107,GF-05108,Resto GrabMantap 5107,Seafood,Bogor
5108,GF-05109,Resto GrabMantap 5108,Fast Food,Bandung
5109,GF-05110,Resto GrabMantap 5109,Snacks,Bogor
5110,GF-05111,Resto GrabMantap 5110,Seafood,Bogor
5111,GF-05112,Resto GrabMantap 5111,Snacks,Jakarta
5112,GF-05113,Resto GrabMantap 5112,Martabak,Tangerang
5113,GF-05114,Resto GrabMantap 5113,Snacks,Bandung
5114,GF-05115,Resto GrabMantap 5114,Beverages,Depok
5115,GF-05116,Resto GrabMantap 5115,Seafood,Bogor
5116,GF-05117,Resto GrabMantap 5116,Ayam Geprek,Surabaya
5117,GF-05118,Resto GrabMantap 5117,Fast Food,Medan
5118,GF-05119,Resto GrabMantap 5118,Ayam Geprek,Tangerang
5119,GF-05120,Resto GrabMantap 5119,Ayam Geprek,Jakarta
5120,GF-05121,Resto GrabMantap 5120,Martabak,Bekasi
5121,GF-05122,Resto GrabMantap 5121,Snacks,Bali
5122,GF-05123,Resto GrabMantap 5122,Martabak,Bekasi
5123,GF-05124,Resto GrabMantap 5123,Seafood,Surabaya
5124,GF-05125,Resto GrabMantap 5124,Martabak,Medan
5125,GF-05126,Resto GrabMantap 5125,Seafood,Medan
5126,GF-05127,Resto GrabMantap 5126,Seafood,Medan
5127,GF-05128,Resto GrabMantap 5127,Fast Food,Bandung
5128,GF-05129,Resto GrabMantap 5128,Seafood,Makassar
5129,GF-05130,Resto GrabMantap 5129,Martabak,Bali
5130,GF-05131,Resto GrabMantap 5130,Ayam Geprek,Jakarta
5131,GF-05132,Resto GrabMantap 5131,Seafood,Surabaya
5132,GF-05133,Resto GrabMantap 5132,Martabak,Depok
5133,GF-05134,Resto GrabMantap 5133,Ayam Geprek,Bali
5134,GF-05135,Resto GrabMantap 5134,Snacks,Bekasi
5135,GF-05136,Resto GrabMantap 5135,Martabak,Surabaya
5136,GF-05137,Resto GrabMantap 5136,Seafood,Makassar
5137,GF-05138,Resto GrabMantap 5137,Seafood,Bandung
5138,GF-05139,Resto GrabMantap 5138,Snacks,Tangerang
5139,GF-05140,Resto GrabMantap 5139,Snacks,Depok
5140,GF-05141,Resto GrabMantap 5140,Fast Food,Bogor
5141,GF-05142,Resto GrabMantap 5141,Fast Food,Makassar
5142,GF-05143,Resto GrabMantap 5142,Beverages,Bali
5143,GF-05144,Resto GrabMantap 5143,Seafood,Bekasi
5144,GF-05145,Resto GrabMantap 5144,Snacks,Bandung
5145,GF-05146,Resto GrabMantap 5145,Snacks,Surabaya
5146,GF-05147,Resto GrabMantap 5146,Fast Food,Medan
5147,GF-05148,Resto GrabMantap 5147,Beverages,Makassar
5148,GF-05149,Resto GrabMantap 5148,Beverages,Bali
5149,GF-05150,Resto GrabMantap 5149,Martabak,Makassar
5150,GF-05151,Resto GrabMantap 5150,Martabak,Jakarta
5151,GF-05152,Resto GrabMantap 5151,Martabak,Bali
5152,GF-05153,Resto GrabMantap 5152,Martabak,Bandung
5153,GF-05154,Resto GrabMantap 5153,Fast Food,Tangerang
5154,GF-05155,Resto GrabMantap 5154,Beverages,Medan
5155,GF-05156,Resto GrabMantap 5155,Ayam Geprek,Bali
5156,GF-05157,Resto GrabMantap 5156,Fast Food,Bali
5157,GF-05158,Resto GrabMantap 5157,Fast Food,Tangerang
5158,GF-05159,Resto GrabMantap 5158,Beverages,Makassar
5159,GF-05160,Resto GrabMantap 5159,Fast Food,Bali
5160,GF-05161,Resto GrabMantap 5160,Martabak,Depok
5161,GF-05162,Resto GrabMantap 5161,Snacks,Makassar
5162,GF-05163,Resto GrabMantap 5162,Snacks,Bekasi
5163,GF-05164,Resto GrabMantap 5163,Fast Food,Depok
5164,GF-05165,Resto GrabMantap 5164,Seafood,Surabaya
5165,GF-05166,Resto GrabMantap 5165,Martabak,Bandung
5166,GF-05167,Resto GrabMantap 5166,Snacks,Bali
5167,GF-05168,Resto GrabMantap 5167,Beverages,Medan
5168,GF-05169,Resto GrabMantap 5168,Beverages,Medan
5169,GF-05170,Resto GrabMantap 5169,Ayam Geprek,Bali
5170,GF-05171,Resto GrabMantap 5170,Ayam Geprek,Surabaya
5171,GF-05172,Resto GrabMantap 5171,Snacks,Surabaya
5172,GF-05173,Resto GrabMantap 5172,Ayam Geprek,Medan
5173,GF-05174,Resto GrabMantap 5173,Ayam Geprek,Depok
5174,GF-05175,Resto GrabMantap 5174,Snacks,Bogor
5175,GF-05176,Resto GrabMantap 5175,Fast Food,Medan
5176,GF-05177,Resto GrabMantap 5176,Seafood,Bandung
5177,GF-05178,Resto GrabMantap 5177,Beverages,Bandung
5178,GF-05179,Resto GrabMantap 5178,Snacks,Bali
5179,GF-05180,Resto GrabMantap 5179,Fast Food,Surabaya
5180,GF-05181,Resto GrabMantap 5180,Ayam Geprek,Surabaya
5181,GF-05182,Resto GrabMantap 5181,Beverages,Surabaya
5182,GF-05183,Resto GrabMantap 5182,Ayam Geprek,Medan
5183,GF-05184,Resto GrabMantap 5183,Fast Food,Bandung
5184,GF-05185,Resto GrabMantap 5184,Snacks,Medan
5185,GF-05186,Resto GrabMantap 5185,Beverages,Medan
5186,GF-05187,Resto GrabMantap 5186,Beverages,Makassar
5187,GF-05188,Resto GrabMantap 5187,Beverages,Makassar
5188,GF-05189,Resto GrabMantap 5188,Martabak,Tangerang
5189,GF-05190,Resto GrabMantap 5189,Martabak,Medan
5190,GF-05191,Resto GrabMantap 5190,Ayam Geprek,Tangerang
5191,GF-05192,Resto GrabMantap 5191,Martabak,Bogor
5192,GF-05193,Resto GrabMantap 5192,Seafood,Bekasi
5193,GF-05194,Resto GrabMantap 5193,Fast Food,Medan
5194,GF-05195,Resto GrabMantap 5194,Snacks,Surabaya
5195,GF-05196,Resto GrabMantap 5195,Martabak,Medan
5196,GF-05197,Resto GrabMantap 5196,Beverages,Bali
5197,GF-05198,Resto GrabMantap 5197,Beverages,Makassar
5198,GF-05199,Resto GrabMantap 5198,Seafood,Surabaya
5199,GF-05200,Resto GrabMantap 5199,Fast Food,Bekasi
5200,GF-05201,Resto GrabMantap 5200,Snacks,Jakarta
5201,GF-05202,Resto GrabMantap 5201,Fast Food,Bandung
5202,GF-05203,Resto GrabMantap 5202,Seafood,Medan
5203,GF-05204,Resto GrabMantap 5203,Ayam Geprek,Bali
5204,GF-05205,Resto GrabMantap 5204,Ayam Geprek,Bogor
5205,GF-05206,Resto GrabMantap 5205,Snacks,Jakarta
5206,GF-05207,Resto GrabMantap 5206,Fast Food,Tangerang
5207,GF-05208,Resto GrabMantap 5207,Seafood,Makassar
5208,GF-05209,Resto GrabMantap 5208,Ayam Geprek,Jakarta
5209,GF-05210,Resto GrabMantap 5209,Snacks,Jakarta
5210,GF-05211,Resto GrabMantap 5210,Fast Food,Jakarta
5211,GF-05212,Resto GrabMantap 5211,Beverages,Bekasi
5212,GF-05213,Resto GrabMantap 5212,Beverages,Makassar
5213,GF-05214,Resto GrabMantap 5213,Martabak,Medan
5214,GF-05215,Resto GrabMantap 5214,Martabak,Depok
5215,GF-05216,Resto GrabMantap 5215,Martabak,Bandung
5216,GF-05217,Resto GrabMantap 5216,Beverages,Depok
5217,GF-05218,Resto GrabMantap 5217,Ayam Geprek,Surabaya
5218,GF-05219,Resto GrabMantap 5218,Seafood,Bali
5219,GF-05220,Resto GrabMantap 5219,Beverages,Bekasi
5220,GF-05221,Resto GrabMantap 5220,Martabak,Depok
5221,GF-05222,Resto GrabMantap 5221,Ayam Geprek,Bekasi
5222,GF-05223,Resto GrabMantap 5222,Fast Food,Bekasi
5223,GF-05224,Resto GrabMantap 5223,Ayam Geprek,Jakarta
5224,GF-05225,Resto GrabMantap 5224,Seafood,Bandung
5225,GF-05226,Resto GrabMantap 5225,Snacks,Surabaya
5226,GF-05227,Resto GrabMantap 5226,Snacks,Bogor
5227,GF-05228,Resto GrabMantap 5227,Martabak,Makassar
5228,GF-05229,Resto GrabMantap 5228,Seafood,Jakarta
5229,GF-05230,Resto GrabMantap 5229,Martabak,Makassar
5230,GF-05231,Resto GrabMantap 5230,Martabak,Makassar
5231,GF-05232,Resto GrabMantap 5231,Seafood,Depok
5232,GF-05233,Resto GrabMantap 5232,Beverages,Surabaya
5233,GF-05234,Resto GrabMantap 5233,Ayam Geprek,Surabaya
5234,GF-05235,Resto GrabMantap 5234,Seafood,Makassar
5235,GF-05236,Resto GrabMantap 5235,Snacks,Depok
5236,GF-05237,Resto GrabMantap 5236,Snacks,Tangerang
5237,GF-05238,Resto GrabMantap 5237,Beverages,Depok
5238,GF-05239,Resto GrabMantap 5238,Seafood,Makassar
5239,GF-05240,Resto GrabMantap 5239,Seafood,Surabaya
5240,GF-05241,Resto GrabMantap 5240,Snacks,Bekasi
5241,GF-05242,Resto GrabMantap 5241,Seafood,Tangerang
5242,GF-05243,Resto GrabMantap 5242,Snacks,Makassar
5243,GF-05244,Resto GrabMantap 5243,Snacks,Jakarta
5244,GF-05245,Resto GrabMantap 5244,Beverages,Medan
5245,GF-05246,Resto GrabMantap 5245,Beverages,Bogor
5246,GF-05247,Resto GrabMantap 5246,Ayam Geprek,Tangerang
5247,GF-05248,Resto GrabMantap 5247,Beverages,Depok
5248,GF-05249,Resto GrabMantap 5248,Martabak,Bali
5249,GF-05250,Resto GrabMantap 5249,Ayam Geprek,Jakarta
5250,GF-05251,Resto GrabMantap 5250,Ayam Geprek,Medan
5251,GF-05252,Resto GrabMantap 5251,Ayam Geprek,Depok
5252,GF-05253,Resto GrabMantap 5252,Fast Food,Tangerang
5253,GF-05254,Resto GrabMantap 5253,Martabak,Surabaya
5254,GF-05255,Resto GrabMantap 5254,Seafood,Jakarta
5255,GF-05256,Resto GrabMantap 5255,Snacks,Bekasi
5256,GF-05257,Resto GrabMantap 5256,Martabak,Depok
5257,GF-05258,Resto GrabMantap 5257,Martabak,Medan
5258,GF-05259,Resto GrabMantap 5258,Fast Food,Bekasi
5259,GF-05260,Resto GrabMantap 5259,Snacks,Bali
5260,GF-05261,Resto GrabMantap 5260,Snacks,Bali
5261,GF-05262,Resto GrabMantap 5261,Fast Food,Surabaya
5262,GF-05263,Resto GrabMantap 5262,Fast Food,Makassar
5263,GF-05264,Resto GrabMantap 5263,Beverages,Bogor
5264,GF-05265,Resto GrabMantap 5264,Martabak,Surabaya
5265,GF-05266,Resto GrabMantap 5265,Ayam Geprek,Bandung
5266,GF-05267,Resto GrabMantap 5266,Beverages,Tangerang
5267,GF-05268,Resto GrabMantap 5267,Martabak,Jakarta
5268,GF-05269,Resto GrabMantap 5268,Seafood,Depok
5269,GF-05270,Resto GrabMantap 5269,Beverages,Surabaya
5270,GF-05271,Resto GrabMantap 5270,Seafood,Bogor
5271,GF-05272,Resto GrabMantap 5271,Ayam Geprek,Bogor
5272,GF-05273,Resto GrabMantap 5272,Beverages,Bandung
5273,GF-05274,Resto GrabMantap 5273,Martabak,Medan
5274,GF-05275,Resto GrabMantap 5274,Seafood,Depok
5275,GF-05276,Resto GrabMantap 5275,Beverages,Bekasi
5276,GF-05277,Resto GrabMantap 5276,Snacks,Makassar
5277,GF-05278,Resto GrabMantap 5277,Martabak,Tangerang
5278,GF-05279,Resto GrabMantap 5278,Seafood,Medan
5279,GF-05280,Resto GrabMantap 5279,Beverages,Bandung
5280,GF-05281,Resto GrabMantap 5280,Snacks,Bogor
5281,GF-05282,Resto GrabMantap 5281,Fast Food,Bekasi
5282,GF-05283,Resto GrabMantap 5282,Seafood,Makassar
5283,GF-05284,Resto GrabMantap 5283,Fast Food,Surabaya
5284,GF-05285,Resto GrabMantap 5284,Snacks,Bogor
5285,GF-05286,Resto GrabMantap 5285,Martabak,Bandung
5286,GF-05287,Resto GrabMantap 5286,Fast Food,Tangerang
5287,GF-05288,Resto GrabMantap 5287,Martabak,Surabaya
5288,GF-05289,Resto GrabMantap 5288,Seafood,Surabaya
5289,GF-05290,Resto GrabMantap 5289,Fast Food,Bali
5290,GF-05291,Resto GrabMantap 5290,Seafood,Jakarta
5291,GF-05292,Resto GrabMantap 5291,Martabak,Tangerang
5292,GF-05293,Resto GrabMantap 5292,Martabak,Bekasi
5293,GF-05294,Resto GrabMantap 5293,Ayam Geprek,Bandung
5294,GF-05295,Resto GrabMantap 5294,Ayam Geprek,Makassar
5295,GF-05296,Resto GrabMantap 5295,Ayam Geprek,Bandung
5296,GF-05297,Resto GrabMantap 5296,Snacks,Medan
5297,GF-05298,Resto GrabMantap 5297,Seafood,Depok
5298,GF-05299,Resto GrabMantap 5298,Seafood,Bogor
5299,GF-05300,Resto GrabMantap 5299,Ayam Geprek,Tangerang
5300,GF-05301,Resto GrabMantap 5300,Beverages,Bali
5301,GF-05302,Resto GrabMantap 5301,Martabak,Jakarta
5302,GF-05303,Resto GrabMantap 5302,Martabak,Bali
5303,GF-05304,Resto GrabMantap 5303,Martabak,Bekasi
5304,GF-05305,Resto GrabMantap 5304,Snacks,Bekasi
5305,GF-05306,Resto GrabMantap 5305,Snacks,Makassar
5306,GF-05307,Resto GrabMantap 5306,Seafood,Surabaya
5307,GF-05308,Resto GrabMantap 5307,Snacks,Jakarta
5308,GF-05309,Resto GrabMantap 5308,Seafood,Medan
5309,GF-05310,Resto GrabMantap 5309,Ayam Geprek,Makassar
5310,GF-05311,Resto GrabMantap 5310,Beverages,Bogor
5311,GF-05312,Resto GrabMantap 5311,Beverages,Tangerang
5312,GF-05313,Resto GrabMantap 5312,Fast Food,Surabaya
5313,GF-05314,Resto GrabMantap 5313,Snacks,Bekasi
5314,GF-05315,Resto GrabMantap 5314,Martabak,Tangerang
5315,GF-05316,Resto GrabMantap 5315,Seafood,Makassar
5316,GF-05317,Resto GrabMantap 5316,Ayam Geprek,Tangerang
5317,GF-05318,Resto GrabMantap 5317,Fast Food,Bandung
5318,GF-05319,Resto GrabMantap 5318,Seafood,Depok
5319,GF-05320,Resto GrabMantap 5319,Seafood,Bandung
5320,GF-05321,Resto GrabMantap 5320,Martabak,Depok
5321,GF-05322,Resto GrabMantap 5321,Ayam Geprek,Bandung
5322,GF-05323,Resto GrabMantap 5322,Beverages,Surabaya
5323,GF-05324,Resto GrabMantap 5323,Martabak,Bekasi
5324,GF-05325,Resto GrabMantap 5324,Snacks,Surabaya
5325,GF-05326,Resto GrabMantap 5325,Seafood,Bali
5326,GF-05327,Resto GrabMantap 5326,Snacks,Medan
5327,GF-05328,Resto GrabMantap 5327,Seafood,Bogor
5328,GF-05329,Resto GrabMantap 5328,Snacks,Medan
5329,GF-05330,Resto GrabMantap 5329,Snacks,Bekasi
5330,GF-05331,Resto GrabMantap 5330,Beverages,Jakarta
5331,GF-05332,Resto GrabMantap 5331,Martabak,Tangerang
5332,GF-05333,Resto GrabMantap 5332,Snacks,Bekasi
5333,GF-05334,Resto GrabMantap 5333,Seafood,Medan
5334,GF-05335,Resto GrabMantap 5334,Fast Food,Bekasi
5335,GF-05336,Resto GrabMantap 5335,Fast Food,Makassar
5336,GF-05337,Resto GrabMantap 5336,Ayam Geprek,Bandung
5337,GF-05338,Resto GrabMantap 5337,Beverages,Bali
5338,GF-05339,Resto GrabMantap 5338,Snacks,Bekasi
5339,GF-05340,Resto GrabMantap 5339,Martabak,Bogor
5340,GF-05341,Resto GrabMantap 5340,Snacks,Bogor
5341,GF-05342,Resto GrabMantap 5341,Beverages,Tangerang
5342,GF-05343,Resto GrabMantap 5342,Fast Food,Bekasi
5343,GF-05344,Resto GrabMantap 5343,Fast Food,Depok
5344,GF-05345,Resto GrabMantap 5344,Seafood,Depok
5345,GF-05346,Resto GrabMantap 5345,Martabak,Makassar
5346,GF-05347,Resto GrabMantap 5346,Snacks,Jakarta
5347,GF-05348,Resto GrabMantap 5347,Ayam Geprek,Jakarta
5348,GF-05349,Resto GrabMantap 5348,Fast Food,Surabaya
5349,GF-05350,Resto GrabMantap 5349,Beverages,Bekasi
5350,GF-05351,Resto GrabMantap 5350,Beverages,Tangerang
5351,GF-05352,Resto GrabMantap 5351,Snacks,Bandung
5352,GF-05353,Resto GrabMantap 5352,Beverages,Medan
5353,GF-05354,Resto GrabMantap 5353,Fast Food,Bandung
5354,GF-05355,Resto GrabMantap 5354,Beverages,Bali
5355,GF-05356,Resto GrabMantap 5355,Ayam Geprek,Medan
5356,GF-05357,Resto GrabMantap 5356,Seafood,Depok
5357,GF-05358,Resto GrabMantap 5357,Snacks,Bali
5358,GF-05359,Resto GrabMantap 5358,Martabak,Tangerang
5359,GF-05360,Resto GrabMantap 5359,Martabak,Medan
5360,GF-05361,Resto GrabMantap 5360,Seafood,Bogor
5361,GF-05362,Resto GrabMantap 5361,Fast Food,Depok
5362,GF-05363,Resto GrabMantap 5362,Martabak,Depok
5363,GF-05364,Resto GrabMantap 5363,Seafood,Makassar
5364,GF-05365,Resto GrabMantap 5364,Fast Food,Tangerang
5365,GF-05366,Resto GrabMantap 5365,Ayam Geprek,Bandung
5366,GF-05367,Resto GrabMantap 5366,Seafood,Makassar
5367,GF-05368,Resto GrabMantap 5367,Seafood,Bogor
5368,GF-05369,Resto GrabMantap 5368,Seafood,Bandung
5369,GF-05370,Resto GrabMantap 5369,Ayam Geprek,Jakarta
5370,GF-05371,Resto GrabMantap 5370,Fast Food,Bogor
5371,GF-05372,Resto GrabMantap 5371,Snacks,Surabaya
5372,GF-05373,Resto GrabMantap 5372,Snacks,Makassar
5373,GF-05374,Resto GrabMantap 5373,Beverages,Bekasi
5374,GF-05375,Resto GrabMantap 5374,Beverages,Bekasi
5375,GF-05376,Resto GrabMantap 5375,Seafood,Tangerang
5376,GF-05377,Resto GrabMantap 5376,Seafood,Depok
5377,GF-05378,Resto GrabMantap 5377,Fast Food,Bali
5378,GF-05379,Resto GrabMantap 5378,Fast Food,Makassar
5379,GF-05380,Resto GrabMantap 5379,Snacks,Bandung
5380,GF-05381,Resto GrabMantap 5380,Seafood,Bogor
5381,GF-05382,Resto GrabMantap 5381,Fast Food,Bandung
5382,GF-05383,Resto GrabMantap 5382,Fast Food,Bogor
5383,GF-05384,Resto GrabMantap 5383,Snacks,Bandung
5384,GF-05385,Resto GrabMantap 5384,Snacks,Tangerang
5385,GF-05386,Resto GrabMantap 5385,Beverages,Bogor
5386,GF-05387,Resto GrabMantap 5386,Seafood,Medan
5387,GF-05388,Resto GrabMantap 5387,Beverages,Bogor
5388,GF-05389,Resto GrabMantap 5388,Seafood,Bekasi
5389,GF-05390,Resto GrabMantap 5389,Fast Food,Depok
5390,GF-05391,Resto GrabMantap 5390,Seafood,Medan
5391,GF-05392,Resto GrabMantap 5391,Snacks,Medan
5392,GF-05393,Resto GrabMantap 5392,Fast Food,Surabaya
5393,GF-05394,Resto GrabMantap 5393,Fast Food,Surabaya
5394,GF-05395,Resto GrabMantap 5394,Martabak,Bali
5395,GF-05396,Resto GrabMantap 5395,Ayam Geprek,Surabaya
5396,GF-05397,Resto GrabMantap 5396,Fast Food,Tangerang
5397,GF-05398,Resto GrabMantap 5397,Beverages,Jakarta
5398,GF-05399,Resto GrabMantap 5398,Beverages,Bandung
5399,GF-05400,Resto GrabMantap 5399,Seafood,Medan
5400,GF-05401,Resto GrabMantap 5400,Seafood,Bekasi
5401,GF-05402,Resto GrabMantap 5401,Martabak,Jakarta
5402,GF-05403,Resto GrabMantap 5402,Seafood,Bekasi
5403,GF-05404,Resto GrabMantap 5403,Fast Food,Depok
5404,GF-05405,Resto GrabMantap 5404,Ayam Geprek,Depok
5405,GF-05406,Resto GrabMantap 5405,Fast Food,Medan
5406,GF-05407,Resto GrabMantap 5406,Seafood,Tangerang
5407,GF-05408,Resto GrabMantap 5407,Fast Food,Surabaya
5408,GF-05409,Resto GrabMantap 5408,Fast Food,Bogor
5409,GF-05410,Resto GrabMantap 5409,Ayam Geprek,Bogor
5410,GF-05411,Resto GrabMantap 5410,Seafood,Jakarta
5411,GF-05412,Resto GrabMantap 5411,Fast Food,Surabaya
5412,GF-05413,Resto GrabMantap 5412,Snacks,Medan
5413,GF-05414,Resto GrabMantap 5413,Seafood,Bandung
5414,GF-05415,Resto GrabMantap 5414,Fast Food,Medan
5415,GF-05416,Resto GrabMantap 5415,Seafood,Depok
5416,GF-05417,Resto GrabMantap 5416,Snacks,Makassar
5417,GF-05418,Resto GrabMantap 5417,Snacks,Bandung
5418,GF-05419,Resto GrabMantap 5418,Snacks,Makassar
5419,GF-05420,Resto GrabMantap 5419,Seafood,Surabaya
5420,GF-05421,Resto GrabMantap 5420,Martabak,Surabaya
5421,GF-05422,Resto GrabMantap 5421,Snacks,Surabaya
5422,GF-05423,Resto GrabMantap 5422,Ayam Geprek,Makassar
5423,GF-05424,Resto GrabMantap 5423,Ayam Geprek,Jakarta
5424,GF-05425,Resto GrabMantap 5424,Martabak,Bali
5425,GF-05426,Resto GrabMantap 5425,Fast Food,Bali
5426,GF-05427,Resto GrabMantap 5426,Snacks,Bekasi
5427,GF-05428,Resto GrabMantap 5427,Snacks,Surabaya
5428,GF-05429,Resto GrabMantap 5428,Ayam Geprek,Bekasi
5429,GF-05430,Resto GrabMantap 5429,Martabak,Medan
5430,GF-05431,Resto GrabMantap 5430,Martabak,Surabaya
5431,GF-05432,Resto GrabMantap 5431,Beverages,Depok
5432,GF-05433,Resto GrabMantap 5432,Martabak,Bali
5433,GF-05434,Resto GrabMantap 5433,Seafood,Depok
5434,GF-05435,Resto GrabMantap 5434,Martabak,Bekasi
5435,GF-05436,Resto GrabMantap 5435,Martabak,Surabaya
5436,GF-05437,Resto GrabMantap 5436,Snacks,Makassar
5437,GF-05438,Resto GrabMantap 5437,Fast Food,Bandung
5438,GF-05439,Resto GrabMantap 5438,Snacks,Makassar
5439,GF-05440,Resto GrabMantap 5439,Seafood,Tangerang
5440,GF-05441,Resto GrabMantap 5440,Ayam Geprek,Bekasi
5441,GF-05442,Resto GrabMantap 5441,Beverages,Medan
5442,GF-05443,Resto GrabMantap 5442,Fast Food,Surabaya
5443,GF-05444,Resto GrabMantap 5443,Beverages,Bandung
5444,GF-05445,Resto GrabMantap 5444,Beverages,Bali
5445,GF-05446,Resto GrabMantap 5445,Snacks,Bekasi
5446,GF-05447,Resto GrabMantap 5446,Seafood,Surabaya
5447,GF-05448,Resto GrabMantap 5447,Beverages,Bali
5448,GF-05449,Resto GrabMantap 5448,Martabak,Tangerang
5449,GF-05450,Resto GrabMantap 5449,Fast Food,Bogor
5450,GF-05451,Resto GrabMantap 5450,Seafood,Bali
5451,GF-05452,Resto GrabMantap 5451,Snacks,Medan
5452,GF-05453,Resto GrabMantap 5452,Beverages,Makassar
5453,GF-05454,Resto GrabMantap 5453,Beverages,Bali
5454,GF-05455,Resto GrabMantap 5454,Fast Food,Depok
5455,GF-05456,Resto GrabMantap 5455,Ayam Geprek,Makassar
5456,GF-05457,Resto GrabMantap 5456,Martabak,Bekasi
5457,GF-05458,Resto GrabMantap 5457,Ayam Geprek,Medan
5458,GF-05459,Resto GrabMantap 5458,Snacks,Bekasi
5459,GF-05460,Resto GrabMantap 5459,Fast Food,Medan
5460,GF-05461,Resto GrabMantap 5460,Seafood,Surabaya
5461,GF-05462,Resto GrabMantap 5461,Fast Food,Bogor
5462,GF-05463,Resto GrabMantap 5462,Seafood,Bogor
5463,GF-05464,Resto GrabMantap 5463,Ayam Geprek,Depok
5464,GF-05465,Resto GrabMantap 5464,Martabak,Surabaya
5465,GF-05466,Resto GrabMantap 5465,Snacks,Depok
5466,GF-05467,Resto GrabMantap 5466,Beverages,Depok
5467,GF-05468,Resto GrabMantap 5467,Beverages,Bali
5468,GF-05469,Resto GrabMantap 5468,Martabak,Medan
5469,GF-05470,Resto GrabMantap 5469,Fast Food,Jakarta
5470,GF-05471,Resto GrabMantap 5470,Snacks,Bogor
5471,GF-05472,Resto GrabMantap 5471,Seafood,Makassar
5472,GF-05473,Resto GrabMantap 5472,Ayam Geprek,Surabaya
5473,GF-05474,Resto GrabMantap 5473,Beverages,Bogor
5474,GF-05475,Resto GrabMantap 5474,Snacks,Depok
5475,GF-05476,Resto GrabMantap 5475,Martabak,Bekasi
5476,GF-05477,Resto GrabMantap 5476,Beverages,Bekasi
5477,GF-05478,Resto GrabMantap 5477,Seafood,Makassar
5478,GF-05479,Resto GrabMantap 5478,Martabak,Bogor
5479,GF-05480,Resto GrabMantap 5479,Fast Food,Surabaya
5480,GF-05481,Resto GrabMantap 5480,Fast Food,Bandung
5481,GF-05482,Resto GrabMantap 5481,Fast Food,Bekasi
5482,GF-05483,Resto GrabMantap 5482,Martabak,Tangerang
5483,GF-05484,Resto GrabMantap 5483,Beverages,Makassar
5484,GF-05485,Resto GrabMantap 5484,Fast Food,Depok
5485,GF-05486,Resto GrabMantap 5485,Beverages,Jakarta
5486,GF-05487,Resto GrabMantap 5486,Ayam Geprek,Bekasi
5487,GF-05488,Resto GrabMantap 5487,Ayam Geprek,Tangerang
5488,GF-05489,Resto GrabMantap 5488,Martabak,Jakarta
5489,GF-05490,Resto GrabMantap 5489,Beverages,Bekasi
5490,GF-05491,Resto GrabMantap 5490,Snacks,Bogor
5491,GF-05492,Resto GrabMantap 5491,Snacks,Medan
5492,GF-05493,Resto GrabMantap 5492,Beverages,Medan
5493,GF-05494,Resto GrabMantap 5493,Martabak,Jakarta
5494,GF-05495,Resto GrabMantap 5494,Seafood,Makassar
5495,GF-05496,Resto GrabMantap 5495,Seafood,Bandung
5496,GF-05497,Resto GrabMantap 5496,Snacks,Bogor
5497,GF-05498,Resto GrabMantap 5497,Ayam Geprek,Bogor
5498,GF-05499,Resto GrabMantap 5498,Fast Food,Depok
5499,GF-05500,Resto GrabMantap 5499,Fast Food,Makassar
5500,GF-05501,Resto GrabMantap 5500,Martabak,Jakarta
5501,GF-05502,Resto GrabMantap 5501,Beverages,Makassar
5502,GF-05503,Resto GrabMantap 5502,Fast Food,Surabaya
5503,GF-05504,Resto GrabMantap 5503,Snacks,Makassar
5504,GF-05505,Resto GrabMantap 5504,Ayam Geprek,Bogor
5505,GF-05506,Resto GrabMantap 5505,Martabak,Makassar
5506,GF-05507,Resto GrabMantap 5506,Beverages,Bekasi
5507,GF-05508,Resto GrabMantap 5507,Seafood,Surabaya
5508,GF-05509,Resto GrabMantap 5508,Martabak,Bali
5509,GF-05510,Resto GrabMantap 5509,Martabak,Medan
5510,GF-05511,Resto GrabMantap 5510,Fast Food,Bandung
5511,GF-05512,Resto GrabMantap 5511,Seafood,Tangerang
5512,GF-05513,Resto GrabMantap 5512,Seafood,Bandung
5513,GF-05514,Resto GrabMantap 5513,Beverages,Depok
5514,GF-05515,Resto GrabMantap 5514,Ayam Geprek,Tangerang
5515,GF-05516,Resto GrabMantap 5515,Fast Food,Depok
5516,GF-05517,Resto GrabMantap 5516,Ayam Geprek,Bandung
5517,GF-05518,Resto GrabMantap 5517,Snacks,Depok
5518,GF-05519,Resto GrabMantap 5518,Martabak,Bandung
5519,GF-05520,Resto GrabMantap 5519,Fast Food,Depok
5520,GF-05521,Resto GrabMantap 5520,Beverages,Tangerang
5521,GF-05522,Resto GrabMantap 5521,Snacks,Bandung
5522,GF-05523,Resto GrabMantap 5522,Snacks,Bali
5523,GF-05524,Resto GrabMantap 5523,Snacks,Surabaya
5524,GF-05525,Resto GrabMantap 5524,Ayam Geprek,Surabaya
5525,GF-05526,Resto GrabMantap 5525,Fast Food,Makassar
5526,GF-05527,Resto GrabMantap 5526,Seafood,Jakarta
5527,GF-05528,Resto GrabMantap 5527,Fast Food,Depok
5528,GF-05529,Resto GrabMantap 5528,Seafood,Medan
5529,GF-05530,Resto GrabMantap 5529,Martabak,Jakarta
5530,GF-05531,Resto GrabMantap 5530,Ayam Geprek,Tangerang
5531,GF-05532,Resto GrabMantap 5531,Ayam Geprek,Bekasi
5532,GF-05533,Resto GrabMantap 5532,Snacks,Surabaya
5533,GF-05534,Resto GrabMantap 5533,Beverages,Bali
5534,GF-05535,Resto GrabMantap 5534,Seafood,Makassar
5535,GF-05536,Resto GrabMantap 5535,Seafood,Bandung
5536,GF-05537,Resto GrabMantap 5536,Martabak,Bandung
5537,GF-05538,Resto GrabMantap 5537,Ayam Geprek,Bogor
5538,GF-05539,Resto GrabMantap 5538,Martabak,Bali
5539,GF-05540,Resto GrabMantap 5539,Seafood,Makassar
5540,GF-05541,Resto GrabMantap 5540,Beverages,Depok
5541,GF-05542,Resto GrabMantap 5541,Fast Food,Bandung
5542,GF-05543,Resto GrabMantap 5542,Martabak,Medan
5543,GF-05544,Resto GrabMantap 5543,Martabak,Bali
5544,GF-05545,Resto GrabMantap 5544,Martabak,Bandung
5545,GF-05546,Resto GrabMantap 5545,Martabak,Bogor
5546,GF-05547,Resto GrabMantap 5546,Seafood,Surabaya
5547,GF-05548,Resto GrabMantap 5547,Beverages,Bekasi
5548,GF-05549,Resto GrabMantap 5548,Fast Food,Depok
5549,GF-05550,Resto GrabMantap 5549,Seafood,Makassar
5550,GF-05551,Resto GrabMantap 5550,Beverages,Medan
5551,GF-05552,Resto GrabMantap 5551,Beverages,Medan
5552,GF-05553,Resto GrabMantap 5552,Seafood,Depok
5553,GF-05554,Resto GrabMantap 5553,Beverages,Makassar
5554,GF-05555,Resto GrabMantap 5554,Martabak,Bali
5555,GF-05556,Resto GrabMantap 5555,Seafood,Bali
5556,GF-05557,Resto GrabMantap 5556,Beverages,Bogor
5557,GF-05558,Resto GrabMantap 5557,Beverages,Jakarta
5558,GF-05559,Resto GrabMantap 5558,Snacks,Makassar
5559,GF-05560,Resto GrabMantap 5559,Ayam Geprek,Depok
5560,GF-05561,Resto GrabMantap 5560,Fast Food,Medan
5561,GF-05562,Resto GrabMantap 5561,Martabak,Jakarta
5562,GF-05563,Resto GrabMantap 5562,Ayam Geprek,Surabaya
5563,GF-05564,Resto GrabMantap 5563,Seafood,Medan
5564,GF-05565,Resto GrabMantap 5564,Martabak,Jakarta
5565,GF-05566,Resto GrabMantap 5565,Martabak,Bekasi
5566,GF-05567,Resto GrabMantap 5566,Seafood,Bogor
5567,GF-05568,Resto GrabMantap 5567,Seafood,Medan
5568,GF-05569,Resto GrabMantap 5568,Ayam Geprek,Makassar
5569,GF-05570,Resto GrabMantap 5569,Seafood,Bandung
5570,GF-05571,Resto GrabMantap 5570,Martabak,Bandung
5571,GF-05572,Resto GrabMantap 5571,Seafood,Tangerang
5572,GF-05573,Resto GrabMantap 5572,Beverages,Bekasi
5573,GF-05574,Resto GrabMantap 5573,Fast Food,Bogor
5574,GF-05575,Resto GrabMantap 5574,Martabak,Bekasi
5575,GF-05576,Resto GrabMantap 5575,Beverages,Bekasi
5576,GF-05577,Resto GrabMantap 5576,Ayam Geprek,Surabaya
5577,GF-05578,Resto GrabMantap 5577,Martabak,Bali
5578,GF-05579,Resto GrabMantap 5578,Seafood,Jakarta
5579,GF-05580,Resto GrabMantap 5579,Fast Food,Depok
5580,GF-05581,Resto GrabMantap 5580,Fast Food,Surabaya
5581,GF-05582,Resto GrabMantap 5581,Snacks,Bandung
5582,GF-05583,Resto GrabMantap 5582,Seafood,Bogor
5583,GF-05584,Resto GrabMantap 5583,Martabak,Bandung
5584,GF-05585,Resto GrabMantap 5584,Martabak,Makassar
5585,GF-05586,Resto GrabMantap 5585,Beverages,Surabaya
5586,GF-05587,Resto GrabMantap 5586,Martabak,Makassar
5587,GF-05588,Resto GrabMantap 5587,Martabak,Jakarta
5588,GF-05589,Resto GrabMantap 5588,Beverages,Bogor
5589,GF-05590,Resto GrabMantap 5589,Ayam Geprek,Surabaya
5590,GF-05591,Resto GrabMantap 5590,Seafood,Tangerang
5591,GF-05592,Resto GrabMantap 5591,Fast Food,Bekasi
5592,GF-05593,Resto GrabMantap 5592,Beverages,Bogor
5593,GF-05594,Resto GrabMantap 5593,Fast Food,Tangerang
5594,GF-05595,Resto GrabMantap 5594,Beverages,Medan
5595,GF-05596,Resto GrabMantap 5595,Martabak,Bali
5596,GF-05597,Resto GrabMantap 5596,Martabak,Jakarta
5597,GF-05598,Resto GrabMantap 5597,Fast Food,Jakarta
5598,GF-05599,Resto GrabMantap 5598,Fast Food,Surabaya
5599,GF-05600,Resto GrabMantap 5599,Seafood,Tangerang
5600,GF-05601,Resto GrabMantap 5600,Fast Food,Bandung
5601,GF-05602,Resto GrabMantap 5601,Martabak,Surabaya
5602,GF-05603,Resto GrabMantap 5602,Fast Food,Bogor
5603,GF-05604,Resto GrabMantap 5603,Seafood,Bogor
5604,GF-05605,Resto GrabMantap 5604,Ayam Geprek,Bogor
5605,GF-05606,Resto GrabMantap 5605,Fast Food,Makassar
5606,GF-05607,Resto GrabMantap 5606,Ayam Geprek,Bekasi
5607,GF-05608,Resto GrabMantap 5607,Martabak,Jakarta
5608,GF-05609,Resto GrabMantap 5608,Martabak,Tangerang
5609,GF-05610,Resto GrabMantap 5609,Martabak,Depok
5610,GF-05611,Resto GrabMantap 5610,Fast Food,Surabaya
5611,GF-05612,Resto GrabMantap 5611,Ayam Geprek,Bandung
5612,GF-05613,Resto GrabMantap 5612,Snacks,Bandung
5613,GF-05614,Resto GrabMantap 5613,Ayam Geprek,Surabaya
5614,GF-05615,Resto GrabMantap 5614,Snacks,Tangerang
5615,GF-05616,Resto GrabMantap 5615,Beverages,Jakarta
5616,GF-05617,Resto GrabMantap 5616,Martabak,Tangerang
5617,GF-05618,Resto GrabMantap 5617,Seafood,Bekasi
5618,GF-05619,Resto GrabMantap 5618,Fast Food,Bandung
5619,GF-05620,Resto GrabMantap 5619,Snacks,Surabaya
5620,GF-05621,Resto GrabMantap 5620,Beverages,Bekasi
5621,GF-05622,Resto GrabMantap 5621,Ayam Geprek,Bekasi
5622,GF-05623,Resto GrabMantap 5622,Beverages,Medan
5623,GF-05624,Resto GrabMantap 5623,Seafood,Medan
5624,GF-05625,Resto GrabMantap 5624,Ayam Geprek,Surabaya
5625,GF-05626,Resto GrabMantap 5625,Fast Food,Depok
5626,GF-05627,Resto GrabMantap 5626,Martabak,Jakarta
5627,GF-05628,Resto GrabMantap 5627,Ayam Geprek,Tangerang
5628,GF-05629,Resto GrabMantap 5628,Seafood,Surabaya
5629,GF-05630,Resto GrabMantap 5629,Martabak,Tangerang
5630,GF-05631,Resto GrabMantap 5630,Ayam Geprek,Jakarta
5631,GF-05632,Resto GrabMantap 5631,Seafood,Bandung
5632,GF-05633,Resto GrabMantap 5632,Martabak,Jakarta
5633,GF-05634,Resto GrabMantap 5633,Fast Food,Bekasi
5634,GF-05635,Resto GrabMantap 5634,Beverages,Bekasi
5635,GF-05636,Resto GrabMantap 5635,Beverages,Bali
5636,GF-05637,Resto GrabMantap 5636,Beverages,Makassar
5637,GF-05638,Resto GrabMantap 5637,Seafood,Bekasi
5638,GF-05639,Resto GrabMantap 5638,Snacks,Medan
5639,GF-05640,Resto GrabMantap 5639,Seafood,Jakarta
5640,GF-05641,Resto GrabMantap 5640,Snacks,Jakarta
5641,GF-05642,Resto GrabMantap 5641,Beverages,Tangerang
5642,GF-05643,Resto GrabMantap 5642,Martabak,Bandung
5643,GF-05644,Resto GrabMantap 5643,Snacks,Medan
5644,GF-05645,Resto GrabMantap 5644,Beverages,Bali
5645,GF-05646,Resto GrabMantap 5645,Ayam Geprek,Bekasi
5646,GF-05647,Resto GrabMantap 5646,Martabak,Tangerang
5647,GF-05648,Resto GrabMantap 5647,Seafood,Bekasi
5648,GF-05649,Resto GrabMantap 5648,Fast Food,Jakarta
5649,GF-05650,Resto GrabMantap 5649,Martabak,Bandung
5650,GF-05651,Resto GrabMantap 5650,Seafood,Jakarta
5651,GF-05652,Resto GrabMantap 5651,Fast Food,Surabaya
5652,GF-05653,Resto GrabMantap 5652,Ayam Geprek,Surabaya
5653,GF-05654,Resto GrabMantap 5653,Beverages,Depok
5654,GF-05655,Resto GrabMantap 5654,Fast Food,Bogor
5655,GF-05656,Resto GrabMantap 5655,Seafood,Jakarta
5656,GF-05657,Resto GrabMantap 5656,Ayam Geprek,Depok
5657,GF-05658,Resto GrabMantap 5657,Snacks,Bogor
5658,GF-05659,Resto GrabMantap 5658,Ayam Geprek,Bekasi
5659,GF-05660,Resto GrabMantap 5659,Snacks,Makassar
5660,GF-05661,Resto GrabMantap 5660,Snacks,Surabaya
5661,GF-05662,Resto GrabMantap 5661,Ayam Geprek,Bali
5662,GF-05663,Resto GrabMantap 5662,Beverages,Bekasi
5663,GF-05664,Resto GrabMantap 5663,Beverages,Tangerang
5664,GF-05665,Resto GrabMantap 5664,Fast Food,Bogor
5665,GF-05666,Resto GrabMantap 5665,Beverages,Bekasi
5666,GF-05667,Resto GrabMantap 5666,Snacks,Bogor
5667,GF-05668,Resto GrabMantap 5667,Seafood,Makassar
5668,GF-05669,Resto GrabMantap 5668,Snacks,Tangerang
5669,GF-05670,Resto GrabMantap 5669,Seafood,Medan
5670,GF-05671,Resto GrabMantap 5670,Seafood,Bandung
5671,GF-05672,Resto GrabMantap 5671,Fast Food,Bali
5672,GF-05673,Resto GrabMantap 5672,Beverages,Bogor
5673,GF-05674,Resto GrabMantap 5673,Martabak,Tangerang
5674,GF-05675,Resto GrabMantap 5674,Snacks,Makassar
5675,GF-05676,Resto GrabMantap 5675,Beverages,Bogor
5676,GF-05677,Resto GrabMantap 5676,Martabak,Jakarta
5677,GF-05678,Resto GrabMantap 5677,Fast Food,Bandung
5678,GF-05679,Resto GrabMantap 5678,Ayam Geprek,Bekasi
5679,GF-05680,Resto GrabMantap 5679,Beverages,Bogor
5680,GF-05681,Resto GrabMantap 5680,Ayam Geprek,Surabaya
5681,GF-05682,Resto GrabMantap 5681,Seafood,Medan
5682,GF-05683,Resto GrabMantap 5682,Martabak,Tangerang
5683,GF-05684,Resto GrabMantap 5683,Fast Food,Bogor
5684,GF-05685,Resto GrabMantap 5684,Fast Food,Bogor
5685,GF-05686,Resto GrabMantap 5685,Martabak,Makassar
5686,GF-05687,Resto GrabMantap 5686,Martabak,Tangerang
5687,GF-05688,Resto GrabMantap 5687,Ayam Geprek,Jakarta
5688,GF-05689,Resto GrabMantap 5688,Fast Food,Bogor
5689,GF-05690,Resto GrabMantap 5689,Snacks,Bandung
5690,GF-05691,Resto GrabMantap 5690,Fast Food,Depok
5691,GF-05692,Resto GrabMantap 5691,Seafood,Bogor
5692,GF-05693,Resto GrabMantap 5692,Martabak,Depok
5693,GF-05694,Resto GrabMantap 5693,Martabak,Medan
5694,GF-05695,Resto GrabMantap 5694,Fast Food,Surabaya
5695,GF-05696,Resto GrabMantap 5695,Martabak,Surabaya
5696,GF-05697,Resto GrabMantap 5696,Seafood,Bekasi
5697,GF-05698,Resto GrabMantap 5697,Ayam Geprek,Bekasi
5698,GF-05699,Resto GrabMantap 5698,Seafood,Bandung
5699,GF-05700,Resto GrabMantap 5699,Beverages,Jakarta
5700,GF-05701,Resto GrabMantap 5700,Snacks,Bali
5701,GF-05702,Resto GrabMantap 5701,Martabak,Medan
5702,GF-05703,Resto GrabMantap 5702,Seafood,Depok
5703,GF-05704,Resto GrabMantap 5703,Martabak,Bekasi
5704,GF-05705,Resto GrabMantap 5704,Beverages,Jakarta
5705,GF-05706,Resto GrabMantap 5705,Ayam Geprek,Jakarta
5706,GF-05707,Resto GrabMantap 5706,Beverages,Bandung
5707,GF-05708,Resto GrabMantap 5707,Fast Food,Makassar
5708,GF-05709,Resto GrabMantap 5708,Beverages,Bandung
5709,GF-05710,Resto GrabMantap 5709,Martabak,Depok
5710,GF-05711,Resto GrabMantap 5710,Martabak,Tangerang
5711,GF-05712,Resto GrabMantap 5711,Snacks,Depok
5712,GF-05713,Resto GrabMantap 5712,Martabak,Tangerang
5713,GF-05714,Resto GrabMantap 5713,Beverages,Medan
5714,GF-05715,Resto GrabMantap 5714,Martabak,Surabaya
5715,GF-05716,Resto GrabMantap 5715,Snacks,Jakarta
5716,GF-05717,Resto GrabMantap 5716,Snacks,Bekasi
5717,GF-05718,Resto GrabMantap 5717,Fast Food,Jakarta
5718,GF-05719,Resto GrabMantap 5718,Ayam Geprek,Jakarta
5719,GF-05720,Resto GrabMantap 5719,Beverages,Bali
5720,GF-05721,Resto GrabMantap 5720,Snacks,Surabaya
5721,GF-05722,Resto GrabMantap 5721,Fast Food,Medan
5722,GF-05723,Resto GrabMantap 5722,Martabak,Tangerang
5723,GF-05724,Resto GrabMantap 5723,Seafood,Makassar
5724,GF-05725,Resto GrabMantap 5724,Beverages,Bogor
5725,GF-05726,Resto GrabMantap 5725,Fast Food,Tangerang
5726,GF-05727,Resto GrabMantap 5726,Snacks,Tangerang
5727,GF-05728,Resto GrabMantap 5727,Ayam Geprek,Medan
5728,GF-05729,Resto GrabMantap 5728,Ayam Geprek,Depok
5729,GF-05730,Resto GrabMantap 5729,Martabak,Bandung
5730,GF-05731,Resto GrabMantap 5730,Beverages,Jakarta
5731,GF-05732,Resto GrabMantap 5731,Snacks,Surabaya
5732,GF-05733,Resto GrabMantap 5732,Ayam Geprek,Depok
5733,GF-05734,Resto GrabMantap 5733,Beverages,Makassar
5734,GF-05735,Resto GrabMantap 5734,Seafood,Bali
5735,GF-05736,Resto GrabMantap 5735,Seafood,Bali
5736,GF-05737,Resto GrabMantap 5736,Ayam Geprek,Depok
5737,GF-05738,Resto GrabMantap 5737,Seafood,Bali
5738,GF-05739,Resto GrabMantap 5738,Martabak,Bekasi
5739,GF-05740,Resto GrabMantap 5739,Martabak,Depok
5740,GF-05741,Resto GrabMantap 5740,Beverages,Makassar
5741,GF-05742,Resto GrabMantap 5741,Seafood,Bandung
5742,GF-05743,Resto GrabMantap 5742,Seafood,Surabaya
5743,GF-05744,Resto GrabMantap 5743,Martabak,Bali
5744,GF-05745,Resto GrabMantap 5744,Seafood,Medan
5745,GF-05746,Resto GrabMantap 5745,Fast Food,Medan
5746,GF-05747,Resto GrabMantap 5746,Beverages,Surabaya
5747,GF-05748,Resto GrabMantap 5747,Beverages,Bogor
5748,GF-05749,Resto GrabMantap 5748,Beverages,Jakarta
5749,GF-05750,Resto GrabMantap 5749,Ayam Geprek,Bekasi
5750,GF-05751,Resto GrabMantap 5750,Snacks,Bogor
5751,GF-05752,Resto GrabMantap 5751,Fast Food,Bandung
5752,GF-05753,Resto GrabMantap 5752,Ayam Geprek,Bogor
5753,GF-05754,Resto GrabMantap 5753,Ayam Geprek,Medan
5754,GF-05755,Resto GrabMantap 5754,Fast Food,Tangerang
5755,GF-05756,Resto GrabMantap 5755,Martabak,Bogor
5756,GF-05757,Resto GrabMantap 5756,Ayam Geprek,Bogor
5757,GF-05758,Resto GrabMantap 5757,Beverages,Bali
5758,GF-05759,Resto GrabMantap 5758,Snacks,Depok
5759,GF-05760,Resto GrabMantap 5759,Fast Food,Surabaya
5760,GF-05761,Resto GrabMantap 5760,Beverages,Jakarta
5761,GF-05762,Resto GrabMantap 5761,Ayam Geprek,Medan
5762,GF-05763,Resto GrabMantap 5762,Beverages,Bandung
5763,GF-05764,Resto GrabMantap 5763,Snacks,Depok
5764,GF-05765,Resto GrabMantap 5764,Seafood,Bekasi
5765,GF-05766,Resto GrabMantap 5765,Seafood,Bandung
5766,GF-05767,Resto GrabMantap 5766,Beverages,Bekasi
5767,GF-05768,Resto GrabMantap 5767,Beverages,Tangerang
5768,GF-05769,Resto GrabMantap 5768,Beverages,Surabaya
5769,GF-05770,Resto GrabMantap 5769,Ayam Geprek,Makassar
5770,GF-05771,Resto GrabMantap 5770,Fast Food,Tangerang
5771,GF-05772,Resto GrabMantap 5771,Snacks,Bali
5772,GF-05773,Resto GrabMantap 5772,Martabak,Bandung
5773,GF-05774,Resto GrabMantap 5773,Martabak,Tangerang
5774,GF-05775,Resto GrabMantap 5774,Snacks,Bogor
5775,GF-05776,Resto GrabMantap 5775,Martabak,Bekasi
5776,GF-05777,Resto GrabMantap 5776,Seafood,Bandung
5777,GF-05778,Resto GrabMantap 5777,Snacks,Bandung
5778,GF-05779,Resto GrabMantap 5778,Ayam Geprek,Medan
5779,GF-05780,Resto GrabMantap 5779,Snacks,Surabaya
5780,GF-05781,Resto GrabMantap 5780,Martabak,Bekasi
5781,GF-05782,Resto GrabMantap 5781,Snacks,Surabaya
5782,GF-05783,Resto GrabMantap 5782,Snacks,Surabaya
5783,GF-05784,Resto GrabMantap 5783,Ayam Geprek,Bali
5784,GF-05785,Resto GrabMantap 5784,Seafood,Makassar
5785,GF-05786,Resto GrabMantap 5785,Martabak,Jakarta
5786,GF-05787,Resto GrabMantap 5786,Fast Food,Bekasi
5787,GF-05788,Resto GrabMantap 5787,Seafood,Jakarta
5788,GF-05789,Resto GrabMantap 5788,Martabak,Surabaya
5789,GF-05790,Resto GrabMantap 5789,Beverages,Medan
5790,GF-05791,Resto GrabMantap 5790,Fast Food,Jakarta
5791,GF-05792,Resto GrabMantap 5791,Snacks,Depok
5792,GF-05793,Resto GrabMantap 5792,Seafood,Surabaya
5793,GF-05794,Resto GrabMantap 5793,Snacks,Surabaya
5794,GF-05795,Resto GrabMantap 5794,Ayam Geprek,Surabaya
5795,GF-05796,Resto GrabMantap 5795,Snacks,Medan
5796,GF-05797,Resto GrabMantap 5796,Seafood,Bekasi
5797,GF-05798,Resto GrabMantap 5797,Ayam Geprek,Makassar
5798,GF-05799,Resto GrabMantap 5798,Ayam Geprek,Jakarta
5799,GF-05800,Resto GrabMantap 5799,Fast Food,Surabaya
5800,GF-05801,Resto GrabMantap 5800,Beverages,Tangerang
5801,GF-05802,Resto GrabMantap 5801,Seafood,Bogor
5802,GF-05803,Resto GrabMantap 5802,Martabak,Jakarta
5803,GF-05804,Resto GrabMantap 5803,Beverages,Bogor
5804,GF-05805,Resto GrabMantap 5804,Ayam Geprek,Jakarta
5805,GF-05806,Resto GrabMantap 5805,Seafood,Jakarta
5806,GF-05807,Resto GrabMantap 5806,Martabak,Depok
5807,GF-05808,Resto GrabMantap 5807,Ayam Geprek,Makassar
5808,GF-05809,Resto GrabMantap 5808,Snacks,Depok
5809,GF-05810,Resto GrabMantap 5809,Fast Food,Surabaya
5810,GF-05811,Resto GrabMantap 5810,Seafood,Surabaya
5811,GF-05812,Resto GrabMantap 5811,Seafood,Bogor
5812,GF-05813,Resto GrabMantap 5812,Snacks,Tangerang
5813,GF-05814,Resto GrabMantap 5813,Beverages,Depok
5814,GF-05815,Resto GrabMantap 5814,Ayam Geprek,Surabaya
5815,GF-05816,Resto GrabMantap 5815,Fast Food,Bogor
5816,GF-05817,Resto GrabMantap 5816,Ayam Geprek,Bandung
5817,GF-05818,Resto GrabMantap 5817,Fast Food,Bogor
5818,GF-05819,Resto GrabMantap 5818,Seafood,Jakarta
5819,GF-05820,Resto GrabMantap 5819,Beverages,Bogor
5820,GF-05821,Resto GrabMantap 5820,Ayam Geprek,Bali
5821,GF-05822,Resto GrabMantap 5821,Martabak,Surabaya
5822,GF-05823,Resto GrabMantap 5822,Seafood,Jakarta
5823,GF-05824,Resto GrabMantap 5823,Martabak,Bandung
5824,GF-05825,Resto GrabMantap 5824,Beverages,Medan
5825,GF-05826,Resto GrabMantap 5825,Martabak,Jakarta
5826,GF-05827,Resto GrabMantap 5826,Martabak,Medan
5827,GF-05828,Resto GrabMantap 5827,Beverages,Medan
5828,GF-05829,Resto GrabMantap 5828,Ayam Geprek,Bali
5829,GF-05830,Resto GrabMantap 5829,Seafood,Bekasi
5830,GF-05831,Resto GrabMantap 5830,Snacks,Depok
5831,GF-05832,Resto GrabMantap 5831,Fast Food,Surabaya
5832,GF-05833,Resto GrabMantap 5832,Martabak,Bali
5833,GF-05834,Resto GrabMantap 5833,Ayam Geprek,Surabaya
5834,GF-05835,Resto GrabMantap 5834,Fast Food,Bogor
5835,GF-05836,Resto GrabMantap 5835,Seafood,Bali
5836,GF-05837,Resto GrabMantap 5836,Beverages,Bogor
5837,GF-05838,Resto GrabMantap 5837,Fast Food,Makassar
5838,GF-05839,Resto GrabMantap 5838,Ayam Geprek,Bali
5839,GF-05840,Resto GrabMantap 5839,Seafood,Bekasi
5840,GF-05841,Resto GrabMantap 5840,Ayam Geprek,Bandung
5841,GF-05842,Resto GrabMantap 5841,Beverages,Jakarta
5842,GF-05843,Resto GrabMantap 5842,Fast Food,Bali
5843,GF-05844,Resto GrabMantap 5843,Ayam Geprek,Bali
5844,GF-05845,Resto GrabMantap 5844,Snacks,Bekasi
5845,GF-05846,Resto GrabMantap 5845,Seafood,Bandung
5846,GF-05847,Resto GrabMantap 5846,Beverages,Bogor
5847,GF-05848,Resto GrabMantap 5847,Ayam Geprek,Bekasi
5848,GF-05849,Resto GrabMantap 5848,Seafood,Bogor
5849,GF-05850,Resto GrabMantap 5849,Fast Food,Bali
5850,GF-05851,Resto GrabMantap 5850,Beverages,Medan
5851,GF-05852,Resto GrabMantap 5851,Martabak,Medan
5852,GF-05853,Resto GrabMantap 5852,Martabak,Makassar
5853,GF-05854,Resto GrabMantap 5853,Snacks,Surabaya
5854,GF-05855,Resto GrabMantap 5854,Snacks,Surabaya
5855,GF-05856,Resto GrabMantap 5855,Ayam Geprek,Surabaya
5856,GF-05857,Resto GrabMantap 5856,Beverages,Jakarta
5857,GF-05858,Resto GrabMantap 5857,Seafood,Depok
5858,GF-05859,Resto GrabMantap 5858,Martabak,Bandung
5859,GF-05860,Resto GrabMantap 5859,Seafood,Depok
5860,GF-05861,Resto GrabMantap 5860,Martabak,Medan
5861,GF-05862,Resto GrabMantap 5861,Fast Food,Bandung
5862,GF-05863,Resto GrabMantap 5862,Fast Food,Medan
5863,GF-05864,Resto GrabMantap 5863,Fast Food,Bogor
5864,GF-05865,Resto GrabMantap 5864,Martabak,Bekasi
5865,GF-05866,Resto GrabMantap 5865,Seafood,Bandung
5866,GF-05867,Resto GrabMantap 5866,Martabak,Bogor
5867,GF-05868,Resto GrabMantap 5867,Beverages,Surabaya
5868,GF-05869,Resto GrabMantap 5868,Snacks,Surabaya
5869,GF-05870,Resto GrabMantap 5869,Beverages,Jakarta
5870,GF-05871,Resto GrabMantap 5870,Martabak,Makassar
5871,GF-05872,Resto GrabMantap 5871,Beverages,Bogor
5872,GF-05873,Resto GrabMantap 5872,Martabak,Bali
5873,GF-05874,Resto GrabMantap 5873,Fast Food,Bekasi
5874,GF-05875,Resto GrabMantap 5874,Fast Food,Surabaya
5875,GF-05876,Resto GrabMantap 5875,Fast Food,Bogor
5876,GF-05877,Resto GrabMantap 5876,Ayam Geprek,Bali
5877,GF-05878,Resto GrabMantap 5877,Beverages,Bogor
5878,GF-05879,Resto GrabMantap 5878,Ayam Geprek,Jakarta
5879,GF-05880,Resto GrabMantap 5879,Fast Food,Bekasi
5880,GF-05881,Resto GrabMantap 5880,Martabak,Bogor
5881,GF-05882,Resto GrabMantap 5881,Snacks,Surabaya
5882,GF-05883,Resto GrabMantap 5882,Fast Food,Medan
5883,GF-05884,Resto GrabMantap 5883,Fast Food,Bali
5884,GF-05885,Resto GrabMantap 5884,Fast Food,Surabaya
5885,GF-05886,Resto GrabMantap 5885,Ayam Geprek,Makassar
5886,GF-05887,Resto GrabMantap 5886,Seafood,Bogor
5887,GF-05888,Resto GrabMantap 5887,Ayam Geprek,Bogor
5888,GF-05889,Resto GrabMantap 5888,Seafood,Medan
5889,GF-05890,Resto GrabMantap 5889,Ayam Geprek,Surabaya
5890,GF-05891,Resto GrabMantap 5890,Seafood,Bali
5891,GF-05892,Resto GrabMantap 5891,Martabak,Surabaya
5892,GF-05893,Resto GrabMantap 5892,Martabak,Depok
5893,GF-05894,Resto GrabMantap 5893,Fast Food,Bali
5894,GF-05895,Resto GrabMantap 5894,Martabak,Bandung
5895,GF-05896,Resto GrabMantap 5895,Snacks,Jakarta
5896,GF-05897,Resto GrabMantap 5896,Ayam Geprek,Bogor
5897,GF-05898,Resto GrabMantap 5897,Snacks,Jakarta
5898,GF-05899,Resto GrabMantap 5898,Beverages,Jakarta
5899,GF-05900,Resto GrabMantap 5899,Beverages,Makassar
5900,GF-05901,Resto GrabMantap 5900,Beverages,Surabaya
5901,GF-05902,Resto GrabMantap 5901,Fast Food,Bandung
5902,GF-05903,Resto GrabMantap 5902,Snacks,Tangerang
5903,GF-05904,Resto GrabMantap 5903,Fast Food,Makassar
5904,GF-05905,Resto GrabMantap 5904,Beverages,Bekasi
5905,GF-05906,Resto GrabMantap 5905,Seafood,Surabaya
5906,GF-05907,Resto GrabMantap 5906,Fast Food,Surabaya
5907,GF-05908,Resto GrabMantap 5907,Beverages,Medan
5908,GF-05909,Resto GrabMantap 5908,Martabak,Surabaya
5909,GF-05910,Resto GrabMantap 5909,Ayam Geprek,Tangerang
5910,GF-05911,Resto GrabMantap 5910,Snacks,Tangerang
5911,GF-05912,Resto GrabMantap 5911,Ayam Geprek,Jakarta
5912,GF-05913,Resto GrabMantap 5912,Snacks,Tangerang
5913,GF-05914,Resto GrabMantap 5913,Fast Food,Bekasi
5914,GF-05915,Resto GrabMantap 5914,Ayam Geprek,Bogor
5915,GF-05916,Resto GrabMantap 5915,Snacks,Bali
5916,GF-05917,Resto GrabMantap 5916,Beverages,Surabaya
5917,GF-05918,Resto GrabMantap 5917,Ayam Geprek,Bandung
5918,GF-05919,Resto GrabMantap 5918,Martabak,Surabaya
5919,GF-05920,Resto GrabMantap 5919,Seafood,Depok
5920,GF-05921,Resto GrabMantap 5920,Fast Food,Surabaya
5921,GF-05922,Resto GrabMantap 5921,Snacks,Surabaya
5922,GF-05923,Resto GrabMantap 5922,Fast Food,Medan
5923,GF-05924,Resto GrabMantap 5923,Beverages,Medan
5924,GF-05925,Resto GrabMantap 5924,Seafood,Bekasi
5925,GF-05926,Resto GrabMantap 5925,Beverages,Jakarta
5926,GF-05927,Resto GrabMantap 5926,Martabak,Bekasi
5927,GF-05928,Resto GrabMantap 5927,Seafood,Bogor
5928,GF-05929,Resto GrabMantap 5928,Seafood,Surabaya
5929,GF-05930,Resto GrabMantap 5929,Seafood,Surabaya
5930,GF-05931,Resto GrabMantap 5930,Fast Food,Jakarta
5931,GF-05932,Resto GrabMantap 5931,Seafood,Bogor
5932,GF-05933,Resto GrabMantap 5932,Ayam Geprek,Bogor
5933,GF-05934,Resto GrabMantap 5933,Martabak,Bogor
5934,GF-05935,Resto GrabMantap 5934,Snacks,Surabaya
5935,GF-05936,Resto GrabMantap 5935,Beverages,Jakarta
5936,GF-05937,Resto GrabMantap 5936,Martabak,Medan
5937,GF-05938,Resto GrabMantap 5937,Seafood,Depok
5938,GF-05939,Resto GrabMantap 5938,Beverages,Medan
5939,GF-05940,Resto GrabMantap 5939,Beverages,Bogor
5940,GF-05941,Resto GrabMantap 5940,Ayam Geprek,Surabaya
5941,GF-05942,Resto GrabMantap 5941,Martabak,Medan
5942,GF-05943,Resto GrabMantap 5942,Ayam Geprek,Jakarta
5943,GF-05944,Resto GrabMantap 5943,Ayam Geprek,Bali
5944,GF-05945,Resto GrabMantap 5944,Snacks,Tangerang
5945,GF-05946,Resto GrabMantap 5945,Seafood,Bogor
5946,GF-05947,Resto GrabMantap 5946,Martabak,Bali
5947,GF-05948,Resto GrabMantap 5947,Snacks,Depok
5948,GF-05949,Resto GrabMantap 5948,Beverages,Bogor
5949,GF-05950,Resto GrabMantap 5949,Snacks,Bandung
5950,GF-05951,Resto GrabMantap 5950,Martabak,Bekasi
5951,GF-05952,Resto GrabMantap 5951,Beverages,Depok
5952,GF-05953,Resto GrabMantap 5952,Seafood,Jakarta
5953,GF-05954,Resto GrabMantap 5953,Martabak,Medan
5954,GF-05955,Resto GrabMantap 5954,Ayam Geprek,Jakarta
5955,GF-05956,Resto GrabMantap 5955,Seafood,Makassar
5956,GF-05957,Resto GrabMantap 5956,Martabak,Surabaya
5957,GF-05958,Resto GrabMantap 5957,Snacks,Bandung
5958,GF-05959,Resto GrabMantap 5958,Fast Food,Surabaya
5959,GF-05960,Resto GrabMantap 5959,Beverages,Surabaya
5960,GF-05961,Resto GrabMantap 5960,Ayam Geprek,Bekasi
5961,GF-05962,Resto GrabMantap 5961,Martabak,Makassar
5962,GF-05963,Resto GrabMantap 5962,Beverages,Bekasi
5963,GF-05964,Resto GrabMantap 5963,Ayam Geprek,Bogor
5964,GF-05965,Resto GrabMantap 5964,Seafood,Bekasi
5965,GF-05966,Resto GrabMantap 5965,Beverages,Bogor
5966,GF-05967,Resto GrabMantap 5966,Martabak,Surabaya
5967,GF-05968,Resto GrabMantap 5967,Martabak,Depok
5968,GF-05969,Resto GrabMantap 5968,Snacks,Bekasi
5969,GF-05970,Resto GrabMantap 5969,Beverages,Makassar
5970,GF-05971,Resto GrabMantap 5970,Fast Food,Jakarta
5971,GF-05972,Resto GrabMantap 5971,Beverages,Jakarta
5972,GF-05973,Resto GrabMantap 5972,Fast Food,Depok
5973,GF-05974,Resto GrabMantap 5973,Seafood,Bandung
5974,GF-05975,Resto GrabMantap 5974,Fast Food,Surabaya
5975,GF-05976,Resto GrabMantap 5975,Ayam Geprek,Surabaya
5976,GF-05977,Resto GrabMantap 5976,Martabak,Depok
5977,GF-05978,Resto GrabMantap 5977,Seafood,Medan
5978,GF-05979,Resto GrabMantap 5978,Snacks,Tangerang
5979,GF-05980,Resto GrabMantap 5979,Martabak,Jakarta
5980,GF-05981,Resto GrabMantap 5980,Martabak,Depok
5981,GF-05982,Resto GrabMantap 5981,Seafood,Jakarta
5982,GF-05983,Resto GrabMantap 5982,Martabak,Surabaya
5983,GF-05984,Resto GrabMantap 5983,Seafood,Bekasi
5984,GF-05985,Resto GrabMantap 5984,Snacks,Tangerang
5985,GF-05986,Resto GrabMantap 5985,Ayam Geprek,Surabaya
5986,GF-05987,Resto GrabMantap 5986,Martabak,Tangerang
5987,GF-05988,Resto GrabMantap 5987,Snacks,Bali
5988,GF-05989,Resto GrabMantap 5988,Fast Food,Makassar
5989,GF-05990,Resto GrabMantap 5989,Snacks,Bandung
5990,GF-05991,Resto GrabMantap 5990,Ayam Geprek,Bandung
5991,GF-05992,Resto GrabMantap 5991,Fast Food,Bekasi
5992,GF-05993,Resto GrabMantap 5992,Ayam Geprek,Bogor
5993,GF-05994,Resto GrabMantap 5993,Fast Food,Medan
5994,GF-05995,Resto GrabMantap 5994,Seafood,Tangerang
5995,GF-05996,Resto GrabMantap 5995,Fast Food,Depok
5996,GF-05997,Resto GrabMantap 5996,Fast Food,Bogor
5997,GF-05998,Resto GrabMantap 5997,Seafood,Makassar
5998,GF-05999,Resto GrabMantap 5998,Martabak,Bekasi
5999,GF-06000,Resto GrabMantap 5999,Ayam Geprek,Bali
6000,GF-06001,Resto GrabMantap 6000,Ayam Geprek,Depok
6001,GF-06002,Resto GrabMantap 6001,Ayam Geprek,Surabaya
6002,GF-06003,Resto GrabMantap 6002,Beverages,Surabaya
6003,GF-06004,Resto GrabMantap 6003,Seafood,Surabaya
6004,GF-06005,Resto GrabMantap 6004,Beverages,Surabaya
6005,GF-06006,Resto GrabMantap 6005,Beverages,Bogor
6006,GF-06007,Resto GrabMantap 6006,Seafood,Bali
6007,GF-06008,Resto GrabMantap 6007,Martabak,Makassar
6008,GF-06009,Resto GrabMantap 6008,Seafood,Tangerang
6009,GF-06010,Resto GrabMantap 6009,Seafood,Jakarta
6010,GF-06011,Resto GrabMantap 6010,Snacks,Tangerang
6011,GF-06012,Resto GrabMantap 6011,Beverages,Medan
6012,GF-06013,Resto GrabMantap 6012,Snacks,Surabaya
6013,GF-06014,Resto GrabMantap 6013,Beverages,Bandung
6014,GF-06015,Resto GrabMantap 6014,Fast Food,Depok
6015,GF-06016,Resto GrabMantap 6015,Seafood,Bogor
6016,GF-06017,Resto GrabMantap 6016,Fast Food,Makassar
6017,GF-06018,Resto GrabMantap 6017,Seafood,Surabaya
6018,GF-06019,Resto GrabMantap 6018,Fast Food,Tangerang
6019,GF-06020,Resto GrabMantap 6019,Ayam Geprek,Bali
6020,GF-06021,Resto GrabMantap 6020,Seafood,Surabaya
6021,GF-06022,Resto GrabMantap 6021,Snacks,Bandung
6022,GF-06023,Resto GrabMantap 6022,Fast Food,Makassar
6023,GF-06024,Resto GrabMantap 6023,Snacks,Makassar
6024,GF-06025,Resto GrabMantap 6024,Fast Food,Bali
6025,GF-06026,Resto GrabMantap 6025,Martabak,Bogor
6026,GF-06027,Resto GrabMantap 6026,Beverages,Jakarta
6027,GF-06028,Resto GrabMantap 6027,Beverages,Bali
6028,GF-06029,Resto GrabMantap 6028,Seafood,Bekasi
6029,GF-06030,Resto GrabMantap 6029,Seafood,Medan
6030,GF-06031,Resto GrabMantap 6030,Beverages,Depok
6031,GF-06032,Resto GrabMantap 6031,Snacks,Medan
6032,GF-06033,Resto GrabMantap 6032,Ayam Geprek,Medan
6033,GF-06034,Resto GrabMantap 6033,Beverages,Surabaya
6034,GF-06035,Resto GrabMantap 6034,Fast Food,Bogor
6035,GF-06036,Resto GrabMantap 6035,Snacks,Depok
6036,GF-06037,Resto GrabMantap 6036,Seafood,Makassar
6037,GF-06038,Resto GrabMantap 6037,Ayam Geprek,Surabaya
6038,GF-06039,Resto GrabMantap 6038,Fast Food,Bandung
6039,GF-06040,Resto GrabMantap 6039,Snacks,Bali
6040,GF-06041,Resto GrabMantap 6040,Beverages,Makassar
6041,GF-06042,Resto GrabMantap 6041,Ayam Geprek,Makassar
6042,GF-06043,Resto GrabMantap 6042,Ayam Geprek,Depok
6043,GF-06044,Resto GrabMantap 6043,Fast Food,Bekasi
6044,GF-06045,Resto GrabMantap 6044,Martabak,Medan
6045,GF-06046,Resto GrabMantap 6045,Snacks,Bogor
6046,GF-06047,Resto GrabMantap 6046,Martabak,Bekasi
6047,GF-06048,Resto GrabMantap 6047,Seafood,Bogor
6048,GF-06049,Resto GrabMantap 6048,Beverages,Makassar
6049,GF-06050,Resto GrabMantap 6049,Snacks,Bekasi
6050,GF-06051,Resto GrabMantap 6050,Seafood,Jakarta
6051,GF-06052,Resto GrabMantap 6051,Ayam Geprek,Makassar
6052,GF-06053,Resto GrabMantap 6052,Ayam Geprek,Depok
6053,GF-06054,Resto GrabMantap 6053,Fast Food,Jakarta
6054,GF-06055,Resto GrabMantap 6054,Fast Food,Surabaya
6055,GF-06056,Resto GrabMantap 6055,Martabak,Bali
6056,GF-06057,Resto GrabMantap 6056,Fast Food,Bali
6057,GF-06058,Resto GrabMantap 6057,Martabak,Bali
6058,GF-06059,Resto GrabMantap 6058,Snacks,Bandung
6059,GF-06060,Resto GrabMantap 6059,Snacks,Bekasi
6060,GF-06061,Resto GrabMantap 6060,Snacks,Bali
6061,GF-06062,Resto GrabMantap 6061,Martabak,Tangerang
6062,GF-06063,Resto GrabMantap 6062,Seafood,Medan
6063,GF-06064,Resto GrabMantap 6063,Ayam Geprek,Bogor
6064,GF-06065,Resto GrabMantap 6064,Seafood,Tangerang
6065,GF-06066,Resto GrabMantap 6065,Beverages,Depok
6066,GF-06067,Resto GrabMantap 6066,Ayam Geprek,Jakarta
6067,GF-06068,Resto GrabMantap 6067,Seafood,Bekasi
6068,GF-06069,Resto GrabMantap 6068,Ayam Geprek,Medan
6069,GF-06070,Resto GrabMantap 6069,Fast Food,Bali
6070,GF-06071,Resto GrabMantap 6070,Fast Food,Bekasi
6071,GF-06072,Resto GrabMantap 6071,Seafood,Medan
6072,GF-06073,Resto GrabMantap 6072,Martabak,Jakarta
6073,GF-06074,Resto GrabMantap 6073,Snacks,Bali
6074,GF-06075,Resto GrabMantap 6074,Seafood,Bandung
6075,GF-06076,Resto GrabMantap 6075,Snacks,Bandung
6076,GF-06077,Resto GrabMantap 6076,Ayam Geprek,Jakarta
6077,GF-06078,Resto GrabMantap 6077,Beverages,Tangerang
6078,GF-06079,Resto GrabMantap 6078,Martabak,Tangerang
6079,GF-06080,Resto GrabMantap 6079,Beverages,Bogor
6080,GF-06081,Resto GrabMantap 6080,Martabak,Bekasi
6081,GF-06082,Resto GrabMantap 6081,Beverages,Bali
6082,GF-06083,Resto GrabMantap 6082,Ayam Geprek,Surabaya
6083,GF-06084,Resto GrabMantap 6083,Martabak,Bali
6084,GF-06085,Resto GrabMantap 6084,Martabak,Bekasi
6085,GF-06086,Resto GrabMantap 6085,Beverages,Jakarta
6086,GF-06087,Resto GrabMantap 6086,Ayam Geprek,Depok
6087,GF-06088,Resto GrabMantap 6087,Fast Food,Makassar
6088,GF-06089,Resto GrabMantap 6088,Fast Food,Bali
6089,GF-06090,Resto GrabMantap 6089,Martabak,Bekasi
6090,GF-06091,Resto GrabMantap 6090,Snacks,Surabaya
6091,GF-06092,Resto GrabMantap 6091,Ayam Geprek,Medan
6092,GF-06093,Resto GrabMantap 6092,Snacks,Surabaya
6093,GF-06094,Resto GrabMantap 6093,Fast Food,Bekasi
6094,GF-06095,Resto GrabMantap 6094,Martabak,Medan
6095,GF-06096,Resto GrabMantap 6095,Snacks,Jakarta
6096,GF-06097,Resto GrabMantap 6096,Seafood,Bali
6097,GF-06098,Resto GrabMantap 6097,Seafood,Bandung
6098,GF-06099,Resto GrabMantap 6098,Martabak,Surabaya
6099,GF-06100,Resto GrabMantap 6099,Martabak,Bali
6100,GF-06101,Resto GrabMantap 6100,Snacks,Makassar
6101,GF-06102,Resto GrabMantap 6101,Seafood,Surabaya
6102,GF-06103,Resto GrabMantap 6102,Snacks,Makassar
6103,GF-06104,Resto GrabMantap 6103,Martabak,Bandung
6104,GF-06105,Resto GrabMantap 6104,Seafood,Bekasi
6105,GF-06106,Resto GrabMantap 6105,Ayam Geprek,Tangerang
6106,GF-06107,Resto GrabMantap 6106,Beverages,Makassar
6107,GF-06108,Resto GrabMantap 6107,Martabak,Depok
6108,GF-06109,Resto GrabMantap 6108,Martabak,Tangerang
6109,GF-06110,Resto GrabMantap 6109,Seafood,Bekasi
6110,GF-06111,Resto GrabMantap 6110,Martabak,Makassar
6111,GF-06112,Resto GrabMantap 6111,Fast Food,Surabaya
6112,GF-06113,Resto GrabMantap 6112,Seafood,Medan
6113,GF-06114,Resto GrabMantap 6113,Ayam Geprek,Makassar
6114,GF-06115,Resto GrabMantap 6114,Ayam Geprek,Tangerang
6115,GF-06116,Resto GrabMantap 6115,Martabak,Bali
6116,GF-06117,Resto GrabMantap 6116,Seafood,Makassar
6117,GF-06118,Resto GrabMantap 6117,Fast Food,Makassar
6118,GF-06119,Resto GrabMantap 6118,Beverages,Bekasi
6119,GF-06120,Resto GrabMantap 6119,Martabak,Bogor
6120,GF-06121,Resto GrabMantap 6120,Ayam Geprek,Makassar
6121,GF-06122,Resto GrabMantap 6121,Seafood,Surabaya
6122,GF-06123,Resto GrabMantap 6122,Beverages,Surabaya
6123,GF-06124,Resto GrabMantap 6123,Seafood,Makassar
6124,GF-06125,Resto GrabMantap 6124,Fast Food,Bali
6125,GF-06126,Resto GrabMantap 6125,Martabak,Tangerang
6126,GF-06127,Resto GrabMantap 6126,Beverages,Medan
6127,GF-06128,Resto GrabMantap 6127,Ayam Geprek,Depok
6128,GF-06129,Resto GrabMantap 6128,Beverages,Surabaya
6129,GF-06130,Resto GrabMantap 6129,Snacks,Medan
6130,GF-06131,Resto GrabMantap 6130,Snacks,Medan
6131,GF-06132,Resto GrabMantap 6131,Martabak,Medan
6132,GF-06133,Resto GrabMantap 6132,Beverages,Bali
6133,GF-06134,Resto GrabMantap 6133,Ayam Geprek,Bandung
6134,GF-06135,Resto GrabMantap 6134,Ayam Geprek,Depok
6135,GF-06136,Resto GrabMantap 6135,Fast Food,Jakarta
6136,GF-06137,Resto GrabMantap 6136,Beverages,Bogor
6137,GF-06138,Resto GrabMantap 6137,Seafood,Surabaya
6138,GF-06139,Resto GrabMantap 6138,Fast Food,Tangerang
6139,GF-06140,Resto GrabMantap 6139,Martabak,Makassar
6140,GF-06141,Resto GrabMantap 6140,Fast Food,Surabaya
6141,GF-06142,Resto GrabMantap 6141,Beverages,Bandung
6142,GF-06143,Resto GrabMantap 6142,Ayam Geprek,Surabaya
6143,GF-06144,Resto GrabMantap 6143,Ayam Geprek,Jakarta
6144,GF-06145,Resto GrabMantap 6144,Snacks,Medan
6145,GF-06146,Resto GrabMantap 6145,Seafood,Surabaya
6146,GF-06147,Resto GrabMantap 6146,Ayam Geprek,Bali
6147,GF-06148,Resto GrabMantap 6147,Beverages,Bekasi
6148,GF-06149,Resto GrabMantap 6148,Beverages,Tangerang
6149,GF-06150,Resto GrabMantap 6149,Seafood,Depok
6150,GF-06151,Resto GrabMantap 6150,Seafood,Bandung
6151,GF-06152,Resto GrabMantap 6151,Fast Food,Medan
6152,GF-06153,Resto GrabMantap 6152,Martabak,Bogor
6153,GF-06154,Resto GrabMantap 6153,Snacks,Tangerang
6154,GF-06155,Resto GrabMantap 6154,Ayam Geprek,Makassar
6155,GF-06156,Resto GrabMantap 6155,Ayam Geprek,Depok
6156,GF-06157,Resto GrabMantap 6156,Martabak,Tangerang
6157,GF-06158,Resto GrabMantap 6157,Fast Food,Surabaya
6158,GF-06159,Resto GrabMantap 6158,Beverages,Makassar
6159,GF-06160,Resto GrabMantap 6159,Ayam Geprek,Tangerang
6160,GF-06161,Resto GrabMantap 6160,Beverages,Depok
6161,GF-06162,Resto GrabMantap 6161,Snacks,Medan
6162,GF-06163,Resto GrabMantap 6162,Ayam Geprek,Bandung
6163,GF-06164,Resto GrabMantap 6163,Beverages,Depok
6164,GF-06165,Resto GrabMantap 6164,Beverages,Bogor
6165,GF-06166,Resto GrabMantap 6165,Beverages,Medan
6166,GF-06167,Resto GrabMantap 6166,Seafood,Bandung
6167,GF-06168,Resto GrabMantap 6167,Beverages,Tangerang
6168,GF-06169,Resto GrabMantap 6168,Ayam Geprek,Bogor
6169,GF-06170,Resto GrabMantap 6169,Fast Food,Bekasi
6170,GF-06171,Resto GrabMantap 6170,Beverages,Depok
6171,GF-06172,Resto GrabMantap 6171,Seafood,Bandung
6172,GF-06173,Resto GrabMantap 6172,Martabak,Bekasi
6173,GF-06174,Resto GrabMantap 6173,Fast Food,Surabaya
6174,GF-06175,Resto GrabMantap 6174,Martabak,Bekasi
6175,GF-06176,Resto GrabMantap 6175,Martabak,Bandung
6176,GF-06177,Resto GrabMantap 6176,Fast Food,Depok
6177,GF-06178,Resto GrabMantap 6177,Seafood,Bali
6178,GF-06179,Resto GrabMantap 6178,Ayam Geprek,Bekasi
6179,GF-06180,Resto GrabMantap 6179,Snacks,Bekasi
6180,GF-06181,Resto GrabMantap 6180,Snacks,Jakarta
6181,GF-06182,Resto GrabMantap 6181,Fast Food,Depok
6182,GF-06183,Resto GrabMantap 6182,Fast Food,Bali
6183,GF-06184,Resto GrabMantap 6183,Beverages,Jakarta
6184,GF-06185,Resto GrabMantap 6184,Snacks,Bekasi
6185,GF-06186,Resto GrabMantap 6185,Snacks,Surabaya
6186,GF-06187,Resto GrabMantap 6186,Beverages,Medan
6187,GF-06188,Resto GrabMantap 6187,Ayam Geprek,Bandung
6188,GF-06189,Resto GrabMantap 6188,Fast Food,Surabaya
6189,GF-06190,Resto GrabMantap 6189,Snacks,Surabaya
6190,GF-06191,Resto GrabMantap 6190,Martabak,Bali
6191,GF-06192,Resto GrabMantap 6191,Snacks,Tangerang
6192,GF-06193,Resto GrabMantap 6192,Ayam Geprek,Tangerang
6193,GF-06194,Resto GrabMantap 6193,Martabak,Bekasi
6194,GF-06195,Resto GrabMantap 6194,Ayam Geprek,Depok
6195,GF-06196,Resto GrabMantap 6195,Ayam Geprek,Makassar
6196,GF-06197,Resto GrabMantap 6196,Martabak,Depok
6197,GF-06198,Resto GrabMantap 6197,Ayam Geprek,Makassar
6198,GF-06199,Resto GrabMantap 6198,Seafood,Makassar
6199,GF-06200,Resto GrabMantap 6199,Fast Food,Medan
6200,GF-06201,Resto GrabMantap 6200,Fast Food,Surabaya
6201,GF-06202,Resto GrabMantap 6201,Seafood,Bogor
6202,GF-06203,Resto GrabMantap 6202,Ayam Geprek,Makassar
6203,GF-06204,Resto GrabMantap 6203,Fast Food,Surabaya
6204,GF-06205,Resto GrabMantap 6204,Ayam Geprek,Jakarta
6205,GF-06206,Resto GrabMantap 6205,Snacks,Surabaya
6206,GF-06207,Resto GrabMantap 6206,Ayam Geprek,Surabaya
6207,GF-06208,Resto GrabMantap 6207,Beverages,Surabaya
6208,GF-06209,Resto GrabMantap 6208,Snacks,Bali
6209,GF-06210,Resto GrabMantap 6209,Beverages,Medan
6210,GF-06211,Resto GrabMantap 6210,Seafood,Medan
6211,GF-06212,Resto GrabMantap 6211,Ayam Geprek,Bekasi
6212,GF-06213,Resto GrabMantap 6212,Ayam Geprek,Medan
6213,GF-06214,Resto GrabMantap 6213,Fast Food,Bandung
6214,GF-06215,Resto GrabMantap 6214,Snacks,Surabaya
6215,GF-06216,Resto GrabMantap 6215,Ayam Geprek,Surabaya
6216,GF-06217,Resto GrabMantap 6216,Snacks,Bandung
6217,GF-06218,Resto GrabMantap 6217,Martabak,Medan
6218,GF-06219,Resto GrabMantap 6218,Seafood,Tangerang
6219,GF-06220,Resto GrabMantap 6219,Fast Food,Bali
6220,GF-06221,Resto GrabMantap 6220,Fast Food,Surabaya
6221,GF-06222,Resto GrabMantap 6221,Beverages,Depok
6222,GF-06223,Resto GrabMantap 6222,Martabak,Bekasi
6223,GF-06224,Resto GrabMantap 6223,Seafood,Jakarta
6224,GF-06225,Resto GrabMantap 6224,Beverages,Makassar
6225,GF-06226,Resto GrabMantap 6225,Martabak,Depok
6226,GF-06227,Resto GrabMantap 6226,Fast Food,Bogor
6227,GF-06228,Resto GrabMantap 6227,Seafood,Depok
6228,GF-06229,Resto GrabMantap 6228,Snacks,Tangerang
6229,GF-06230,Resto GrabMantap 6229,Ayam Geprek,Tangerang
6230,GF-06231,Resto GrabMantap 6230,Fast Food,Jakarta
6231,GF-06232,Resto GrabMantap 6231,Martabak,Bali
6232,GF-06233,Resto GrabMantap 6232,Fast Food,Tangerang
6233,GF-06234,Resto GrabMantap 6233,Martabak,Surabaya
6234,GF-06235,Resto GrabMantap 6234,Seafood,Bali
6235,GF-06236,Resto GrabMantap 6235,Beverages,Bogor
6236,GF-06237,Resto GrabMantap 6236,Martabak,Bandung
6237,GF-06238,Resto GrabMantap 6237,Fast Food,Depok
6238,GF-06239,Resto GrabMantap 6238,Ayam Geprek,Bali
6239,GF-06240,Resto GrabMantap 6239,Snacks,Depok
6240,GF-06241,Resto GrabMantap 6240,Beverages,Depok
6241,GF-06242,Resto GrabMantap 6241,Fast Food,Surabaya
6242,GF-06243,Resto GrabMantap 6242,Snacks,Makassar
6243,GF-06244,Resto GrabMantap 6243,Beverages,Bogor
6244,GF-06245,Resto GrabMantap 6244,Fast Food,Bogor
6245,GF-06246,Resto GrabMantap 6245,Fast Food,Bogor
6246,GF-06247,Resto GrabMantap 6246,Snacks,Bogor
6247,GF-06248,Resto GrabMantap 6247,Seafood,Bali
6248,GF-06249,Resto GrabMantap 6248,Martabak,Makassar
6249,GF-06250,Resto GrabMantap 6249,Beverages,Bogor
6250,GF-06251,Resto GrabMantap 6250,Ayam Geprek,Medan
6251,GF-06252,Resto GrabMantap 6251,Snacks,Makassar
6252,GF-06253,Resto GrabMantap 6252,Ayam Geprek,Makassar
6253,GF-06254,Resto GrabMantap 6253,Martabak,Jakarta
6254,GF-06255,Resto GrabMantap 6254,Beverages,Bekasi
6255,GF-06256,Resto GrabMantap 6255,Martabak,Depok
6256,GF-06257,Resto GrabMantap 6256,Fast Food,Bandung
6257,GF-06258,Resto GrabMantap 6257,Snacks,Tangerang
6258,GF-06259,Resto GrabMantap 6258,Snacks,Surabaya
6259,GF-06260,Resto GrabMantap 6259,Ayam Geprek,Surabaya
6260,GF-06261,Resto GrabMantap 6260,Martabak,Medan
6261,GF-06262,Resto GrabMantap 6261,Seafood,Bekasi
6262,GF-06263,Resto GrabMantap 6262,Martabak,Bekasi
6263,GF-06264,Resto GrabMantap 6263,Beverages,Bekasi
6264,GF-06265,Resto GrabMantap 6264,Seafood,Bandung
6265,GF-06266,Resto GrabMantap 6265,Seafood,Bali
6266,GF-06267,Resto GrabMantap 6266,Fast Food,Bekasi
6267,GF-06268,Resto GrabMantap 6267,Ayam Geprek,Bandung
6268,GF-06269,Resto GrabMantap 6268,Beverages,Tangerang
6269,GF-06270,Resto GrabMantap 6269,Seafood,Tangerang
6270,GF-06271,Resto GrabMantap 6270,Snacks,Bali
6271,GF-06272,Resto GrabMantap 6271,Fast Food,Makassar
6272,GF-06273,Resto GrabMantap 6272,Snacks,Depok
6273,GF-06274,Resto GrabMantap 6273,Ayam Geprek,Bogor
6274,GF-06275,Resto GrabMantap 6274,Martabak,Bali
6275,GF-06276,Resto GrabMantap 6275,Snacks,Makassar
6276,GF-06277,Resto GrabMantap 6276,Martabak,Bali
6277,GF-06278,Resto GrabMantap 6277,Martabak,Bandung
6278,GF-06279,Resto GrabMantap 6278,Snacks,Tangerang
6279,GF-06280,Resto GrabMantap 6279,Seafood,Bandung
6280,GF-06281,Resto GrabMantap 6280,Fast Food,Bogor
6281,GF-06282,Resto GrabMantap 6281,Beverages,Bekasi
6282,GF-06283,Resto GrabMantap 6282,Fast Food,Bekasi
6283,GF-06284,Resto GrabMantap 6283,Martabak,Bekasi
6284,GF-06285,Resto GrabMantap 6284,Martabak,Tangerang
6285,GF-06286,Resto GrabMantap 6285,Ayam Geprek,Bandung
6286,GF-06287,Resto GrabMantap 6286,Ayam Geprek,Bogor
6287,GF-06288,Resto GrabMantap 6287,Beverages,Jakarta
6288,GF-06289,Resto GrabMantap 6288,Fast Food,Medan
6289,GF-06290,Resto GrabMantap 6289,Ayam Geprek,Makassar
6290,GF-06291,Resto GrabMantap 6290,Seafood,Tangerang
6291,GF-06292,Resto GrabMantap 6291,Ayam Geprek,Bali
6292,GF-06293,Resto GrabMantap 6292,Fast Food,Medan
6293,GF-06294,Resto GrabMantap 6293,Beverages,Surabaya
6294,GF-06295,Resto GrabMantap 6294,Fast Food,Bekasi
6295,GF-06296,Resto GrabMantap 6295,Ayam Geprek,Tangerang
6296,GF-06297,Resto GrabMantap 6296,Snacks,Jakarta
6297,GF-06298,Resto GrabMantap 6297,Snacks,Bekasi
6298,GF-06299,Resto GrabMantap 6298,Seafood,Jakarta
6299,GF-06300,Resto GrabMantap 6299,Martabak,Depok
6300,GF-06301,Resto GrabMantap 6300,Ayam Geprek,Medan
6301,GF-06302,Resto GrabMantap 6301,Snacks,Tangerang
6302,GF-06303,Resto GrabMantap 6302,Seafood,Bali
6303,GF-06304,Resto GrabMantap 6303,Snacks,Makassar
6304,GF-06305,Resto GrabMantap 6304,Fast Food,Bandung
6305,GF-06306,Resto GrabMantap 6305,Martabak,Surabaya
6306,GF-06307,Resto GrabMantap 6306,Ayam Geprek,Bogor
6307,GF-06308,Resto GrabMantap 6307,Beverages,Depok
6308,GF-06309,Resto GrabMantap 6308,Snacks,Bogor
6309,GF-06310,Resto GrabMantap 6309,Snacks,Bali
6310,GF-06311,Resto GrabMantap 6310,Beverages,Medan
6311,GF-06312,Resto GrabMantap 6311,Seafood,Depok
6312,GF-06313,Resto GrabMantap 6312,Beverages,Medan
6313,GF-06314,Resto GrabMantap 6313,Fast Food,Bandung
6314,GF-06315,Resto GrabMantap 6314,Martabak,Medan
6315,GF-06316,Resto GrabMantap 6315,Snacks,Depok
6316,GF-06317,Resto GrabMantap 6316,Ayam Geprek,Makassar
6317,GF-06318,Resto GrabMantap 6317,Seafood,Bandung
6318,GF-06319,Resto GrabMantap 6318,Ayam Geprek,Bekasi
6319,GF-06320,Resto GrabMantap 6319,Fast Food,Tangerang
6320,GF-06321,Resto GrabMantap 6320,Fast Food,Jakarta
6321,GF-06322,Resto GrabMantap 6321,Fast Food,Medan
6322,GF-06323,Resto GrabMantap 6322,Snacks,Depok
6323,GF-06324,Resto GrabMantap 6323,Snacks,Surabaya
6324,GF-06325,Resto GrabMantap 6324,Seafood,Depok
6325,GF-06326,Resto GrabMantap 6325,Fast Food,Surabaya
6326,GF-06327,Resto GrabMantap 6326,Seafood,Makassar
6327,GF-06328,Resto GrabMantap 6327,Fast Food,Bekasi
6328,GF-06329,Resto GrabMantap 6328,Snacks,Bandung
6329,GF-06330,Resto GrabMantap 6329,Snacks,Jakarta
6330,GF-06331,Resto GrabMantap 6330,Fast Food,Depok
6331,GF-06332,Resto GrabMantap 6331,Seafood,Bali
6332,GF-06333,Resto GrabMantap 6332,Seafood,Medan
6333,GF-06334,Resto GrabMantap 6333,Beverages,Depok
6334,GF-06335,Resto GrabMantap 6334,Ayam Geprek,Makassar
6335,GF-06336,Resto GrabMantap 6335,Beverages,Bogor
6336,GF-06337,Resto GrabMantap 6336,Seafood,Bekasi
6337,GF-06338,Resto GrabMantap 6337,Fast Food,Bekasi
6338,GF-06339,Resto GrabMantap 6338,Martabak,Bekasi
6339,GF-06340,Resto GrabMantap 6339,Martabak,Tangerang
6340,GF-06341,Resto GrabMantap 6340,Ayam Geprek,Depok
6341,GF-06342,Resto GrabMantap 6341,Ayam Geprek,Makassar
6342,GF-06343,Resto GrabMantap 6342,Snacks,Jakarta
6343,GF-06344,Resto GrabMantap 6343,Snacks,Bali
6344,GF-06345,Resto GrabMantap 6344,Fast Food,Surabaya
6345,GF-06346,Resto GrabMantap 6345,Beverages,Bekasi
6346,GF-06347,Resto GrabMantap 6346,Beverages,Bekasi
6347,GF-06348,Resto GrabMantap 6347,Snacks,Medan
6348,GF-06349,Resto GrabMantap 6348,Snacks,Bekasi
6349,GF-06350,Resto GrabMantap 6349,Fast Food,Bogor
6350,GF-06351,Resto GrabMantap 6350,Fast Food,Tangerang
6351,GF-06352,Resto GrabMantap 6351,Ayam Geprek,Bali
6352,GF-06353,Resto GrabMantap 6352,Fast Food,Makassar
6353,GF-06354,Resto GrabMantap 6353,Ayam Geprek,Medan
6354,GF-06355,Resto GrabMantap 6354,Martabak,Bekasi
6355,GF-06356,Resto GrabMantap 6355,Fast Food,Depok
6356,GF-06357,Resto GrabMantap 6356,Martabak,Bandung
6357,GF-06358,Resto GrabMantap 6357,Martabak,Makassar
6358,GF-06359,Resto GrabMantap 6358,Martabak,Jakarta
6359,GF-06360,Resto GrabMantap 6359,Beverages,Jakarta
6360,GF-06361,Resto GrabMantap 6360,Snacks,Bekasi
6361,GF-06362,Resto GrabMantap 6361,Martabak,Depok
6362,GF-06363,Resto GrabMantap 6362,Ayam Geprek,Surabaya
6363,GF-06364,Resto GrabMantap 6363,Fast Food,Bogor
6364,GF-06365,Resto GrabMantap 6364,Fast Food,Jakarta
6365,GF-06366,Resto GrabMantap 6365,Martabak,Medan
6366,GF-06367,Resto GrabMantap 6366,Ayam Geprek,Bali
6367,GF-06368,Resto GrabMantap 6367,Ayam Geprek,Bogor
6368,GF-06369,Resto GrabMantap 6368,Ayam Geprek,Bogor
6369,GF-06370,Resto GrabMantap 6369,Martabak,Bogor
6370,GF-06371,Resto GrabMantap 6370,Ayam Geprek,Bandung
6371,GF-06372,Resto GrabMantap 6371,Seafood,Surabaya
6372,GF-06373,Resto GrabMantap 6372,Fast Food,Depok
6373,GF-06374,Resto GrabMantap 6373,Seafood,Makassar
6374,GF-06375,Resto GrabMantap 6374,Snacks,Makassar
6375,GF-06376,Resto GrabMantap 6375,Beverages,Tangerang
6376,GF-06377,Resto GrabMantap 6376,Martabak,Medan
6377,GF-06378,Resto GrabMantap 6377,Beverages,Depok
6378,GF-06379,Resto GrabMantap 6378,Snacks,Medan
6379,GF-06380,Resto GrabMantap 6379,Martabak,Depok
6380,GF-06381,Resto GrabMantap 6380,Martabak,Bali
6381,GF-06382,Resto GrabMantap 6381,Martabak,Medan
6382,GF-06383,Resto GrabMantap 6382,Ayam Geprek,Bandung
6383,GF-06384,Resto GrabMantap 6383,Seafood,Tangerang
6384,GF-06385,Resto GrabMantap 6384,Seafood,Surabaya
6385,GF-06386,Resto GrabMantap 6385,Snacks,Tangerang
6386,GF-06387,Resto GrabMantap 6386,Fast Food,Tangerang
6387,GF-06388,Resto GrabMantap 6387,Ayam Geprek,Makassar
6388,GF-06389,Resto GrabMantap 6388,Beverages,Depok
6389,GF-06390,Resto GrabMantap 6389,Beverages,Bali
6390,GF-06391,Resto GrabMantap 6390,Martabak,Jakarta
6391,GF-06392,Resto GrabMantap 6391,Fast Food,Tangerang
6392,GF-06393,Resto GrabMantap 6392,Martabak,Jakarta
6393,GF-06394,Resto GrabMantap 6393,Fast Food,Bali
6394,GF-06395,Resto GrabMantap 6394,Beverages,Bekasi
6395,GF-06396,Resto GrabMantap 6395,Beverages,Bali
6396,GF-06397,Resto GrabMantap 6396,Seafood,Jakarta
6397,GF-06398,Resto GrabMantap 6397,Fast Food,Depok
6398,GF-06399,Resto GrabMantap 6398,Beverages,Tangerang
6399,GF-06400,Resto GrabMantap 6399,Seafood,Depok
6400,GF-06401,Resto GrabMantap 6400,Martabak,Bekasi
6401,GF-06402,Resto GrabMantap 6401,Beverages,Surabaya
6402,GF-06403,Resto GrabMantap 6402,Snacks,Depok
6403,GF-06404,Resto GrabMantap 6403,Martabak,Bali
6404,GF-06405,Resto GrabMantap 6404,Snacks,Medan
6405,GF-06406,Resto GrabMantap 6405,Ayam Geprek,Tangerang
6406,GF-06407,Resto GrabMantap 6406,Beverages,Bekasi
6407,GF-06408,Resto GrabMantap 6407,Fast Food,Surabaya
6408,GF-06409,Resto GrabMantap 6408,Ayam Geprek,Surabaya
6409,GF-06410,Resto GrabMantap 6409,Fast Food,Medan
6410,GF-06411,Resto GrabMantap 6410,Seafood,Medan
6411,GF-06412,Resto GrabMantap 6411,Fast Food,Tangerang
6412,GF-06413,Resto GrabMantap 6412,Ayam Geprek,Bali
6413,GF-06414,Resto GrabMantap 6413,Fast Food,Makassar
6414,GF-06415,Resto GrabMantap 6414,Fast Food,Bogor
6415,GF-06416,Resto GrabMantap 6415,Fast Food,Tangerang
6416,GF-06417,Resto GrabMantap 6416,Ayam Geprek,Bogor
6417,GF-06418,Resto GrabMantap 6417,Martabak,Makassar
6418,GF-06419,Resto GrabMantap 6418,Fast Food,Bogor
6419,GF-06420,Resto GrabMantap 6419,Snacks,Makassar
6420,GF-06421,Resto GrabMantap 6420,Seafood,Depok
6421,GF-06422,Resto GrabMantap 6421,Beverages,Bandung
6422,GF-06423,Resto GrabMantap 6422,Seafood,Surabaya
6423,GF-06424,Resto GrabMantap 6423,Ayam Geprek,Jakarta
6424,GF-06425,Resto GrabMantap 6424,Fast Food,Jakarta
6425,GF-06426,Resto GrabMantap 6425,Fast Food,Bekasi
6426,GF-06427,Resto GrabMantap 6426,Fast Food,Depok
6427,GF-06428,Resto GrabMantap 6427,Ayam Geprek,Surabaya
6428,GF-06429,Resto GrabMantap 6428,Martabak,Jakarta
6429,GF-06430,Resto GrabMantap 6429,Martabak,Medan
6430,GF-06431,Resto GrabMantap 6430,Fast Food,Makassar
6431,GF-06432,Resto GrabMantap 6431,Beverages,Depok
6432,GF-06433,Resto GrabMantap 6432,Fast Food,Medan
6433,GF-06434,Resto GrabMantap 6433,Fast Food,Bogor
6434,GF-06435,Resto GrabMantap 6434,Fast Food,Bogor
6435,GF-06436,Resto GrabMantap 6435,Fast Food,Medan
6436,GF-06437,Resto GrabMantap 6436,Seafood,Bali
6437,GF-06438,Resto GrabMantap 6437,Ayam Geprek,Bali
6438,GF-06439,Resto GrabMantap 6438,Martabak,Bali
6439,GF-06440,Resto GrabMantap 6439,Fast Food,Bandung
6440,GF-06441,Resto GrabMantap 6440,Fast Food,Tangerang
6441,GF-06442,Resto GrabMantap 6441,Ayam Geprek,Bogor
6442,GF-06443,Resto GrabMantap 6442,Martabak,Surabaya
6443,GF-06444,Resto GrabMantap 6443,Fast Food,Tangerang
6444,GF-06445,Resto GrabMantap 6444,Fast Food,Bogor
6445,GF-06446,Resto GrabMantap 6445,Beverages,Bali
6446,GF-06447,Resto GrabMantap 6446,Seafood,Bekasi
6447,GF-06448,Resto GrabMantap 6447,Fast Food,Bali
6448,GF-06449,Resto GrabMantap 6448,Beverages,Bandung
6449,GF-06450,Resto GrabMantap 6449,Seafood,Tangerang
6450,GF-06451,Resto GrabMantap 6450,Martabak,Makassar
6451,GF-06452,Resto GrabMantap 6451,Seafood,Medan
6452,GF-06453,Resto GrabMantap 6452,Beverages,Surabaya
6453,GF-06454,Resto GrabMantap 6453,Martabak,Makassar
6454,GF-06455,Resto GrabMantap 6454,Fast Food,Bekasi
6455,GF-06456,Resto GrabMantap 6455,Beverages,Makassar
6456,GF-06457,Resto GrabMantap 6456,Martabak,Bandung
6457,GF-06458,Resto GrabMantap 6457,Ayam Geprek,Bandung
6458,GF-06459,Resto GrabMantap 6458,Martabak,Makassar
6459,GF-06460,Resto GrabMantap 6459,Ayam Geprek,Medan
6460,GF-06461,Resto GrabMantap 6460,Seafood,Bekasi
6461,GF-06462,Resto GrabMantap 6461,Snacks,Bali
6462,GF-06463,Resto GrabMantap 6462,Seafood,Jakarta
6463,GF-06464,Resto GrabMantap 6463,Snacks,Bandung
6464,GF-06465,Resto GrabMantap 6464,Snacks,Jakarta
6465,GF-06466,Resto GrabMantap 6465,Seafood,Makassar
6466,GF-06467,Resto GrabMantap 6466,Ayam Geprek,Surabaya
6467,GF-06468,Resto GrabMantap 6467,Ayam Geprek,Makassar
6468,GF-06469,Resto GrabMantap 6468,Ayam Geprek,Tangerang
6469,GF-06470,Resto GrabMantap 6469,Ayam Geprek,Tangerang
6470,GF-06471,Resto GrabMantap 6470,Martabak,Bogor
6471,GF-06472,Resto GrabMantap 6471,Ayam Geprek,Depok
6472,GF-06473,Resto GrabMantap 6472,Ayam Geprek,Depok
6473,GF-06474,Resto GrabMantap 6473,Ayam Geprek,Makassar
6474,GF-06475,Resto GrabMantap 6474,Beverages,Makassar
6475,GF-06476,Resto GrabMantap 6475,Martabak,Jakarta
6476,GF-06477,Resto GrabMantap 6476,Beverages,Bogor
6477,GF-06478,Resto GrabMantap 6477,Martabak,Medan
6478,GF-06479,Resto GrabMantap 6478,Fast Food,Bogor
6479,GF-06480,Resto GrabMantap 6479,Seafood,Depok
6480,GF-06481,Resto GrabMantap 6480,Ayam Geprek,Surabaya
6481,GF-06482,Resto GrabMantap 6481,Beverages,Makassar
6482,GF-06483,Resto GrabMantap 6482,Beverages,Bekasi
6483,GF-06484,Resto GrabMantap 6483,Snacks,Bogor
6484,GF-06485,Resto GrabMantap 6484,Ayam Geprek,Surabaya
6485,GF-06486,Resto GrabMantap 6485,Seafood,Jakarta
6486,GF-06487,Resto GrabMantap 6486,Martabak,Bekasi
6487,GF-06488,Resto GrabMantap 6487,Snacks,Bandung
6488,GF-06489,Resto GrabMantap 6488,Ayam Geprek,Bali
6489,GF-06490,Resto GrabMantap 6489,Seafood,Jakarta
6490,GF-06491,Resto GrabMantap 6490,Ayam Geprek,Bali
6491,GF-06492,Resto GrabMantap 6491,Ayam Geprek,Bogor
6492,GF-06493,Resto GrabMantap 6492,Seafood,Bogor
6493,GF-06494,Resto GrabMantap 6493,Seafood,Medan
6494,GF-06495,Resto GrabMantap 6494,Martabak,Medan
6495,GF-06496,Resto GrabMantap 6495,Fast Food,Bekasi
6496,GF-06497,Resto GrabMantap 6496,Beverages,Bali
6497,GF-06498,Resto GrabMantap 6497,Snacks,Surabaya
6498,GF-06499,Resto GrabMantap 6498,Snacks,Depok
6499,GF-06500,Resto GrabMantap 6499,Martabak,Medan
6500,GF-06501,Resto GrabMantap 6500,Fast Food,Tangerang
6501,GF-06502,Resto GrabMantap 6501,Beverages,Bali
6502,GF-06503,Resto GrabMantap 6502,Ayam Geprek,Jakarta
6503,GF-06504,Resto GrabMantap 6503,Seafood,Surabaya
6504,GF-06505,Resto GrabMantap 6504,Ayam Geprek,Jakarta
6505,GF-06506,Resto GrabMantap 6505,Fast Food,Makassar
6506,GF-06507,Resto GrabMantap 6506,Seafood,Medan
6507,GF-06508,Resto GrabMantap 6507,Snacks,Bandung
6508,GF-06509,Resto GrabMantap 6508,Beverages,Bogor
6509,GF-06510,Resto GrabMantap 6509,Seafood,Depok
6510,GF-06511,Resto GrabMantap 6510,Fast Food,Medan
6511,GF-06512,Resto GrabMantap 6511,Ayam Geprek,Bekasi
6512,GF-06513,Resto GrabMantap 6512,Fast Food,Makassar
6513,GF-06514,Resto GrabMantap 6513,Martabak,Bogor
6514,GF-06515,Resto GrabMantap 6514,Fast Food,Depok
6515,GF-06516,Resto GrabMantap 6515,Seafood,Bekasi
6516,GF-06517,Resto GrabMantap 6516,Snacks,Makassar
6517,GF-06518,Resto GrabMantap 6517,Snacks,Depok
6518,GF-06519,Resto GrabMantap 6518,Fast Food,Tangerang
6519,GF-06520,Resto GrabMantap 6519,Ayam Geprek,Bekasi
6520,GF-06521,Resto GrabMantap 6520,Snacks,Medan
6521,GF-06522,Resto GrabMantap 6521,Snacks,Bekasi
6522,GF-06523,Resto GrabMantap 6522,Seafood,Bali
6523,GF-06524,Resto GrabMantap 6523,Ayam Geprek,Medan
6524,GF-06525,Resto GrabMantap 6524,Snacks,Bekasi
6525,GF-06526,Resto GrabMantap 6525,Seafood,Makassar
6526,GF-06527,Resto GrabMantap 6526,Ayam Geprek,Tangerang
6527,GF-06528,Resto GrabMantap 6527,Beverages,Bekasi
6528,GF-06529,Resto GrabMantap 6528,Beverages,Bali
6529,GF-06530,Resto GrabMantap 6529,Ayam Geprek,Medan
6530,GF-06531,Resto GrabMantap 6530,Beverages,Medan
6531,GF-06532,Resto GrabMantap 6531,Fast Food,Bekasi
6532,GF-06533,Resto GrabMantap 6532,Seafood,Tangerang
6533,GF-06534,Resto GrabMantap 6533,Martabak,Bali
6534,GF-06535,Resto GrabMantap 6534,Snacks,Bali
6535,GF-06536,Resto GrabMantap 6535,Beverages,Surabaya
6536,GF-06537,Resto GrabMantap 6536,Snacks,Bekasi
6537,GF-06538,Resto GrabMantap 6537,Martabak,Tangerang
6538,GF-06539,Resto GrabMantap 6538,Ayam Geprek,Jakarta
6539,GF-06540,Resto GrabMantap 6539,Martabak,Bandung
6540,GF-06541,Resto GrabMantap 6540,Seafood,Surabaya
6541,GF-06542,Resto GrabMantap 6541,Seafood,Bandung
6542,GF-06543,Resto GrabMantap 6542,Ayam Geprek,Depok
6543,GF-06544,Resto GrabMantap 6543,Beverages,Bandung
6544,GF-06545,Resto GrabMantap 6544,Fast Food,Makassar
6545,GF-06546,Resto GrabMantap 6545,Beverages,Medan
6546,GF-06547,Resto GrabMantap 6546,Ayam Geprek,Bogor
6547,GF-06548,Resto GrabMantap 6547,Martabak,Bandung
6548,GF-06549,Resto GrabMantap 6548,Fast Food,Bogor
6549,GF-06550,Resto GrabMantap 6549,Beverages,Bandung
6550,GF-06551,Resto GrabMantap 6550,Beverages,Makassar
6551,GF-06552,Resto GrabMantap 6551,Beverages,Surabaya
6552,GF-06553,Resto GrabMantap 6552,Ayam Geprek,Depok
6553,GF-06554,Resto GrabMantap 6553,Seafood,Bekasi
6554,GF-06555,Resto GrabMantap 6554,Fast Food,Bandung
6555,GF-06556,Resto GrabMantap 6555,Ayam Geprek,Jakarta
6556,GF-06557,Resto GrabMantap 6556,Ayam Geprek,Tangerang
6557,GF-06558,Resto GrabMantap 6557,Beverages,Jakarta
6558,GF-06559,Resto GrabMantap 6558,Snacks,Bali
6559,GF-06560,Resto GrabMantap 6559,Ayam Geprek,Depok
6560,GF-06561,Resto GrabMantap 6560,Beverages,Bandung
6561,GF-06562,Resto GrabMantap 6561,Fast Food,Depok
6562,GF-06563,Resto GrabMantap 6562,Fast Food,Bogor
6563,GF-06564,Resto GrabMantap 6563,Martabak,Depok
6564,GF-06565,Resto GrabMantap 6564,Fast Food,Bogor
6565,GF-06566,Resto GrabMantap 6565,Snacks,Depok
6566,GF-06567,Resto GrabMantap 6566,Snacks,Tangerang
6567,GF-06568,Resto GrabMantap 6567,Beverages,Bali
6568,GF-06569,Resto GrabMantap 6568,Martabak,Tangerang
6569,GF-06570,Resto GrabMantap 6569,Ayam Geprek,Tangerang
6570,GF-06571,Resto GrabMantap 6570,Snacks,Bandung
6571,GF-06572,Resto GrabMantap 6571,Snacks,Medan
6572,GF-06573,Resto GrabMantap 6572,Beverages,Jakarta
6573,GF-06574,Resto GrabMantap 6573,Seafood,Bekasi
6574,GF-06575,Resto GrabMantap 6574,Ayam Geprek,Medan
6575,GF-06576,Resto GrabMantap 6575,Snacks,Bekasi
6576,GF-06577,Resto GrabMantap 6576,Seafood,Bekasi
6577,GF-06578,Resto GrabMantap 6577,Beverages,Bali
6578,GF-06579,Resto GrabMantap 6578,Fast Food,Bogor
6579,GF-06580,Resto GrabMantap 6579,Fast Food,Bogor
6580,GF-06581,Resto GrabMantap 6580,Fast Food,Bogor
6581,GF-06582,Resto GrabMantap 6581,Snacks,Bogor
6582,GF-06583,Resto GrabMantap 6582,Fast Food,Makassar
6583,GF-06584,Resto GrabMantap 6583,Martabak,Medan
6584,GF-06585,Resto GrabMantap 6584,Ayam Geprek,Tangerang
6585,GF-06586,Resto GrabMantap 6585,Martabak,Makassar
6586,GF-06587,Resto GrabMantap 6586,Snacks,Tangerang
6587,GF-06588,Resto GrabMantap 6587,Seafood,Bandung
6588,GF-06589,Resto GrabMantap 6588,Fast Food,Bandung
6589,GF-06590,Resto GrabMantap 6589,Beverages,Bali
6590,GF-06591,Resto GrabMantap 6590,Martabak,Medan
6591,GF-06592,Resto GrabMantap 6591,Beverages,Bandung
6592,GF-06593,Resto GrabMantap 6592,Martabak,Tangerang
6593,GF-06594,Resto GrabMantap 6593,Seafood,Bekasi
6594,GF-06595,Resto GrabMantap 6594,Seafood,Makassar
6595,GF-06596,Resto GrabMantap 6595,Martabak,Depok
6596,GF-06597,Resto GrabMantap 6596,Ayam Geprek,Bekasi
6597,GF-06598,Resto GrabMantap 6597,Ayam Geprek,Bandung
6598,GF-06599,Resto GrabMantap 6598,Snacks,Surabaya
6599,GF-06600,Resto GrabMantap 6599,Fast Food,Medan
6600,GF-06601,Resto GrabMantap 6600,Beverages,Depok
6601,GF-06602,Resto GrabMantap 6601,Martabak,Bandung
6602,GF-06603,Resto GrabMantap 6602,Martabak,Bogor
6603,GF-06604,Resto GrabMantap 6603,Fast Food,Tangerang
6604,GF-06605,Resto GrabMantap 6604,Seafood,Jakarta
6605,GF-06606,Resto GrabMantap 6605,Ayam Geprek,Depok
6606,GF-06607,Resto GrabMantap 6606,Martabak,Bandung
6607,GF-06608,Resto GrabMantap 6607,Seafood,Medan
6608,GF-06609,Resto GrabMantap 6608,Snacks,Bekasi
6609,GF-06610,Resto GrabMantap 6609,Martabak,Bekasi
6610,GF-06611,Resto GrabMantap 6610,Fast Food,Medan
6611,GF-06612,Resto GrabMantap 6611,Snacks,Bekasi
6612,GF-06613,Resto GrabMantap 6612,Snacks,Bekasi
6613,GF-06614,Resto GrabMantap 6613,Beverages,Medan
6614,GF-06615,Resto GrabMantap 6614,Snacks,Bandung
6615,GF-06616,Resto GrabMantap 6615,Fast Food,Tangerang
6616,GF-06617,Resto GrabMantap 6616,Beverages,Bekasi
6617,GF-06618,Resto GrabMantap 6617,Snacks,Makassar
6618,GF-06619,Resto GrabMantap 6618,Martabak,Bandung
6619,GF-06620,Resto GrabMantap 6619,Snacks,Jakarta
6620,GF-06621,Resto GrabMantap 6620,Martabak,Bekasi
6621,GF-06622,Resto GrabMantap 6621,Martabak,Bandung
6622,GF-06623,Resto GrabMantap 6622,Ayam Geprek,Depok
6623,GF-06624,Resto GrabMantap 6623,Snacks,Jakarta
6624,GF-06625,Resto GrabMantap 6624,Seafood,Bandung
6625,GF-06626,Resto GrabMantap 6625,Fast Food,Bali
6626,GF-06627,Resto GrabMantap 6626,Martabak,Bekasi
6627,GF-06628,Resto GrabMantap 6627,Beverages,Depok
6628,GF-06629,Resto GrabMantap 6628,Martabak,Medan
6629,GF-06630,Resto GrabMantap 6629,Seafood,Surabaya
6630,GF-06631,Resto GrabMantap 6630,Ayam Geprek,Tangerang
6631,GF-06632,Resto GrabMantap 6631,Beverages,Medan
6632,GF-06633,Resto GrabMantap 6632,Snacks,Bogor
6633,GF-06634,Resto GrabMantap 6633,Beverages,Surabaya
6634,GF-06635,Resto GrabMantap 6634,Seafood,Depok
6635,GF-06636,Resto GrabMantap 6635,Seafood,Surabaya
6636,GF-06637,Resto GrabMantap 6636,Snacks,Makassar
6637,GF-06638,Resto GrabMantap 6637,Seafood,Bogor
6638,GF-06639,Resto GrabMantap 6638,Seafood,Surabaya
6639,GF-06640,Resto GrabMantap 6639,Snacks,Bali
6640,GF-06641,Resto GrabMantap 6640,Ayam Geprek,Surabaya
6641,GF-06642,Resto GrabMantap 6641,Fast Food,Bandung
6642,GF-06643,Resto GrabMantap 6642,Ayam Geprek,Jakarta
6643,GF-06644,Resto GrabMantap 6643,Ayam Geprek,Medan
6644,GF-06645,Resto GrabMantap 6644,Seafood,Medan
6645,GF-06646,Resto GrabMantap 6645,Snacks,Makassar
6646,GF-06647,Resto GrabMantap 6646,Fast Food,Bogor
6647,GF-06648,Resto GrabMantap 6647,Seafood,Bali
6648,GF-06649,Resto GrabMantap 6648,Fast Food,Surabaya
6649,GF-06650,Resto GrabMantap 6649,Fast Food,Bogor
6650,GF-06651,Resto GrabMantap 6650,Ayam Geprek,Bali
6651,GF-06652,Resto GrabMantap 6651,Fast Food,Medan
6652,GF-06653,Resto GrabMantap 6652,Fast Food,Bekasi
6653,GF-06654,Resto GrabMantap 6653,Martabak,Jakarta
6654,GF-06655,Resto GrabMantap 6654,Fast Food,Bali
6655,GF-06656,Resto GrabMantap 6655,Martabak,Surabaya
6656,GF-06657,Resto GrabMantap 6656,Martabak,Bogor
6657,GF-06658,Resto GrabMantap 6657,Snacks,Medan
6658,GF-06659,Resto GrabMantap 6658,Fast Food,Tangerang
6659,GF-06660,Resto GrabMantap 6659,Seafood,Bogor
6660,GF-06661,Resto GrabMantap 6660,Martabak,Bogor
6661,GF-06662,Resto GrabMantap 6661,Beverages,Depok
6662,GF-06663,Resto GrabMantap 6662,Beverages,Depok
6663,GF-06664,Resto GrabMantap 6663,Beverages,Depok
6664,GF-06665,Resto GrabMantap 6664,Martabak,Tangerang
6665,GF-06666,Resto GrabMantap 6665,Fast Food,Medan
6666,GF-06667,Resto GrabMantap 6666,Martabak,Makassar
6667,GF-06668,Resto GrabMantap 6667,Seafood,Bogor
6668,GF-06669,Resto GrabMantap 6668,Snacks,Depok
6669,GF-06670,Resto GrabMantap 6669,Snacks,Medan
6670,GF-06671,Resto GrabMantap 6670,Snacks,Bekasi
6671,GF-06672,Resto GrabMantap 6671,Snacks,Bandung
6672,GF-06673,Resto GrabMantap 6672,Martabak,Bogor
6673,GF-06674,Resto GrabMantap 6673,Fast Food,Tangerang
6674,GF-06675,Resto GrabMantap 6674,Fast Food,Bogor
6675,GF-06676,Resto GrabMantap 6675,Fast Food,Bekasi
6676,GF-06677,Resto GrabMantap 6676,Martabak,Jakarta
6677,GF-06678,Resto GrabMantap 6677,Ayam Geprek,Bekasi
6678,GF-06679,Resto GrabMantap 6678,Martabak,Bandung
6679,GF-06680,Resto GrabMantap 6679,Beverages,Bali
6680,GF-06681,Resto GrabMantap 6680,Seafood,Makassar
6681,GF-06682,Resto GrabMantap 6681,Snacks,Bali
6682,GF-06683,Resto GrabMantap 6682,Ayam Geprek,Bekasi
6683,GF-06684,Resto GrabMantap 6683,Fast Food,Depok
6684,GF-06685,Resto GrabMantap 6684,Martabak,Bogor
6685,GF-06686,Resto GrabMantap 6685,Seafood,Depok
6686,GF-06687,Resto GrabMantap 6686,Seafood,Bekasi
6687,GF-06688,Resto GrabMantap 6687,Seafood,Jakarta
6688,GF-06689,Resto GrabMantap 6688,Snacks,Bandung
6689,GF-06690,Resto GrabMantap 6689,Seafood,Medan
6690,GF-06691,Resto GrabMantap 6690,Beverages,Bali
6691,GF-06692,Resto GrabMantap 6691,Seafood,Jakarta
6692,GF-06693,Resto GrabMantap 6692,Seafood,Bogor
6693,GF-06694,Resto GrabMantap 6693,Fast Food,Bekasi
6694,GF-06695,Resto GrabMantap 6694,Snacks,Depok
6695,GF-06696,Resto GrabMantap 6695,Ayam Geprek,Bogor
6696,GF-06697,Resto GrabMantap 6696,Seafood,Surabaya
6697,GF-06698,Resto GrabMantap 6697,Snacks,Medan
6698,GF-06699,Resto GrabMantap 6698,Martabak,Bali
6699,GF-06700,Resto GrabMantap 6699,Seafood,Bekasi
6700,GF-06701,Resto GrabMantap 6700,Seafood,Makassar
6701,GF-06702,Resto GrabMantap 6701,Martabak,Bali
6702,GF-06703,Resto GrabMantap 6702,Martabak,Bali
6703,GF-06704,Resto GrabMantap 6703,Seafood,Jakarta
6704,GF-06705,Resto GrabMantap 6704,Seafood,Depok
6705,GF-06706,Resto GrabMantap 6705,Martabak,Surabaya
6706,GF-06707,Resto GrabMantap 6706,Beverages,Medan
6707,GF-06708,Resto GrabMantap 6707,Beverages,Surabaya
6708,GF-06709,Resto GrabMantap 6708,Fast Food,Medan
6709,GF-06710,Resto GrabMantap 6709,Snacks,Bekasi
6710,GF-06711,Resto GrabMantap 6710,Seafood,Surabaya
6711,GF-06712,Resto GrabMantap 6711,Beverages,Jakarta
6712,GF-06713,Resto GrabMantap 6712,Ayam Geprek,Surabaya
6713,GF-06714,Resto GrabMantap 6713,Martabak,Depok
6714,GF-06715,Resto GrabMantap 6714,Snacks,Jakarta
6715,GF-06716,Resto GrabMantap 6715,Ayam Geprek,Bekasi
6716,GF-06717,Resto GrabMantap 6716,Ayam Geprek,Depok
6717,GF-06718,Resto GrabMantap 6717,Seafood,Bekasi
6718,GF-06719,Resto GrabMantap 6718,Seafood,Bogor
6719,GF-06720,Resto GrabMantap 6719,Martabak,Tangerang
6720,GF-06721,Resto GrabMantap 6720,Fast Food,Surabaya
6721,GF-06722,Resto GrabMantap 6721,Beverages,Bekasi
6722,GF-06723,Resto GrabMantap 6722,Snacks,Makassar
6723,GF-06724,Resto GrabMantap 6723,Seafood,Makassar
6724,GF-06725,Resto GrabMantap 6724,Martabak,Bekasi
6725,GF-06726,Resto GrabMantap 6725,Martabak,Bogor
6726,GF-06727,Resto GrabMantap 6726,Seafood,Depok
6727,GF-06728,Resto GrabMantap 6727,Beverages,Makassar
6728,GF-06729,Resto GrabMantap 6728,Seafood,Jakarta
6729,GF-06730,Resto GrabMantap 6729,Seafood,Bali
6730,GF-06731,Resto GrabMantap 6730,Beverages,Bekasi
6731,GF-06732,Resto GrabMantap 6731,Ayam Geprek,Medan
6732,GF-06733,Resto GrabMantap 6732,Martabak,Jakarta
6733,GF-06734,Resto GrabMantap 6733,Snacks,Depok
6734,GF-06735,Resto GrabMantap 6734,Seafood,Bekasi
6735,GF-06736,Resto GrabMantap 6735,Snacks,Jakarta
6736,GF-06737,Resto GrabMantap 6736,Seafood,Surabaya
6737,GF-06738,Resto GrabMantap 6737,Ayam Geprek,Surabaya
6738,GF-06739,Resto GrabMantap 6738,Beverages,Tangerang
6739,GF-06740,Resto GrabMantap 6739,Fast Food,Tangerang
6740,GF-06741,Resto GrabMantap 6740,Ayam Geprek,Medan
6741,GF-06742,Resto GrabMantap 6741,Martabak,Tangerang
6742,GF-06743,Resto GrabMantap 6742,Ayam Geprek,Depok
6743,GF-06744,Resto GrabMantap 6743,Fast Food,Medan
6744,GF-06745,Resto GrabMantap 6744,Fast Food,Medan
6745,GF-06746,Resto GrabMantap 6745,Seafood,Bogor
6746,GF-06747,Resto GrabMantap 6746,Ayam Geprek,Depok
6747,GF-06748,Resto GrabMantap 6747,Seafood,Surabaya
6748,GF-06749,Resto GrabMantap 6748,Snacks,Bogor
6749,GF-06750,Resto GrabMantap 6749,Beverages,Depok
6750,GF-06751,Resto GrabMantap 6750,Martabak,Surabaya
6751,GF-06752,Resto GrabMantap 6751,Beverages,Makassar
6752,GF-06753,Resto GrabMantap 6752,Martabak,Bogor
6753,GF-06754,Resto GrabMantap 6753,Beverages,Jakarta
6754,GF-06755,Resto GrabMantap 6754,Ayam Geprek,Jakarta
6755,GF-06756,Resto GrabMantap 6755,Ayam Geprek,Bogor
6756,GF-06757,Resto GrabMantap 6756,Ayam Geprek,Bandung
6757,GF-06758,Resto GrabMantap 6757,Martabak,Bekasi
6758,GF-06759,Resto GrabMantap 6758,Seafood,Tangerang
6759,GF-06760,Resto GrabMantap 6759,Ayam Geprek,Jakarta
6760,GF-06761,Resto GrabMantap 6760,Seafood,Bandung
6761,GF-06762,Resto GrabMantap 6761,Beverages,Bandung
6762,GF-06763,Resto GrabMantap 6762,Martabak,Jakarta
6763,GF-06764,Resto GrabMantap 6763,Fast Food,Bekasi
6764,GF-06765,Resto GrabMantap 6764,Fast Food,Bali
6765,GF-06766,Resto GrabMantap 6765,Martabak,Bali
6766,GF-06767,Resto GrabMantap 6766,Snacks,Medan
6767,GF-06768,Resto GrabMantap 6767,Snacks,Tangerang
6768,GF-06769,Resto GrabMantap 6768,Ayam Geprek,Bekasi
6769,GF-06770,Resto GrabMantap 6769,Seafood,Bandung
6770,GF-06771,Resto GrabMantap 6770,Martabak,Medan
6771,GF-06772,Resto GrabMantap 6771,Ayam Geprek,Bandung
6772,GF-06773,Resto GrabMantap 6772,Fast Food,Tangerang
6773,GF-06774,Resto GrabMantap 6773,Snacks,Tangerang
6774,GF-06775,Resto GrabMantap 6774,Seafood,Depok
6775,GF-06776,Resto GrabMantap 6775,Martabak,Makassar
6776,GF-06777,Resto GrabMantap 6776,Snacks,Tangerang
6777,GF-06778,Resto GrabMantap 6777,Martabak,Jakarta
6778,GF-06779,Resto GrabMantap 6778,Seafood,Bandung
6779,GF-06780,Resto GrabMantap 6779,Ayam Geprek,Jakarta
6780,GF-06781,Resto GrabMantap 6780,Beverages,Depok
6781,GF-06782,Resto GrabMantap 6781,Seafood,Bandung
6782,GF-06783,Resto GrabMantap 6782,Beverages,Bali
6783,GF-06784,Resto GrabMantap 6783,Seafood,Bekasi
6784,GF-06785,Resto GrabMantap 6784,Seafood,Bogor
6785,GF-06786,Resto GrabMantap 6785,Seafood,Bekasi
6786,GF-06787,Resto GrabMantap 6786,Snacks,Bali
6787,GF-06788,Resto GrabMantap 6787,Martabak,Bandung
6788,GF-06789,Resto GrabMantap 6788,Beverages,Bekasi
6789,GF-06790,Resto GrabMantap 6789,Martabak,Tangerang
6790,GF-06791,Resto GrabMantap 6790,Martabak,Bekasi
6791,GF-06792,Resto GrabMantap 6791,Martabak,Tangerang
6792,GF-06793,Resto GrabMantap 6792,Beverages,Depok
6793,GF-06794,Resto GrabMantap 6793,Seafood,Bali
6794,GF-06795,Resto GrabMantap 6794,Martabak,Makassar
6795,GF-06796,Resto GrabMantap 6795,Beverages,Bogor
6796,GF-06797,Resto GrabMantap 6796,Beverages,Bandung
6797,GF-06798,Resto GrabMantap 6797,Snacks,Depok
6798,GF-06799,Resto GrabMantap 6798,Seafood,Medan
6799,GF-06800,Resto GrabMantap 6799,Beverages,Medan
6800,GF-06801,Resto GrabMantap 6800,Seafood,Tangerang
6801,GF-06802,Resto GrabMantap 6801,Martabak,Surabaya
6802,GF-06803,Resto GrabMantap 6802,Beverages,Bogor
6803,GF-06804,Resto GrabMantap 6803,Martabak,Bekasi
6804,GF-06805,Resto GrabMantap 6804,Fast Food,Bali
6805,GF-06806,Resto GrabMantap 6805,Seafood,Depok
6806,GF-06807,Resto GrabMantap 6806,Martabak,Bali
6807,GF-06808,Resto GrabMantap 6807,Martabak,Bogor
6808,GF-06809,Resto GrabMantap 6808,Beverages,Tangerang
6809,GF-06810,Resto GrabMantap 6809,Ayam Geprek,Medan
6810,GF-06811,Resto GrabMantap 6810,Ayam Geprek,Bekasi
6811,GF-06812,Resto GrabMantap 6811,Seafood,Bogor
6812,GF-06813,Resto GrabMantap 6812,Fast Food,Bekasi
6813,GF-06814,Resto GrabMantap 6813,Martabak,Surabaya
6814,GF-06815,Resto GrabMantap 6814,Martabak,Makassar
6815,GF-06816,Resto GrabMantap 6815,Martabak,Bali
6816,GF-06817,Resto GrabMantap 6816,Martabak,Depok
6817,GF-06818,Resto GrabMantap 6817,Seafood,Surabaya
6818,GF-06819,Resto GrabMantap 6818,Martabak,Jakarta
6819,GF-06820,Resto GrabMantap 6819,Beverages,Tangerang
6820,GF-06821,Resto GrabMantap 6820,Fast Food,Jakarta
6821,GF-06822,Resto GrabMantap 6821,Ayam Geprek,Medan
6822,GF-06823,Resto GrabMantap 6822,Martabak,Medan
6823,GF-06824,Resto GrabMantap 6823,Snacks,Bali
6824,GF-06825,Resto GrabMantap 6824,Ayam Geprek,Depok
6825,GF-06826,Resto GrabMantap 6825,Martabak,Tangerang
6826,GF-06827,Resto GrabMantap 6826,Seafood,Tangerang
6827,GF-06828,Resto GrabMantap 6827,Ayam Geprek,Makassar
6828,GF-06829,Resto GrabMantap 6828,Snacks,Bandung
6829,GF-06830,Resto GrabMantap 6829,Fast Food,Medan
6830,GF-06831,Resto GrabMantap 6830,Fast Food,Makassar
6831,GF-06832,Resto GrabMantap 6831,Ayam Geprek,Surabaya
6832,GF-06833,Resto GrabMantap 6832,Beverages,Surabaya
6833,GF-06834,Resto GrabMantap 6833,Seafood,Bandung
6834,GF-06835,Resto GrabMantap 6834,Seafood,Bekasi
6835,GF-06836,Resto GrabMantap 6835,Ayam Geprek,Bandung
6836,GF-06837,Resto GrabMantap 6836,Fast Food,Bali
6837,GF-06838,Resto GrabMantap 6837,Ayam Geprek,Bandung
6838,GF-06839,Resto GrabMantap 6838,Martabak,Bandung
6839,GF-06840,Resto GrabMantap 6839,Snacks,Makassar
6840,GF-06841,Resto GrabMantap 6840,Ayam Geprek,Surabaya
6841,GF-06842,Resto GrabMantap 6841,Fast Food,Medan
6842,GF-06843,Resto GrabMantap 6842,Ayam Geprek,Jakarta
6843,GF-06844,Resto GrabMantap 6843,Fast Food,Depok
6844,GF-06845,Resto GrabMantap 6844,Fast Food,Jakarta
6845,GF-06846,Resto GrabMantap 6845,Snacks,Bogor
6846,GF-06847,Resto GrabMantap 6846,Snacks,Tangerang
6847,GF-06848,Resto GrabMantap 6847,Fast Food,Jakarta
6848,GF-06849,Resto GrabMantap 6848,Martabak,Medan
6849,GF-06850,Resto GrabMantap 6849,Ayam Geprek,Medan
6850,GF-06851,Resto GrabMantap 6850,Martabak,Surabaya
6851,GF-06852,Resto GrabMantap 6851,Seafood,Surabaya
6852,GF-06853,Resto GrabMantap 6852,Ayam Geprek,Bandung
6853,GF-06854,Resto GrabMantap 6853,Ayam Geprek,Bogor
6854,GF-06855,Resto GrabMantap 6854,Seafood,Jakarta
6855,GF-06856,Resto GrabMantap 6855,Fast Food,Jakarta
6856,GF-06857,Resto GrabMantap 6856,Ayam Geprek,Surabaya
6857,GF-06858,Resto GrabMantap 6857,Fast Food,Bandung
6858,GF-06859,Resto GrabMantap 6858,Ayam Geprek,Tangerang
6859,GF-06860,Resto GrabMantap 6859,Martabak,Jakarta
6860,GF-06861,Resto GrabMantap 6860,Martabak,Bali
6861,GF-06862,Resto GrabMantap 6861,Snacks,Makassar
6862,GF-06863,Resto GrabMantap 6862,Fast Food,Medan
6863,GF-06864,Resto GrabMantap 6863,Beverages,Surabaya
6864,GF-06865,Resto GrabMantap 6864,Fast Food,Tangerang
6865,GF-06866,Resto GrabMantap 6865,Ayam Geprek,Bekasi
6866,GF-06867,Resto GrabMantap 6866,Fast Food,Bekasi
6867,GF-06868,Resto GrabMantap 6867,Beverages,Bogor
6868,GF-06869,Resto GrabMantap 6868,Seafood,Bekasi
6869,GF-06870,Resto GrabMantap 6869,Seafood,Depok
6870,GF-06871,Resto GrabMantap 6870,Ayam Geprek,Makassar
6871,GF-06872,Resto GrabMantap 6871,Snacks,Jakarta
6872,GF-06873,Resto GrabMantap 6872,Snacks,Tangerang
6873,GF-06874,Resto GrabMantap 6873,Seafood,Bekasi
6874,GF-06875,Resto GrabMantap 6874,Beverages,Bekasi
6875,GF-06876,Resto GrabMantap 6875,Martabak,Bogor
6876,GF-06877,Resto GrabMantap 6876,Ayam Geprek,Tangerang
6877,GF-06878,Resto GrabMantap 6877,Martabak,Bogor
6878,GF-06879,Resto GrabMantap 6878,Martabak,Bogor
6879,GF-06880,Resto GrabMantap 6879,Fast Food,Bogor
6880,GF-06881,Resto GrabMantap 6880,Seafood,Bogor
6881,GF-06882,Resto GrabMantap 6881,Martabak,Medan
6882,GF-06883,Resto GrabMantap 6882,Snacks,Medan
6883,GF-06884,Resto GrabMantap 6883,Seafood,Surabaya
6884,GF-06885,Resto GrabMantap 6884,Fast Food,Bandung
6885,GF-06886,Resto GrabMantap 6885,Seafood,Bali
6886,GF-06887,Resto GrabMantap 6886,Snacks,Bandung
6887,GF-06888,Resto GrabMantap 6887,Martabak,Surabaya
6888,GF-06889,Resto GrabMantap 6888,Fast Food,Bandung
6889,GF-06890,Resto GrabMantap 6889,Beverages,Medan
6890,GF-06891,Resto GrabMantap 6890,Snacks,Bali
6891,GF-06892,Resto GrabMantap 6891,Snacks,Bali
6892,GF-06893,Resto GrabMantap 6892,Snacks,Bogor
6893,GF-06894,Resto GrabMantap 6893,Ayam Geprek,Bandung
6894,GF-06895,Resto GrabMantap 6894,Martabak,Jakarta
6895,GF-06896,Resto GrabMantap 6895,Martabak,Surabaya
6896,GF-06897,Resto GrabMantap 6896,Fast Food,Surabaya
6897,GF-06898,Resto GrabMantap 6897,Beverages,Bandung
6898,GF-06899,Resto GrabMantap 6898,Seafood,Surabaya
6899,GF-06900,Resto GrabMantap 6899,Snacks,Tangerang
6900,GF-06901,Resto GrabMantap 6900,Seafood,Bandung
6901,GF-06902,Resto GrabMantap 6901,Martabak,Bogor
6902,GF-06903,Resto GrabMantap 6902,Beverages,Surabaya
6903,GF-06904,Resto GrabMantap 6903,Snacks,Bekasi
6904,GF-06905,Resto GrabMantap 6904,Ayam Geprek,Bogor
6905,GF-06906,Resto GrabMantap 6905,Fast Food,Bogor
6906,GF-06907,Resto GrabMantap 6906,Beverages,Tangerang
6907,GF-06908,Resto GrabMantap 6907,Ayam Geprek,Jakarta
6908,GF-06909,Resto GrabMantap 6908,Beverages,Bali
6909,GF-06910,Resto GrabMantap 6909,Seafood,Medan
6910,GF-06911,Resto GrabMantap 6910,Ayam Geprek,Bogor
6911,GF-06912,Resto GrabMantap 6911,Ayam Geprek,Medan
6912,GF-06913,Resto GrabMantap 6912,Ayam Geprek,Bandung
6913,GF-06914,Resto GrabMantap 6913,Snacks,Depok
6914,GF-06915,Resto GrabMantap 6914,Fast Food,Medan
6915,GF-06916,Resto GrabMantap 6915,Beverages,Tangerang
6916,GF-06917,Resto GrabMantap 6916,Snacks,Jakarta
6917,GF-06918,Resto GrabMantap 6917,Snacks,Jakarta
6918,GF-06919,Resto GrabMantap 6918,Snacks,Makassar
6919,GF-06920,Resto GrabMantap 6919,Ayam Geprek,Depok
6920,GF-06921,Resto GrabMantap 6920,Fast Food,Surabaya
6921,GF-06922,Resto GrabMantap 6921,Beverages,Makassar
6922,GF-06923,Resto GrabMantap 6922,Beverages,Jakarta
6923,GF-06924,Resto GrabMantap 6923,Snacks,Bekasi
6924,GF-06925,Resto GrabMantap 6924,Martabak,Medan
6925,GF-06926,Resto GrabMantap 6925,Seafood,Surabaya
6926,GF-06927,Resto GrabMantap 6926,Snacks,Depok
6927,GF-06928,Resto GrabMantap 6927,Fast Food,Bekasi
6928,GF-06929,Resto GrabMantap 6928,Ayam Geprek,Surabaya
6929,GF-06930,Resto GrabMantap 6929,Ayam Geprek,Bogor
6930,GF-06931,Resto GrabMantap 6930,Snacks,Bali
6931,GF-06932,Resto GrabMantap 6931,Beverages,Makassar
6932,GF-06933,Resto GrabMantap 6932,Fast Food,Surabaya
6933,GF-06934,Resto GrabMantap 6933,Snacks,Surabaya
6934,GF-06935,Resto GrabMantap 6934,Fast Food,Depok
6935,GF-06936,Resto GrabMantap 6935,Fast Food,Makassar
6936,GF-06937,Resto GrabMantap 6936,Fast Food,Medan
6937,GF-06938,Resto GrabMantap 6937,Fast Food,Depok
6938,GF-06939,Resto GrabMantap 6938,Martabak,Bogor
6939,GF-06940,Resto GrabMantap 6939,Martabak,Bali
6940,GF-06941,Resto GrabMantap 6940,Fast Food,Surabaya
6941,GF-06942,Resto GrabMantap 6941,Seafood,Surabaya
6942,GF-06943,Resto GrabMantap 6942,Beverages,Jakarta
6943,GF-06944,Resto GrabMantap 6943,Snacks,Medan
6944,GF-06945,Resto GrabMantap 6944,Martabak,Surabaya
6945,GF-06946,Resto GrabMantap 6945,Seafood,Bekasi
6946,GF-06947,Resto GrabMantap 6946,Snacks,Bali
6947,GF-06948,Resto GrabMantap 6947,Snacks,Bandung
6948,GF-06949,Resto GrabMantap 6948,Beverages,Bandung
6949,GF-06950,Resto GrabMantap 6949,Ayam Geprek,Tangerang
6950,GF-06951,Resto GrabMantap 6950,Fast Food,Depok
6951,GF-06952,Resto GrabMantap 6951,Seafood,Bali
6952,GF-06953,Resto GrabMantap 6952,Ayam Geprek,Tangerang
6953,GF-06954,Resto GrabMantap 6953,Beverages,Makassar
6954,GF-06955,Resto GrabMantap 6954,Ayam Geprek,Surabaya
6955,GF-06956,Resto GrabMantap 6955,Ayam Geprek,Surabaya
6956,GF-06957,Resto GrabMantap 6956,Seafood,Bogor
6957,GF-06958,Resto GrabMantap 6957,Snacks,Bogor
6958,GF-06959,Resto GrabMantap 6958,Fast Food,Surabaya
6959,GF-06960,Resto GrabMantap 6959,Beverages,Bali
6960,GF-06961,Resto GrabMantap 6960,Snacks,Bekasi
6961,GF-06962,Resto GrabMantap 6961,Fast Food,Jakarta
6962,GF-06963,Resto GrabMantap 6962,Fast Food,Bogor
6963,GF-06964,Resto GrabMantap 6963,Snacks,Surabaya
6964,GF-06965,Resto GrabMantap 6964,Snacks,Jakarta
6965,GF-06966,Resto GrabMantap 6965,Snacks,Jakarta
6966,GF-06967,Resto GrabMantap 6966,Martabak,Surabaya
6967,GF-06968,Resto GrabMantap 6967,Fast Food,Medan
6968,GF-06969,Resto GrabMantap 6968,Ayam Geprek,Bali
6969,GF-06970,Resto GrabMantap 6969,Snacks,Medan
6970,GF-06971,Resto GrabMantap 6970,Beverages,Tangerang
6971,GF-06972,Resto GrabMantap 6971,Seafood,Bandung
6972,GF-06973,Resto GrabMantap 6972,Seafood,Depok
6973,GF-06974,Resto GrabMantap 6973,Snacks,Tangerang
6974,GF-06975,Resto GrabMantap 6974,Seafood,Depok
6975,GF-06976,Resto GrabMantap 6975,Beverages,Surabaya
6976,GF-06977,Resto GrabMantap 6976,Beverages,Bogor
6977,GF-06978,Resto GrabMantap 6977,Ayam Geprek,Bekasi
6978,GF-06979,Resto GrabMantap 6978,Ayam Geprek,Bogor
6979,GF-06980,Resto GrabMantap 6979,Fast Food,Jakarta
6980,GF-06981,Resto GrabMantap 6980,Beverages,Tangerang
6981,GF-06982,Resto GrabMantap 6981,Martabak,Depok
6982,GF-06983,Resto GrabMantap 6982,Fast Food,Depok
6983,GF-06984,Resto GrabMantap 6983,Snacks,Bekasi
6984,GF-06985,Resto GrabMantap 6984,Ayam Geprek,Makassar
6985,GF-06986,Resto GrabMantap 6985,Ayam Geprek,Jakarta
6986,GF-06987,Resto GrabMantap 6986,Martabak,Bekasi
6987,GF-06988,Resto GrabMantap 6987,Martabak,Tangerang
6988,GF-06989,Resto GrabMantap 6988,Snacks,Bali
6989,GF-06990,Resto GrabMantap 6989,Beverages,Medan
6990,GF-06991,Resto GrabMantap 6990,Beverages,Surabaya
6991,GF-06992,Resto GrabMantap 6991,Ayam Geprek,Bogor
6992,GF-06993,Resto GrabMantap 6992,Ayam Geprek,Jakarta
6993,GF-06994,Resto GrabMantap 6993,Ayam Geprek,Bali
6994,GF-06995,Resto GrabMantap 6994,Fast Food,Makassar
6995,GF-06996,Resto GrabMantap 6995,Martabak,Surabaya
6996,GF-06997,Resto GrabMantap 6996,Snacks,Bekasi
6997,GF-06998,Resto GrabMantap 6997,Snacks,Bekasi
6998,GF-06999,Resto GrabMantap 6998,Beverages,Makassar
6999,GF-07000,Resto GrabMantap 6999,Fast Food,Depok
7000,GF-07001,Resto GrabMantap 7000,Martabak,Surabaya
7001,GF-07002,Resto GrabMantap 7001,Snacks,Surabaya
7002,GF-07003,Resto GrabMantap 7002,Fast Food,Bekasi
7003,GF-07004,Resto GrabMantap 7003,Ayam Geprek,Jakarta
7004,GF-07005,Resto GrabMantap 7004,Martabak,Medan
7005,GF-07006,Resto GrabMantap 7005,Snacks,Bekasi
7006,GF-07007,Resto GrabMantap 7006,Seafood,Bekasi
7007,GF-07008,Resto GrabMantap 7007,Seafood,Surabaya
7008,GF-07009,Resto GrabMantap 7008,Martabak,Makassar
7009,GF-07010,Resto GrabMantap 7009,Beverages,Medan
7010,GF-07011,Resto GrabMantap 7010,Martabak,Surabaya
7011,GF-07012,Resto GrabMantap 7011,Beverages,Bekasi
7012,GF-07013,Resto GrabMantap 7012,Martabak,Medan
7013,GF-07014,Resto GrabMantap 7013,Beverages,Jakarta
7014,GF-07015,Resto GrabMantap 7014,Snacks,Tangerang
7015,GF-07016,Resto GrabMantap 7015,Snacks,Depok
7016,GF-07017,Resto GrabMantap 7016,Ayam Geprek,Bogor
7017,GF-07018,Resto GrabMantap 7017,Seafood,Depok
7018,GF-07019,Resto GrabMantap 7018,Ayam Geprek,Bali
7019,GF-07020,Resto GrabMantap 7019,Fast Food,Bandung
7020,GF-07021,Resto GrabMantap 7020,Seafood,Makassar
7021,GF-07022,Resto GrabMantap 7021,Snacks,Bekasi
7022,GF-07023,Resto GrabMantap 7022,Beverages,Bekasi
7023,GF-07024,Resto GrabMantap 7023,Beverages,Medan
7024,GF-07025,Resto GrabMantap 7024,Beverages,Bogor
7025,GF-07026,Resto GrabMantap 7025,Ayam Geprek,Depok
7026,GF-07027,Resto GrabMantap 7026,Snacks,Bandung
7027,GF-07028,Resto GrabMantap 7027,Beverages,Jakarta
7028,GF-07029,Resto GrabMantap 7028,Seafood,Depok
7029,GF-07030,Resto GrabMantap 7029,Seafood,Jakarta
7030,GF-07031,Resto GrabMantap 7030,Martabak,Bogor
7031,GF-07032,Resto GrabMantap 7031,Beverages,Bandung
7032,GF-07033,Resto GrabMantap 7032,Seafood,Tangerang
7033,GF-07034,Resto GrabMantap 7033,Martabak,Bali
7034,GF-07035,Resto GrabMantap 7034,Beverages,Depok
7035,GF-07036,Resto GrabMantap 7035,Fast Food,Depok
7036,GF-07037,Resto GrabMantap 7036,Seafood,Jakarta
7037,GF-07038,Resto GrabMantap 7037,Fast Food,Tangerang
7038,GF-07039,Resto GrabMantap 7038,Beverages,Depok
7039,GF-07040,Resto GrabMantap 7039,Beverages,Jakarta
7040,GF-07041,Resto GrabMantap 7040,Snacks,Bandung
7041,GF-07042,Resto GrabMantap 7041,Seafood,Bandung
7042,GF-07043,Resto GrabMantap 7042,Beverages,Medan
7043,GF-07044,Resto GrabMantap 7043,Fast Food,Tangerang
7044,GF-07045,Resto GrabMantap 7044,Ayam Geprek,Bekasi
7045,GF-07046,Resto GrabMantap 7045,Ayam Geprek,Bogor
7046,GF-07047,Resto GrabMantap 7046,Beverages,Bogor
7047,GF-07048,Resto GrabMantap 7047,Ayam Geprek,Jakarta
7048,GF-07049,Resto GrabMantap 7048,Seafood,Bandung
7049,GF-07050,Resto GrabMantap 7049,Fast Food,Bali
7050,GF-07051,Resto GrabMantap 7050,Ayam Geprek,Surabaya
7051,GF-07052,Resto GrabMantap 7051,Ayam Geprek,Tangerang
7052,GF-07053,Resto GrabMantap 7052,Beverages,Depok
7053,GF-07054,Resto GrabMantap 7053,Beverages,Bandung
7054,GF-07055,Resto GrabMantap 7054,Martabak,Medan
7055,GF-07056,Resto GrabMantap 7055,Beverages,Medan
7056,GF-07057,Resto GrabMantap 7056,Snacks,Makassar
7057,GF-07058,Resto GrabMantap 7057,Fast Food,Medan
7058,GF-07059,Resto GrabMantap 7058,Beverages,Jakarta
7059,GF-07060,Resto GrabMantap 7059,Martabak,Makassar
7060,GF-07061,Resto GrabMantap 7060,Martabak,Makassar
7061,GF-07062,Resto GrabMantap 7061,Martabak,Makassar
7062,GF-07063,Resto GrabMantap 7062,Ayam Geprek,Bekasi
7063,GF-07064,Resto GrabMantap 7063,Seafood,Bali
7064,GF-07065,Resto GrabMantap 7064,Beverages,Jakarta
7065,GF-07066,Resto GrabMantap 7065,Martabak,Bekasi
7066,GF-07067,Resto GrabMantap 7066,Martabak,Jakarta
7067,GF-07068,Resto GrabMantap 7067,Martabak,Bali
7068,GF-07069,Resto GrabMantap 7068,Fast Food,Tangerang
7069,GF-07070,Resto GrabMantap 7069,Snacks,Bekasi
7070,GF-07071,Resto GrabMantap 7070,Martabak,Depok
7071,GF-07072,Resto GrabMantap 7071,Fast Food,Bekasi
7072,GF-07073,Resto GrabMantap 7072,Seafood,Medan
7073,GF-07074,Resto GrabMantap 7073,Snacks,Surabaya
7074,GF-07075,Resto GrabMantap 7074,Seafood,Makassar
7075,GF-07076,Resto GrabMantap 7075,Fast Food,Bogor
7076,GF-07077,Resto GrabMantap 7076,Martabak,Jakarta
7077,GF-07078,Resto GrabMantap 7077,Seafood,Medan
7078,GF-07079,Resto GrabMantap 7078,Beverages,Bandung
7079,GF-07080,Resto GrabMantap 7079,Ayam Geprek,Makassar
7080,GF-07081,Resto GrabMantap 7080,Beverages,Surabaya
7081,GF-07082,Resto GrabMantap 7081,Martabak,Bali
7082,GF-07083,Resto GrabMantap 7082,Seafood,Bandung
7083,GF-07084,Resto GrabMantap 7083,Ayam Geprek,Makassar
7084,GF-07085,Resto GrabMantap 7084,Snacks,Jakarta
7085,GF-07086,Resto GrabMantap 7085,Seafood,Bogor
7086,GF-07087,Resto GrabMantap 7086,Martabak,Surabaya
7087,GF-07088,Resto GrabMantap 7087,Snacks,Bogor
7088,GF-07089,Resto GrabMantap 7088,Seafood,Bali
7089,GF-07090,Resto GrabMantap 7089,Seafood,Jakarta
7090,GF-07091,Resto GrabMantap 7090,Seafood,Depok
7091,GF-07092,Resto GrabMantap 7091,Seafood,Bekasi
7092,GF-07093,Resto GrabMantap 7092,Martabak,Bogor
7093,GF-07094,Resto GrabMantap 7093,Martabak,Bogor
7094,GF-07095,Resto GrabMantap 7094,Snacks,Bogor
7095,GF-07096,Resto GrabMantap 7095,Fast Food,Jakarta
7096,GF-07097,Resto GrabMantap 7096,Ayam Geprek,Depok
7097,GF-07098,Resto GrabMantap 7097,Seafood,Bogor
7098,GF-07099,Resto GrabMantap 7098,Fast Food,Bali
7099,GF-07100,Resto GrabMantap 7099,Fast Food,Bali
7100,GF-07101,Resto GrabMantap 7100,Ayam Geprek,Jakarta
7101,GF-07102,Resto GrabMantap 7101,Snacks,Bogor
7102,GF-07103,Resto GrabMantap 7102,Fast Food,Bandung
7103,GF-07104,Resto GrabMantap 7103,Martabak,Bekasi
7104,GF-07105,Resto GrabMantap 7104,Beverages,Surabaya
7105,GF-07106,Resto GrabMantap 7105,Martabak,Tangerang
7106,GF-07107,Resto GrabMantap 7106,Snacks,Makassar
7107,GF-07108,Resto GrabMantap 7107,Seafood,Jakarta
7108,GF-07109,Resto GrabMantap 7108,Fast Food,Tangerang
7109,GF-07110,Resto GrabMantap 7109,Beverages,Makassar
7110,GF-07111,Resto GrabMantap 7110,Seafood,Medan
7111,GF-07112,Resto GrabMantap 7111,Martabak,Bali
7112,GF-07113,Resto GrabMantap 7112,Ayam Geprek,Jakarta
7113,GF-07114,Resto GrabMantap 7113,Ayam Geprek,Jakarta
7114,GF-07115,Resto GrabMantap 7114,Beverages,Bandung
7115,GF-07116,Resto GrabMantap 7115,Ayam Geprek,Bekasi
7116,GF-07117,Resto GrabMantap 7116,Seafood,Bali
7117,GF-07118,Resto GrabMantap 7117,Fast Food,Bali
7118,GF-07119,Resto GrabMantap 7118,Ayam Geprek,Medan
7119,GF-07120,Resto GrabMantap 7119,Snacks,Makassar
7120,GF-07121,Resto GrabMantap 7120,Martabak,Bandung
7121,GF-07122,Resto GrabMantap 7121,Beverages,Bali
7122,GF-07123,Resto GrabMantap 7122,Ayam Geprek,Medan
7123,GF-07124,Resto GrabMantap 7123,Fast Food,Medan
7124,GF-07125,Resto GrabMantap 7124,Martabak,Depok
7125,GF-07126,Resto GrabMantap 7125,Beverages,Surabaya
7126,GF-07127,Resto GrabMantap 7126,Seafood,Medan
7127,GF-07128,Resto GrabMantap 7127,Martabak,Tangerang
7128,GF-07129,Resto GrabMantap 7128,Ayam Geprek,Bali
7129,GF-07130,Resto GrabMantap 7129,Seafood,Medan
7130,GF-07131,Resto GrabMantap 7130,Snacks,Jakarta
7131,GF-07132,Resto GrabMantap 7131,Seafood,Bogor
7132,GF-07133,Resto GrabMantap 7132,Fast Food,Bogor
7133,GF-07134,Resto GrabMantap 7133,Ayam Geprek,Medan
7134,GF-07135,Resto GrabMantap 7134,Martabak,Medan
7135,GF-07136,Resto GrabMantap 7135,Fast Food,Medan
7136,GF-07137,Resto GrabMantap 7136,Martabak,Depok
7137,GF-07138,Resto GrabMantap 7137,Ayam Geprek,Surabaya
7138,GF-07139,Resto GrabMantap 7138,Seafood,Bekasi
7139,GF-07140,Resto GrabMantap 7139,Ayam Geprek,Medan
7140,GF-07141,Resto GrabMantap 7140,Ayam Geprek,Makassar
7141,GF-07142,Resto GrabMantap 7141,Beverages,Bekasi
7142,GF-07143,Resto GrabMantap 7142,Martabak,Depok
7143,GF-07144,Resto GrabMantap 7143,Snacks,Depok
7144,GF-07145,Resto GrabMantap 7144,Beverages,Medan
7145,GF-07146,Resto GrabMantap 7145,Beverages,Tangerang
7146,GF-07147,Resto GrabMantap 7146,Snacks,Bekasi
7147,GF-07148,Resto GrabMantap 7147,Beverages,Surabaya
7148,GF-07149,Resto GrabMantap 7148,Martabak,Bandung
7149,GF-07150,Resto GrabMantap 7149,Seafood,Bandung
7150,GF-07151,Resto GrabMantap 7150,Beverages,Jakarta
7151,GF-07152,Resto GrabMantap 7151,Martabak,Bogor
7152,GF-07153,Resto GrabMantap 7152,Beverages,Depok
7153,GF-07154,Resto GrabMantap 7153,Seafood,Medan
7154,GF-07155,Resto GrabMantap 7154,Ayam Geprek,Medan
7155,GF-07156,Resto GrabMantap 7155,Snacks,Depok
7156,GF-07157,Resto GrabMantap 7156,Fast Food,Bogor
7157,GF-07158,Resto GrabMantap 7157,Beverages,Bogor
7158,GF-07159,Resto GrabMantap 7158,Beverages,Jakarta
7159,GF-07160,Resto GrabMantap 7159,Beverages,Tangerang
7160,GF-07161,Resto GrabMantap 7160,Seafood,Jakarta
7161,GF-07162,Resto GrabMantap 7161,Martabak,Depok
7162,GF-07163,Resto GrabMantap 7162,Fast Food,Tangerang
7163,GF-07164,Resto GrabMantap 7163,Martabak,Bali
7164,GF-07165,Resto GrabMantap 7164,Fast Food,Bali
7165,GF-07166,Resto GrabMantap 7165,Seafood,Tangerang
7166,GF-07167,Resto GrabMantap 7166,Beverages,Tangerang
7167,GF-07168,Resto GrabMantap 7167,Ayam Geprek,Makassar
7168,GF-07169,Resto GrabMantap 7168,Martabak,Tangerang
7169,GF-07170,Resto GrabMantap 7169,Ayam Geprek,Bekasi
7170,GF-07171,Resto GrabMantap 7170,Snacks,Tangerang
7171,GF-07172,Resto GrabMantap 7171,Fast Food,Bogor
7172,GF-07173,Resto GrabMantap 7172,Martabak,Tangerang
7173,GF-07174,Resto GrabMantap 7173,Snacks,Medan
7174,GF-07175,Resto GrabMantap 7174,Fast Food,Bekasi
7175,GF-07176,Resto GrabMantap 7175,Snacks,Jakarta
7176,GF-07177,Resto GrabMantap 7176,Seafood,Tangerang
7177,GF-07178,Resto GrabMantap 7177,Seafood,Surabaya
7178,GF-07179,Resto GrabMantap 7178,Snacks,Medan
7179,GF-07180,Resto GrabMantap 7179,Martabak,Medan
7180,GF-07181,Resto GrabMantap 7180,Ayam Geprek,Depok
7181,GF-07182,Resto GrabMantap 7181,Martabak,Jakarta
7182,GF-07183,Resto GrabMantap 7182,Snacks,Depok
7183,GF-07184,Resto GrabMantap 7183,Fast Food,Bandung
7184,GF-07185,Resto GrabMantap 7184,Martabak,Bekasi
7185,GF-07186,Resto GrabMantap 7185,Beverages,Bandung
7186,GF-07187,Resto GrabMantap 7186,Seafood,Bali
7187,GF-07188,Resto GrabMantap 7187,Fast Food,Surabaya
7188,GF-07189,Resto GrabMantap 7188,Fast Food,Surabaya
7189,GF-07190,Resto GrabMantap 7189,Seafood,Bogor
7190,GF-07191,Resto GrabMantap 7190,Ayam Geprek,Makassar
7191,GF-07192,Resto GrabMantap 7191,Ayam Geprek,Bogor
7192,GF-07193,Resto GrabMantap 7192,Seafood,Bandung
7193,GF-07194,Resto GrabMantap 7193,Beverages,Jakarta
7194,GF-07195,Resto GrabMantap 7194,Seafood,Jakarta
7195,GF-07196,Resto GrabMantap 7195,Seafood,Bekasi
7196,GF-07197,Resto GrabMantap 7196,Martabak,Medan
7197,GF-07198,Resto GrabMantap 7197,Snacks,Makassar
7198,GF-07199,Resto GrabMantap 7198,Snacks,Bali
7199,GF-07200,Resto GrabMantap 7199,Snacks,Bogor
7200,GF-07201,Resto GrabMantap 7200,Fast Food,Bekasi
7201,GF-07202,Resto GrabMantap 7201,Fast Food,Medan
7202,GF-07203,Resto GrabMantap 7202,Martabak,Bali
7203,GF-07204,Resto GrabMantap 7203,Fast Food,Surabaya
7204,GF-07205,Resto GrabMantap 7204,Beverages,Bogor
7205,GF-07206,Resto GrabMantap 7205,Fast Food,Bekasi
7206,GF-07207,Resto GrabMantap 7206,Snacks,Jakarta
7207,GF-07208,Resto GrabMantap 7207,Martabak,Depok
7208,GF-07209,Resto GrabMantap 7208,Snacks,Medan
7209,GF-07210,Resto GrabMantap 7209,Seafood,Bandung
7210,GF-07211,Resto GrabMantap 7210,Martabak,Medan
7211,GF-07212,Resto GrabMantap 7211,Ayam Geprek,Surabaya
7212,GF-07213,Resto GrabMantap 7212,Beverages,Tangerang
7213,GF-07214,Resto GrabMantap 7213,Snacks,Bandung
7214,GF-07215,Resto GrabMantap 7214,Snacks,Jakarta
7215,GF-07216,Resto GrabMantap 7215,Snacks,Jakarta
7216,GF-07217,Resto GrabMantap 7216,Fast Food,Bali
7217,GF-07218,Resto GrabMantap 7217,Ayam Geprek,Tangerang
7218,GF-07219,Resto GrabMantap 7218,Snacks,Tangerang
7219,GF-07220,Resto GrabMantap 7219,Ayam Geprek,Makassar
7220,GF-07221,Resto GrabMantap 7220,Seafood,Depok
7221,GF-07222,Resto GrabMantap 7221,Ayam Geprek,Jakarta
7222,GF-07223,Resto GrabMantap 7222,Fast Food,Makassar
7223,GF-07224,Resto GrabMantap 7223,Fast Food,Surabaya
7224,GF-07225,Resto GrabMantap 7224,Seafood,Jakarta
7225,GF-07226,Resto GrabMantap 7225,Ayam Geprek,Depok
7226,GF-07227,Resto GrabMantap 7226,Beverages,Jakarta
7227,GF-07228,Resto GrabMantap 7227,Martabak,Depok
7228,GF-07229,Resto GrabMantap 7228,Martabak,Bali
7229,GF-07230,Resto GrabMantap 7229,Martabak,Surabaya
7230,GF-07231,Resto GrabMantap 7230,Snacks,Depok
7231,GF-07232,Resto GrabMantap 7231,Snacks,Bandung
7232,GF-07233,Resto GrabMantap 7232,Ayam Geprek,Bekasi
7233,GF-07234,Resto GrabMantap 7233,Ayam Geprek,Bogor
7234,GF-07235,Resto GrabMantap 7234,Seafood,Surabaya
7235,GF-07236,Resto GrabMantap 7235,Fast Food,Jakarta
7236,GF-07237,Resto GrabMantap 7236,Seafood,Medan
7237,GF-07238,Resto GrabMantap 7237,Fast Food,Depok
7238,GF-07239,Resto GrabMantap 7238,Seafood,Jakarta
7239,GF-07240,Resto GrabMantap 7239,Beverages,Bogor
7240,GF-07241,Resto GrabMantap 7240,Snacks,Tangerang
7241,GF-07242,Resto GrabMantap 7241,Snacks,Makassar
7242,GF-07243,Resto GrabMantap 7242,Seafood,Jakarta
7243,GF-07244,Resto GrabMantap 7243,Snacks,Surabaya
7244,GF-07245,Resto GrabMantap 7244,Seafood,Bali
7245,GF-07246,Resto GrabMantap 7245,Beverages,Medan
7246,GF-07247,Resto GrabMantap 7246,Ayam Geprek,Tangerang
7247,GF-07248,Resto GrabMantap 7247,Martabak,Medan
7248,GF-07249,Resto GrabMantap 7248,Martabak,Tangerang
7249,GF-07250,Resto GrabMantap 7249,Seafood,Tangerang
7250,GF-07251,Resto GrabMantap 7250,Seafood,Bandung
7251,GF-07252,Resto GrabMantap 7251,Ayam Geprek,Tangerang
7252,GF-07253,Resto GrabMantap 7252,Ayam Geprek,Makassar
7253,GF-07254,Resto GrabMantap 7253,Snacks,Jakarta
7254,GF-07255,Resto GrabMantap 7254,Seafood,Bali
7255,GF-07256,Resto GrabMantap 7255,Fast Food,Jakarta
7256,GF-07257,Resto GrabMantap 7256,Seafood,Bogor
7257,GF-07258,Resto GrabMantap 7257,Snacks,Bali
7258,GF-07259,Resto GrabMantap 7258,Martabak,Medan
7259,GF-07260,Resto GrabMantap 7259,Ayam Geprek,Bandung
7260,GF-07261,Resto GrabMantap 7260,Seafood,Bogor
7261,GF-07262,Resto GrabMantap 7261,Beverages,Tangerang
7262,GF-07263,Resto GrabMantap 7262,Martabak,Makassar
7263,GF-07264,Resto GrabMantap 7263,Martabak,Bekasi
7264,GF-07265,Resto GrabMantap 7264,Ayam Geprek,Makassar
7265,GF-07266,Resto GrabMantap 7265,Beverages,Bekasi
7266,GF-07267,Resto GrabMantap 7266,Seafood,Medan
7267,GF-07268,Resto GrabMantap 7267,Beverages,Bogor
7268,GF-07269,Resto GrabMantap 7268,Seafood,Bogor
7269,GF-07270,Resto GrabMantap 7269,Fast Food,Bali
7270,GF-07271,Resto GrabMantap 7270,Ayam Geprek,Bogor
7271,GF-07272,Resto GrabMantap 7271,Martabak,Bogor
7272,GF-07273,Resto GrabMantap 7272,Beverages,Depok
7273,GF-07274,Resto GrabMantap 7273,Ayam Geprek,Surabaya
7274,GF-07275,Resto GrabMantap 7274,Ayam Geprek,Surabaya
7275,GF-07276,Resto GrabMantap 7275,Fast Food,Bekasi
7276,GF-07277,Resto GrabMantap 7276,Snacks,Medan
7277,GF-07278,Resto GrabMantap 7277,Seafood,Bogor
7278,GF-07279,Resto GrabMantap 7278,Ayam Geprek,Surabaya
7279,GF-07280,Resto GrabMantap 7279,Seafood,Makassar
7280,GF-07281,Resto GrabMantap 7280,Fast Food,Bandung
7281,GF-07282,Resto GrabMantap 7281,Ayam Geprek,Bogor
7282,GF-07283,Resto GrabMantap 7282,Snacks,Jakarta
7283,GF-07284,Resto GrabMantap 7283,Seafood,Makassar
7284,GF-07285,Resto GrabMantap 7284,Ayam Geprek,Surabaya
7285,GF-07286,Resto GrabMantap 7285,Fast Food,Jakarta
7286,GF-07287,Resto GrabMantap 7286,Fast Food,Surabaya
7287,GF-07288,Resto GrabMantap 7287,Seafood,Bekasi
7288,GF-07289,Resto GrabMantap 7288,Seafood,Surabaya
7289,GF-07290,Resto GrabMantap 7289,Seafood,Tangerang
7290,GF-07291,Resto GrabMantap 7290,Seafood,Depok
7291,GF-07292,Resto GrabMantap 7291,Seafood,Depok
7292,GF-07293,Resto GrabMantap 7292,Martabak,Bekasi
7293,GF-07294,Resto GrabMantap 7293,Fast Food,Makassar
7294,GF-07295,Resto GrabMantap 7294,Martabak,Bogor
7295,GF-07296,Resto GrabMantap 7295,Snacks,Bogor
7296,GF-07297,Resto GrabMantap 7296,Snacks,Bekasi
7297,GF-07298,Resto GrabMantap 7297,Snacks,Bali
7298,GF-07299,Resto GrabMantap 7298,Martabak,Surabaya
7299,GF-07300,Resto GrabMantap 7299,Seafood,Makassar
7300,GF-07301,Resto GrabMantap 7300,Seafood,Surabaya
7301,GF-07302,Resto GrabMantap 7301,Martabak,Bekasi
7302,GF-07303,Resto GrabMantap 7302,Fast Food,Bekasi
7303,GF-07304,Resto GrabMantap 7303,Snacks,Makassar
7304,GF-07305,Resto GrabMantap 7304,Beverages,Bandung
7305,GF-07306,Resto GrabMantap 7305,Ayam Geprek,Bali
7306,GF-07307,Resto GrabMantap 7306,Fast Food,Medan
7307,GF-07308,Resto GrabMantap 7307,Beverages,Bekasi
7308,GF-07309,Resto GrabMantap 7308,Seafood,Makassar
7309,GF-07310,Resto GrabMantap 7309,Beverages,Makassar
7310,GF-07311,Resto GrabMantap 7310,Snacks,Bali
7311,GF-07312,Resto GrabMantap 7311,Snacks,Bali
7312,GF-07313,Resto GrabMantap 7312,Martabak,Bali
7313,GF-07314,Resto GrabMantap 7313,Fast Food,Jakarta
7314,GF-07315,Resto GrabMantap 7314,Ayam Geprek,Bali
7315,GF-07316,Resto GrabMantap 7315,Fast Food,Tangerang
7316,GF-07317,Resto GrabMantap 7316,Martabak,Bekasi
7317,GF-07318,Resto GrabMantap 7317,Snacks,Depok
7318,GF-07319,Resto GrabMantap 7318,Beverages,Bali
7319,GF-07320,Resto GrabMantap 7319,Martabak,Medan
7320,GF-07321,Resto GrabMantap 7320,Beverages,Bandung
7321,GF-07322,Resto GrabMantap 7321,Snacks,Bogor
7322,GF-07323,Resto GrabMantap 7322,Fast Food,Surabaya
7323,GF-07324,Resto GrabMantap 7323,Snacks,Bogor
7324,GF-07325,Resto GrabMantap 7324,Snacks,Surabaya
7325,GF-07326,Resto GrabMantap 7325,Fast Food,Medan
7326,GF-07327,Resto GrabMantap 7326,Snacks,Depok
7327,GF-07328,Resto GrabMantap 7327,Snacks,Bali
7328,GF-07329,Resto GrabMantap 7328,Ayam Geprek,Bekasi
7329,GF-07330,Resto GrabMantap 7329,Ayam Geprek,Bandung
7330,GF-07331,Resto GrabMantap 7330,Martabak,Makassar
7331,GF-07332,Resto GrabMantap 7331,Ayam Geprek,Depok
7332,GF-07333,Resto GrabMantap 7332,Beverages,Medan
7333,GF-07334,Resto GrabMantap 7333,Fast Food,Bogor
7334,GF-07335,Resto GrabMantap 7334,Seafood,Bali
7335,GF-07336,Resto GrabMantap 7335,Fast Food,Bali
7336,GF-07337,Resto GrabMantap 7336,Seafood,Bandung
7337,GF-07338,Resto GrabMantap 7337,Martabak,Bandung
7338,GF-07339,Resto GrabMantap 7338,Snacks,Jakarta
7339,GF-07340,Resto GrabMantap 7339,Snacks,Bekasi
7340,GF-07341,Resto GrabMantap 7340,Snacks,Jakarta
7341,GF-07342,Resto GrabMantap 7341,Fast Food,Bali
7342,GF-07343,Resto GrabMantap 7342,Beverages,Bogor
7343,GF-07344,Resto GrabMantap 7343,Snacks,Bogor
7344,GF-07345,Resto GrabMantap 7344,Martabak,Tangerang
7345,GF-07346,Resto GrabMantap 7345,Seafood,Bogor
7346,GF-07347,Resto GrabMantap 7346,Fast Food,Bandung
7347,GF-07348,Resto GrabMantap 7347,Snacks,Tangerang
7348,GF-07349,Resto GrabMantap 7348,Martabak,Bali
7349,GF-07350,Resto GrabMantap 7349,Ayam Geprek,Tangerang
7350,GF-07351,Resto GrabMantap 7350,Snacks,Makassar
7351,GF-07352,Resto GrabMantap 7351,Fast Food,Bekasi
7352,GF-07353,Resto GrabMantap 7352,Beverages,Bandung
7353,GF-07354,Resto GrabMantap 7353,Snacks,Depok
7354,GF-07355,Resto GrabMantap 7354,Fast Food,Surabaya
7355,GF-07356,Resto GrabMantap 7355,Ayam Geprek,Medan
7356,GF-07357,Resto GrabMantap 7356,Seafood,Bandung
7357,GF-07358,Resto GrabMantap 7357,Seafood,Bandung
7358,GF-07359,Resto GrabMantap 7358,Ayam Geprek,Medan
7359,GF-07360,Resto GrabMantap 7359,Snacks,Depok
7360,GF-07361,Resto GrabMantap 7360,Ayam Geprek,Depok
7361,GF-07362,Resto GrabMantap 7361,Beverages,Bali
7362,GF-07363,Resto GrabMantap 7362,Beverages,Makassar
7363,GF-07364,Resto GrabMantap 7363,Seafood,Bandung
7364,GF-07365,Resto GrabMantap 7364,Fast Food,Bandung
7365,GF-07366,Resto GrabMantap 7365,Ayam Geprek,Bandung
7366,GF-07367,Resto GrabMantap 7366,Seafood,Depok
7367,GF-07368,Resto GrabMantap 7367,Beverages,Jakarta
7368,GF-07369,Resto GrabMantap 7368,Seafood,Medan
7369,GF-07370,Resto GrabMantap 7369,Fast Food,Jakarta
7370,GF-07371,Resto GrabMantap 7370,Seafood,Depok
7371,GF-07372,Resto GrabMantap 7371,Ayam Geprek,Depok
7372,GF-07373,Resto GrabMantap 7372,Ayam Geprek,Jakarta
7373,GF-07374,Resto GrabMantap 7373,Beverages,Depok
7374,GF-07375,Resto GrabMantap 7374,Ayam Geprek,Tangerang
7375,GF-07376,Resto GrabMantap 7375,Snacks,Tangerang
7376,GF-07377,Resto GrabMantap 7376,Ayam Geprek,Bandung
7377,GF-07378,Resto GrabMantap 7377,Seafood,Surabaya
7378,GF-07379,Resto GrabMantap 7378,Snacks,Bogor
7379,GF-07380,Resto GrabMantap 7379,Ayam Geprek,Medan
7380,GF-07381,Resto GrabMantap 7380,Ayam Geprek,Medan
7381,GF-07382,Resto GrabMantap 7381,Snacks,Medan
7382,GF-07383,Resto GrabMantap 7382,Seafood,Tangerang
7383,GF-07384,Resto GrabMantap 7383,Fast Food,Surabaya
7384,GF-07385,Resto GrabMantap 7384,Snacks,Makassar
7385,GF-07386,Resto GrabMantap 7385,Seafood,Tangerang
7386,GF-07387,Resto GrabMantap 7386,Ayam Geprek,Bali
7387,GF-07388,Resto GrabMantap 7387,Beverages,Tangerang
7388,GF-07389,Resto GrabMantap 7388,Seafood,Tangerang
7389,GF-07390,Resto GrabMantap 7389,Snacks,Makassar
7390,GF-07391,Resto GrabMantap 7390,Fast Food,Bali
7391,GF-07392,Resto GrabMantap 7391,Fast Food,Depok
7392,GF-07393,Resto GrabMantap 7392,Martabak,Surabaya
7393,GF-07394,Resto GrabMantap 7393,Snacks,Tangerang
7394,GF-07395,Resto GrabMantap 7394,Beverages,Tangerang
7395,GF-07396,Resto GrabMantap 7395,Ayam Geprek,Makassar
7396,GF-07397,Resto GrabMantap 7396,Fast Food,Medan
7397,GF-07398,Resto GrabMantap 7397,Martabak,Tangerang
7398,GF-07399,Resto GrabMantap 7398,Ayam Geprek,Depok
7399,GF-07400,Resto GrabMantap 7399,Beverages,Bali
7400,GF-07401,Resto GrabMantap 7400,Snacks,Bandung
7401,GF-07402,Resto GrabMantap 7401,Ayam Geprek,Depok
7402,GF-07403,Resto GrabMantap 7402,Seafood,Bogor
7403,GF-07404,Resto GrabMantap 7403,Snacks,Bogor
7404,GF-07405,Resto GrabMantap 7404,Beverages,Bandung
7405,GF-07406,Resto GrabMantap 7405,Beverages,Bandung
7406,GF-07407,Resto GrabMantap 7406,Martabak,Depok
7407,GF-07408,Resto GrabMantap 7407,Beverages,Depok
7408,GF-07409,Resto GrabMantap 7408,Fast Food,Bogor
7409,GF-07410,Resto GrabMantap 7409,Beverages,Depok
7410,GF-07411,Resto GrabMantap 7410,Ayam Geprek,Bogor
7411,GF-07412,Resto GrabMantap 7411,Seafood,Bandung
7412,GF-07413,Resto GrabMantap 7412,Beverages,Makassar
7413,GF-07414,Resto GrabMantap 7413,Fast Food,Surabaya
7414,GF-07415,Resto GrabMantap 7414,Fast Food,Medan
7415,GF-07416,Resto GrabMantap 7415,Snacks,Surabaya
7416,GF-07417,Resto GrabMantap 7416,Beverages,Tangerang
7417,GF-07418,Resto GrabMantap 7417,Seafood,Tangerang
7418,GF-07419,Resto GrabMantap 7418,Snacks,Bogor
7419,GF-07420,Resto GrabMantap 7419,Seafood,Surabaya
7420,GF-07421,Resto GrabMantap 7420,Snacks,Medan
7421,GF-07422,Resto GrabMantap 7421,Snacks,Jakarta
7422,GF-07423,Resto GrabMantap 7422,Beverages,Surabaya
7423,GF-07424,Resto GrabMantap 7423,Martabak,Bandung
7424,GF-07425,Resto GrabMantap 7424,Snacks,Bogor
7425,GF-07426,Resto GrabMantap 7425,Ayam Geprek,Depok
7426,GF-07427,Resto GrabMantap 7426,Beverages,Makassar
7427,GF-07428,Resto GrabMantap 7427,Seafood,Depok
7428,GF-07429,Resto GrabMantap 7428,Snacks,Bekasi
7429,GF-07430,Resto GrabMantap 7429,Snacks,Bali
7430,GF-07431,Resto GrabMantap 7430,Beverages,Bali
7431,GF-07432,Resto GrabMantap 7431,Martabak,Jakarta
7432,GF-07433,Resto GrabMantap 7432,Beverages,Bogor
7433,GF-07434,Resto GrabMantap 7433,Ayam Geprek,Bekasi
7434,GF-07435,Resto GrabMantap 7434,Fast Food,Bandung
7435,GF-07436,Resto GrabMantap 7435,Snacks,Depok
7436,GF-07437,Resto GrabMantap 7436,Beverages,Bandung
7437,GF-07438,Resto GrabMantap 7437,Beverages,Bali
7438,GF-07439,Resto GrabMantap 7438,Beverages,Tangerang
7439,GF-07440,Resto GrabMantap 7439,Fast Food,Medan
7440,GF-07441,Resto GrabMantap 7440,Seafood,Makassar
7441,GF-07442,Resto GrabMantap 7441,Martabak,Medan
7442,GF-07443,Resto GrabMantap 7442,Martabak,Bali
7443,GF-07444,Resto GrabMantap 7443,Fast Food,Bekasi
7444,GF-07445,Resto GrabMantap 7444,Martabak,Bali
7445,GF-07446,Resto GrabMantap 7445,Fast Food,Jakarta
7446,GF-07447,Resto GrabMantap 7446,Seafood,Depok
7447,GF-07448,Resto GrabMantap 7447,Seafood,Bali
7448,GF-07449,Resto GrabMantap 7448,Snacks,Bandung
7449,GF-07450,Resto GrabMantap 7449,Seafood,Bali
7450,GF-07451,Resto GrabMantap 7450,Seafood,Bekasi
7451,GF-07452,Resto GrabMantap 7451,Seafood,Bekasi
7452,GF-07453,Resto GrabMantap 7452,Seafood,Jakarta
7453,GF-07454,Resto GrabMantap 7453,Fast Food,Bali
7454,GF-07455,Resto GrabMantap 7454,Martabak,Bekasi
7455,GF-07456,Resto GrabMantap 7455,Seafood,Depok
7456,GF-07457,Resto GrabMantap 7456,Martabak,Surabaya
7457,GF-07458,Resto GrabMantap 7457,Beverages,Jakarta
7458,GF-07459,Resto GrabMantap 7458,Martabak,Depok
7459,GF-07460,Resto GrabMantap 7459,Martabak,Medan
7460,GF-07461,Resto GrabMantap 7460,Fast Food,Jakarta
7461,GF-07462,Resto GrabMantap 7461,Ayam Geprek,Bogor
7462,GF-07463,Resto GrabMantap 7462,Fast Food,Makassar
7463,GF-07464,Resto GrabMantap 7463,Martabak,Bogor
7464,GF-07465,Resto GrabMantap 7464,Beverages,Bali
7465,GF-07466,Resto GrabMantap 7465,Beverages,Jakarta
7466,GF-07467,Resto GrabMantap 7466,Snacks,Bandung
7467,GF-07468,Resto GrabMantap 7467,Ayam Geprek,Bandung
7468,GF-07469,Resto GrabMantap 7468,Seafood,Depok
7469,GF-07470,Resto GrabMantap 7469,Snacks,Bogor
7470,GF-07471,Resto GrabMantap 7470,Snacks,Bandung
7471,GF-07472,Resto GrabMantap 7471,Martabak,Bogor
7472,GF-07473,Resto GrabMantap 7472,Beverages,Makassar
7473,GF-07474,Resto GrabMantap 7473,Seafood,Jakarta
7474,GF-07475,Resto GrabMantap 7474,Ayam Geprek,Medan
7475,GF-07476,Resto GrabMantap 7475,Snacks,Jakarta
7476,GF-07477,Resto GrabMantap 7476,Seafood,Bogor
7477,GF-07478,Resto GrabMantap 7477,Beverages,Bali
7478,GF-07479,Resto GrabMantap 7478,Ayam Geprek,Makassar
7479,GF-07480,Resto GrabMantap 7479,Beverages,Depok
7480,GF-07481,Resto GrabMantap 7480,Ayam Geprek,Jakarta
7481,GF-07482,Resto GrabMantap 7481,Seafood,Bekasi
7482,GF-07483,Resto GrabMantap 7482,Snacks,Bali
7483,GF-07484,Resto GrabMantap 7483,Seafood,Bogor
7484,GF-07485,Resto GrabMantap 7484,Martabak,Bali
7485,GF-07486,Resto GrabMantap 7485,Seafood,Makassar
7486,GF-07487,Resto GrabMantap 7486,Ayam Geprek,Depok
7487,GF-07488,Resto GrabMantap 7487,Fast Food,Surabaya
7488,GF-07489,Resto GrabMantap 7488,Snacks,Medan
7489,GF-07490,Resto GrabMantap 7489,Ayam Geprek,Bekasi
7490,GF-07491,Resto GrabMantap 7490,Snacks,Depok
7491,GF-07492,Resto GrabMantap 7491,Seafood,Bandung
7492,GF-07493,Resto GrabMantap 7492,Fast Food,Jakarta
7493,GF-07494,Resto GrabMantap 7493,Martabak,Makassar
7494,GF-07495,Resto GrabMantap 7494,Beverages,Tangerang
7495,GF-07496,Resto GrabMantap 7495,Martabak,Makassar
7496,GF-07497,Resto GrabMantap 7496,Ayam Geprek,Bekasi
7497,GF-07498,Resto GrabMantap 7497,Fast Food,Jakarta
7498,GF-07499,Resto GrabMantap 7498,Seafood,Bali
7499,GF-07500,Resto GrabMantap 7499,Fast Food,Depok
7500,GF-07501,Resto GrabMantap 7500,Fast Food,Makassar
7501,GF-07502,Resto GrabMantap 7501,Seafood,Medan
7502,GF-07503,Resto GrabMantap 7502,Beverages,Bekasi
7503,GF-07504,Resto GrabMantap 7503,Snacks,Bekasi
7504,GF-07505,Resto GrabMantap 7504,Seafood,Surabaya
7505,GF-07506,Resto GrabMantap 7505,Beverages,Jakarta
7506,GF-07507,Resto GrabMantap 7506,Seafood,Tangerang
7507,GF-07508,Resto GrabMantap 7507,Fast Food,Jakarta
7508,GF-07509,Resto GrabMantap 7508,Seafood,Tangerang
7509,GF-07510,Resto GrabMantap 7509,Beverages,Bekasi
7510,GF-07511,Resto GrabMantap 7510,Martabak,Makassar
7511,GF-07512,Resto GrabMantap 7511,Ayam Geprek,Tangerang
7512,GF-07513,Resto GrabMantap 7512,Seafood,Bogor
7513,GF-07514,Resto GrabMantap 7513,Martabak,Bali
7514,GF-07515,Resto GrabMantap 7514,Fast Food,Medan
7515,GF-07516,Resto GrabMantap 7515,Fast Food,Bali
7516,GF-07517,Resto GrabMantap 7516,Fast Food,Bali
7517,GF-07518,Resto GrabMantap 7517,Martabak,Jakarta
7518,GF-07519,Resto GrabMantap 7518,Fast Food,Bogor
7519,GF-07520,Resto GrabMantap 7519,Fast Food,Depok
7520,GF-07521,Resto GrabMantap 7520,Beverages,Bali
7521,GF-07522,Resto GrabMantap 7521,Fast Food,Tangerang
7522,GF-07523,Resto GrabMantap 7522,Fast Food,Bali
7523,GF-07524,Resto GrabMantap 7523,Snacks,Depok
7524,GF-07525,Resto GrabMantap 7524,Ayam Geprek,Bekasi
7525,GF-07526,Resto GrabMantap 7525,Snacks,Tangerang
7526,GF-07527,Resto GrabMantap 7526,Snacks,Surabaya
7527,GF-07528,Resto GrabMantap 7527,Beverages,Bandung
7528,GF-07529,Resto GrabMantap 7528,Seafood,Makassar
7529,GF-07530,Resto GrabMantap 7529,Martabak,Medan
7530,GF-07531,Resto GrabMantap 7530,Seafood,Bali
7531,GF-07532,Resto GrabMantap 7531,Martabak,Surabaya
7532,GF-07533,Resto GrabMantap 7532,Snacks,Depok
7533,GF-07534,Resto GrabMantap 7533,Seafood,Bali
7534,GF-07535,Resto GrabMantap 7534,Beverages,Bali
7535,GF-07536,Resto GrabMantap 7535,Beverages,Tangerang
7536,GF-07537,Resto GrabMantap 7536,Ayam Geprek,Surabaya
7537,GF-07538,Resto GrabMantap 7537,Martabak,Surabaya
7538,GF-07539,Resto GrabMantap 7538,Martabak,Surabaya
7539,GF-07540,Resto GrabMantap 7539,Martabak,Jakarta
7540,GF-07541,Resto GrabMantap 7540,Fast Food,Bekasi
7541,GF-07542,Resto GrabMantap 7541,Martabak,Tangerang
7542,GF-07543,Resto GrabMantap 7542,Seafood,Jakarta
7543,GF-07544,Resto GrabMantap 7543,Fast Food,Bogor
7544,GF-07545,Resto GrabMantap 7544,Snacks,Medan
7545,GF-07546,Resto GrabMantap 7545,Beverages,Jakarta
7546,GF-07547,Resto GrabMantap 7546,Fast Food,Depok
7547,GF-07548,Resto GrabMantap 7547,Beverages,Bogor
7548,GF-07549,Resto GrabMantap 7548,Ayam Geprek,Depok
7549,GF-07550,Resto GrabMantap 7549,Fast Food,Surabaya
7550,GF-07551,Resto GrabMantap 7550,Ayam Geprek,Surabaya
7551,GF-07552,Resto GrabMantap 7551,Beverages,Bogor
7552,GF-07553,Resto GrabMantap 7552,Snacks,Bandung
7553,GF-07554,Resto GrabMantap 7553,Snacks,Makassar
7554,GF-07555,Resto GrabMantap 7554,Ayam Geprek,Depok
7555,GF-07556,Resto GrabMantap 7555,Fast Food,Tangerang
7556,GF-07557,Resto GrabMantap 7556,Martabak,Bandung
7557,GF-07558,Resto GrabMantap 7557,Seafood,Bogor
7558,GF-07559,Resto GrabMantap 7558,Snacks,Tangerang
7559,GF-07560,Resto GrabMantap 7559,Snacks,Bandung
7560,GF-07561,Resto GrabMantap 7560,Snacks,Tangerang
7561,GF-07562,Resto GrabMantap 7561,Snacks,Bali
7562,GF-07563,Resto GrabMantap 7562,Beverages,Jakarta
7563,GF-07564,Resto GrabMantap 7563,Martabak,Bandung
7564,GF-07565,Resto GrabMantap 7564,Ayam Geprek,Depok
7565,GF-07566,Resto GrabMantap 7565,Seafood,Jakarta
7566,GF-07567,Resto GrabMantap 7566,Seafood,Tangerang
7567,GF-07568,Resto GrabMantap 7567,Snacks,Medan
7568,GF-07569,Resto GrabMantap 7568,Snacks,Jakarta
7569,GF-07570,Resto GrabMantap 7569,Fast Food,Surabaya
7570,GF-07571,Resto GrabMantap 7570,Beverages,Surabaya
7571,GF-07572,Resto GrabMantap 7571,Snacks,Surabaya
7572,GF-07573,Resto GrabMantap 7572,Fast Food,Bekasi
7573,GF-07574,Resto GrabMantap 7573,Martabak,Bandung
7574,GF-07575,Resto GrabMantap 7574,Ayam Geprek,Jakarta
7575,GF-07576,Resto GrabMantap 7575,Beverages,Surabaya
7576,GF-07577,Resto GrabMantap 7576,Beverages,Bali
7577,GF-07578,Resto GrabMantap 7577,Fast Food,Surabaya
7578,GF-07579,Resto GrabMantap 7578,Snacks,Medan
7579,GF-07580,Resto GrabMantap 7579,Beverages,Jakarta
7580,GF-07581,Resto GrabMantap 7580,Seafood,Medan
7581,GF-07582,Resto GrabMantap 7581,Martabak,Depok
7582,GF-07583,Resto GrabMantap 7582,Beverages,Depok
7583,GF-07584,Resto GrabMantap 7583,Snacks,Tangerang
7584,GF-07585,Resto GrabMantap 7584,Snacks,Depok
7585,GF-07586,Resto GrabMantap 7585,Snacks,Bali
7586,GF-07587,Resto GrabMantap 7586,Seafood,Bogor
7587,GF-07588,Resto GrabMantap 7587,Seafood,Bogor
7588,GF-07589,Resto GrabMantap 7588,Beverages,Depok
7589,GF-07590,Resto GrabMantap 7589,Beverages,Tangerang
7590,GF-07591,Resto GrabMantap 7590,Snacks,Makassar
7591,GF-07592,Resto GrabMantap 7591,Seafood,Depok
7592,GF-07593,Resto GrabMantap 7592,Martabak,Bogor
7593,GF-07594,Resto GrabMantap 7593,Beverages,Bali
7594,GF-07595,Resto GrabMantap 7594,Beverages,Bandung
7595,GF-07596,Resto GrabMantap 7595,Ayam Geprek,Surabaya
7596,GF-07597,Resto GrabMantap 7596,Ayam Geprek,Surabaya
7597,GF-07598,Resto GrabMantap 7597,Beverages,Medan
7598,GF-07599,Resto GrabMantap 7598,Snacks,Bali
7599,GF-07600,Resto GrabMantap 7599,Martabak,Tangerang
7600,GF-07601,Resto GrabMantap 7600,Ayam Geprek,Makassar
7601,GF-07602,Resto GrabMantap 7601,Snacks,Makassar
7602,GF-07603,Resto GrabMantap 7602,Ayam Geprek,Jakarta
7603,GF-07604,Resto GrabMantap 7603,Seafood,Jakarta
7604,GF-07605,Resto GrabMantap 7604,Snacks,Bogor
7605,GF-07606,Resto GrabMantap 7605,Snacks,Medan
7606,GF-07607,Resto GrabMantap 7606,Snacks,Surabaya
7607,GF-07608,Resto GrabMantap 7607,Beverages,Bekasi
7608,GF-07609,Resto GrabMantap 7608,Ayam Geprek,Medan
7609,GF-07610,Resto GrabMantap 7609,Beverages,Depok
7610,GF-07611,Resto GrabMantap 7610,Ayam Geprek,Makassar
7611,GF-07612,Resto GrabMantap 7611,Snacks,Tangerang
7612,GF-07613,Resto GrabMantap 7612,Martabak,Jakarta
7613,GF-07614,Resto GrabMantap 7613,Beverages,Tangerang
7614,GF-07615,Resto GrabMantap 7614,Seafood,Bekasi
7615,GF-07616,Resto GrabMantap 7615,Beverages,Surabaya
7616,GF-07617,Resto GrabMantap 7616,Martabak,Makassar
7617,GF-07618,Resto GrabMantap 7617,Ayam Geprek,Makassar
7618,GF-07619,Resto GrabMantap 7618,Seafood,Bekasi
7619,GF-07620,Resto GrabMantap 7619,Seafood,Jakarta
7620,GF-07621,Resto GrabMantap 7620,Martabak,Medan
7621,GF-07622,Resto GrabMantap 7621,Ayam Geprek,Bekasi
7622,GF-07623,Resto GrabMantap 7622,Beverages,Depok
7623,GF-07624,Resto GrabMantap 7623,Fast Food,Depok
7624,GF-07625,Resto GrabMantap 7624,Martabak,Jakarta
7625,GF-07626,Resto GrabMantap 7625,Beverages,Bekasi
7626,GF-07627,Resto GrabMantap 7626,Ayam Geprek,Medan
7627,GF-07628,Resto GrabMantap 7627,Beverages,Bekasi
7628,GF-07629,Resto GrabMantap 7628,Fast Food,Bogor
7629,GF-07630,Resto GrabMantap 7629,Beverages,Bali
7630,GF-07631,Resto GrabMantap 7630,Beverages,Tangerang
7631,GF-07632,Resto GrabMantap 7631,Snacks,Tangerang
7632,GF-07633,Resto GrabMantap 7632,Fast Food,Bogor
7633,GF-07634,Resto GrabMantap 7633,Fast Food,Bali
7634,GF-07635,Resto GrabMantap 7634,Fast Food,Tangerang
7635,GF-07636,Resto GrabMantap 7635,Snacks,Bekasi
7636,GF-07637,Resto GrabMantap 7636,Ayam Geprek,Bali
7637,GF-07638,Resto GrabMantap 7637,Snacks,Surabaya
7638,GF-07639,Resto GrabMantap 7638,Martabak,Bali
7639,GF-07640,Resto GrabMantap 7639,Fast Food,Bogor
7640,GF-07641,Resto GrabMantap 7640,Fast Food,Tangerang
7641,GF-07642,Resto GrabMantap 7641,Snacks,Surabaya
7642,GF-07643,Resto GrabMantap 7642,Martabak,Medan
7643,GF-07644,Resto GrabMantap 7643,Martabak,Bekasi
7644,GF-07645,Resto GrabMantap 7644,Beverages,Bandung
7645,GF-07646,Resto GrabMantap 7645,Snacks,Bekasi
7646,GF-07647,Resto GrabMantap 7646,Beverages,Surabaya
7647,GF-07648,Resto GrabMantap 7647,Beverages,Bali
7648,GF-07649,Resto GrabMantap 7648,Beverages,Bandung
7649,GF-07650,Resto GrabMantap 7649,Snacks,Depok
7650,GF-07651,Resto GrabMantap 7650,Seafood,Bekasi
7651,GF-07652,Resto GrabMantap 7651,Fast Food,Medan
7652,GF-07653,Resto GrabMantap 7652,Seafood,Bandung
7653,GF-07654,Resto GrabMantap 7653,Seafood,Depok
7654,GF-07655,Resto GrabMantap 7654,Snacks,Bali
7655,GF-07656,Resto GrabMantap 7655,Snacks,Depok
7656,GF-07657,Resto GrabMantap 7656,Ayam Geprek,Bandung
7657,GF-07658,Resto GrabMantap 7657,Beverages,Bogor
7658,GF-07659,Resto GrabMantap 7658,Fast Food,Makassar
7659,GF-07660,Resto GrabMantap 7659,Beverages,Bogor
7660,GF-07661,Resto GrabMantap 7660,Snacks,Tangerang
7661,GF-07662,Resto GrabMantap 7661,Seafood,Bandung
7662,GF-07663,Resto GrabMantap 7662,Martabak,Bogor
7663,GF-07664,Resto GrabMantap 7663,Fast Food,Bekasi
7664,GF-07665,Resto GrabMantap 7664,Martabak,Tangerang
7665,GF-07666,Resto GrabMantap 7665,Ayam Geprek,Medan
7666,GF-07667,Resto GrabMantap 7666,Ayam Geprek,Depok
7667,GF-07668,Resto GrabMantap 7667,Snacks,Bekasi
7668,GF-07669,Resto GrabMantap 7668,Ayam Geprek,Bogor
7669,GF-07670,Resto GrabMantap 7669,Snacks,Makassar
7670,GF-07671,Resto GrabMantap 7670,Ayam Geprek,Surabaya
7671,GF-07672,Resto GrabMantap 7671,Fast Food,Bekasi
7672,GF-07673,Resto GrabMantap 7672,Snacks,Bandung
7673,GF-07674,Resto GrabMantap 7673,Seafood,Depok
7674,GF-07675,Resto GrabMantap 7674,Beverages,Bali
7675,GF-07676,Resto GrabMantap 7675,Fast Food,Bandung
7676,GF-07677,Resto GrabMantap 7676,Ayam Geprek,Depok
7677,GF-07678,Resto GrabMantap 7677,Snacks,Tangerang
7678,GF-07679,Resto GrabMantap 7678,Ayam Geprek,Bali
7679,GF-07680,Resto GrabMantap 7679,Snacks,Jakarta
7680,GF-07681,Resto GrabMantap 7680,Fast Food,Tangerang
7681,GF-07682,Resto GrabMantap 7681,Ayam Geprek,Makassar
7682,GF-07683,Resto GrabMantap 7682,Seafood,Depok
7683,GF-07684,Resto GrabMantap 7683,Snacks,Tangerang
7684,GF-07685,Resto GrabMantap 7684,Martabak,Bogor
7685,GF-07686,Resto GrabMantap 7685,Ayam Geprek,Bekasi
7686,GF-07687,Resto GrabMantap 7686,Fast Food,Jakarta
7687,GF-07688,Resto GrabMantap 7687,Fast Food,Bali
7688,GF-07689,Resto GrabMantap 7688,Fast Food,Surabaya
7689,GF-07690,Resto GrabMantap 7689,Fast Food,Jakarta
7690,GF-07691,Resto GrabMantap 7690,Fast Food,Depok
7691,GF-07692,Resto GrabMantap 7691,Ayam Geprek,Bali
7692,GF-07693,Resto GrabMantap 7692,Fast Food,Surabaya
7693,GF-07694,Resto GrabMantap 7693,Fast Food,Depok
7694,GF-07695,Resto GrabMantap 7694,Fast Food,Medan
7695,GF-07696,Resto GrabMantap 7695,Ayam Geprek,Jakarta
7696,GF-07697,Resto GrabMantap 7696,Ayam Geprek,Makassar
7697,GF-07698,Resto GrabMantap 7697,Ayam Geprek,Medan
7698,GF-07699,Resto GrabMantap 7698,Beverages,Medan
7699,GF-07700,Resto GrabMantap 7699,Beverages,Bali
7700,GF-07701,Resto GrabMantap 7700,Fast Food,Bali
7701,GF-07702,Resto GrabMantap 7701,Beverages,Surabaya
7702,GF-07703,Resto GrabMantap 7702,Beverages,Bandung
7703,GF-07704,Resto GrabMantap 7703,Ayam Geprek,Bekasi
7704,GF-07705,Resto GrabMantap 7704,Snacks,Jakarta
7705,GF-07706,Resto GrabMantap 7705,Seafood,Medan
7706,GF-07707,Resto GrabMantap 7706,Beverages,Tangerang
7707,GF-07708,Resto GrabMantap 7707,Fast Food,Makassar
7708,GF-07709,Resto GrabMantap 7708,Ayam Geprek,Depok
7709,GF-07710,Resto GrabMantap 7709,Fast Food,Surabaya
7710,GF-07711,Resto GrabMantap 7710,Snacks,Jakarta
7711,GF-07712,Resto GrabMantap 7711,Beverages,Medan
7712,GF-07713,Resto GrabMantap 7712,Snacks,Jakarta
7713,GF-07714,Resto GrabMantap 7713,Ayam Geprek,Bandung
7714,GF-07715,Resto GrabMantap 7714,Fast Food,Surabaya
7715,GF-07716,Resto GrabMantap 7715,Seafood,Surabaya
7716,GF-07717,Resto GrabMantap 7716,Fast Food,Makassar
7717,GF-07718,Resto GrabMantap 7717,Beverages,Depok
7718,GF-07719,Resto GrabMantap 7718,Snacks,Bandung
7719,GF-07720,Resto GrabMantap 7719,Snacks,Makassar
7720,GF-07721,Resto GrabMantap 7720,Beverages,Depok
7721,GF-07722,Resto GrabMantap 7721,Beverages,Depok
7722,GF-07723,Resto GrabMantap 7722,Snacks,Bali
7723,GF-07724,Resto GrabMantap 7723,Beverages,Bekasi
7724,GF-07725,Resto GrabMantap 7724,Martabak,Depok
7725,GF-07726,Resto GrabMantap 7725,Beverages,Jakarta
7726,GF-07727,Resto GrabMantap 7726,Seafood,Bali
7727,GF-07728,Resto GrabMantap 7727,Snacks,Medan
7728,GF-07729,Resto GrabMantap 7728,Snacks,Tangerang
7729,GF-07730,Resto GrabMantap 7729,Beverages,Bandung
7730,GF-07731,Resto GrabMantap 7730,Beverages,Medan
7731,GF-07732,Resto GrabMantap 7731,Ayam Geprek,Surabaya
7732,GF-07733,Resto GrabMantap 7732,Fast Food,Bali
7733,GF-07734,Resto GrabMantap 7733,Fast Food,Makassar
7734,GF-07735,Resto GrabMantap 7734,Snacks,Bali
7735,GF-07736,Resto GrabMantap 7735,Fast Food,Makassar
7736,GF-07737,Resto GrabMantap 7736,Martabak,Jakarta
7737,GF-07738,Resto GrabMantap 7737,Seafood,Jakarta
7738,GF-07739,Resto GrabMantap 7738,Beverages,Bogor
7739,GF-07740,Resto GrabMantap 7739,Snacks,Bogor
7740,GF-07741,Resto GrabMantap 7740,Beverages,Surabaya
7741,GF-07742,Resto GrabMantap 7741,Snacks,Bandung
7742,GF-07743,Resto GrabMantap 7742,Martabak,Bogor
7743,GF-07744,Resto GrabMantap 7743,Ayam Geprek,Bandung
7744,GF-07745,Resto GrabMantap 7744,Ayam Geprek,Jakarta
7745,GF-07746,Resto GrabMantap 7745,Fast Food,Bandung
7746,GF-07747,Resto GrabMantap 7746,Snacks,Medan
7747,GF-07748,Resto GrabMantap 7747,Ayam Geprek,Jakarta
7748,GF-07749,Resto GrabMantap 7748,Beverages,Tangerang
7749,GF-07750,Resto GrabMantap 7749,Martabak,Bandung
7750,GF-07751,Resto GrabMantap 7750,Seafood,Bogor
7751,GF-07752,Resto GrabMantap 7751,Beverages,Medan
7752,GF-07753,Resto GrabMantap 7752,Snacks,Bekasi
7753,GF-07754,Resto GrabMantap 7753,Beverages,Depok
7754,GF-07755,Resto GrabMantap 7754,Seafood,Makassar
7755,GF-07756,Resto GrabMantap 7755,Beverages,Medan
7756,GF-07757,Resto GrabMantap 7756,Beverages,Depok
7757,GF-07758,Resto GrabMantap 7757,Fast Food,Bekasi
7758,GF-07759,Resto GrabMantap 7758,Beverages,Surabaya
7759,GF-07760,Resto GrabMantap 7759,Snacks,Jakarta
7760,GF-07761,Resto GrabMantap 7760,Snacks,Surabaya
7761,GF-07762,Resto GrabMantap 7761,Snacks,Surabaya
7762,GF-07763,Resto GrabMantap 7762,Seafood,Surabaya
7763,GF-07764,Resto GrabMantap 7763,Ayam Geprek,Bali
7764,GF-07765,Resto GrabMantap 7764,Beverages,Tangerang
7765,GF-07766,Resto GrabMantap 7765,Fast Food,Bandung
7766,GF-07767,Resto GrabMantap 7766,Fast Food,Makassar
7767,GF-07768,Resto GrabMantap 7767,Fast Food,Bandung
7768,GF-07769,Resto GrabMantap 7768,Martabak,Bekasi
7769,GF-07770,Resto GrabMantap 7769,Snacks,Bali
7770,GF-07771,Resto GrabMantap 7770,Snacks,Bali
7771,GF-07772,Resto GrabMantap 7771,Seafood,Bogor
7772,GF-07773,Resto GrabMantap 7772,Martabak,Medan
7773,GF-07774,Resto GrabMantap 7773,Beverages,Bali
7774,GF-07775,Resto GrabMantap 7774,Fast Food,Depok
7775,GF-07776,Resto GrabMantap 7775,Snacks,Bogor
7776,GF-07777,Resto GrabMantap 7776,Seafood,Surabaya
7777,GF-07778,Resto GrabMantap 7777,Seafood,Bekasi
7778,GF-07779,Resto GrabMantap 7778,Ayam Geprek,Jakarta
7779,GF-07780,Resto GrabMantap 7779,Seafood,Bekasi
7780,GF-07781,Resto GrabMantap 7780,Snacks,Bogor
7781,GF-07782,Resto GrabMantap 7781,Seafood,Bekasi
7782,GF-07783,Resto GrabMantap 7782,Seafood,Medan
7783,GF-07784,Resto GrabMantap 7783,Fast Food,Surabaya
7784,GF-07785,Resto GrabMantap 7784,Beverages,Bandung
7785,GF-07786,Resto GrabMantap 7785,Ayam Geprek,Makassar
7786,GF-07787,Resto GrabMantap 7786,Snacks,Surabaya
7787,GF-07788,Resto GrabMantap 7787,Ayam Geprek,Depok
7788,GF-07789,Resto GrabMantap 7788,Ayam Geprek,Depok
7789,GF-07790,Resto GrabMantap 7789,Snacks,Tangerang
7790,GF-07791,Resto GrabMantap 7790,Seafood,Bali
7791,GF-07792,Resto GrabMantap 7791,Ayam Geprek,Surabaya
7792,GF-07793,Resto GrabMantap 7792,Fast Food,Depok
7793,GF-07794,Resto GrabMantap 7793,Martabak,Surabaya
7794,GF-07795,Resto GrabMantap 7794,Fast Food,Surabaya
7795,GF-07796,Resto GrabMantap 7795,Snacks,Medan
7796,GF-07797,Resto GrabMantap 7796,Seafood,Depok
7797,GF-07798,Resto GrabMantap 7797,Snacks,Tangerang
7798,GF-07799,Resto GrabMantap 7798,Martabak,Tangerang
7799,GF-07800,Resto GrabMantap 7799,Fast Food,Bandung
7800,GF-07801,Resto GrabMantap 7800,Beverages,Jakarta
7801,GF-07802,Resto GrabMantap 7801,Martabak,Surabaya
7802,GF-07803,Resto GrabMantap 7802,Fast Food,Bekasi
7803,GF-07804,Resto GrabMantap 7803,Beverages,Surabaya
7804,GF-07805,Resto GrabMantap 7804,Ayam Geprek,Jakarta
7805,GF-07806,Resto GrabMantap 7805,Martabak,Depok
7806,GF-07807,Resto GrabMantap 7806,Ayam Geprek,Depok
7807,GF-07808,Resto GrabMantap 7807,Beverages,Medan
7808,GF-07809,Resto GrabMantap 7808,Snacks,Medan
7809,GF-07810,Resto GrabMantap 7809,Seafood,Bandung
7810,GF-07811,Resto GrabMantap 7810,Martabak,Surabaya
7811,GF-07812,Resto GrabMantap 7811,Snacks,Bali
7812,GF-07813,Resto GrabMantap 7812,Ayam Geprek,Makassar
7813,GF-07814,Resto GrabMantap 7813,Martabak,Surabaya
7814,GF-07815,Resto GrabMantap 7814,Ayam Geprek,Bali
7815,GF-07816,Resto GrabMantap 7815,Martabak,Medan
7816,GF-07817,Resto GrabMantap 7816,Ayam Geprek,Depok
7817,GF-07818,Resto GrabMantap 7817,Martabak,Surabaya
7818,GF-07819,Resto GrabMantap 7818,Snacks,Bogor
7819,GF-07820,Resto GrabMantap 7819,Beverages,Jakarta
7820,GF-07821,Resto GrabMantap 7820,Seafood,Jakarta
7821,GF-07822,Resto GrabMantap 7821,Martabak,Bali
7822,GF-07823,Resto GrabMantap 7822,Martabak,Bandung
7823,GF-07824,Resto GrabMantap 7823,Snacks,Bali
7824,GF-07825,Resto GrabMantap 7824,Fast Food,Bali
7825,GF-07826,Resto GrabMantap 7825,Fast Food,Tangerang
7826,GF-07827,Resto GrabMantap 7826,Ayam Geprek,Makassar
7827,GF-07828,Resto GrabMantap 7827,Fast Food,Bandung
7828,GF-07829,Resto GrabMantap 7828,Seafood,Bogor
7829,GF-07830,Resto GrabMantap 7829,Snacks,Makassar
7830,GF-07831,Resto GrabMantap 7830,Snacks,Jakarta
7831,GF-07832,Resto GrabMantap 7831,Ayam Geprek,Bandung
7832,GF-07833,Resto GrabMantap 7832,Fast Food,Bogor
7833,GF-07834,Resto GrabMantap 7833,Ayam Geprek,Tangerang
7834,GF-07835,Resto GrabMantap 7834,Ayam Geprek,Bali
7835,GF-07836,Resto GrabMantap 7835,Seafood,Bandung
7836,GF-07837,Resto GrabMantap 7836,Ayam Geprek,Bandung
7837,GF-07838,Resto GrabMantap 7837,Ayam Geprek,Medan
7838,GF-07839,Resto GrabMantap 7838,Seafood,Jakarta
7839,GF-07840,Resto GrabMantap 7839,Snacks,Makassar
7840,GF-07841,Resto GrabMantap 7840,Martabak,Bandung
7841,GF-07842,Resto GrabMantap 7841,Snacks,Bandung
7842,GF-07843,Resto GrabMantap 7842,Snacks,Jakarta
7843,GF-07844,Resto GrabMantap 7843,Seafood,Surabaya
7844,GF-07845,Resto GrabMantap 7844,Ayam Geprek,Tangerang
7845,GF-07846,Resto GrabMantap 7845,Martabak,Surabaya
7846,GF-07847,Resto GrabMantap 7846,Fast Food,Medan
7847,GF-07848,Resto GrabMantap 7847,Beverages,Tangerang
7848,GF-07849,Resto GrabMantap 7848,Martabak,Depok
7849,GF-07850,Resto GrabMantap 7849,Seafood,Tangerang
7850,GF-07851,Resto GrabMantap 7850,Snacks,Makassar
7851,GF-07852,Resto GrabMantap 7851,Seafood,Surabaya
7852,GF-07853,Resto GrabMantap 7852,Ayam Geprek,Bekasi
7853,GF-07854,Resto GrabMantap 7853,Ayam Geprek,Makassar
7854,GF-07855,Resto GrabMantap 7854,Fast Food,Bekasi
7855,GF-07856,Resto GrabMantap 7855,Fast Food,Bogor
7856,GF-07857,Resto GrabMantap 7856,Ayam Geprek,Tangerang
7857,GF-07858,Resto GrabMantap 7857,Martabak,Depok
7858,GF-07859,Resto GrabMantap 7858,Martabak,Bali
7859,GF-07860,Resto GrabMantap 7859,Martabak,Bekasi
7860,GF-07861,Resto GrabMantap 7860,Ayam Geprek,Jakarta
7861,GF-07862,Resto GrabMantap 7861,Martabak,Makassar
7862,GF-07863,Resto GrabMantap 7862,Seafood,Bekasi
7863,GF-07864,Resto GrabMantap 7863,Seafood,Medan
7864,GF-07865,Resto GrabMantap 7864,Snacks,Bekasi
7865,GF-07866,Resto GrabMantap 7865,Seafood,Medan
7866,GF-07867,Resto GrabMantap 7866,Martabak,Bekasi
7867,GF-07868,Resto GrabMantap 7867,Martabak,Bali
7868,GF-07869,Resto GrabMantap 7868,Snacks,Bekasi
7869,GF-07870,Resto GrabMantap 7869,Fast Food,Surabaya
7870,GF-07871,Resto GrabMantap 7870,Beverages,Bogor
7871,GF-07872,Resto GrabMantap 7871,Martabak,Bekasi
7872,GF-07873,Resto GrabMantap 7872,Ayam Geprek,Medan
7873,GF-07874,Resto GrabMantap 7873,Martabak,Bali
7874,GF-07875,Resto GrabMantap 7874,Martabak,Makassar
7875,GF-07876,Resto GrabMantap 7875,Ayam Geprek,Makassar
7876,GF-07877,Resto GrabMantap 7876,Fast Food,Medan
7877,GF-07878,Resto GrabMantap 7877,Ayam Geprek,Jakarta
7878,GF-07879,Resto GrabMantap 7878,Martabak,Surabaya
7879,GF-07880,Resto GrabMantap 7879,Seafood,Makassar
7880,GF-07881,Resto GrabMantap 7880,Snacks,Tangerang
7881,GF-07882,Resto GrabMantap 7881,Martabak,Bekasi
7882,GF-07883,Resto GrabMantap 7882,Snacks,Tangerang
7883,GF-07884,Resto GrabMantap 7883,Ayam Geprek,Depok
7884,GF-07885,Resto GrabMantap 7884,Fast Food,Bali
7885,GF-07886,Resto GrabMantap 7885,Fast Food,Bekasi
7886,GF-07887,Resto GrabMantap 7886,Seafood,Medan
7887,GF-07888,Resto GrabMantap 7887,Fast Food,Depok
7888,GF-07889,Resto GrabMantap 7888,Ayam Geprek,Tangerang
7889,GF-07890,Resto GrabMantap 7889,Snacks,Depok
7890,GF-07891,Resto GrabMantap 7890,Snacks,Makassar
7891,GF-07892,Resto GrabMantap 7891,Fast Food,Tangerang
7892,GF-07893,Resto GrabMantap 7892,Fast Food,Tangerang
7893,GF-07894,Resto GrabMantap 7893,Beverages,Surabaya
7894,GF-07895,Resto GrabMantap 7894,Beverages,Medan
7895,GF-07896,Resto GrabMantap 7895,Seafood,Bandung
7896,GF-07897,Resto GrabMantap 7896,Fast Food,Bogor
7897,GF-07898,Resto GrabMantap 7897,Martabak,Medan
7898,GF-07899,Resto GrabMantap 7898,Fast Food,Medan
7899,GF-07900,Resto GrabMantap 7899,Snacks,Surabaya
7900,GF-07901,Resto GrabMantap 7900,Snacks,Makassar
7901,GF-07902,Resto GrabMantap 7901,Beverages,Makassar
7902,GF-07903,Resto GrabMantap 7902,Fast Food,Bandung
7903,GF-07904,Resto GrabMantap 7903,Ayam Geprek,Bekasi
7904,GF-07905,Resto GrabMantap 7904,Ayam Geprek,Depok
7905,GF-07906,Resto GrabMantap 7905,Ayam Geprek,Depok
7906,GF-07907,Resto GrabMantap 7906,Seafood,Bandung
7907,GF-07908,Resto GrabMantap 7907,Martabak,Makassar
7908,GF-07909,Resto GrabMantap 7908,Seafood,Tangerang
7909,GF-07910,Resto GrabMantap 7909,Seafood,Bandung
7910,GF-07911,Resto GrabMantap 7910,Ayam Geprek,Makassar
7911,GF-07912,Resto GrabMantap 7911,Ayam Geprek,Tangerang
7912,GF-07913,Resto GrabMantap 7912,Snacks,Depok
7913,GF-07914,Resto GrabMantap 7913,Beverages,Medan
7914,GF-07915,Resto GrabMantap 7914,Ayam Geprek,Bandung
7915,GF-07916,Resto GrabMantap 7915,Martabak,Bandung
7916,GF-07917,Resto GrabMantap 7916,Seafood,Bali
7917,GF-07918,Resto GrabMantap 7917,Beverages,Tangerang
7918,GF-07919,Resto GrabMantap 7918,Beverages,Surabaya
7919,GF-07920,Resto GrabMantap 7919,Snacks,Medan
7920,GF-07921,Resto GrabMantap 7920,Snacks,Makassar
7921,GF-07922,Resto GrabMantap 7921,Seafood,Surabaya
7922,GF-07923,Resto GrabMantap 7922,Fast Food,Bogor
7923,GF-07924,Resto GrabMantap 7923,Fast Food,Makassar
7924,GF-07925,Resto GrabMantap 7924,Ayam Geprek,Makassar
7925,GF-07926,Resto GrabMantap 7925,Martabak,Tangerang
7926,GF-07927,Resto GrabMantap 7926,Martabak,Bali
7927,GF-07928,Resto GrabMantap 7927,Beverages,Bali
7928,GF-07929,Resto GrabMantap 7928,Seafood,Jakarta
7929,GF-07930,Resto GrabMantap 7929,Fast Food,Surabaya
7930,GF-07931,Resto GrabMantap 7930,Fast Food,Depok
7931,GF-07932,Resto GrabMantap 7931,Martabak,Bekasi
7932,GF-07933,Resto GrabMantap 7932,Snacks,Bekasi
7933,GF-07934,Resto GrabMantap 7933,Seafood,Bandung
7934,GF-07935,Resto GrabMantap 7934,Seafood,Makassar
7935,GF-07936,Resto GrabMantap 7935,Martabak,Makassar
7936,GF-07937,Resto GrabMantap 7936,Seafood,Medan
7937,GF-07938,Resto GrabMantap 7937,Beverages,Bogor
7938,GF-07939,Resto GrabMantap 7938,Beverages,Depok
7939,GF-07940,Resto GrabMantap 7939,Ayam Geprek,Medan
7940,GF-07941,Resto GrabMantap 7940,Seafood,Jakarta
7941,GF-07942,Resto GrabMantap 7941,Beverages,Bandung
7942,GF-07943,Resto GrabMantap 7942,Snacks,Medan
7943,GF-07944,Resto GrabMantap 7943,Fast Food,Bogor
7944,GF-07945,Resto GrabMantap 7944,Snacks,Makassar
7945,GF-07946,Resto GrabMantap 7945,Fast Food,Jakarta
7946,GF-07947,Resto GrabMantap 7946,Seafood,Medan
7947,GF-07948,Resto GrabMantap 7947,Ayam Geprek,Bekasi
7948,GF-07949,Resto GrabMantap 7948,Fast Food,Bogor
7949,GF-07950,Resto GrabMantap 7949,Martabak,Bogor
7950,GF-07951,Resto GrabMantap 7950,Fast Food,Surabaya
7951,GF-07952,Resto GrabMantap 7951,Fast Food,Medan
7952,GF-07953,Resto GrabMantap 7952,Seafood,Depok
7953,GF-07954,Resto GrabMantap 7953,Seafood,Jakarta
7954,GF-07955,Resto GrabMantap 7954,Beverages,Bekasi
7955,GF-07956,Resto GrabMantap 7955,Seafood,Depok
7956,GF-07957,Resto GrabMantap 7956,Snacks,Bogor
7957,GF-07958,Resto GrabMantap 7957,Beverages,Bali
7958,GF-07959,Resto GrabMantap 7958,Beverages,Bekasi
7959,GF-07960,Resto GrabMantap 7959,Martabak,Depok
7960,GF-07961,Resto GrabMantap 7960,Ayam Geprek,Bekasi
7961,GF-07962,Resto GrabMantap 7961,Seafood,Bekasi
7962,GF-07963,Resto GrabMantap 7962,Beverages,Tangerang
7963,GF-07964,Resto GrabMantap 7963,Beverages,Bandung
7964,GF-07965,Resto GrabMantap 7964,Martabak,Surabaya
7965,GF-07966,Resto GrabMantap 7965,Fast Food,Bogor
7966,GF-07967,Resto GrabMantap 7966,Fast Food,Bali
7967,GF-07968,Resto GrabMantap 7967,Fast Food,Medan
7968,GF-07969,Resto GrabMantap 7968,Beverages,Bogor
7969,GF-07970,Resto GrabMantap 7969,Beverages,Bali
7970,GF-07971,Resto GrabMantap 7970,Ayam Geprek,Medan
7971,GF-07972,Resto GrabMantap 7971,Seafood,Jakarta
7972,GF-07973,Resto GrabMantap 7972,Ayam Geprek,Bali
7973,GF-07974,Resto GrabMantap 7973,Seafood,Jakarta
7974,GF-07975,Resto GrabMantap 7974,Ayam Geprek,Surabaya
7975,GF-07976,Resto GrabMantap 7975,Seafood,Bandung
7976,GF-07977,Resto GrabMantap 7976,Snacks,Bekasi
7977,GF-07978,Resto GrabMantap 7977,Beverages,Bogor
7978,GF-07979,Resto GrabMantap 7978,Beverages,Bekasi
7979,GF-07980,Resto GrabMantap 7979,Martabak,Depok
7980,GF-07981,Resto GrabMantap 7980,Fast Food,Depok
7981,GF-07982,Resto GrabMantap 7981,Snacks,Medan
7982,GF-07983,Resto GrabMantap 7982,Beverages,Bandung
7983,GF-07984,Resto GrabMantap 7983,Snacks,Bali
7984,GF-07985,Resto GrabMantap 7984,Seafood,Tangerang
7985,GF-07986,Resto GrabMantap 7985,Seafood,Bandung
7986,GF-07987,Resto GrabMantap 7986,Ayam Geprek,Bandung
7987,GF-07988,Resto GrabMantap 7987,Martabak,Bekasi
7988,GF-07989,Resto GrabMantap 7988,Beverages,Bogor
7989,GF-07990,Resto GrabMantap 7989,Fast Food,Makassar
7990,GF-07991,Resto GrabMantap 7990,Fast Food,Bekasi
7991,GF-07992,Resto GrabMantap 7991,Fast Food,Bogor
7992,GF-07993,Resto GrabMantap 7992,Fast Food,Tangerang
7993,GF-07994,Resto GrabMantap 7993,Ayam Geprek,Jakarta
7994,GF-07995,Resto GrabMantap 7994,Martabak,Bandung
7995,GF-07996,Resto GrabMantap 7995,Ayam Geprek,Bali
7996,GF-07997,Resto GrabMantap 7996,Snacks,Tangerang
7997,GF-07998,Resto GrabMantap 7997,Snacks,Depok
7998,GF-07999,Resto GrabMantap 7998,Martabak,Depok
7999,GF-08000,Resto GrabMantap 7999,Ayam Geprek,Surabaya
