user_id,is_grab_unlimited,account_age_days
GB-000001,False,91
GB-000002,False,1048
GB-000003,True,985
GB-000004,True,1357
GB-000005,False,16
GB-000006,False,964
GB-000007,False,1487
GB-000008,False,623
GB-000009,True,2
GB-000010,False,469
GB-000011,True,1162
GB-000012,False,156
GB-000013,False,1150
GB-000014,False,1348
GB-000015,False,683
GB-000016,True,1097
GB-000017,True,1285
GB-000018,False,572
GB-000019,True,979
GB-000020,True,1177
GB-000021,True,344
GB-000022,False,714
GB-000023,True,1071
GB-000024,False,1378
GB-000025,False,338
GB-000026,False,391
GB-000027,True,721
GB-000028,False,575
GB-000029,False,1294
GB-000030,True,1453
GB-000031,False,1145
GB-000032,True,1151
GB-000033,True,1240
GB-000034,True,227
GB-000035,False,230
GB-000036,False,862
GB-000037,True,423
GB-000038,True,398
GB-000039,True,202
GB-000040,True,962
GB-000041,True,832
GB-000042,True,1342
GB-000043,False,884
GB-000044,False,1434
GB-000045,True,753
GB-000046,False,1399
GB-000047,True,239
GB-000048,False,689
GB-000049,True,690
GB-000050,False,337
GB-000051,True,813
GB-000052,False,1392
GB-000053,True,1026
GB-000054,False,994
GB-000055,False,642
GB-000056,False,1272
GB-000057,True,935
GB-000058,False,1380
GB-000059,True,329
GB-000060,True,1099
GB-000061,True,576
GB-000062,True,725
GB-000063,True,963
GB-000064,False,559
GB-000065,False,936
GB-000066,False,242
GB-000067,False,384
GB-000068,False,169
GB-000069,False,1291
GB-000070,False,1251
GB-000071,True,1143
GB-000072,False,169
GB-000073,False,569
GB-000074,False,452
GB-000075,False,685
GB-000076,False,949
GB-000077,False,297
GB-000078,False,154
GB-000079,True,761
GB-000080,True,1483
GB-000081,False,1431
GB-000082,False,1232
GB-000083,False,1121
GB-000084,False,811
GB-000085,True,253
GB-000086,False,1010
GB-000087,False,622
GB-000088,False,932
GB-000089,True,946
GB-000090,True,915
GB-000091,True,1094
GB-000092,True,666
GB-000093,True,1298
GB-000094,True,1277
GB-000095,True,433
GB-000096,True,1248
GB-000097,True,426
GB-000098,True,113
GB-000099,True,211
GB-000100,True,876
GB-000101,True,427
GB-000102,False,564
GB-000103,False,208
GB-000104,True,1233
GB-000105,True,930
GB-000106,True,11
GB-000107,True,635
GB-000108,True,964
GB-000109,True,881
GB-000110,True,326
GB-000111,False,132
GB-000112,False,1153
GB-000113,False,48
GB-000114,True,13
GB-000115,False,1257
GB-000116,False,1072
GB-000117,False,967
GB-000118,False,1446
GB-000119,True,1106
GB-000120,False,1299
GB-000121,True,1115
GB-000122,False,1455
GB-000123,False,370
GB-000124,True,1287
GB-000125,True,1072
GB-000126,False,914
GB-000127,True,466
GB-000128,False,1479
GB-000129,False,368
GB-000130,True,1184
GB-000131,False,375
GB-000132,False,155
GB-000133,True,360
GB-000134,True,883
GB-000135,True,1193
GB-000136,False,1470
GB-000137,False,82
GB-000138,False,723
GB-000139,True,949
GB-000140,True,1254
GB-000141,True,945
GB-000142,True,13
GB-000143,True,704
GB-000144,False,268
GB-000145,True,1161
GB-000146,False,40
GB-000147,False,810
GB-000148,True,244
GB-000149,True,773
GB-000150,True,525
GB-000151,True,571
GB-000152,True,365
GB-000153,True,879
GB-000154,True,753
GB-000155,False,1249
GB-000156,False,558
GB-000157,False,867
GB-000158,False,582
GB-000159,False,1225
GB-000160,False,791
GB-000161,False,9
GB-000162,False,795
GB-000163,False,296
GB-000164,True,1244
GB-000165,True,29
GB-000166,False,162
GB-000167,True,1495
GB-000168,False,448
GB-000169,True,121
GB-000170,False,594
GB-000171,False,863
GB-000172,False,218
GB-000173,False,53
GB-000174,True,751
GB-000175,True,641
GB-000176,False,1486
GB-000177,True,631
GB-000178,False,1395
GB-000179,True,1436
GB-000180,False,541
GB-000181,False,308
GB-000182,True,1090
GB-000183,True,763
GB-000184,False,761
GB-000185,False,1309
GB-000186,False,1199
GB-000187,False,415
GB-000188,True,681
GB-000189,True,211
GB-000190,False,1328
GB-000191,False,254
GB-000192,True,335
GB-000193,False,75
GB-000194,True,768
GB-000195,True,302
GB-000196,True,1151
GB-000197,True,1491
GB-000198,False,1466
GB-000199,True,1022
GB-000200,False,704
GB-000201,True,327
GB-000202,True,789
GB-000203,False,1403
GB-000204,True,662
GB-000205,True,1359
GB-000206,False,1042
GB-000207,True,578
GB-000208,False,783
GB-000209,False,561
GB-000210,False,647
GB-000211,True,367
GB-000212,True,1365
GB-000213,False,1025
GB-000214,False,230
GB-000215,True,188
GB-000216,False,697
GB-000217,True,1207
GB-000218,True,1265
GB-000219,False,1090
GB-000220,False,535
GB-000221,True,725
GB-000222,False,1234
GB-000223,False,1209
GB-000224,True,1098
GB-000225,False,258
GB-000226,False,228
GB-000227,False,1118
GB-000228,True,1036
GB-000229,True,201
GB-000230,True,55
GB-000231,False,894
GB-000232,True,755
GB-000233,False,1203
GB-000234,True,369
GB-000235,True,685
GB-000236,False,290
GB-000237,True,1113
GB-000238,True,1370
GB-000239,False,1112
GB-000240,True,764
GB-000241,False,566
GB-000242,False,928
GB-000243,False,337
GB-000244,False,1026
GB-000245,False,880
GB-000246,True,1311
GB-000247,False,10
GB-000248,True,1364
GB-000249,False,976
GB-000250,False,523
GB-000251,False,679
GB-000252,True,601
GB-000253,True,166
GB-000254,False,699
GB-000255,True,211
GB-000256,True,49
GB-000257,True,66
GB-000258,True,1408
GB-000259,True,1233
GB-000260,True,701
GB-000261,True,83
GB-000262,True,105
GB-000263,True,813
GB-000264,False,1436
GB-000265,False,192
GB-000266,False,634
GB-000267,False,141
GB-000268,True,1431
GB-000269,True,417
GB-000270,True,635
GB-000271,False,251
GB-000272,False,847
GB-000273,False,209
GB-000274,False,254
GB-000275,False,222
GB-000276,False,1324
GB-000277,False,6
GB-000278,True,864
GB-000279,True,759
GB-000280,False,545
GB-000281,False,411
GB-000282,True,4
GB-000283,False,522
GB-000284,True,501
GB-000285,True,852
GB-000286,True,1203
GB-000287,True,651
GB-000288,True,815
GB-000289,True,185
GB-000290,False,21
GB-000291,False,1074
GB-000292,True,212
GB-000293,True,499
GB-000294,True,277
GB-000295,False,635
GB-000296,False,1436
GB-000297,True,1324
GB-000298,False,625
GB-000299,False,295
GB-000300,False,943
GB-000301,False,352
GB-000302,False,84
GB-000303,False,817
GB-000304,False,403
GB-000305,True,257
GB-000306,True,1370
GB-000307,True,1338
GB-000308,False,959
GB-000309,False,421
GB-000310,False,1283
GB-000311,False,391
GB-000312,False,1396
GB-000313,True,703
GB-000314,True,617
GB-000315,False,1098
GB-000316,False,1295
GB-000317,False,634
GB-000318,False,1241
GB-000319,False,1131
GB-000320,False,450
GB-000321,False,860
GB-000322,True,739
GB-000323,True,312
GB-000324,True,1328
GB-000325,True,182
GB-000326,True,340
GB-000327,True,943
GB-000328,False,1258
GB-000329,True,202
GB-000330,False,224
GB-000331,False,377
GB-000332,False,1028
GB-000333,False,803
GB-000334,False,541
GB-000335,False,125
GB-000336,True,271
GB-000337,False,587
GB-000338,False,687
GB-000339,False,931
GB-000340,False,1415
GB-000341,False,1343
GB-000342,False,705
GB-000343,True,742
GB-000344,False,148
GB-000345,True,1330
GB-000346,False,1002
GB-000347,False,653
GB-000348,False,1432
GB-000349,True,875
GB-000350,True,1169
GB-000351,False,1040
GB-000352,False,101
GB-000353,False,1468
GB-000354,True,86
GB-000355,False,7
GB-000356,False,277
GB-000357,False,867
GB-000358,False,112
GB-000359,False,1085
GB-000360,False,1423
GB-000361,True,167
GB-000362,True,908
GB-000363,False,9
GB-000364,False,596
GB-000365,False,868
GB-000366,False,1215
GB-000367,True,78
GB-000368,False,296
GB-000369,False,661
GB-000370,True,869
GB-000371,True,304
GB-000372,True,826
GB-000373,False,841
GB-000374,False,866
GB-000375,True,563
GB-000376,False,1188
GB-000377,True,507
GB-000378,True,124
GB-000379,False,950
GB-000380,True,1465
GB-000381,False,1106
GB-000382,False,1055
GB-000383,False,157
GB-000384,True,596
GB-000385,False,570
GB-000386,False,1184
GB-000387,False,194
GB-000388,False,900
GB-000389,True,157
GB-000390,True,1483
GB-000391,True,268
GB-000392,True,30
GB-000393,False,227
GB-000394,False,44
GB-000395,True,880
GB-000396,False,343
GB-000397,True,127
GB-000398,True,683
GB-000399,False,266
GB-000400,True,1230
GB-000401,False,403
GB-000402,False,783
GB-000403,False,848
GB-000404,False,757
GB-000405,False,150
GB-000406,False,204
GB-000407,False,1052
GB-000408,True,572
GB-000409,False,1176
GB-000410,True,88
GB-000411,True,928
GB-000412,False,1335
GB-000413,True,412
GB-000414,False,1124
GB-000415,False,697
GB-000416,False,210
GB-000417,False,665
GB-000418,False,1234
GB-000419,False,864
GB-000420,False,292
GB-000421,False,276
GB-000422,True,1069
GB-000423,False,8
GB-000424,True,1139
GB-000425,True,558
GB-000426,False,429
GB-000427,False,1325
GB-000428,False,232
GB-000429,False,1281
GB-000430,False,457
GB-000431,False,1278
GB-000432,False,701
GB-000433,False,45
GB-000434,False,1076
GB-000435,True,633
GB-000436,False,355
GB-000437,False,243
GB-000438,False,1283
GB-000439,False,413
GB-000440,False,1166
GB-000441,False,1393
GB-000442,False,656
GB-000443,True,215
GB-000444,False,247
GB-000445,True,725
GB-000446,True,754
GB-000447,False,283
GB-000448,False,848
GB-000449,False,616
GB-000450,False,409
GB-000451,True,1036
GB-000452,False,97
GB-000453,False,118
GB-000454,False,661
GB-000455,True,917
GB-000456,True,361
GB-000457,True,1192
GB-000458,False,824
GB-000459,False,859
GB-000460,True,70
GB-000461,False,107
GB-000462,False,369
GB-000463,True,709
GB-000464,True,47
GB-000465,True,63
GB-000466,True,1081
GB-000467,True,1446
GB-000468,False,1087
GB-000469,False,1332
GB-000470,False,792
GB-000471,False,584
GB-000472,True,698
GB-000473,True,57
GB-000474,False,826
GB-000475,True,119
GB-000476,False,417
GB-000477,False,190
GB-000478,False,1109
GB-000479,True,698
GB-000480,False,743
GB-000481,True,93
GB-000482,False,224
GB-000483,False,1065
GB-000484,True,385
GB-000485,False,1455
GB-000486,True,1493
GB-000487,True,865
GB-000488,True,35
GB-000489,False,1089
GB-000490,False,1087
GB-000491,False,750
GB-000492,False,274
GB-000493,True,910
GB-000494,False,1495
GB-000495,False,630
GB-000496,False,944
GB-000497,False,733
GB-000498,True,41
GB-000499,True,857
GB-000500,False,870
GB-000501,False,1339
GB-000502,False,19
GB-000503,False,1023
GB-000504,False,1258
GB-000505,False,1401
GB-000506,True,1351
GB-000507,False,1488
GB-000508,False,644
GB-000509,False,506
GB-000510,False,458
GB-000511,False,1039
GB-000512,False,344
GB-000513,True,1191
GB-000514,False,1193
GB-000515,True,921
GB-000516,True,1499
GB-000517,True,1118
GB-000518,True,290
GB-000519,False,826
GB-000520,False,246
GB-000521,True,171
GB-000522,True,512
GB-000523,False,1167
GB-000524,True,1114
GB-000525,True,1402
GB-000526,False,596
GB-000527,False,167
GB-000528,False,1484
GB-000529,True,800
GB-000530,False,920
GB-000531,False,51
GB-000532,False,102
GB-000533,False,535
GB-000534,False,946
GB-000535,True,1217
GB-000536,False,110
GB-000537,False,224
GB-000538,False,68
GB-000539,False,10
GB-000540,True,587
GB-000541,False,466
GB-000542,True,972
GB-000543,False,451
GB-000544,False,620
GB-000545,False,894
GB-000546,True,1241
GB-000547,True,1034
GB-000548,False,665
GB-000549,False,223
GB-000550,True,833
GB-000551,True,825
GB-000552,False,411
GB-000553,True,367
GB-000554,False,500
GB-000555,False,1029
GB-000556,False,837
GB-000557,False,1353
GB-000558,True,251
GB-000559,False,256
GB-000560,False,210
GB-000561,True,61
GB-000562,True,1011
GB-000563,True,297
GB-000564,False,59
GB-000565,False,1334
GB-000566,False,1257
GB-000567,False,1192
GB-000568,True,736
GB-000569,True,1293
GB-000570,True,682
GB-000571,True,1222
GB-000572,False,732
GB-000573,False,514
GB-000574,True,262
GB-000575,True,978
GB-000576,True,1423
GB-000577,False,297
GB-000578,False,652
GB-000579,False,1326
GB-000580,True,949
GB-000581,False,99
GB-000582,True,1124
GB-000583,False,931
GB-000584,True,1368
GB-000585,False,270
GB-000586,False,1027
GB-000587,False,474
GB-000588,False,1296
GB-000589,False,564
GB-000590,True,77
GB-000591,False,770
GB-000592,True,337
GB-000593,False,279
GB-000594,True,1465
GB-000595,True,1408
GB-000596,False,1109
GB-000597,False,597
GB-000598,True,557
GB-000599,False,1012
GB-000600,False,420
GB-000601,False,167
GB-000602,False,413
GB-000603,True,1386
GB-000604,True,1439
GB-000605,False,200
GB-000606,True,1479
GB-000607,True,47
GB-000608,True,342
GB-000609,False,231
GB-000610,False,968
GB-000611,False,1331
GB-000612,True,1098
GB-000613,False,228
GB-000614,True,1316
GB-000615,False,48
GB-000616,True,122
GB-000617,True,1352
GB-000618,False,167
GB-000619,True,142
GB-000620,False,1464
GB-000621,True,1144
GB-000622,True,738
GB-000623,False,333
GB-000624,False,26
GB-000625,False,1169
GB-000626,False,1228
GB-000627,False,1222
GB-000628,True,391
GB-000629,True,1040
GB-000630,True,197
GB-000631,False,157
GB-000632,True,763
GB-000633,False,1432
GB-000634,False,20
GB-000635,True,1305
GB-000636,False,12
GB-000637,True,1472
GB-000638,True,231
GB-000639,True,1341
GB-000640,True,413
GB-000641,False,1132
GB-000642,False,1485
GB-000643,False,225
GB-000644,False,934
GB-000645,False,1405
GB-000646,False,740
GB-000647,False,378
GB-000648,True,130
GB-000649,True,496
GB-000650,False,935
GB-000651,False,1452
GB-000652,True,28
GB-000653,True,228
GB-000654,False,674
GB-000655,True,536
GB-000656,False,850
GB-000657,False,214
GB-000658,False,1153
GB-000659,False,458
GB-000660,False,237
GB-000661,True,1394
GB-000662,False,77
GB-000663,True,183
GB-000664,False,351
GB-000665,True,1423
GB-000666,False,532
GB-000667,False,1225
GB-000668,False,1303
GB-000669,False,789
GB-000670,True,1336
GB-000671,True,375
GB-000672,False,724
GB-000673,False,406
GB-000674,False,814
GB-000675,True,689
GB-000676,False,772
GB-000677,False,159
GB-000678,False,935
GB-000679,True,1311
GB-000680,False,966
GB-000681,False,263
GB-000682,True,1416
GB-000683,False,672
GB-000684,True,283
GB-000685,True,35
GB-000686,True,937
GB-000687,False,1030
GB-000688,True,593
GB-000689,False,1479
GB-000690,False,98
GB-000691,True,654
GB-000692,False,1163
GB-000693,False,1353
GB-000694,True,606
GB-000695,False,1401
GB-000696,False,468
GB-000697,False,437
GB-000698,True,237
GB-000699,False,310
GB-000700,False,754
GB-000701,False,1440
GB-000702,False,981
GB-000703,False,660
GB-000704,False,282
GB-000705,False,229
GB-000706,False,345
GB-000707,False,1356
GB-000708,False,1157
GB-000709,False,319
GB-000710,False,580
GB-000711,True,700
GB-000712,False,1064
GB-000713,False,924
GB-000714,True,34
GB-000715,True,814
GB-000716,False,925
GB-000717,True,1414
GB-000718,True,1470
GB-000719,True,79
GB-000720,False,46
GB-000721,False,850
GB-000722,False,499
GB-000723,False,435
GB-000724,True,1463
GB-000725,True,402
GB-000726,False,377
GB-000727,True,437
GB-000728,False,612
GB-000729,True,371
GB-000730,False,866
GB-000731,False,369
GB-000732,True,410
GB-000733,False,494
GB-000734,False,620
GB-000735,False,129
GB-000736,False,1290
GB-000737,False,891
GB-000738,True,42
GB-000739,False,789
GB-000740,False,1003
GB-000741,True,1376
GB-000742,True,1080
GB-000743,True,1136
GB-000744,True,1195
GB-000745,False,734
GB-000746,True,478
GB-000747,False,669
GB-000748,False,1086
GB-000749,True,1092
GB-000750,False,912
GB-000751,True,199
GB-000752,True,1423
GB-000753,True,440
GB-000754,False,1002
GB-000755,False,724
GB-000756,True,401
GB-000757,True,1026
GB-000758,False,1167
GB-000759,False,211
GB-000760,True,441
GB-000761,False,382
GB-000762,True,1208
GB-000763,False,113
GB-000764,False,54
GB-000765,False,839
GB-000766,True,201
GB-000767,False,457
GB-000768,False,12
GB-000769,True,1327
GB-000770,True,988
GB-000771,False,328
GB-000772,True,924
GB-000773,False,529
GB-000774,True,129
GB-000775,False,969
GB-000776,False,515
GB-000777,True,162
GB-000778,True,408
GB-000779,True,289
GB-000780,True,1164
GB-000781,True,329
GB-000782,True,1297
GB-000783,True,94
GB-000784,False,1027
GB-000785,True,1393
GB-000786,False,804
GB-000787,False,651
GB-000788,True,327
GB-000789,False,159
GB-000790,True,579
GB-000791,False,353
GB-000792,False,181
GB-000793,True,431
GB-000794,False,123
GB-000795,True,487
GB-000796,False,885
GB-000797,False,941
GB-000798,True,998
GB-000799,True,937
GB-000800,True,1464
GB-000801,False,452
GB-000802,False,277
GB-000803,False,413
GB-000804,True,1285
GB-000805,False,959
GB-000806,False,1438
GB-000807,True,1082
GB-000808,False,407
GB-000809,False,975
GB-000810,False,296
GB-000811,False,1392
GB-000812,False,1218
GB-000813,False,1134
GB-000814,False,189
GB-000815,False,1015
GB-000816,True,1316
GB-000817,True,188
GB-000818,False,335
GB-000819,False,1333
GB-000820,False,87
GB-000821,True,1178
GB-000822,True,770
GB-000823,False,1160
GB-000824,True,730
GB-000825,False,568
GB-000826,False,423
GB-000827,True,199
GB-000828,True,85
GB-000829,True,213
GB-000830,False,602
GB-000831,False,568
GB-000832,False,403
GB-000833,False,1222
GB-000834,False,1345
GB-000835,False,870
GB-000836,True,1088
GB-000837,True,630
GB-000838,True,396
GB-000839,False,290
GB-000840,False,200
GB-000841,False,399
GB-000842,False,1193
GB-000843,False,1230
GB-000844,False,399
GB-000845,False,886
GB-000846,False,1309
GB-000847,True,625
GB-000848,True,1331
GB-000849,False,1075
GB-000850,False,36
GB-000851,False,278
GB-000852,False,1230
GB-000853,False,605
GB-000854,False,1244
GB-000855,True,137
GB-000856,False,1212
GB-000857,False,1425
GB-000858,False,798
GB-000859,True,1478
GB-000860,True,686
GB-000861,True,975
GB-000862,True,237
GB-000863,False,1220
GB-000864,False,265
GB-000865,False,46
GB-000866,True,1240
GB-000867,False,376
GB-000868,True,328
GB-000869,True,62
GB-000870,False,112
GB-000871,True,254
GB-000872,False,1054
GB-000873,False,710
GB-000874,True,1216
GB-000875,False,1403
GB-000876,False,1421
GB-000877,False,895
GB-000878,False,60
GB-000879,False,407
GB-000880,False,218
GB-000881,True,465
GB-000882,True,376
GB-000883,False,34
GB-000884,False,864
GB-000885,False,1254
GB-000886,False,1102
GB-000887,True,665
GB-000888,False,990
GB-000889,True,363
GB-000890,True,1165
GB-000891,True,523
GB-000892,True,1437
GB-000893,True,552
GB-000894,False,862
GB-000895,False,496
GB-000896,False,483
GB-000897,False,528
GB-000898,False,1239
GB-000899,False,1405
GB-000900,False,724
GB-000901,False,452
GB-000902,False,693
GB-000903,True,710
GB-000904,False,191
GB-000905,True,248
GB-000906,False,597
GB-000907,False,1460
GB-000908,True,951
GB-000909,False,255
GB-000910,True,613
GB-000911,False,1320
GB-000912,True,556
GB-000913,True,843
GB-000914,False,1452
GB-000915,False,322
GB-000916,False,941
GB-000917,True,850
GB-000918,True,956
GB-000919,False,751
GB-000920,True,485
GB-000921,False,867
GB-000922,False,935
GB-000923,False,452
GB-000924,False,1463
GB-000925,True,802
GB-000926,True,699
GB-000927,False,97
GB-000928,False,1229
GB-000929,False,24
GB-000930,True,519
GB-000931,False,178
GB-000932,False,616
GB-000933,False,1494
GB-000934,False,582
GB-000935,False,815
GB-000936,True,1096
GB-000937,False,699
GB-000938,False,272
GB-000939,True,356
GB-000940,True,885
GB-000941,False,242
GB-000942,True,1368
GB-000943,False,1089
GB-000944,True,1460
GB-000945,False,1364
GB-000946,True,98
GB-000947,True,1062
GB-000948,False,1217
GB-000949,True,744
GB-000950,False,1140
GB-000951,False,786
GB-000952,False,301
GB-000953,True,541
GB-000954,False,111
GB-000955,False,19
GB-000956,False,740
GB-000957,True,1055
GB-000958,False,1330
GB-000959,False,540
GB-000960,False,1280
GB-000961,False,1353
GB-000962,True,127
GB-000963,False,519
GB-000964,False,254
GB-000965,False,860
GB-000966,False,983
GB-000967,False,84
GB-000968,False,354
GB-000969,False,932
GB-000970,True,863
GB-000971,False,56
GB-000972,False,971
GB-000973,True,83
GB-000974,True,292
GB-000975,False,120
GB-000976,False,997
GB-000977,True,452
GB-000978,True,718
GB-000979,True,1422
GB-000980,True,245
GB-000981,False,665
GB-000982,False,293
GB-000983,False,578
GB-000984,True,250
GB-000985,False,1411
GB-000986,True,194
GB-000987,True,980
GB-000988,False,11
GB-000989,False,1343
GB-000990,False,553
GB-000991,False,864
GB-000992,True,1167
GB-000993,True,989
GB-000994,False,1040
GB-000995,False,1046
GB-000996,True,681
GB-000997,False,1317
GB-000998,False,1467
GB-000999,True,1300
GB-001000,True,1131
GB-001001,False,403
GB-001002,False,1096
GB-001003,True,804
GB-001004,False,806
GB-001005,True,1080
GB-001006,True,687
GB-001007,True,1233
GB-001008,True,45
GB-001009,True,1242
GB-001010,False,536
GB-001011,False,649
GB-001012,False,591
GB-001013,True,1022
GB-001014,False,859
GB-001015,True,540
GB-001016,True,1261
GB-001017,True,488
GB-001018,False,1034
GB-001019,True,1451
GB-001020,True,311
GB-001021,False,152
GB-001022,False,146
GB-001023,False,721
GB-001024,False,100
GB-001025,False,933
GB-001026,False,1483
GB-001027,True,836
GB-001028,False,116
GB-001029,False,911
GB-001030,True,741
GB-001031,False,430
GB-001032,False,1221
GB-001033,False,251
GB-001034,True,1190
GB-001035,False,582
GB-001036,False,726
GB-001037,True,1348
GB-001038,False,1319
GB-001039,False,1375
GB-001040,True,424
GB-001041,True,4
GB-001042,False,801
GB-001043,True,876
GB-001044,True,1059
GB-001045,False,1318
GB-001046,True,1058
GB-001047,True,911
GB-001048,True,1151
GB-001049,False,1499
GB-001050,False,969
GB-001051,True,1017
GB-001052,False,573
GB-001053,False,1381
GB-001054,False,1048
GB-001055,False,1114
GB-001056,False,555
GB-001057,True,435
GB-001058,True,1401
GB-001059,False,201
GB-001060,False,846
GB-001061,False,1026
GB-001062,False,478
GB-001063,False,100
GB-001064,True,98
GB-001065,False,686
GB-001066,True,139
GB-001067,False,348
GB-001068,False,716
GB-001069,False,1024
GB-001070,False,438
GB-001071,False,1138
GB-001072,False,774
GB-001073,False,1084
GB-001074,True,1354
GB-001075,True,239
GB-001076,False,1285
GB-001077,False,488
GB-001078,True,55
GB-001079,False,741
GB-001080,True,1379
GB-001081,False,1326
GB-001082,False,732
GB-001083,True,1490
GB-001084,False,1368
GB-001085,False,907
GB-001086,False,828
GB-001087,False,947
GB-001088,True,1459
GB-001089,False,323
GB-001090,False,263
GB-001091,True,969
GB-001092,True,632
GB-001093,False,298
GB-001094,False,236
GB-001095,False,958
GB-001096,False,316
GB-001097,True,718
GB-001098,False,855
GB-001099,True,292
GB-001100,True,713
GB-001101,True,1103
GB-001102,False,1321
GB-001103,False,800
GB-001104,False,1135
GB-001105,False,937
GB-001106,True,441
GB-001107,False,101
GB-001108,False,1426
GB-001109,False,629
GB-001110,False,641
GB-001111,False,869
GB-001112,False,23
GB-001113,False,1375
GB-001114,True,906
GB-001115,False,822
GB-001116,False,1097
GB-001117,True,309
GB-001118,False,92
GB-001119,False,65
GB-001120,False,1150
GB-001121,False,856
GB-001122,False,816
GB-001123,False,847
GB-001124,False,246
GB-001125,True,1390
GB-001126,True,1475
GB-001127,True,457
GB-001128,True,363
GB-001129,False,560
GB-001130,False,709
GB-001131,False,796
GB-001132,True,852
GB-001133,False,564
GB-001134,False,1057
GB-001135,True,830
GB-001136,True,1006
GB-001137,True,1113
GB-001138,True,885
GB-001139,False,464
GB-001140,True,886
GB-001141,False,1362
GB-001142,False,920
GB-001143,False,503
GB-001144,False,1485
GB-001145,False,1489
GB-001146,False,48
GB-001147,True,397
GB-001148,False,1003
GB-001149,True,467
GB-001150,False,243
GB-001151,True,526
GB-001152,False,401
GB-001153,False,1359
GB-001154,True,39
GB-001155,False,704
GB-001156,True,1056
GB-001157,True,1256
GB-001158,True,1121
GB-001159,False,85
GB-001160,True,342
GB-001161,True,631
GB-001162,False,355
GB-001163,False,365
GB-001164,True,1373
GB-001165,True,369
GB-001166,True,1304
GB-001167,True,673
GB-001168,False,1359
GB-001169,True,1251
GB-001170,False,394
GB-001171,False,149
GB-001172,True,1317
GB-001173,False,315
GB-001174,False,518
GB-001175,True,709
GB-001176,False,1383
GB-001177,True,996
GB-001178,False,1222
GB-001179,False,1164
GB-001180,False,1235
GB-001181,False,561
GB-001182,True,1282
GB-001183,True,1217
GB-001184,True,611
GB-001185,True,307
GB-001186,True,1071
GB-001187,False,1495
GB-001188,True,1194
GB-001189,False,832
GB-001190,False,71
GB-001191,True,1405
GB-001192,False,612
GB-001193,False,410
GB-001194,False,986
GB-001195,True,412
GB-001196,False,39
GB-001197,True,505
GB-001198,True,1498
GB-001199,False,1311
GB-001200,True,14
GB-001201,True,1314
GB-001202,True,156
GB-001203,False,1485
GB-001204,False,123
GB-001205,False,1293
GB-001206,True,166
GB-001207,True,1227
GB-001208,True,422
GB-001209,False,396
GB-001210,False,989
GB-001211,False,767
GB-001212,True,1054
GB-001213,False,511
GB-001214,True,48
GB-001215,True,890
GB-001216,True,152
GB-001217,True,211
GB-001218,False,1292
GB-001219,False,151
GB-001220,True,1045
GB-001221,True,398
GB-001222,False,510
GB-001223,False,399
GB-001224,False,572
GB-001225,True,1240
GB-001226,False,226
GB-001227,False,370
GB-001228,True,861
GB-001229,True,1187
GB-001230,True,534
GB-001231,True,437
GB-001232,True,1170
GB-001233,False,135
GB-001234,False,1233
GB-001235,True,537
GB-001236,False,220
GB-001237,False,1156
GB-001238,False,473
GB-001239,False,480
GB-001240,True,93
GB-001241,True,191
GB-001242,False,924
GB-001243,False,97
GB-001244,False,1162
GB-001245,True,1207
GB-001246,True,889
GB-001247,False,846
GB-001248,True,1074
GB-001249,False,528
GB-001250,False,963
GB-001251,True,74
GB-001252,False,1280
GB-001253,True,1452
GB-001254,False,867
GB-001255,False,499
GB-001256,False,189
GB-001257,True,1004
GB-001258,False,275
GB-001259,True,230
GB-001260,False,589
GB-001261,True,1447
GB-001262,True,1209
GB-001263,False,801
GB-001264,False,1004
GB-001265,True,860
GB-001266,True,906
GB-001267,False,992
GB-001268,False,363
GB-001269,True,506
GB-001270,False,1454
GB-001271,True,660
GB-001272,False,1394
GB-001273,False,1438
GB-001274,True,893
GB-001275,True,440
GB-001276,True,764
GB-001277,True,1
GB-001278,False,252
GB-001279,False,543
GB-001280,True,1414
GB-001281,False,938
GB-001282,False,1208
GB-001283,True,1449
GB-001284,False,500
GB-001285,False,554
GB-001286,False,1401
GB-001287,False,1077
GB-001288,True,457
GB-001289,True,620
GB-001290,True,660
GB-001291,True,1066
GB-001292,True,454
GB-001293,False,1347
GB-001294,True,1330
GB-001295,False,620
GB-001296,False,1212
GB-001297,True,1394
GB-001298,False,1252
GB-001299,False,1237
GB-001300,True,783
GB-001301,False,1293
GB-001302,False,189
GB-001303,False,1120
GB-001304,True,503
GB-001305,False,995
GB-001306,True,121
GB-001307,False,1093
GB-001308,False,743
GB-001309,True,1054
GB-001310,False,539
GB-001311,False,430
GB-001312,False,440
GB-001313,True,1468
GB-001314,False,1470
GB-001315,False,11
GB-001316,False,1094
GB-001317,False,261
GB-001318,False,1222
GB-001319,True,527
GB-001320,False,1083
GB-001321,True,745
GB-001322,True,1462
GB-001323,False,1241
GB-001324,True,879
GB-001325,True,44
GB-001326,True,780
GB-001327,True,371
GB-001328,False,282
GB-001329,False,964
GB-001330,False,102
GB-001331,False,415
GB-001332,False,1417
GB-001333,False,192
GB-001334,False,1454
GB-001335,True,765
GB-001336,False,456
GB-001337,True,49
GB-001338,True,38
GB-001339,False,564
GB-001340,False,222
GB-001341,False,1480
GB-001342,True,1344
GB-001343,True,112
GB-001344,True,834
GB-001345,False,515
GB-001346,True,1032
GB-001347,True,208
GB-001348,False,1261
GB-001349,True,230
GB-001350,True,576
GB-001351,False,406
GB-001352,False,727
GB-001353,True,1125
GB-001354,False,272
GB-001355,False,253
GB-001356,False,691
GB-001357,False,456
GB-001358,False,218
GB-001359,False,982
GB-001360,True,259
GB-001361,False,1175
GB-001362,False,855
GB-001363,False,935
GB-001364,False,1059
GB-001365,False,1247
GB-001366,True,342
GB-001367,True,933
GB-001368,True,1423
GB-001369,True,1058
GB-001370,True,321
GB-001371,False,76
GB-001372,True,665
GB-001373,False,1410
GB-001374,False,1115
GB-001375,True,897
GB-001376,True,1210
GB-001377,False,845
GB-001378,False,244
GB-001379,False,630
GB-001380,False,353
GB-001381,False,1075
GB-001382,False,200
GB-001383,False,483
GB-001384,False,655
GB-001385,False,660
GB-001386,False,860
GB-001387,False,1361
GB-001388,True,104
GB-001389,True,50
GB-001390,False,1466
GB-001391,True,48
GB-001392,True,1103
GB-001393,False,424
GB-001394,True,1464
GB-001395,True,554
GB-001396,True,945
GB-001397,False,882
GB-001398,False,838
GB-001399,False,120
GB-001400,True,799
GB-001401,True,1484
GB-001402,False,1360
GB-001403,False,415
GB-001404,False,326
GB-001405,True,1438
GB-001406,True,58
GB-001407,False,532
GB-001408,False,1260
GB-001409,True,1218
GB-001410,False,569
GB-001411,False,1184
GB-001412,True,844
GB-001413,False,1072
GB-001414,False,1111
GB-001415,True,685
GB-001416,True,106
GB-001417,True,585
GB-001418,True,1246
GB-001419,False,530
GB-001420,True,750
GB-001421,True,540
GB-001422,False,1311
GB-001423,False,557
GB-001424,False,668
GB-001425,False,1405
GB-001426,True,601
GB-001427,False,1371
GB-001428,False,892
GB-001429,False,1384
GB-001430,False,1133
GB-001431,False,885
GB-001432,True,635
GB-001433,False,1190
GB-001434,False,663
GB-001435,False,838
GB-001436,True,530
GB-001437,False,739
GB-001438,False,1281
GB-001439,True,405
GB-001440,True,1364
GB-001441,False,551
GB-001442,True,1401
GB-001443,True,1335
GB-001444,True,962
GB-001445,True,881
GB-001446,False,567
GB-001447,True,364
GB-001448,True,456
GB-001449,False,1335
GB-001450,False,533
GB-001451,True,1441
GB-001452,False,1279
GB-001453,True,193
GB-001454,False,543
GB-001455,False,160
GB-001456,False,1093
GB-001457,False,354
GB-001458,False,1350
GB-001459,False,442
GB-001460,False,186
GB-001461,False,1375
GB-001462,True,1005
GB-001463,False,1447
GB-001464,False,1431
GB-001465,True,131
GB-001466,False,229
GB-001467,True,77
GB-001468,False,1276
GB-001469,True,1351
GB-001470,True,28
GB-001471,False,676
GB-001472,True,146
GB-001473,False,1123
GB-001474,False,253
GB-001475,False,968
GB-001476,True,119
GB-001477,False,539
GB-001478,False,879
GB-001479,False,291
GB-001480,False,862
GB-001481,True,931
GB-001482,False,402
GB-001483,False,222
GB-001484,False,487
GB-001485,False,1028
GB-001486,True,1151
GB-001487,True,597
GB-001488,False,30
GB-001489,False,272
GB-001490,False,160
GB-001491,True,704
GB-001492,False,952
GB-001493,True,620
GB-001494,True,1435
GB-001495,False,654
GB-001496,False,361
GB-001497,False,1420
GB-001498,False,890
GB-001499,True,117
GB-001500,True,1134
GB-001501,True,1145
GB-001502,False,1215
GB-001503,True,481
GB-001504,False,705
GB-001505,True,803
GB-001506,False,54
GB-001507,False,419
GB-001508,True,861
GB-001509,False,1445
GB-001510,False,123
GB-001511,True,1137
GB-001512,False,445
GB-001513,False,767
GB-001514,False,1180
GB-001515,False,1363
GB-001516,False,653
GB-001517,False,631
GB-001518,True,57
GB-001519,True,683
GB-001520,False,1416
GB-001521,True,1237
GB-001522,False,723
GB-001523,False,1029
GB-001524,False,645
GB-001525,True,1060
GB-001526,True,1117
GB-001527,False,1319
GB-001528,True,520
GB-001529,False,1278
GB-001530,False,123
GB-001531,False,8
GB-001532,True,100
GB-001533,True,1132
GB-001534,False,198
GB-001535,False,787
GB-001536,True,624
GB-001537,False,469
GB-001538,True,1322
GB-001539,False,1318
GB-001540,False,187
GB-001541,True,998
GB-001542,True,518
GB-001543,False,265
GB-001544,False,676
GB-001545,False,605
GB-001546,False,1106
GB-001547,False,114
GB-001548,False,821
GB-001549,True,201
GB-001550,True,708
GB-001551,False,615
GB-001552,False,1300
GB-001553,True,766
GB-001554,True,692
GB-001555,True,1129
GB-001556,False,23
GB-001557,False,884
GB-001558,False,733
GB-001559,True,823
GB-001560,True,1321
GB-001561,True,1053
GB-001562,True,1157
GB-001563,True,659
GB-001564,False,1010
GB-001565,True,793
GB-001566,False,517
GB-001567,True,261
GB-001568,True,247
GB-001569,True,726
GB-001570,False,94
GB-001571,True,506
GB-001572,True,453
GB-001573,True,470
GB-001574,False,1107
GB-001575,False,815
GB-001576,False,425
GB-001577,True,1235
GB-001578,False,819
GB-001579,False,855
GB-001580,False,887
GB-001581,True,1469
GB-001582,False,503
GB-001583,True,883
GB-001584,False,530
GB-001585,False,1310
GB-001586,False,979
GB-001587,False,90
GB-001588,True,117
GB-001589,False,837
GB-001590,True,115
GB-001591,True,1051
GB-001592,False,436
GB-001593,False,729
GB-001594,True,1111
GB-001595,False,300
GB-001596,False,1335
GB-001597,True,1463
GB-001598,False,626
GB-001599,True,631
GB-001600,False,442
GB-001601,True,622
GB-001602,True,178
GB-001603,False,171
GB-001604,False,1420
GB-001605,True,865
GB-001606,False,1479
GB-001607,False,1457
GB-001608,True,117
GB-001609,False,1276
GB-001610,False,685
GB-001611,False,974
GB-001612,False,362
GB-001613,False,300
GB-001614,False,570
GB-001615,False,695
GB-001616,True,233
GB-001617,False,940
GB-001618,False,155
GB-001619,False,856
GB-001620,True,762
GB-001621,False,10
GB-001622,False,1192
GB-001623,True,1141
GB-001624,False,1332
GB-001625,False,473
GB-001626,True,961
GB-001627,False,678
GB-001628,False,553
GB-001629,False,21
GB-001630,True,316
GB-001631,False,246
GB-001632,False,490
GB-001633,False,968
GB-001634,True,784
GB-001635,False,1052
GB-001636,True,330
GB-001637,False,574
GB-001638,False,363
GB-001639,True,421
GB-001640,True,1283
GB-001641,False,1044
GB-001642,False,737
GB-001643,False,968
GB-001644,True,689
GB-001645,False,256
GB-001646,True,273
GB-001647,True,728
GB-001648,False,108
GB-001649,False,783
GB-001650,True,49
GB-001651,True,997
GB-001652,True,633
GB-001653,False,330
GB-001654,False,229
GB-001655,False,1071
GB-001656,False,305
GB-001657,True,907
GB-001658,True,648
GB-001659,True,1003
GB-001660,True,334
GB-001661,False,577
GB-001662,True,683
GB-001663,False,254
GB-001664,True,1270
GB-001665,True,1144
GB-001666,False,1215
GB-001667,False,332
GB-001668,True,1293
GB-001669,False,1214
GB-001670,True,570
GB-001671,False,952
GB-001672,False,745
GB-001673,False,946
GB-001674,True,245
GB-001675,True,250
GB-001676,True,884
GB-001677,True,1239
GB-001678,True,56
GB-001679,False,1100
GB-001680,False,445
GB-001681,False,523
GB-001682,False,113
GB-001683,True,1302
GB-001684,True,1311
GB-001685,False,779
GB-001686,True,520
GB-001687,True,120
GB-001688,False,442
GB-001689,True,253
GB-001690,True,932
GB-001691,False,310
GB-001692,False,934
GB-001693,True,53
GB-001694,False,242
GB-001695,False,267
GB-001696,True,401
GB-001697,False,1413
GB-001698,True,751
GB-001699,False,412
GB-001700,True,659
GB-001701,False,573
GB-001702,True,1410
GB-001703,False,1405
GB-001704,False,1229
GB-001705,True,1018
GB-001706,False,20
GB-001707,False,563
GB-001708,False,250
GB-001709,True,1489
GB-001710,False,938
GB-001711,False,35
GB-001712,False,1444
GB-001713,True,1230
GB-001714,False,629
GB-001715,False,213
GB-001716,False,1432
GB-001717,True,370
GB-001718,False,1470
GB-001719,False,385
GB-001720,False,729
GB-001721,False,1482
GB-001722,True,182
GB-001723,False,1104
GB-001724,False,1150
GB-001725,True,1432
GB-001726,True,40
GB-001727,False,479
GB-001728,False,256
GB-001729,False,375
GB-001730,True,602
GB-001731,False,86
GB-001732,False,1139
GB-001733,True,1498
GB-001734,True,382
GB-001735,True,88
GB-001736,False,1460
GB-001737,False,67
GB-001738,False,770
GB-001739,True,1352
GB-001740,True,1376
GB-001741,False,569
GB-001742,False,1102
GB-001743,True,1401
GB-001744,True,1022
GB-001745,True,877
GB-001746,False,1074
GB-001747,True,155
GB-001748,False,552
GB-001749,False,1297
GB-001750,False,978
GB-001751,False,597
GB-001752,True,658
GB-001753,False,1147
GB-001754,True,1477
GB-001755,True,788
GB-001756,False,634
GB-001757,False,985
GB-001758,True,290
GB-001759,True,169
GB-001760,False,1387
GB-001761,True,925
GB-001762,False,868
GB-001763,False,649
GB-001764,True,114
GB-001765,False,68
GB-001766,True,1233
GB-001767,False,481
GB-001768,False,1457
GB-001769,True,1308
GB-001770,False,236
GB-001771,False,130
GB-001772,True,148
GB-001773,False,491
GB-001774,True,992
GB-001775,False,645
GB-001776,False,916
GB-001777,True,1223
GB-001778,True,223
GB-001779,True,1047
GB-001780,True,978
GB-001781,False,616
GB-001782,False,177
GB-001783,False,1306
GB-001784,False,28
GB-001785,True,817
GB-001786,False,405
GB-001787,True,848
GB-001788,False,736
GB-001789,False,579
GB-001790,False,1234
GB-001791,True,664
GB-001792,True,1404
GB-001793,True,1075
GB-001794,True,77
GB-001795,False,1327
GB-001796,True,1415
GB-001797,True,501
GB-001798,False,1415
GB-001799,False,1186
GB-001800,True,854
GB-001801,False,639
GB-001802,False,363
GB-001803,True,183
GB-001804,False,568
GB-001805,True,438
GB-001806,False,541
GB-001807,True,1388
GB-001808,False,943
GB-001809,False,901
GB-001810,False,1347
GB-001811,True,141
GB-001812,True,538
GB-001813,False,5
GB-001814,False,777
GB-001815,True,871
GB-001816,False,1175
GB-001817,True,464
GB-001818,False,543
GB-001819,False,963
GB-001820,True,1447
GB-001821,True,142
GB-001822,False,827
GB-001823,False,638
GB-001824,False,656
GB-001825,False,1439
GB-001826,False,767
GB-001827,False,755
GB-001828,False,715
GB-001829,False,766
GB-001830,True,399
GB-001831,True,758
GB-001832,False,89
GB-001833,True,308
GB-001834,True,1395
GB-001835,True,1449
GB-001836,False,1230
GB-001837,True,78
GB-001838,True,218
GB-001839,False,117
GB-001840,False,722
GB-001841,True,1113
GB-001842,False,1015
GB-001843,True,952
GB-001844,True,1007
GB-001845,False,728
GB-001846,False,776
GB-001847,False,682
GB-001848,True,1405
GB-001849,False,802
GB-001850,False,819
GB-001851,False,86
GB-001852,False,213
GB-001853,True,963
GB-001854,False,1497
GB-001855,False,1315
GB-001856,False,168
GB-001857,True,1143
GB-001858,False,1376
GB-001859,True,291
GB-001860,False,168
GB-001861,True,724
GB-001862,False,841
GB-001863,False,890
GB-001864,False,1351
GB-001865,False,707
GB-001866,False,1311
GB-001867,False,63
GB-001868,False,212
GB-001869,False,308
GB-001870,False,1296
GB-001871,True,256
GB-001872,True,687
GB-001873,False,858
GB-001874,True,14
GB-001875,False,766
GB-001876,False,383
GB-001877,True,602
GB-001878,False,1313
GB-001879,True,801
GB-001880,False,1248
GB-001881,False,916
GB-001882,True,1114
GB-001883,False,704
GB-001884,False,1468
GB-001885,True,797
GB-001886,False,396
GB-001887,False,354
GB-001888,False,1062
GB-001889,True,640
GB-001890,True,367
GB-001891,False,820
GB-001892,False,402
GB-001893,False,615
GB-001894,False,485
GB-001895,True,1314
GB-001896,True,682
GB-001897,False,1114
GB-001898,False,1180
GB-001899,False,152
GB-001900,False,795
GB-001901,True,328
GB-001902,False,305
GB-001903,False,751
GB-001904,False,326
GB-001905,True,874
GB-001906,False,187
GB-001907,False,1303
GB-001908,False,1212
GB-001909,False,1475
GB-001910,False,724
GB-001911,False,821
GB-001912,False,813
GB-001913,True,142
GB-001914,False,1246
GB-001915,False,231
GB-001916,True,1498
GB-001917,False,329
GB-001918,False,426
GB-001919,False,240
GB-001920,True,674
GB-001921,False,1167
GB-001922,False,1266
GB-001923,False,1359
GB-001924,False,873
GB-001925,False,168
GB-001926,False,1087
GB-001927,False,41
GB-001928,True,822
GB-001929,False,171
GB-001930,False,145
GB-001931,False,1286
GB-001932,False,1180
GB-001933,True,542
GB-001934,False,927
GB-001935,True,1004
GB-001936,False,1343
GB-001937,False,134
GB-001938,False,1152
GB-001939,False,1006
GB-001940,False,1121
GB-001941,False,931
GB-001942,True,314
GB-001943,False,1132
GB-001944,False,877
GB-001945,False,463
GB-001946,False,1040
GB-001947,True,75
GB-001948,False,683
GB-001949,False,306
GB-001950,False,142
GB-001951,True,230
GB-001952,True,1168
GB-001953,False,193
GB-001954,False,947
GB-001955,False,918
GB-001956,True,216
GB-001957,True,102
GB-001958,True,506
GB-001959,False,1320
GB-001960,True,599
GB-001961,True,612
GB-001962,False,351
GB-001963,False,1178
GB-001964,True,1305
GB-001965,True,1377
GB-001966,False,1138
GB-001967,False,727
GB-001968,False,816
GB-001969,True,788
GB-001970,True,1177
GB-001971,False,197
GB-001972,True,401
GB-001973,True,858
GB-001974,True,1021
GB-001975,False,1039
GB-001976,False,1302
GB-001977,True,1150
GB-001978,False,83
GB-001979,False,981
GB-001980,False,653
GB-001981,False,869
GB-001982,False,514
GB-001983,True,728
GB-001984,False,745
GB-001985,False,1214
GB-001986,False,761
GB-001987,False,665
GB-001988,False,186
GB-001989,True,247
GB-001990,False,117
GB-001991,True,413
GB-001992,True,250
GB-001993,False,715
GB-001994,True,826
GB-001995,True,1395
GB-001996,True,852
GB-001997,False,535
GB-001998,False,1430
GB-001999,False,738
GB-002000,False,166
GB-002001,True,1030
GB-002002,False,130
GB-002003,False,1219
GB-002004,False,571
GB-002005,False,356
GB-002006,True,343
GB-002007,False,1096
GB-002008,True,181
GB-002009,False,773
GB-002010,True,657
GB-002011,True,182
GB-002012,False,115
GB-002013,True,179
GB-002014,False,308
GB-002015,False,915
GB-002016,False,1118
GB-002017,True,335
GB-002018,True,21
GB-002019,False,882
GB-002020,False,1035
GB-002021,False,727
GB-002022,True,641
GB-002023,True,774
GB-002024,False,1177
GB-002025,True,1143
GB-002026,True,787
GB-002027,False,960
GB-002028,True,781
GB-002029,True,275
GB-002030,False,394
GB-002031,False,1037
GB-002032,True,1260
GB-002033,True,1317
GB-002034,False,541
GB-002035,False,1412
GB-002036,False,440
GB-002037,True,592
GB-002038,False,1296
GB-002039,False,348
GB-002040,True,779
GB-002041,True,1314
GB-002042,True,1166
GB-002043,False,1379
GB-002044,False,55
GB-002045,False,525
GB-002046,False,871
GB-002047,True,607
GB-002048,False,424
GB-002049,False,47
GB-002050,True,1331
GB-002051,False,412
GB-002052,True,270
GB-002053,False,660
GB-002054,False,558
GB-002055,True,1444
GB-002056,True,348
GB-002057,False,1421
GB-002058,False,212
GB-002059,False,1322
GB-002060,False,1071
GB-002061,False,150
GB-002062,False,289
GB-002063,True,1480
GB-002064,False,678
GB-002065,False,1070
GB-002066,False,829
GB-002067,False,1208
GB-002068,False,426
GB-002069,False,908
GB-002070,False,1098
GB-002071,False,839
GB-002072,True,77
GB-002073,True,81
GB-002074,False,789
GB-002075,True,770
GB-002076,False,1053
GB-002077,False,168
GB-002078,False,267
GB-002079,False,787
GB-002080,False,445
GB-002081,False,463
GB-002082,True,879
GB-002083,False,1289
GB-002084,True,914
GB-002085,False,1063
GB-002086,False,623
GB-002087,False,429
GB-002088,True,375
GB-002089,False,1212
GB-002090,False,680
GB-002091,True,966
GB-002092,True,1258
GB-002093,True,277
GB-002094,True,1476
GB-002095,False,1174
GB-002096,True,749
GB-002097,True,805
GB-002098,True,28
GB-002099,True,186
GB-002100,False,1179
GB-002101,False,258
GB-002102,False,1270
GB-002103,True,256
GB-002104,False,1361
GB-002105,True,385
GB-002106,False,469
GB-002107,False,1112
GB-002108,False,19
GB-002109,True,926
GB-002110,False,1175
GB-002111,False,1389
GB-002112,False,315
GB-002113,False,845
GB-002114,True,1477
GB-002115,False,653
GB-002116,False,973
GB-002117,False,1097
GB-002118,False,269
GB-002119,False,838
GB-002120,True,233
GB-002121,False,1163
GB-002122,False,832
GB-002123,True,1237
GB-002124,False,722
GB-002125,False,526
GB-002126,False,10
GB-002127,False,87
GB-002128,False,899
GB-002129,False,709
GB-002130,True,941
GB-002131,False,399
GB-002132,False,862
GB-002133,False,385
GB-002134,True,290
GB-002135,False,1332
GB-002136,False,297
GB-002137,True,97
GB-002138,False,1105
GB-002139,True,351
GB-002140,False,894
GB-002141,True,1406
GB-002142,True,370
GB-002143,True,1426
GB-002144,False,835
GB-002145,False,1265
GB-002146,True,78
GB-002147,True,654
GB-002148,True,1442
GB-002149,True,1343
GB-002150,False,129
GB-002151,False,124
GB-002152,False,751
GB-002153,False,1480
GB-002154,False,491
GB-002155,False,853
GB-002156,False,423
GB-002157,True,1499
GB-002158,True,312
GB-002159,False,38
GB-002160,True,874
GB-002161,True,304
GB-002162,False,797
GB-002163,True,451
GB-002164,False,1212
GB-002165,False,1337
GB-002166,False,39
GB-002167,False,773
GB-002168,True,545
GB-002169,False,1193
GB-002170,False,1237
GB-002171,False,68
GB-002172,True,513
GB-002173,True,1458
GB-002174,True,324
GB-002175,True,397
GB-002176,True,1495
GB-002177,False,1228
GB-002178,True,837
GB-002179,False,584
GB-002180,False,437
GB-002181,True,923
GB-002182,True,467
GB-002183,True,865
GB-002184,True,514
GB-002185,False,118
GB-002186,False,767
GB-002187,True,785
GB-002188,False,761
GB-002189,False,719
GB-002190,False,508
GB-002191,False,1432
GB-002192,False,1478
GB-002193,False,688
GB-002194,True,596
GB-002195,False,127
GB-002196,False,799
GB-002197,True,1282
GB-002198,False,1182
GB-002199,False,227
GB-002200,True,1157
GB-002201,False,831
GB-002202,False,699
GB-002203,False,346
GB-002204,False,1196
GB-002205,False,882
GB-002206,False,954
GB-002207,False,1342
GB-002208,False,964
GB-002209,True,628
GB-002210,False,199
GB-002211,False,960
GB-002212,True,1469
GB-002213,False,100
GB-002214,False,1132
GB-002215,False,1459
GB-002216,False,1218
GB-002217,True,1146
GB-002218,False,193
GB-002219,True,272
GB-002220,False,1345
GB-002221,True,588
GB-002222,True,1321
GB-002223,False,735
GB-002224,False,45
GB-002225,False,518
GB-002226,False,453
GB-002227,False,71
GB-002228,False,61
GB-002229,False,336
GB-002230,False,407
GB-002231,True,1473
GB-002232,False,884
GB-002233,True,429
GB-002234,True,233
GB-002235,False,1373
GB-002236,False,435
GB-002237,False,210
GB-002238,True,552
GB-002239,False,839
GB-002240,True,1494
GB-002241,True,218
GB-002242,True,506
GB-002243,True,294
GB-002244,True,761
GB-002245,False,301
GB-002246,True,394
GB-002247,False,1035
GB-002248,False,779
GB-002249,True,742
GB-002250,False,761
GB-002251,True,553
GB-002252,False,1029
GB-002253,True,571
GB-002254,False,197
GB-002255,False,225
GB-002256,True,1475
GB-002257,True,765
GB-002258,False,1240
GB-002259,True,838
GB-002260,False,144
GB-002261,True,1300
GB-002262,False,1062
GB-002263,False,928
GB-002264,True,206
GB-002265,True,662
GB-002266,False,46
GB-002267,False,940
GB-002268,False,461
GB-002269,True,1417
GB-002270,True,292
GB-002271,False,1279
GB-002272,True,1319
GB-002273,True,726
GB-002274,False,909
GB-002275,True,178
GB-002276,False,1478
GB-002277,False,329
GB-002278,True,811
GB-002279,False,329
GB-002280,False,157
GB-002281,True,1399
GB-002282,False,336
GB-002283,False,510
GB-002284,True,193
GB-002285,True,139
GB-002286,True,255
GB-002287,True,115
GB-002288,False,1313
GB-002289,True,68
GB-002290,False,901
GB-002291,True,1297
GB-002292,False,477
GB-002293,True,652
GB-002294,True,1480
GB-002295,False,1277
GB-002296,True,872
GB-002297,False,1479
GB-002298,False,342
GB-002299,False,1122
GB-002300,False,1149
GB-002301,False,447
GB-002302,False,37
GB-002303,True,74
GB-002304,False,52
GB-002305,True,726
GB-002306,False,775
GB-002307,False,87
GB-002308,False,846
GB-002309,True,324
GB-002310,True,436
GB-002311,True,1287
GB-002312,False,761
GB-002313,True,1298
GB-002314,True,1492
GB-002315,True,795
GB-002316,True,1274
GB-002317,False,436
GB-002318,True,505
GB-002319,True,342
GB-002320,False,935
GB-002321,False,146
GB-002322,False,1494
GB-002323,True,1227
GB-002324,True,389
GB-002325,True,1047
GB-002326,False,1476
GB-002327,False,1024
GB-002328,False,481
GB-002329,True,1058
GB-002330,True,178
GB-002331,False,876
GB-002332,False,579
GB-002333,True,241
GB-002334,True,897
GB-002335,False,1296
GB-002336,False,1335
GB-002337,True,651
GB-002338,False,441
GB-002339,False,373
GB-002340,True,1412
GB-002341,True,730
GB-002342,False,1245
GB-002343,False,435
GB-002344,False,1252
GB-002345,False,191
GB-002346,False,884
GB-002347,False,865
GB-002348,True,251
GB-002349,False,1124
GB-002350,False,537
GB-002351,False,54
GB-002352,False,299
GB-002353,True,878
GB-002354,True,1359
GB-002355,True,1294
GB-002356,True,1235
GB-002357,False,715
GB-002358,True,1187
GB-002359,False,1144
GB-002360,False,319
GB-002361,True,52
GB-002362,False,496
GB-002363,False,588
GB-002364,True,556
GB-002365,True,1129
GB-002366,True,100
GB-002367,False,181
GB-002368,False,1198
GB-002369,False,394
GB-002370,False,1275
GB-002371,True,1207
GB-002372,False,411
GB-002373,False,1264
GB-002374,False,686
GB-002375,False,956
GB-002376,True,677
GB-002377,False,730
GB-002378,True,933
GB-002379,True,612
GB-002380,True,906
GB-002381,False,1269
GB-002382,False,1446
GB-002383,False,1158
GB-002384,False,1265
GB-002385,False,1472
GB-002386,False,631
GB-002387,False,1041
GB-002388,False,828
GB-002389,False,1045
GB-002390,False,1205
GB-002391,False,1187
GB-002392,False,658
GB-002393,True,1034
GB-002394,False,622
GB-002395,True,831
GB-002396,True,1317
GB-002397,False,605
GB-002398,False,608
GB-002399,True,1476
GB-002400,False,1021
GB-002401,True,91
GB-002402,True,1079
GB-002403,False,1303
GB-002404,True,526
GB-002405,False,387
GB-002406,False,239
GB-002407,False,178
GB-002408,False,963
GB-002409,False,1452
GB-002410,True,483
GB-002411,False,620
GB-002412,True,247
GB-002413,False,1095
GB-002414,False,193
GB-002415,True,437
GB-002416,False,1007
GB-002417,False,993
GB-002418,False,1173
GB-002419,False,1292
GB-002420,False,951
GB-002421,True,1226
GB-002422,False,1309
GB-002423,True,1333
GB-002424,True,792
GB-002425,True,118
GB-002426,False,469
GB-002427,False,1157
GB-002428,False,811
GB-002429,False,240
GB-002430,True,308
GB-002431,False,308
GB-002432,False,536
GB-002433,False,324
GB-002434,True,1499
GB-002435,False,935
GB-002436,False,364
GB-002437,False,1218
GB-002438,True,1072
GB-002439,True,1194
GB-002440,False,196
GB-002441,False,160
GB-002442,False,1090
GB-002443,False,614
GB-002444,True,46
GB-002445,False,704
GB-002446,False,456
GB-002447,False,137
GB-002448,False,946
GB-002449,False,864
GB-002450,False,959
GB-002451,True,493
GB-002452,True,864
GB-002453,False,1099
GB-002454,True,188
GB-002455,True,1353
GB-002456,False,1201
GB-002457,True,1189
GB-002458,False,1379
GB-002459,True,782
GB-002460,True,926
GB-002461,True,874
GB-002462,True,1005
GB-002463,False,706
GB-002464,False,257
GB-002465,True,304
GB-002466,True,507
GB-002467,False,1040
GB-002468,False,983
GB-002469,False,190
GB-002470,False,1246
GB-002471,True,395
GB-002472,False,1313
GB-002473,True,1382
GB-002474,True,1275
GB-002475,True,1139
GB-002476,False,766
GB-002477,False,714
GB-002478,False,550
GB-002479,False,226
GB-002480,True,108
GB-002481,False,894
GB-002482,True,417
GB-002483,False,35
GB-002484,False,685
GB-002485,True,675
GB-002486,False,1391
GB-002487,True,501
GB-002488,False,1199
GB-002489,False,833
GB-002490,False,1449
GB-002491,True,453
GB-002492,False,156
GB-002493,False,141
GB-002494,True,297
GB-002495,True,1306
GB-002496,True,969
GB-002497,True,906
GB-002498,True,1031
GB-002499,False,610
GB-002500,True,362
GB-002501,True,748
GB-002502,False,1000
GB-002503,True,1009
GB-002504,False,891
GB-002505,False,1183
GB-002506,True,517
GB-002507,True,657
GB-002508,False,518
GB-002509,False,561
GB-002510,True,21
GB-002511,True,1281
GB-002512,False,1113
GB-002513,True,545
GB-002514,False,988
GB-002515,True,1278
GB-002516,True,156
GB-002517,False,1377
GB-002518,False,25
GB-002519,False,1180
GB-002520,False,95
GB-002521,False,1411
GB-002522,True,1186
GB-002523,True,1029
GB-002524,False,1117
GB-002525,True,260
GB-002526,False,436
GB-002527,False,468
GB-002528,True,452
GB-002529,True,730
GB-002530,False,923
GB-002531,True,1465
GB-002532,False,753
GB-002533,True,573
GB-002534,False,1110
GB-002535,True,1219
GB-002536,False,293
GB-002537,True,1185
GB-002538,False,42
GB-002539,False,1345
GB-002540,False,293
GB-002541,True,906
GB-002542,True,686
GB-002543,True,578
GB-002544,True,1048
GB-002545,False,609
GB-002546,False,1480
GB-002547,True,538
GB-002548,False,443
GB-002549,False,554
GB-002550,True,71
GB-002551,False,602
GB-002552,False,752
GB-002553,False,988
GB-002554,True,1020
GB-002555,False,522
GB-002556,False,1171
GB-002557,False,1440
GB-002558,True,1109
GB-002559,True,1031
GB-002560,False,667
GB-002561,True,1111
GB-002562,False,8
GB-002563,False,1493
GB-002564,True,205
GB-002565,True,1382
GB-002566,False,634
GB-002567,False,516
GB-002568,True,1425
GB-002569,True,1090
GB-002570,False,1106
GB-002571,False,405
GB-002572,False,95
GB-002573,False,1112
GB-002574,True,487
GB-002575,False,204
GB-002576,True,1330
GB-002577,True,751
GB-002578,False,708
GB-002579,True,376
GB-002580,False,1462
GB-002581,False,1087
GB-002582,True,1323
GB-002583,False,392
GB-002584,True,117
GB-002585,True,697
GB-002586,True,618
GB-002587,False,37
GB-002588,True,1023
GB-002589,False,749
GB-002590,False,62
GB-002591,False,1290
GB-002592,False,739
GB-002593,True,1362
GB-002594,False,35
GB-002595,False,296
GB-002596,True,433
GB-002597,True,1458
GB-002598,True,1264
GB-002599,False,481
GB-002600,False,119
GB-002601,False,1436
GB-002602,True,554
GB-002603,True,1387
GB-002604,True,736
GB-002605,False,405
GB-002606,False,1076
GB-002607,False,118
GB-002608,False,138
GB-002609,True,1183
GB-002610,True,615
GB-002611,True,775
GB-002612,False,118
GB-002613,False,323
GB-002614,False,456
GB-002615,False,1154
GB-002616,False,368
GB-002617,False,316
GB-002618,False,1424
GB-002619,True,550
GB-002620,False,1322
GB-002621,True,1152
GB-002622,False,565
GB-002623,False,54
GB-002624,False,84
GB-002625,False,1267
GB-002626,True,1307
GB-002627,False,315
GB-002628,False,1477
GB-002629,False,895
GB-002630,True,1184
GB-002631,True,1049
GB-002632,True,819
GB-002633,True,751
GB-002634,False,1363
GB-002635,True,1325
GB-002636,True,875
GB-002637,True,628
GB-002638,True,1096
GB-002639,False,693
GB-002640,True,988
GB-002641,False,573
GB-002642,False,1123
GB-002643,False,1060
GB-002644,True,267
GB-002645,False,934
GB-002646,False,977
GB-002647,False,104
GB-002648,False,222
GB-002649,True,165
GB-002650,True,965
GB-002651,False,502
GB-002652,True,793
GB-002653,False,226
GB-002654,False,219
GB-002655,False,1006
GB-002656,True,987
GB-002657,False,39
GB-002658,True,215
GB-002659,True,554
GB-002660,False,1475
GB-002661,True,749
GB-002662,True,19
GB-002663,False,485
GB-002664,False,1261
GB-002665,False,656
GB-002666,False,217
GB-002667,True,456
GB-002668,True,543
GB-002669,True,480
GB-002670,True,1456
GB-002671,True,1219
GB-002672,False,904
GB-002673,False,1054
GB-002674,False,757
GB-002675,True,535
GB-002676,True,438
GB-002677,True,548
GB-002678,False,1104
GB-002679,True,128
GB-002680,False,1341
GB-002681,True,272
GB-002682,False,571
GB-002683,True,1129
GB-002684,False,1263
GB-002685,False,644
GB-002686,True,1092
GB-002687,True,431
GB-002688,True,1270
GB-002689,True,292
GB-002690,True,578
GB-002691,False,1149
GB-002692,False,1043
GB-002693,True,836
GB-002694,True,684
GB-002695,True,313
GB-002696,False,566
GB-002697,False,848
GB-002698,True,23
GB-002699,False,487
GB-002700,False,294
GB-002701,False,1025
GB-002702,True,581
GB-002703,False,1087
GB-002704,False,957
GB-002705,True,919
GB-002706,False,466
GB-002707,False,1379
GB-002708,True,529
GB-002709,True,680
GB-002710,True,1036
GB-002711,False,91
GB-002712,False,350
GB-002713,True,758
GB-002714,True,960
GB-002715,False,480
GB-002716,False,54
GB-002717,False,363
GB-002718,False,415
GB-002719,False,806
GB-002720,False,1026
GB-002721,True,1456
GB-002722,True,626
GB-002723,True,465
GB-002724,True,1225
GB-002725,False,172
GB-002726,True,501
GB-002727,False,1332
GB-002728,True,1124
GB-002729,False,427
GB-002730,False,1411
GB-002731,True,1236
GB-002732,False,924
GB-002733,False,1008
GB-002734,False,313
GB-002735,True,1248
GB-002736,False,456
GB-002737,False,739
GB-002738,True,888
GB-002739,True,1182
GB-002740,False,1137
GB-002741,False,1302
GB-002742,False,277
GB-002743,True,63
GB-002744,False,1125
GB-002745,False,844
GB-002746,True,514
GB-002747,False,1219
GB-002748,False,237
GB-002749,False,68
GB-002750,False,196
GB-002751,False,1429
GB-002752,True,664
GB-002753,True,539
GB-002754,False,847
GB-002755,True,1219
GB-002756,False,759
GB-002757,False,462
GB-002758,False,1171
GB-002759,True,636
GB-002760,True,263
GB-002761,False,353
GB-002762,False,830
GB-002763,False,711
GB-002764,False,1491
GB-002765,False,933
GB-002766,False,578
GB-002767,False,1317
GB-002768,False,642
GB-002769,False,1294
GB-002770,False,691
GB-002771,False,790
GB-002772,False,317
GB-002773,True,770
GB-002774,True,48
GB-002775,False,1319
GB-002776,False,255
GB-002777,False,1169
GB-002778,False,651
GB-002779,True,1179
GB-002780,False,1199
GB-002781,False,98
GB-002782,False,1403
GB-002783,True,96
GB-002784,False,1290
GB-002785,False,217
GB-002786,False,207
GB-002787,True,1160
GB-002788,False,421
GB-002789,False,1394
GB-002790,False,1416
GB-002791,True,1008
GB-002792,True,1495
GB-002793,True,616
GB-002794,True,554
GB-002795,False,1431
GB-002796,False,370
GB-002797,False,616
GB-002798,True,659
GB-002799,False,511
GB-002800,True,601
GB-002801,False,569
GB-002802,False,1495
GB-002803,True,904
GB-002804,False,948
GB-002805,True,59
GB-002806,False,1421
GB-002807,True,1107
GB-002808,True,791
GB-002809,False,966
GB-002810,True,113
GB-002811,False,52
GB-002812,True,410
GB-002813,True,5
GB-002814,False,822
GB-002815,True,51
GB-002816,False,1215
GB-002817,False,430
GB-002818,True,27
GB-002819,True,236
GB-002820,False,176
GB-002821,False,219
GB-002822,False,866
GB-002823,False,901
GB-002824,True,457
GB-002825,False,729
GB-002826,True,1309
GB-002827,False,198
GB-002828,False,1435
GB-002829,True,185
GB-002830,False,873
GB-002831,False,224
GB-002832,False,1341
GB-002833,True,868
GB-002834,False,615
GB-002835,False,971
GB-002836,False,203
GB-002837,False,474
GB-002838,True,635
GB-002839,True,1496
GB-002840,False,1022
GB-002841,False,1490
GB-002842,False,463
GB-002843,False,1301
GB-002844,False,653
GB-002845,False,915
GB-002846,False,1484
GB-002847,True,236
GB-002848,False,996
GB-002849,True,590
GB-002850,True,74
GB-002851,True,1205
GB-002852,False,813
GB-002853,False,1485
GB-002854,True,476
GB-002855,True,1255
GB-002856,True,1278
GB-002857,False,1132
GB-002858,True,94
GB-002859,False,1038
GB-002860,True,1292
GB-002861,True,966
GB-002862,True,1171
GB-002863,False,282
GB-002864,True,1434
GB-002865,True,1368
GB-002866,False,1316
GB-002867,True,1067
GB-002868,False,1268
GB-002869,False,850
GB-002870,True,981
GB-002871,False,1496
GB-002872,False,1004
GB-002873,False,769
GB-002874,True,71
GB-002875,True,790
GB-002876,False,641
GB-002877,True,865
GB-002878,True,602
GB-002879,False,832
GB-002880,False,521
GB-002881,True,1234
GB-002882,True,461
GB-002883,True,1106
GB-002884,False,399
GB-002885,True,600
GB-002886,False,447
GB-002887,True,1312
GB-002888,True,683
GB-002889,True,1462
GB-002890,False,1391
GB-002891,False,1293
GB-002892,False,1408
GB-002893,False,201
GB-002894,True,1384
GB-002895,True,966
GB-002896,False,200
GB-002897,True,1062
GB-002898,False,497
GB-002899,False,241
GB-002900,True,227
GB-002901,False,1342
GB-002902,True,746
GB-002903,False,82
GB-002904,False,674
GB-002905,True,682
GB-002906,True,675
GB-002907,False,1041
GB-002908,False,1095
GB-002909,True,472
GB-002910,False,155
GB-002911,False,1171
GB-002912,False,989
GB-002913,False,964
GB-002914,True,1255
GB-002915,False,1432
GB-002916,True,877
GB-002917,False,937
GB-002918,False,434
GB-002919,True,835
GB-002920,False,1047
GB-002921,False,785
GB-002922,False,253
GB-002923,False,588
GB-002924,False,924
GB-002925,True,1092
GB-002926,False,432
GB-002927,True,1335
GB-002928,True,815
GB-002929,True,1338
GB-002930,False,604
GB-002931,False,708
GB-002932,True,590
GB-002933,False,1189
GB-002934,True,1419
GB-002935,False,987
GB-002936,False,1019
GB-002937,False,924
GB-002938,False,397
GB-002939,False,327
GB-002940,False,704
GB-002941,True,995
GB-002942,True,696
GB-002943,False,887
GB-002944,False,872
GB-002945,False,499
GB-002946,False,1397
GB-002947,True,548
GB-002948,False,1386
GB-002949,False,1261
GB-002950,True,1063
GB-002951,False,1259
GB-002952,True,620
GB-002953,True,19
GB-002954,False,1368
GB-002955,False,630
GB-002956,False,270
GB-002957,True,26
GB-002958,False,608
GB-002959,True,1389
GB-002960,False,357
GB-002961,False,1430
GB-002962,False,1405
GB-002963,True,268
GB-002964,False,1011
GB-002965,False,827
GB-002966,True,1119
GB-002967,True,1454
GB-002968,False,146
GB-002969,False,1414
GB-002970,False,303
GB-002971,False,1132
GB-002972,True,920
GB-002973,False,1267
GB-002974,True,1434
GB-002975,True,288
GB-002976,True,957
GB-002977,True,939
GB-002978,False,130
GB-002979,False,130
GB-002980,True,21
GB-002981,True,827
GB-002982,True,210
GB-002983,False,1209
GB-002984,True,458
GB-002985,False,811
GB-002986,True,720
GB-002987,False,351
GB-002988,True,765
GB-002989,True,19
GB-002990,False,1353
GB-002991,False,506
GB-002992,True,351
GB-002993,False,91
GB-002994,True,1172
GB-002995,True,866
GB-002996,False,889
GB-002997,False,1254
GB-002998,False,141
GB-002999,True,1168
GB-003000,True,838
GB-003001,False,872
GB-003002,False,726
GB-003003,False,725
GB-003004,False,279
GB-003005,True,1043
GB-003006,False,506
GB-003007,True,749
GB-003008,False,112
GB-003009,False,636
GB-003010,True,505
GB-003011,False,577
GB-003012,False,95
GB-003013,False,1272
GB-003014,True,244
GB-003015,False,891
GB-003016,False,1171
GB-003017,False,606
GB-003018,True,857
GB-003019,True,1390
GB-003020,False,249
GB-003021,False,1259
GB-003022,False,1238
GB-003023,False,331
GB-003024,False,1066
GB-003025,True,659
GB-003026,False,536
GB-003027,True,71
GB-003028,False,808
GB-003029,False,591
GB-003030,True,208
GB-003031,True,977
GB-003032,False,946
GB-003033,True,586
GB-003034,True,12
GB-003035,False,351
GB-003036,True,1299
GB-003037,True,361
GB-003038,True,325
GB-003039,False,1060
GB-003040,False,1169
GB-003041,True,683
GB-003042,False,1159
GB-003043,False,120
GB-003044,True,478
GB-003045,False,287
GB-003046,False,822
GB-003047,False,38
GB-003048,False,726
GB-003049,True,708
GB-003050,True,889
GB-003051,False,323
GB-003052,False,1330
GB-003053,False,910
GB-003054,False,43
GB-003055,True,1156
GB-003056,False,1154
GB-003057,False,1256
GB-003058,True,354
GB-003059,False,300
GB-003060,False,139
GB-003061,False,1452
GB-003062,True,236
GB-003063,True,789
GB-003064,False,488
GB-003065,False,134
GB-003066,True,1368
GB-003067,False,484
GB-003068,False,1460
GB-003069,False,499
GB-003070,True,175
GB-003071,True,1000
GB-003072,True,1009
GB-003073,False,1097
GB-003074,False,496
GB-003075,False,1499
GB-003076,False,1223
GB-003077,False,118
GB-003078,False,105
GB-003079,False,118
GB-003080,True,1306
GB-003081,False,298
GB-003082,False,458
GB-003083,True,735
GB-003084,False,688
GB-003085,True,762
GB-003086,False,346
GB-003087,True,734
GB-003088,False,1112
GB-003089,False,1286
GB-003090,True,943
GB-003091,False,1360
GB-003092,False,288
GB-003093,False,994
GB-003094,True,1498
GB-003095,False,83
GB-003096,False,1170
GB-003097,True,895
GB-003098,False,1279
GB-003099,False,381
GB-003100,True,710
GB-003101,False,539
GB-003102,False,1260
GB-003103,True,464
GB-003104,False,630
GB-003105,False,1346
GB-003106,True,300
GB-003107,False,892
GB-003108,False,912
GB-003109,True,1427
GB-003110,True,703
GB-003111,False,758
GB-003112,True,726
GB-003113,True,670
GB-003114,True,188
GB-003115,False,1261
GB-003116,False,1332
GB-003117,True,444
GB-003118,False,1475
GB-003119,False,813
GB-003120,False,1383
GB-003121,False,1323
GB-003122,True,1038
GB-003123,True,901
GB-003124,True,224
GB-003125,False,914
GB-003126,True,1458
GB-003127,False,445
GB-003128,True,227
GB-003129,False,101
GB-003130,False,1162
GB-003131,False,1304
GB-003132,False,1387
GB-003133,True,821
GB-003134,True,860
GB-003135,False,751
GB-003136,True,1313
GB-003137,False,363
GB-003138,True,426
GB-003139,False,376
GB-003140,False,1372
GB-003141,False,882
GB-003142,False,1054
GB-003143,False,693
GB-003144,True,1415
GB-003145,True,1261
GB-003146,False,1421
GB-003147,True,76
GB-003148,False,1262
GB-003149,False,1261
GB-003150,True,1237
GB-003151,True,76
GB-003152,False,575
GB-003153,True,553
GB-003154,True,1022
GB-003155,True,495
GB-003156,False,788
GB-003157,False,1184
GB-003158,False,984
GB-003159,False,334
GB-003160,True,668
GB-003161,False,207
GB-003162,True,435
GB-003163,False,467
GB-003164,False,1236
GB-003165,False,581
GB-003166,False,82
GB-003167,False,1075
GB-003168,True,1228
GB-003169,True,383
GB-003170,True,792
GB-003171,True,861
GB-003172,False,201
GB-003173,False,299
GB-003174,False,1288
GB-003175,False,78
GB-003176,False,302
GB-003177,False,949
GB-003178,False,1408
GB-003179,True,896
GB-003180,True,1285
GB-003181,False,302
GB-003182,True,674
GB-003183,True,352
GB-003184,True,1168
GB-003185,False,1081
GB-003186,True,307
GB-003187,False,369
GB-003188,True,356
GB-003189,False,973
GB-003190,False,28
GB-003191,True,242
GB-003192,False,1042
GB-003193,False,534
GB-003194,True,1215
GB-003195,False,145
GB-003196,False,385
GB-003197,True,278
GB-003198,False,1481
GB-003199,False,787
GB-003200,False,631
GB-003201,True,783
GB-003202,False,1131
GB-003203,False,983
GB-003204,False,1090
GB-003205,True,840
GB-003206,True,1196
GB-003207,False,673
GB-003208,True,1017
GB-003209,True,601
GB-003210,True,455
GB-003211,True,28
GB-003212,False,1041
GB-003213,True,191
GB-003214,True,220
GB-003215,False,360
GB-003216,True,673
GB-003217,False,1482
GB-003218,False,551
GB-003219,True,425
GB-003220,True,915
GB-003221,True,723
GB-003222,True,25
GB-003223,True,1269
GB-003224,False,1231
GB-003225,True,1250
GB-003226,False,1357
GB-003227,True,284
GB-003228,True,540
GB-003229,True,814
GB-003230,True,783
GB-003231,False,142
GB-003232,False,610
GB-003233,False,821
GB-003234,False,1128
GB-003235,False,1428
GB-003236,False,866
GB-003237,False,1338
GB-003238,False,898
GB-003239,False,557
GB-003240,True,113
GB-003241,True,1176
GB-003242,False,1433
GB-003243,True,1037
GB-003244,False,693
GB-003245,True,679
GB-003246,False,1229
GB-003247,False,81
GB-003248,False,196
GB-003249,False,103
GB-003250,True,178
GB-003251,False,584
GB-003252,True,630
GB-003253,True,1339
GB-003254,True,1430
GB-003255,True,269
GB-003256,False,92
GB-003257,True,280
GB-003258,True,612
GB-003259,False,501
GB-003260,False,643
GB-003261,True,278
GB-003262,False,770
GB-003263,False,132
GB-003264,False,297
GB-003265,True,1200
GB-003266,False,1336
GB-003267,False,815
GB-003268,True,579
GB-003269,False,332
GB-003270,True,1243
GB-003271,False,1088
GB-003272,True,1458
GB-003273,True,1229
GB-003274,False,16
GB-003275,False,309
GB-003276,False,684
GB-003277,False,1455
GB-003278,False,1101
GB-003279,False,992
GB-003280,True,196
GB-003281,True,979
GB-003282,False,100
GB-003283,False,140
GB-003284,False,1096
GB-003285,False,885
GB-003286,True,51
GB-003287,False,1463
GB-003288,False,952
GB-003289,True,179
GB-003290,True,1138
GB-003291,True,422
GB-003292,False,606
GB-003293,False,553
GB-003294,False,520
GB-003295,False,598
GB-003296,True,1432
GB-003297,True,1199
GB-003298,False,122
GB-003299,False,618
GB-003300,False,493
GB-003301,True,889
GB-003302,False,1211
GB-003303,False,1211
GB-003304,True,1016
GB-003305,True,681
GB-003306,False,1434
GB-003307,False,263
GB-003308,False,94
GB-003309,True,56
GB-003310,True,1393
GB-003311,True,511
GB-003312,True,633
GB-003313,False,744
GB-003314,True,75
GB-003315,False,637
GB-003316,True,692
GB-003317,True,586
GB-003318,False,729
GB-003319,True,885
GB-003320,True,1030
GB-003321,False,233
GB-003322,False,504
GB-003323,True,1476
GB-003324,False,252
GB-003325,False,581
GB-003326,False,385
GB-003327,True,984
GB-003328,False,177
GB-003329,False,778
GB-003330,True,766
GB-003331,False,1208
GB-003332,False,412
GB-003333,True,761
GB-003334,True,452
GB-003335,False,106
GB-003336,True,144
GB-003337,True,588
GB-003338,True,1135
GB-003339,True,388
GB-003340,False,1164
GB-003341,True,1160
GB-003342,True,260
GB-003343,False,1018
GB-003344,True,903
GB-003345,False,355
GB-003346,False,1106
GB-003347,False,192
GB-003348,True,419
GB-003349,True,856
GB-003350,False,1256
GB-003351,False,1218
GB-003352,False,1410
GB-003353,True,1181
GB-003354,True,685
GB-003355,True,752
GB-003356,True,1484
GB-003357,False,1099
GB-003358,True,1387
GB-003359,False,955
GB-003360,False,451
GB-003361,True,565
GB-003362,False,460
GB-003363,True,1085
GB-003364,False,566
GB-003365,False,911
GB-003366,False,73
GB-003367,False,1153
GB-003368,False,828
GB-003369,False,34
GB-003370,True,1366
GB-003371,False,128
GB-003372,False,760
GB-003373,False,1140
GB-003374,False,143
GB-003375,False,852
GB-003376,True,536
GB-003377,True,1057
GB-003378,False,911
GB-003379,False,347
GB-003380,False,1314
GB-003381,True,1105
GB-003382,True,214
GB-003383,False,1315
GB-003384,True,1174
GB-003385,False,1030
GB-003386,True,474
GB-003387,False,1278
GB-003388,False,323
GB-003389,False,488
GB-003390,False,615
GB-003391,False,1290
GB-003392,False,907
GB-003393,False,766
GB-003394,True,204
GB-003395,False,602
GB-003396,False,1292
GB-003397,True,1298
GB-003398,False,541
GB-003399,True,233
GB-003400,True,1282
GB-003401,False,952
GB-003402,True,958
GB-003403,False,1029
GB-003404,False,1166
GB-003405,True,157
GB-003406,True,702
GB-003407,False,875
GB-003408,True,286
GB-003409,True,226
GB-003410,True,308
GB-003411,False,1228
GB-003412,True,20
GB-003413,True,951
GB-003414,False,682
GB-003415,True,1262
GB-003416,True,1368
GB-003417,False,920
GB-003418,False,958
GB-003419,False,1433
GB-003420,False,1255
GB-003421,False,1382
GB-003422,False,1127
GB-003423,False,926
GB-003424,False,696
GB-003425,False,1368
GB-003426,False,134
GB-003427,False,3
GB-003428,True,1495
GB-003429,False,1206
GB-003430,False,758
GB-003431,False,15
GB-003432,False,40
GB-003433,True,768
GB-003434,False,1087
GB-003435,True,210
GB-003436,False,455
GB-003437,False,718
GB-003438,True,1253
GB-003439,False,452
GB-003440,False,869
GB-003441,True,121
GB-003442,True,1252
GB-003443,True,427
GB-003444,True,56
GB-003445,True,1464
GB-003446,False,995
GB-003447,False,517
GB-003448,True,507
GB-003449,False,329
GB-003450,True,368
GB-003451,False,471
GB-003452,False,1401
GB-003453,False,1054
GB-003454,False,1331
GB-003455,True,619
GB-003456,True,841
GB-003457,False,769
GB-003458,False,817
GB-003459,False,943
GB-003460,False,824
GB-003461,False,1116
GB-003462,False,1071
GB-003463,False,892
GB-003464,False,879
GB-003465,False,498
GB-003466,False,812
GB-003467,True,578
GB-003468,False,598
GB-003469,False,1455
GB-003470,True,416
GB-003471,False,833
GB-003472,False,1151
GB-003473,False,435
GB-003474,True,689
GB-003475,True,705
GB-003476,False,401
GB-003477,True,1316
GB-003478,True,641
GB-003479,False,814
GB-003480,False,331
GB-003481,False,949
GB-003482,False,1490
GB-003483,False,116
GB-003484,True,534
GB-003485,True,624
GB-003486,False,1458
GB-003487,False,76
GB-003488,True,672
GB-003489,True,350
GB-003490,False,503
GB-003491,True,934
GB-003492,True,817
GB-003493,False,193
GB-003494,True,1000
GB-003495,False,632
GB-003496,True,1464
GB-003497,False,989
GB-003498,False,1263
GB-003499,False,801
GB-003500,True,554
GB-003501,False,970
GB-003502,False,109
GB-003503,True,327
GB-003504,False,1246
GB-003505,True,1398
GB-003506,False,839
GB-003507,True,1156
GB-003508,True,1268
GB-003509,True,515
GB-003510,False,1195
GB-003511,False,1109
GB-003512,False,807
GB-003513,False,562
GB-003514,False,641
GB-003515,True,207
GB-003516,True,51
GB-003517,False,29
GB-003518,False,1441
GB-003519,True,518
GB-003520,False,717
GB-003521,False,53
GB-003522,False,277
GB-003523,False,364
GB-003524,True,1410
GB-003525,True,518
GB-003526,True,1226
GB-003527,True,914
GB-003528,True,2
GB-003529,True,833
GB-003530,True,968
GB-003531,False,1126
GB-003532,False,483
GB-003533,False,1147
GB-003534,True,616
GB-003535,True,511
GB-003536,True,114
GB-003537,False,268
GB-003538,False,410
GB-003539,False,1411
GB-003540,True,928
GB-003541,False,1434
GB-003542,False,1166
GB-003543,False,618
GB-003544,False,1488
GB-003545,False,1082
GB-003546,True,477
GB-003547,False,816
GB-003548,False,1165
GB-003549,True,512
GB-003550,True,1352
GB-003551,False,414
GB-003552,True,1413
GB-003553,True,766
GB-003554,False,698
GB-003555,True,850
GB-003556,False,434
GB-003557,False,176
GB-003558,True,993
GB-003559,False,1182
GB-003560,False,63
GB-003561,True,1451
GB-003562,True,1163
GB-003563,False,1340
GB-003564,False,412
GB-003565,True,1075
GB-003566,True,674
GB-003567,False,1172
GB-003568,True,170
GB-003569,True,369
GB-003570,False,722
GB-003571,False,893
GB-003572,True,583
GB-003573,True,790
GB-003574,True,499
GB-003575,False,1043
GB-003576,False,458
GB-003577,False,674
GB-003578,False,1049
GB-003579,False,699
GB-003580,False,1435
GB-003581,True,984
GB-003582,False,1334
GB-003583,False,1027
GB-003584,False,738
GB-003585,False,1494
GB-003586,True,1113
GB-003587,True,626
GB-003588,False,785
GB-003589,False,1208
GB-003590,False,9
GB-003591,False,1266
GB-003592,False,1201
GB-003593,False,1444
GB-003594,False,540
GB-003595,False,769
GB-003596,False,523
GB-003597,False,1163
GB-003598,True,37
GB-003599,False,1433
GB-003600,False,326
GB-003601,True,419
GB-003602,False,179
GB-003603,False,318
GB-003604,True,330
GB-003605,False,33
GB-003606,True,382
GB-003607,True,135
GB-003608,True,962
GB-003609,False,963
GB-003610,False,1107
GB-003611,True,620
GB-003612,True,1104
GB-003613,False,1245
GB-003614,False,17
GB-003615,False,208
GB-003616,False,86
GB-003617,False,173
GB-003618,True,1496
GB-003619,False,199
GB-003620,True,1268
GB-003621,False,31
GB-003622,False,843
GB-003623,True,1487
GB-003624,True,705
GB-003625,False,913
GB-003626,True,286
GB-003627,False,634
GB-003628,True,560
GB-003629,True,130
GB-003630,False,995
GB-003631,False,406
GB-003632,False,1383
GB-003633,False,880
GB-003634,True,1478
GB-003635,False,11
GB-003636,False,1136
GB-003637,False,145
GB-003638,False,418
GB-003639,True,1223
GB-003640,False,204
GB-003641,True,269
GB-003642,False,335
GB-003643,True,23
GB-003644,True,1036
GB-003645,False,867
GB-003646,False,529
GB-003647,True,234
GB-003648,True,911
GB-003649,False,573
GB-003650,True,1239
GB-003651,True,521
GB-003652,True,1219
GB-003653,True,947
GB-003654,False,1160
GB-003655,False,977
GB-003656,True,226
GB-003657,False,434
GB-003658,False,338
GB-003659,True,1487
GB-003660,False,762
GB-003661,True,1314
GB-003662,False,851
GB-003663,True,4
GB-003664,True,215
GB-003665,False,437
GB-003666,True,1417
GB-003667,False,447
GB-003668,False,952
GB-003669,True,1265
GB-003670,False,1071
GB-003671,True,382
GB-003672,True,1243
GB-003673,False,1395
GB-003674,True,1203
GB-003675,False,1304
GB-003676,True,1059
GB-003677,True,1483
GB-003678,True,621
GB-003679,False,1004
GB-003680,False,919
GB-003681,True,1399
GB-003682,False,1283
GB-003683,False,805
GB-003684,True,1064
GB-003685,False,787
GB-003686,False,734
GB-003687,True,1206
GB-003688,False,1494
GB-003689,False,1229
GB-003690,True,454
GB-003691,False,929
GB-003692,False,100
GB-003693,True,85
GB-003694,True,1272
GB-003695,False,569
GB-003696,True,74
GB-003697,True,892
GB-003698,True,1135
GB-003699,False,1475
GB-003700,False,1403
GB-003701,True,773
GB-003702,False,1002
GB-003703,False,55
GB-003704,False,794
GB-003705,False,1109
GB-003706,False,764
GB-003707,False,647
GB-003708,True,36
GB-003709,True,657
GB-003710,True,1208
GB-003711,False,140
GB-003712,True,884
GB-003713,True,300
GB-003714,True,418
GB-003715,False,906
GB-003716,False,1300
GB-003717,False,582
GB-003718,False,24
GB-003719,True,869
GB-003720,False,1163
GB-003721,False,346
GB-003722,False,294
GB-003723,False,159
GB-003724,False,402
GB-003725,False,1297
GB-003726,True,287
GB-003727,False,1087
GB-003728,True,614
GB-003729,True,785
GB-003730,False,33
GB-003731,False,1264
GB-003732,True,164
GB-003733,False,169
GB-003734,False,337
GB-003735,True,1009
GB-003736,False,1342
GB-003737,False,648
GB-003738,False,1327
GB-003739,False,462
GB-003740,True,129
GB-003741,False,1168
GB-003742,False,36
GB-003743,False,963
GB-003744,False,621
GB-003745,False,188
GB-003746,False,1434
GB-003747,False,1278
GB-003748,False,1288
GB-003749,True,663
GB-003750,False,179
GB-003751,False,539
GB-003752,True,589
GB-003753,False,1055
GB-003754,False,1284
GB-003755,False,315
GB-003756,False,130
GB-003757,False,659
GB-003758,False,137
GB-003759,False,920
GB-003760,True,326
GB-003761,False,1006
GB-003762,False,449
GB-003763,False,1300
GB-003764,True,734
GB-003765,False,387
GB-003766,True,23
GB-003767,False,915
GB-003768,False,1369
GB-003769,True,1071
GB-003770,True,760
GB-003771,False,1053
GB-003772,False,205
GB-003773,True,220
GB-003774,False,144
GB-003775,True,50
GB-003776,False,318
GB-003777,False,1274
GB-003778,False,838
GB-003779,True,895
GB-003780,True,163
GB-003781,False,1128
GB-003782,False,878
GB-003783,False,783
GB-003784,False,915
GB-003785,False,276
GB-003786,True,1318
GB-003787,False,711
GB-003788,False,668
GB-003789,False,1147
GB-003790,False,1321
GB-003791,False,1468
GB-003792,True,878
GB-003793,True,524
GB-003794,False,995
GB-003795,False,689
GB-003796,True,1355
GB-003797,True,439
GB-003798,False,1476
GB-003799,True,171
GB-003800,False,1218
GB-003801,True,595
GB-003802,False,411
GB-003803,True,619
GB-003804,True,569
GB-003805,True,1241
GB-003806,False,121
GB-003807,True,647
GB-003808,True,1249
GB-003809,True,718
GB-003810,False,1282
GB-003811,False,765
GB-003812,True,658
GB-003813,True,1060
GB-003814,False,892
GB-003815,False,1373
GB-003816,True,1484
GB-003817,False,1074
GB-003818,True,406
GB-003819,False,1108
GB-003820,False,416
GB-003821,True,1158
GB-003822,False,401
GB-003823,False,426
GB-003824,False,1333
GB-003825,True,576
GB-003826,True,1347
GB-003827,True,1251
GB-003828,False,1180
GB-003829,False,1006
GB-003830,False,607
GB-003831,False,419
GB-003832,False,317
GB-003833,False,988
GB-003834,False,452
GB-003835,False,26
GB-003836,False,76
GB-003837,False,193
GB-003838,True,101
GB-003839,False,689
GB-003840,True,1401
GB-003841,True,152
GB-003842,True,521
GB-003843,False,1243
GB-003844,False,885
GB-003845,False,383
GB-003846,True,969
GB-003847,False,142
GB-003848,False,835
GB-003849,True,1179
GB-003850,True,1016
GB-003851,False,1121
GB-003852,True,1288
GB-003853,True,987
GB-003854,True,758
GB-003855,False,463
GB-003856,False,406
GB-003857,True,588
GB-003858,True,999
GB-003859,True,10
GB-003860,True,1402
GB-003861,False,759
GB-003862,False,613
GB-003863,False,665
GB-003864,False,616
GB-003865,False,971
GB-003866,True,196
GB-003867,True,321
GB-003868,True,84
GB-003869,False,716
GB-003870,True,92
GB-003871,False,72
GB-003872,False,1132
GB-003873,True,1366
GB-003874,False,1439
GB-003875,True,656
GB-003876,False,1038
GB-003877,False,126
GB-003878,True,1079
GB-003879,False,615
GB-003880,False,961
GB-003881,False,379
GB-003882,False,1195
GB-003883,False,599
GB-003884,False,451
GB-003885,False,809
GB-003886,False,1247
GB-003887,False,1237
GB-003888,True,849
GB-003889,True,322
GB-003890,True,1449
GB-003891,True,73
GB-003892,False,28
GB-003893,False,1302
GB-003894,True,204
GB-003895,True,618
GB-003896,True,881
GB-003897,False,1407
GB-003898,False,982
GB-003899,True,1103
GB-003900,False,31
GB-003901,False,618
GB-003902,False,36
GB-003903,False,1477
GB-003904,True,731
GB-003905,True,329
GB-003906,True,1294
GB-003907,False,776
GB-003908,True,583
GB-003909,True,173
GB-003910,True,852
GB-003911,True,1079
GB-003912,True,18
GB-003913,True,988
GB-003914,True,1457
GB-003915,False,589
GB-003916,True,590
GB-003917,False,1267
GB-003918,False,1035
GB-003919,True,368
GB-003920,True,200
GB-003921,False,1095
GB-003922,False,1226
GB-003923,False,1371
GB-003924,True,891
GB-003925,True,491
GB-003926,True,420
GB-003927,False,1255
GB-003928,False,1144
GB-003929,True,504
GB-003930,True,765
GB-003931,False,1423
GB-003932,False,511
GB-003933,False,413
GB-003934,False,130
GB-003935,False,1420
GB-003936,False,1341
GB-003937,True,1386
GB-003938,True,1148
GB-003939,False,1155
GB-003940,False,1473
GB-003941,False,903
GB-003942,False,1495
GB-003943,False,548
GB-003944,True,77
GB-003945,False,1317
GB-003946,True,1498
GB-003947,False,101
GB-003948,False,1253
GB-003949,False,383
GB-003950,False,525
GB-003951,False,810
GB-003952,False,450
GB-003953,False,767
GB-003954,True,385
GB-003955,True,1392
GB-003956,True,876
GB-003957,False,902
GB-003958,False,1484
GB-003959,True,102
GB-003960,True,653
GB-003961,False,1451
GB-003962,True,1436
GB-003963,True,1219
GB-003964,False,874
GB-003965,True,1452
GB-003966,True,226
GB-003967,False,862
GB-003968,False,510
GB-003969,True,1498
GB-003970,True,433
GB-003971,False,302
GB-003972,False,321
GB-003973,False,663
GB-003974,True,870
GB-003975,False,15
GB-003976,False,1458
GB-003977,False,911
GB-003978,True,495
GB-003979,False,665
GB-003980,True,474
GB-003981,False,603
GB-003982,False,612
GB-003983,True,1261
GB-003984,False,1079
GB-003985,False,1244
GB-003986,True,1101
GB-003987,False,1329
GB-003988,True,941
GB-003989,False,280
GB-003990,True,318
GB-003991,False,562
GB-003992,False,1112
GB-003993,True,1498
GB-003994,True,661
GB-003995,True,307
GB-003996,False,855
GB-003997,True,834
GB-003998,False,2
GB-003999,False,12
GB-004000,True,302
GB-004001,False,532
GB-004002,True,472
GB-004003,True,1163
GB-004004,True,1102
GB-004005,False,450
GB-004006,False,394
GB-004007,True,1376
GB-004008,False,1451
GB-004009,False,1209
GB-004010,False,1027
GB-004011,False,258
GB-004012,False,1260
GB-004013,False,382
GB-004014,True,1195
GB-004015,True,1378
GB-004016,False,626
GB-004017,True,13
GB-004018,True,582
GB-004019,False,603
GB-004020,False,1107
GB-004021,False,1070
GB-004022,False,1033
GB-004023,False,1389
GB-004024,False,1066
GB-004025,False,925
GB-004026,True,757
GB-004027,True,1217
GB-004028,True,561
GB-004029,False,396
GB-004030,True,741
GB-004031,True,7
GB-004032,False,865
GB-004033,False,992
GB-004034,True,173
GB-004035,False,857
GB-004036,True,711
GB-004037,False,1128
GB-004038,False,1359
GB-004039,False,1361
GB-004040,True,187
GB-004041,False,701
GB-004042,True,406
GB-004043,False,893
GB-004044,False,842
GB-004045,False,1204
GB-004046,False,315
GB-004047,False,349
GB-004048,True,382
GB-004049,True,1084
GB-004050,True,197
GB-004051,False,1063
GB-004052,True,1394
GB-004053,False,28
GB-004054,False,698
GB-004055,True,176
GB-004056,False,548
GB-004057,False,958
GB-004058,True,549
GB-004059,False,1284
GB-004060,True,1464
GB-004061,False,1286
GB-004062,False,330
GB-004063,True,1432
GB-004064,False,1072
GB-004065,True,994
GB-004066,True,825
GB-004067,True,1399
GB-004068,False,503
GB-004069,False,1015
GB-004070,True,948
GB-004071,False,868
GB-004072,False,1365
GB-004073,False,347
GB-004074,True,898
GB-004075,False,607
GB-004076,False,717
GB-004077,False,253
GB-004078,True,1305
GB-004079,False,19
GB-004080,True,165
GB-004081,True,1329
GB-004082,False,821
GB-004083,True,201
GB-004084,False,854
GB-004085,True,1072
GB-004086,True,826
GB-004087,True,1414
GB-004088,False,971
GB-004089,False,143
GB-004090,True,511
GB-004091,True,819
GB-004092,False,512
GB-004093,True,1174
GB-004094,False,88
GB-004095,True,779
GB-004096,False,647
GB-004097,False,1271
GB-004098,False,455
GB-004099,True,499
GB-004100,False,1452
GB-004101,False,1230
GB-004102,False,1242
GB-004103,False,875
GB-004104,False,362
GB-004105,False,662
GB-004106,False,914
GB-004107,False,302
GB-004108,False,467
GB-004109,False,1308
GB-004110,False,635
GB-004111,False,7
GB-004112,False,575
GB-004113,False,932
GB-004114,False,1077
GB-004115,True,882
GB-004116,True,937
GB-004117,False,122
GB-004118,False,962
GB-004119,True,13
GB-004120,True,1225
GB-004121,False,754
GB-004122,False,314
GB-004123,False,56
GB-004124,False,813
GB-004125,True,371
GB-004126,False,1424
GB-004127,True,201
GB-004128,True,845
GB-004129,False,1171
GB-004130,False,568
GB-004131,False,1239
GB-004132,True,885
GB-004133,True,1488
GB-004134,True,133
GB-004135,False,1076
GB-004136,False,776
GB-004137,True,668
GB-004138,True,1394
GB-004139,True,615
GB-004140,True,1435
GB-004141,False,391
GB-004142,False,1251
GB-004143,False,1390
GB-004144,True,1356
GB-004145,False,133
GB-004146,False,1183
GB-004147,False,1419
GB-004148,False,213
GB-004149,False,1030
GB-004150,False,1474
GB-004151,True,597
GB-004152,False,1222
GB-004153,False,1163
GB-004154,False,169
GB-004155,False,773
GB-004156,True,820
GB-004157,False,727
GB-004158,True,565
GB-004159,True,97
GB-004160,False,1250
GB-004161,False,518
GB-004162,True,160
GB-004163,False,987
GB-004164,True,1182
GB-004165,True,1418
GB-004166,False,1370
GB-004167,True,508
GB-004168,False,1330
GB-004169,True,434
GB-004170,True,942
GB-004171,False,645
GB-004172,False,1394
GB-004173,False,1450
GB-004174,True,1064
GB-004175,False,1391
GB-004176,True,339
GB-004177,False,111
GB-004178,False,293
GB-004179,True,175
GB-004180,False,5
GB-004181,True,1130
GB-004182,False,479
GB-004183,False,222
GB-004184,False,205
GB-004185,False,630
GB-004186,False,1288
GB-004187,True,396
GB-004188,False,923
GB-004189,False,1020
GB-004190,False,1471
GB-004191,False,1294
GB-004192,False,1388
GB-004193,True,757
GB-004194,False,1454
GB-004195,False,387
GB-004196,True,1341
GB-004197,False,1278
GB-004198,True,223
GB-004199,True,268
GB-004200,True,1078
GB-004201,False,974
GB-004202,False,1285
GB-004203,True,742
GB-004204,False,68
GB-004205,False,183
GB-004206,False,824
GB-004207,False,1016
GB-004208,False,454
GB-004209,True,113
GB-004210,True,259
GB-004211,False,864
GB-004212,False,981
GB-004213,False,880
GB-004214,True,902
GB-004215,True,1425
GB-004216,False,1211
GB-004217,True,226
GB-004218,False,1419
GB-004219,True,1448
GB-004220,False,1054
GB-004221,False,230
GB-004222,False,488
GB-004223,True,273
GB-004224,True,1093
GB-004225,True,1450
GB-004226,True,1485
GB-004227,False,882
GB-004228,False,1315
GB-004229,False,489
GB-004230,False,372
GB-004231,False,1358
GB-004232,False,862
GB-004233,False,842
GB-004234,True,105
GB-004235,True,983
GB-004236,False,619
GB-004237,True,682
GB-004238,False,989
GB-004239,True,1178
GB-004240,False,868
GB-004241,True,842
GB-004242,False,312
GB-004243,True,716
GB-004244,True,124
GB-004245,True,549
GB-004246,True,1341
GB-004247,True,975
GB-004248,False,468
GB-004249,True,351
GB-004250,False,332
GB-004251,False,1150
GB-004252,False,1203
GB-004253,False,1449
GB-004254,False,1025
GB-004255,True,1202
GB-004256,False,288
GB-004257,True,1219
GB-004258,True,1333
GB-004259,True,824
GB-004260,False,1126
GB-004261,False,1390
GB-004262,False,585
GB-004263,True,1172
GB-004264,False,1154
GB-004265,False,853
GB-004266,False,1018
GB-004267,True,1022
GB-004268,True,668
GB-004269,False,946
GB-004270,True,491
GB-004271,False,50
GB-004272,False,996
GB-004273,True,730
GB-004274,False,1218
GB-004275,False,817
GB-004276,False,94
GB-004277,False,1153
GB-004278,True,1223
GB-004279,False,41
GB-004280,True,1417
GB-004281,False,1105
GB-004282,False,1234
GB-004283,False,424
GB-004284,False,610
GB-004285,False,1169
GB-004286,True,729
GB-004287,False,418
GB-004288,False,1476
GB-004289,True,1455
GB-004290,True,666
GB-004291,True,1006
GB-004292,False,189
GB-004293,True,154
GB-004294,True,1494
GB-004295,False,197
GB-004296,False,141
GB-004297,True,738
GB-004298,False,365
GB-004299,False,1382
GB-004300,True,493
GB-004301,False,717
GB-004302,False,768
GB-004303,True,1297
GB-004304,False,922
GB-004305,True,984
GB-004306,False,764
GB-004307,False,1178
GB-004308,False,396
GB-004309,False,1185
GB-004310,False,223
GB-004311,False,1044
GB-004312,True,214
GB-004313,True,1015
GB-004314,True,794
GB-004315,False,1110
GB-004316,True,113
GB-004317,False,344
GB-004318,False,169
GB-004319,True,999
GB-004320,True,1135
GB-004321,True,1047
GB-004322,True,937
GB-004323,True,1465
GB-004324,True,925
GB-004325,True,1122
GB-004326,True,704
GB-004327,False,641
GB-004328,False,383
GB-004329,False,602
GB-004330,True,908
GB-004331,False,442
GB-004332,False,357
GB-004333,False,1398
GB-004334,False,353
GB-004335,False,34
GB-004336,True,538
GB-004337,False,220
GB-004338,False,479
GB-004339,False,838
GB-004340,True,1489
GB-004341,False,376
GB-004342,False,1193
GB-004343,True,1359
GB-004344,False,843
GB-004345,False,1251
GB-004346,False,608
GB-004347,True,788
GB-004348,True,1015
GB-004349,False,623
GB-004350,True,391
GB-004351,False,605
GB-004352,False,127
GB-004353,True,1323
GB-004354,False,439
GB-004355,True,1273
GB-004356,True,1248
GB-004357,True,1257
GB-004358,False,92
GB-004359,False,1464
GB-004360,False,1189
GB-004361,True,1398
GB-004362,False,1382
GB-004363,True,379
GB-004364,False,382
GB-004365,True,684
GB-004366,False,14
GB-004367,False,36
GB-004368,True,1111
GB-004369,True,1303
GB-004370,True,274
GB-004371,False,846
GB-004372,False,428
GB-004373,True,497
GB-004374,False,574
GB-004375,False,564
GB-004376,True,857
GB-004377,False,580
GB-004378,False,450
GB-004379,True,125
GB-004380,False,624
GB-004381,False,381
GB-004382,False,931
GB-004383,True,544
GB-004384,True,435
GB-004385,True,742
GB-004386,True,690
GB-004387,False,688
GB-004388,True,1489
GB-004389,True,1136
GB-004390,False,508
GB-004391,False,167
GB-004392,True,3
GB-004393,False,976
GB-004394,True,420
GB-004395,False,1467
GB-004396,False,936
GB-004397,False,958
GB-004398,False,111
GB-004399,False,302
GB-004400,False,1237
GB-004401,False,1168
GB-004402,False,670
GB-004403,False,736
GB-004404,False,568
GB-004405,False,859
GB-004406,False,152
GB-004407,False,1196
GB-004408,False,394
GB-004409,False,527
GB-004410,False,1342
GB-004411,False,1306
GB-004412,True,1008
GB-004413,False,168
GB-004414,True,527
GB-004415,True,1220
GB-004416,False,584
GB-004417,False,930
GB-004418,False,459
GB-004419,False,1041
GB-004420,True,427
GB-004421,False,894
GB-004422,False,336
GB-004423,True,1019
GB-004424,True,1099
GB-004425,False,188
GB-004426,False,987
GB-004427,False,376
GB-004428,True,821
GB-004429,False,1405
GB-004430,False,616
GB-004431,False,866
GB-004432,True,1205
GB-004433,False,1496
GB-004434,False,1004
GB-004435,False,629
GB-004436,True,1288
GB-004437,True,524
GB-004438,False,367
GB-004439,False,82
GB-004440,False,755
GB-004441,False,598
GB-004442,False,542
GB-004443,True,334
GB-004444,False,335
GB-004445,False,222
GB-004446,False,962
GB-004447,False,1140
GB-004448,True,1080
GB-004449,False,898
GB-004450,False,56
GB-004451,True,1308
GB-004452,True,1215
GB-004453,False,195
GB-004454,True,445
GB-004455,False,878
GB-004456,False,1028
GB-004457,True,1240
GB-004458,False,893
GB-004459,False,846
GB-004460,False,1363
GB-004461,True,172
GB-004462,True,1389
GB-004463,True,467
GB-004464,True,861
GB-004465,False,1478
GB-004466,False,1154
GB-004467,True,959
GB-004468,True,1207
GB-004469,False,1475
GB-004470,True,1426
GB-004471,False,389
GB-004472,True,361
GB-004473,True,1496
GB-004474,True,209
GB-004475,False,1321
GB-004476,True,309
GB-004477,False,1401
GB-004478,False,1464
GB-004479,True,1078
GB-004480,False,242
GB-004481,False,967
GB-004482,False,237
GB-004483,False,310
GB-004484,False,1337
GB-004485,True,713
GB-004486,False,37
GB-004487,False,374
GB-004488,False,176
GB-004489,True,308
GB-004490,True,14
GB-004491,False,745
GB-004492,False,902
GB-004493,False,518
GB-004494,False,768
GB-004495,True,907
GB-004496,False,1084
GB-004497,True,1372
GB-004498,False,1298
GB-004499,False,988
GB-004500,True,94
GB-004501,False,594
GB-004502,False,652
GB-004503,False,248
GB-004504,False,857
GB-004505,True,1427
GB-004506,True,363
GB-004507,False,1216
GB-004508,True,414
GB-004509,False,461
GB-004510,True,417
GB-004511,True,18
GB-004512,False,1383
GB-004513,False,1355
GB-004514,True,172
GB-004515,False,1074
GB-004516,False,431
GB-004517,False,461
GB-004518,False,565
GB-004519,True,1195
GB-004520,True,780
GB-004521,True,404
GB-004522,False,1012
GB-004523,True,1261
GB-004524,True,999
GB-004525,False,317
GB-004526,True,1333
GB-004527,False,181
GB-004528,False,1377
GB-004529,True,234
GB-004530,False,596
GB-004531,True,964
GB-004532,True,374
GB-004533,False,950
GB-004534,True,558
GB-004535,True,416
GB-004536,True,96
GB-004537,True,777
GB-004538,False,47
GB-004539,False,922
GB-004540,True,521
GB-004541,False,1079
GB-004542,False,713
GB-004543,False,32
GB-004544,True,627
GB-004545,True,907
GB-004546,True,823
GB-004547,False,85
GB-004548,False,784
GB-004549,False,1134
GB-004550,False,39
GB-004551,False,309
GB-004552,True,1391
GB-004553,True,393
GB-004554,True,1301
GB-004555,True,1466
GB-004556,False,148
GB-004557,False,926
GB-004558,True,1225
GB-004559,True,150
GB-004560,False,1209
GB-004561,False,278
GB-004562,False,921
GB-004563,False,1277
GB-004564,True,417
GB-004565,False,397
GB-004566,True,1197
GB-004567,True,327
GB-004568,False,1080
GB-004569,False,1261
GB-004570,False,284
GB-004571,False,1498
GB-004572,True,582
GB-004573,False,280
GB-004574,True,459
GB-004575,False,1488
GB-004576,True,627
GB-004577,False,981
GB-004578,True,380
GB-004579,False,502
GB-004580,True,550
GB-004581,False,258
GB-004582,False,623
GB-004583,True,1052
GB-004584,True,1007
GB-004585,True,157
GB-004586,False,925
GB-004587,False,1091
GB-004588,False,603
GB-004589,True,130
GB-004590,False,256
GB-004591,True,246
GB-004592,True,778
GB-004593,True,1350
GB-004594,False,136
GB-004595,False,506
GB-004596,True,614
GB-004597,True,242
GB-004598,True,1028
GB-004599,False,342
GB-004600,True,623
GB-004601,False,1288
GB-004602,False,188
GB-004603,False,1347
GB-004604,True,459
GB-004605,True,277
GB-004606,True,1427
GB-004607,True,459
GB-004608,False,983
GB-004609,True,1149
GB-004610,True,625
GB-004611,False,496
GB-004612,True,882
GB-004613,True,587
GB-004614,False,313
GB-004615,False,1042
GB-004616,True,1058
GB-004617,True,210
GB-004618,True,475
GB-004619,True,1473
GB-004620,False,538
GB-004621,False,970
GB-004622,True,888
GB-004623,False,782
GB-004624,True,363
GB-004625,True,16
GB-004626,True,487
GB-004627,False,112
GB-004628,False,1341
GB-004629,True,281
GB-004630,True,406
GB-004631,False,1496
GB-004632,True,455
GB-004633,False,555
GB-004634,False,1021
GB-004635,False,1055
GB-004636,False,730
GB-004637,False,1468
GB-004638,False,548
GB-004639,True,1425
GB-004640,True,843
GB-004641,False,827
GB-004642,True,415
GB-004643,False,1198
GB-004644,False,493
GB-004645,True,259
GB-004646,True,111
GB-004647,True,610
GB-004648,True,765
GB-004649,True,831
GB-004650,False,231
GB-004651,True,1344
GB-004652,False,980
GB-004653,True,769
GB-004654,True,135
GB-004655,False,689
GB-004656,False,322
GB-004657,False,224
GB-004658,False,233
GB-004659,True,1370
GB-004660,True,1209
GB-004661,False,158
GB-004662,True,859
GB-004663,False,845
GB-004664,False,1139
GB-004665,False,927
GB-004666,False,1491
GB-004667,False,604
GB-004668,False,342
GB-004669,True,346
GB-004670,True,957
GB-004671,False,129
GB-004672,True,1382
GB-004673,False,517
GB-004674,True,1152
GB-004675,False,22
GB-004676,True,471
GB-004677,True,382
GB-004678,True,999
GB-004679,False,290
GB-004680,True,191
GB-004681,False,1368
GB-004682,False,135
GB-004683,False,484
GB-004684,True,4
GB-004685,False,1095
GB-004686,False,259
GB-004687,False,336
GB-004688,False,1037
GB-004689,True,307
GB-004690,False,550
GB-004691,False,104
GB-004692,False,714
GB-004693,False,372
GB-004694,False,842
GB-004695,False,980
GB-004696,False,1292
GB-004697,False,1019
GB-004698,False,625
GB-004699,False,1261
GB-004700,True,1095
GB-004701,True,123
GB-004702,False,268
GB-004703,True,450
GB-004704,True,964
GB-004705,False,501
GB-004706,True,198
GB-004707,False,204
GB-004708,False,902
GB-004709,True,244
GB-004710,False,279
GB-004711,False,1302
GB-004712,True,1198
GB-004713,False,25
GB-004714,False,202
GB-004715,False,470
GB-004716,True,815
GB-004717,True,418
GB-004718,False,583
GB-004719,False,933
GB-004720,True,1289
GB-004721,False,452
GB-004722,True,15
GB-004723,False,863
GB-004724,True,1097
GB-004725,False,1151
GB-004726,False,516
GB-004727,False,1141
GB-004728,False,982
GB-004729,True,110
GB-004730,False,451
GB-004731,True,804
GB-004732,False,679
GB-004733,False,237
GB-004734,False,849
GB-004735,False,516
GB-004736,False,491
GB-004737,True,402
GB-004738,False,622
GB-004739,False,781
GB-004740,False,943
GB-004741,False,1406
GB-004742,True,885
GB-004743,True,456
GB-004744,False,67
GB-004745,True,473
GB-004746,False,1251
GB-004747,True,838
GB-004748,True,1413
GB-004749,True,1037
GB-004750,True,1169
GB-004751,False,133
GB-004752,False,1350
GB-004753,False,960
GB-004754,True,904
GB-004755,True,585
GB-004756,True,1305
GB-004757,False,288
GB-004758,False,232
GB-004759,True,20
GB-004760,True,650
GB-004761,True,1499
GB-004762,True,6
GB-004763,True,956
GB-004764,False,106
GB-004765,False,13
GB-004766,False,412
GB-004767,True,257
GB-004768,True,600
GB-004769,True,1280
GB-004770,True,36
GB-004771,True,527
GB-004772,True,790
GB-004773,True,517
GB-004774,True,524
GB-004775,False,263
GB-004776,False,906
GB-004777,False,732
GB-004778,False,983
GB-004779,False,1293
GB-004780,False,40
GB-004781,True,180
GB-004782,True,729
GB-004783,False,116
GB-004784,True,884
GB-004785,False,514
GB-004786,False,764
GB-004787,False,172
GB-004788,True,673
GB-004789,True,723
GB-004790,False,1383
GB-004791,True,881
GB-004792,True,627
GB-004793,False,17
GB-004794,True,61
GB-004795,False,1242
GB-004796,True,1372
GB-004797,True,1257
GB-004798,False,167
GB-004799,True,1385
GB-004800,True,466
GB-004801,True,1328
GB-004802,False,755
GB-004803,False,1290
GB-004804,False,1481
GB-004805,True,414
GB-004806,True,1172
GB-004807,False,545
GB-004808,True,348
GB-004809,True,478
GB-004810,False,383
GB-004811,False,758
GB-004812,True,851
GB-004813,True,762
GB-004814,False,1084
GB-004815,False,465
GB-004816,False,1258
GB-004817,True,1197
GB-004818,True,308
GB-004819,True,263
GB-004820,False,59
GB-004821,False,751
GB-004822,True,365
GB-004823,False,616
GB-004824,False,575
GB-004825,False,925
GB-004826,False,1437
GB-004827,True,710
GB-004828,False,203
GB-004829,False,512
GB-004830,False,65
GB-004831,False,771
GB-004832,True,738
GB-004833,True,442
GB-004834,True,1410
GB-004835,False,1032
GB-004836,False,568
GB-004837,False,475
GB-004838,True,928
GB-004839,True,723
GB-004840,True,447
GB-004841,False,269
GB-004842,False,45
GB-004843,False,386
GB-004844,True,416
GB-004845,True,193
GB-004846,True,840
GB-004847,False,826
GB-004848,True,1001
GB-004849,False,1219
GB-004850,True,1363
GB-004851,True,356
GB-004852,True,767
GB-004853,True,1488
GB-004854,False,705
GB-004855,True,518
GB-004856,True,1004
GB-004857,False,569
GB-004858,False,734
GB-004859,False,1077
GB-004860,False,1410
GB-004861,False,1470
GB-004862,True,1451
GB-004863,False,722
GB-004864,False,1118
GB-004865,False,368
GB-004866,True,414
GB-004867,False,697
GB-004868,True,669
GB-004869,False,283
GB-004870,False,15
GB-004871,False,1044
GB-004872,False,624
GB-004873,False,1088
GB-004874,False,269
GB-004875,True,531
GB-004876,True,1208
GB-004877,False,580
GB-004878,True,671
GB-004879,False,142
GB-004880,False,936
GB-004881,False,1041
GB-004882,False,257
GB-004883,True,1459
GB-004884,False,353
GB-004885,True,1119
GB-004886,False,15
GB-004887,False,27
GB-004888,False,326
GB-004889,True,445
GB-004890,False,1380
GB-004891,True,149
GB-004892,True,1095
GB-004893,False,1220
GB-004894,False,452
GB-004895,False,1125
GB-004896,True,1152
GB-004897,False,1444
GB-004898,False,416
GB-004899,True,755
GB-004900,False,538
GB-004901,False,592
GB-004902,False,813
GB-004903,False,951
GB-004904,True,702
GB-004905,False,20
GB-004906,True,787
GB-004907,False,1355
GB-004908,False,1375
GB-004909,False,35
GB-004910,True,699
GB-004911,False,579
GB-004912,False,1368
GB-004913,False,1271
GB-004914,True,756
GB-004915,False,270
GB-004916,False,939
GB-004917,False,29
GB-004918,False,1178
GB-004919,False,870
GB-004920,True,1325
GB-004921,False,160
GB-004922,False,793
GB-004923,True,1346
GB-004924,True,922
GB-004925,False,1090
GB-004926,False,780
GB-004927,False,720
GB-004928,False,899
GB-004929,False,243
GB-004930,True,566
GB-004931,False,566
GB-004932,True,222
GB-004933,False,717
GB-004934,True,1424
GB-004935,False,15
GB-004936,False,973
GB-004937,False,1240
GB-004938,True,446
GB-004939,False,949
GB-004940,True,1219
GB-004941,False,416
GB-004942,True,48
GB-004943,True,417
GB-004944,False,1219
GB-004945,False,756
GB-004946,False,892
GB-004947,True,1023
GB-004948,False,508
GB-004949,False,1009
GB-004950,False,633
GB-004951,False,172
GB-004952,False,1458
GB-004953,False,1129
GB-004954,False,282
GB-004955,True,985
GB-004956,False,568
GB-004957,False,1197
GB-004958,True,1074
GB-004959,False,1420
GB-004960,False,958
GB-004961,False,612
GB-004962,False,944
GB-004963,True,335
GB-004964,False,817
GB-004965,False,478
GB-004966,False,713
GB-004967,False,557
GB-004968,False,85
GB-004969,True,645
GB-004970,False,1047
GB-004971,False,490
GB-004972,False,900
GB-004973,False,827
GB-004974,False,7
GB-004975,False,1197
GB-004976,True,830
GB-004977,True,545
GB-004978,False,1267
GB-004979,False,797
GB-004980,False,576
GB-004981,True,1399
GB-004982,False,1146
GB-004983,False,844
GB-004984,True,1004
GB-004985,True,1360
GB-004986,True,1102
GB-004987,True,213
GB-004988,False,605
GB-004989,True,16
GB-004990,False,1243
GB-004991,False,537
GB-004992,False,1442
GB-004993,True,836
GB-004994,True,24
GB-004995,False,1405
GB-004996,False,872
GB-004997,True,205
GB-004998,True,999
GB-004999,False,421
GB-005000,False,16
GB-005001,False,1188
GB-005002,True,1347
GB-005003,False,1030
GB-005004,False,149
GB-005005,False,1056
GB-005006,False,1051
GB-005007,False,1183
GB-005008,False,422
GB-005009,False,581
GB-005010,False,872
GB-005011,False,317
GB-005012,True,1235
GB-005013,False,730
GB-005014,True,91
GB-005015,False,513
GB-005016,False,1135
GB-005017,False,323
GB-005018,True,1190
GB-005019,True,413
GB-005020,True,1301
GB-005021,False,643
GB-005022,False,1285
GB-005023,False,1471
GB-005024,False,1414
GB-005025,True,989
GB-005026,True,731
GB-005027,False,469
GB-005028,False,1170
GB-005029,True,651
GB-005030,False,18
GB-005031,True,1265
GB-005032,False,522
GB-005033,False,89
GB-005034,False,632
GB-005035,False,88
GB-005036,True,350
GB-005037,True,1148
GB-005038,True,1304
GB-005039,False,799
GB-005040,False,24
GB-005041,False,1046
GB-005042,False,54
GB-005043,True,492
GB-005044,False,129
GB-005045,True,116
GB-005046,True,1457
GB-005047,False,381
GB-005048,True,704
GB-005049,True,6
GB-005050,False,767
GB-005051,True,992
GB-005052,False,1395
GB-005053,False,788
GB-005054,False,679
GB-005055,True,1333
GB-005056,True,1477
GB-005057,True,678
GB-005058,True,259
GB-005059,False,972
GB-005060,False,201
GB-005061,False,1257
GB-005062,False,824
GB-005063,True,1348
GB-005064,False,606
GB-005065,False,939
GB-005066,False,168
GB-005067,True,584
GB-005068,True,1409
GB-005069,False,455
GB-005070,True,285
GB-005071,False,595
GB-005072,False,187
GB-005073,False,576
GB-005074,True,36
GB-005075,True,1228
GB-005076,False,730
GB-005077,True,1303
GB-005078,False,1385
GB-005079,False,630
GB-005080,False,109
GB-005081,True,1006
GB-005082,False,1459
GB-005083,False,1002
GB-005084,False,162
GB-005085,True,608
GB-005086,False,385
GB-005087,False,1270
GB-005088,False,1150
GB-005089,False,287
GB-005090,False,1196
GB-005091,False,168
GB-005092,True,889
GB-005093,True,754
GB-005094,False,351
GB-005095,False,93
GB-005096,False,533
GB-005097,True,490
GB-005098,False,905
GB-005099,False,67
GB-005100,False,842
GB-005101,True,725
GB-005102,True,311
GB-005103,True,1127
GB-005104,False,924
GB-005105,False,993
GB-005106,True,250
GB-005107,False,503
GB-005108,False,1050
GB-005109,True,181
GB-005110,True,841
GB-005111,True,1484
GB-005112,False,1335
GB-005113,True,701
GB-005114,True,314
GB-005115,True,1354
GB-005116,False,370
GB-005117,False,411
GB-005118,True,775
GB-005119,False,632
GB-005120,True,240
GB-005121,False,830
GB-005122,False,859
GB-005123,False,311
GB-005124,True,1128
GB-005125,False,494
GB-005126,False,858
GB-005127,False,491
GB-005128,False,735
GB-005129,True,1415
GB-005130,True,915
GB-005131,False,103
GB-005132,False,890
GB-005133,False,789
GB-005134,False,1334
GB-005135,False,488
GB-005136,True,942
GB-005137,False,478
GB-005138,False,499
GB-005139,True,443
GB-005140,False,1246
GB-005141,True,1356
GB-005142,False,859
GB-005143,False,1351
GB-005144,False,961
GB-005145,False,395
GB-005146,False,272
GB-005147,False,517
GB-005148,True,226
GB-005149,True,32
GB-005150,False,457
GB-005151,True,1302
GB-005152,True,957
GB-005153,False,141
GB-005154,True,678
GB-005155,True,1321
GB-005156,True,828
GB-005157,False,1240
GB-005158,True,44
GB-005159,True,268
GB-005160,False,881
GB-005161,True,952
GB-005162,True,1265
GB-005163,False,563
GB-005164,False,477
GB-005165,False,755
GB-005166,False,108
GB-005167,True,1257
GB-005168,False,104
GB-005169,False,424
GB-005170,True,232
GB-005171,True,133
GB-005172,False,1011
GB-005173,False,233
GB-005174,True,543
GB-005175,True,982
GB-005176,True,699
GB-005177,False,1318
GB-005178,False,426
GB-005179,False,581
GB-005180,True,1125
GB-005181,False,63
GB-005182,False,1008
GB-005183,False,1275
GB-005184,False,226
GB-005185,True,72
GB-005186,False,110
GB-005187,False,430
GB-005188,True,1007
GB-005189,False,675
GB-005190,False,1339
GB-005191,True,1374
GB-005192,True,682
GB-005193,False,482
GB-005194,True,1234
GB-005195,True,1213
GB-005196,False,1130
GB-005197,True,482
GB-005198,False,961
GB-005199,True,227
GB-005200,False,1183
GB-005201,True,1289
GB-005202,False,511
GB-005203,True,1150
GB-005204,False,401
GB-005205,False,447
GB-005206,False,1044
GB-005207,True,327
GB-005208,True,68
GB-005209,False,623
GB-005210,False,121
GB-005211,False,108
GB-005212,True,251
GB-005213,False,654
GB-005214,False,824
GB-005215,True,781
GB-005216,True,1415
GB-005217,False,395
GB-005218,True,1447
GB-005219,False,703
GB-005220,False,1055
GB-005221,True,1299
GB-005222,True,750
GB-005223,False,720
GB-005224,True,826
GB-005225,False,1249
GB-005226,False,1139
GB-005227,False,502
GB-005228,True,676
GB-005229,True,71
GB-005230,True,486
GB-005231,True,593
GB-005232,False,529
GB-005233,False,1001
GB-005234,True,878
GB-005235,True,708
GB-005236,False,1059
GB-005237,True,1151
GB-005238,False,995
GB-005239,False,1070
GB-005240,True,1419
GB-005241,False,1485
GB-005242,False,605
GB-005243,False,208
GB-005244,False,519
GB-005245,False,739
GB-005246,False,1454
GB-005247,False,445
GB-005248,False,86
GB-005249,True,454
GB-005250,False,165
GB-005251,True,467
GB-005252,True,773
GB-005253,False,377
GB-005254,True,1179
GB-005255,True,1046
GB-005256,True,580
GB-005257,True,733
GB-005258,True,746
GB-005259,True,724
GB-005260,True,1147
GB-005261,False,1299
GB-005262,True,711
GB-005263,True,1191
GB-005264,False,324
GB-005265,True,267
GB-005266,False,818
GB-005267,False,206
GB-005268,False,1456
GB-005269,False,794
GB-005270,False,207
GB-005271,False,1038
GB-005272,False,552
GB-005273,False,1037
GB-005274,True,1419
GB-005275,False,1164
GB-005276,True,452
GB-005277,False,880
GB-005278,True,380
GB-005279,False,244
GB-005280,True,1165
GB-005281,False,359
GB-005282,True,149
GB-005283,False,382
GB-005284,False,1342
GB-005285,True,1492
GB-005286,False,168
GB-005287,False,727
GB-005288,False,413
GB-005289,True,664
GB-005290,True,1005
GB-005291,False,72
GB-005292,True,1200
GB-005293,False,134
GB-005294,False,375
GB-005295,False,1071
GB-005296,True,1281
GB-005297,False,1080
GB-005298,False,325
GB-005299,False,301
GB-005300,True,53
GB-005301,False,144
GB-005302,False,440
GB-005303,False,7
GB-005304,True,344
GB-005305,False,319
GB-005306,False,1182
GB-005307,False,938
GB-005308,False,842
GB-005309,False,1205
GB-005310,False,375
GB-005311,True,427
GB-005312,False,1320
GB-005313,True,1210
GB-005314,False,676
GB-005315,False,193
GB-005316,True,168
GB-005317,False,1247
GB-005318,True,1431
GB-005319,False,1141
GB-005320,False,431
GB-005321,True,1022
GB-005322,False,1356
GB-005323,False,1233
GB-005324,True,1045
GB-005325,False,558
GB-005326,False,775
GB-005327,False,1174
GB-005328,False,899
GB-005329,True,984
GB-005330,False,24
GB-005331,False,1390
GB-005332,True,1220
GB-005333,False,692
GB-005334,False,891
GB-005335,False,981
GB-005336,True,23
GB-005337,False,1103
GB-005338,False,953
GB-005339,True,1158
GB-005340,False,910
GB-005341,False,1163
GB-005342,False,1086
GB-005343,True,175
GB-005344,True,799
GB-005345,False,1194
GB-005346,False,1002
GB-005347,False,180
GB-005348,False,159
GB-005349,True,51
GB-005350,False,586
GB-005351,False,1317
GB-005352,False,1314
GB-005353,False,804
GB-005354,True,1268
GB-005355,True,854
GB-005356,False,1488
GB-005357,True,1374
GB-005358,False,185
GB-005359,False,1063
GB-005360,True,529
GB-005361,False,640
GB-005362,False,1322
GB-005363,True,1125
GB-005364,False,559
GB-005365,True,375
GB-005366,False,1120
GB-005367,False,1018
GB-005368,False,252
GB-005369,False,717
GB-005370,False,50
GB-005371,True,849
GB-005372,False,311
GB-005373,True,780
GB-005374,False,613
GB-005375,False,587
GB-005376,False,1086
GB-005377,False,16
GB-005378,False,723
GB-005379,False,748
GB-005380,False,677
GB-005381,False,1109
GB-005382,False,726
GB-005383,True,269
GB-005384,False,1025
GB-005385,False,218
GB-005386,False,867
GB-005387,True,124
GB-005388,False,1474
GB-005389,False,722
GB-005390,False,1474
GB-005391,False,1122
GB-005392,True,1251
GB-005393,False,677
GB-005394,False,515
GB-005395,False,1014
GB-005396,False,938
GB-005397,True,921
GB-005398,True,1468
GB-005399,True,1289
GB-005400,False,773
GB-005401,False,232
GB-005402,False,252
GB-005403,True,1313
GB-005404,False,785
GB-005405,True,1453
GB-005406,False,1334
GB-005407,True,492
GB-005408,True,26
GB-005409,True,1104
GB-005410,True,30
GB-005411,False,638
GB-005412,False,658
GB-005413,True,1247
GB-005414,False,1432
GB-005415,False,992
GB-005416,False,949
GB-005417,True,887
GB-005418,False,1330
GB-005419,False,1025
GB-005420,True,1085
GB-005421,True,460
GB-005422,False,1384
GB-005423,False,345
GB-005424,False,245
GB-005425,False,411
GB-005426,True,154
GB-005427,False,299
GB-005428,True,553
GB-005429,False,538
GB-005430,True,1207
GB-005431,False,83
GB-005432,False,651
GB-005433,True,744
GB-005434,False,487
GB-005435,True,1467
GB-005436,True,1062
GB-005437,False,1305
GB-005438,True,519
GB-005439,False,1348
GB-005440,False,1258
GB-005441,True,242
GB-005442,False,1033
GB-005443,False,1343
GB-005444,False,359
GB-005445,False,536
GB-005446,False,565
GB-005447,True,765
GB-005448,True,253
GB-005449,True,1327
GB-005450,True,1424
GB-005451,False,1437
GB-005452,False,94
GB-005453,False,831
GB-005454,False,961
GB-005455,True,860
GB-005456,False,138
GB-005457,False,1055
GB-005458,True,124
GB-005459,False,1331
GB-005460,False,317
GB-005461,False,370
GB-005462,False,908
GB-005463,False,164
GB-005464,False,695
GB-005465,False,293
GB-005466,False,520
GB-005467,True,147
GB-005468,False,1282
GB-005469,True,466
GB-005470,False,511
GB-005471,True,1415
GB-005472,True,469
GB-005473,False,28
GB-005474,False,523
GB-005475,True,1363
GB-005476,True,1101
GB-005477,True,939
GB-005478,False,604
GB-005479,False,630
GB-005480,True,553
GB-005481,False,781
GB-005482,False,303
GB-005483,False,853
GB-005484,True,696
GB-005485,False,649
GB-005486,True,56
GB-005487,True,1344
GB-005488,True,1268
GB-005489,False,796
GB-005490,True,126
GB-005491,True,334
GB-005492,False,1281
GB-005493,False,1334
GB-005494,True,1075
GB-005495,False,1019
GB-005496,True,94
GB-005497,False,1124
GB-005498,False,8
GB-005499,False,870
GB-005500,False,103
GB-005501,True,622
GB-005502,True,302
GB-005503,False,1127
GB-005504,True,725
GB-005505,True,769
GB-005506,False,1269
GB-005507,False,1221
GB-005508,True,397
GB-005509,False,826
GB-005510,True,600
GB-005511,False,985
GB-005512,False,118
GB-005513,False,926
GB-005514,True,1342
GB-005515,True,892
GB-005516,False,1383
GB-005517,True,1132
GB-005518,False,1387
GB-005519,True,979
GB-005520,False,1248
GB-005521,True,618
GB-005522,False,1366
GB-005523,True,1033
GB-005524,False,323
GB-005525,False,33
GB-005526,False,740
GB-005527,False,989
GB-005528,False,163
GB-005529,False,1279
GB-005530,False,1100
GB-005531,False,580
GB-005532,False,1117
GB-005533,True,367
GB-005534,True,787
GB-005535,True,660
GB-005536,False,69
GB-005537,False,707
GB-005538,True,259
GB-005539,False,703
GB-005540,False,417
GB-005541,True,671
GB-005542,True,506
GB-005543,False,363
GB-005544,False,435
GB-005545,False,555
GB-005546,False,1111
GB-005547,False,382
GB-005548,False,250
GB-005549,True,289
GB-005550,False,627
GB-005551,True,293
GB-005552,True,241
GB-005553,False,1136
GB-005554,True,378
GB-005555,False,289
GB-005556,True,956
GB-005557,True,1248
GB-005558,True,857
GB-005559,False,847
GB-005560,True,1081
GB-005561,False,1263
GB-005562,False,297
GB-005563,False,1197
GB-005564,True,954
GB-005565,False,835
GB-005566,True,1155
GB-005567,False,626
GB-005568,True,1137
GB-005569,False,903
GB-005570,False,1262
GB-005571,False,892
GB-005572,False,642
GB-005573,False,989
GB-005574,True,750
GB-005575,False,1232
GB-005576,True,1179
GB-005577,True,1029
GB-005578,True,1331
GB-005579,False,184
GB-005580,True,60
GB-005581,False,557
GB-005582,False,1444
GB-005583,False,523
GB-005584,True,951
GB-005585,True,192
GB-005586,True,1001
GB-005587,False,1083
GB-005588,False,702
GB-005589,False,109
GB-005590,False,239
GB-005591,False,1383
GB-005592,True,680
GB-005593,True,1131
GB-005594,True,120
GB-005595,True,393
GB-005596,False,967
GB-005597,False,538
GB-005598,False,1132
GB-005599,True,990
GB-005600,True,799
GB-005601,False,1405
GB-005602,False,528
GB-005603,False,612
GB-005604,False,1366
GB-005605,False,965
GB-005606,False,364
GB-005607,False,1162
GB-005608,True,266
GB-005609,False,276
GB-005610,True,935
GB-005611,False,1074
GB-005612,True,758
GB-005613,True,414
GB-005614,False,415
GB-005615,False,706
GB-005616,False,1370
GB-005617,False,1110
GB-005618,True,1423
GB-005619,True,465
GB-005620,False,1326
GB-005621,False,532
GB-005622,False,564
GB-005623,False,949
GB-005624,False,1442
GB-005625,False,1069
GB-005626,False,786
GB-005627,True,913
GB-005628,True,1277
GB-005629,False,602
GB-005630,False,1423
GB-005631,False,608
GB-005632,False,1351
GB-005633,True,622
GB-005634,False,831
GB-005635,False,489
GB-005636,True,638
GB-005637,False,363
GB-005638,False,463
GB-005639,False,899
GB-005640,True,1326
GB-005641,False,116
GB-005642,False,637
GB-005643,True,632
GB-005644,False,853
GB-005645,True,865
GB-005646,False,859
GB-005647,True,1017
GB-005648,True,854
GB-005649,True,1039
GB-005650,False,63
GB-005651,False,1353
GB-005652,True,482
GB-005653,False,1160
GB-005654,True,1253
GB-005655,True,1130
GB-005656,False,119
GB-005657,True,947
GB-005658,False,89
GB-005659,True,800
GB-005660,True,794
GB-005661,True,588
GB-005662,False,87
GB-005663,True,25
GB-005664,False,401
GB-005665,False,571
GB-005666,False,249
GB-005667,False,1479
GB-005668,False,425
GB-005669,False,703
GB-005670,True,988
GB-005671,False,444
GB-005672,True,205
GB-005673,False,1385
GB-005674,False,1370
GB-005675,True,450
GB-005676,True,754
GB-005677,False,768
GB-005678,False,1274
GB-005679,True,449
GB-005680,True,1011
GB-005681,False,460
GB-005682,False,648
GB-005683,False,77
GB-005684,False,199
GB-005685,False,393
GB-005686,True,5
GB-005687,False,296
GB-005688,False,270
GB-005689,False,319
GB-005690,False,1344
GB-005691,False,905
GB-005692,False,819
GB-005693,False,689
GB-005694,False,487
GB-005695,False,465
GB-005696,False,1154
GB-005697,False,701
GB-005698,True,344
GB-005699,True,667
GB-005700,False,972
GB-005701,False,467
GB-005702,False,1228
GB-005703,False,397
GB-005704,False,1131
GB-005705,False,362
GB-005706,False,1457
GB-005707,True,1013
GB-005708,False,395
GB-005709,True,20
GB-005710,True,571
GB-005711,False,62
GB-005712,False,1249
GB-005713,False,863
GB-005714,True,623
GB-005715,False,1366
GB-005716,True,1247
GB-005717,False,263
GB-005718,False,31
GB-005719,False,490
GB-005720,True,592
GB-005721,True,821
GB-005722,False,128
GB-005723,True,156
GB-005724,False,126
GB-005725,False,224
GB-005726,True,1345
GB-005727,False,451
GB-005728,False,517
GB-005729,True,916
GB-005730,True,1148
GB-005731,False,70
GB-005732,False,308
GB-005733,False,236
GB-005734,False,222
GB-005735,True,1043
GB-005736,True,371
GB-005737,False,1303
GB-005738,True,1272
GB-005739,False,205
GB-005740,False,509
GB-005741,True,815
GB-005742,True,1356
GB-005743,True,598
GB-005744,True,253
GB-005745,False,1367
GB-005746,False,1326
GB-005747,False,352
GB-005748,False,1263
GB-005749,False,1440
GB-005750,False,1054
GB-005751,True,1044
GB-005752,False,201
GB-005753,False,1058
GB-005754,False,709
GB-005755,False,671
GB-005756,False,827
GB-005757,True,1425
GB-005758,False,772
GB-005759,False,962
GB-005760,False,119
GB-005761,False,646
GB-005762,True,978
GB-005763,False,961
GB-005764,True,247
GB-005765,False,1332
GB-005766,False,1158
GB-005767,True,815
GB-005768,False,1283
GB-005769,False,1366
GB-005770,True,88
GB-005771,False,529
GB-005772,False,1437
GB-005773,False,1097
GB-005774,False,276
GB-005775,False,1053
GB-005776,False,142
GB-005777,True,780
GB-005778,False,137
GB-005779,True,334
GB-005780,False,763
GB-005781,False,883
GB-005782,True,358
GB-005783,True,1362
GB-005784,False,606
GB-005785,False,1340
GB-005786,False,1353
GB-005787,False,21
GB-005788,True,516
GB-005789,False,83
GB-005790,True,564
GB-005791,True,1050
GB-005792,False,825
GB-005793,True,1052
GB-005794,False,1476
GB-005795,True,1264
GB-005796,False,1258
GB-005797,False,549
GB-005798,False,1164
GB-005799,False,172
GB-005800,False,208
GB-005801,False,1371
GB-005802,True,1285
GB-005803,False,165
GB-005804,False,37
GB-005805,False,478
GB-005806,False,1161
GB-005807,False,703
GB-005808,True,718
GB-005809,False,1093
GB-005810,True,811
GB-005811,False,849
GB-005812,False,1342
GB-005813,False,341
GB-005814,True,742
GB-005815,True,1047
GB-005816,False,136
GB-005817,True,603
GB-005818,False,172
GB-005819,False,922
GB-005820,False,1212
GB-005821,True,46
GB-005822,False,600
GB-005823,False,660
GB-005824,True,855
GB-005825,False,1177
GB-005826,True,1081
GB-005827,False,229
GB-005828,True,505
GB-005829,False,530
GB-005830,False,1068
GB-005831,False,995
GB-005832,False,199
GB-005833,False,611
GB-005834,True,1312
GB-005835,False,860
GB-005836,False,1075
GB-005837,False,378
GB-005838,True,507
GB-005839,False,1384
GB-005840,True,116
GB-005841,False,39
GB-005842,False,1256
GB-005843,True,1376
GB-005844,False,580
GB-005845,True,1199
GB-005846,False,1341
GB-005847,False,1210
GB-005848,False,1105
GB-005849,False,1014
GB-005850,False,1432
GB-005851,False,54
GB-005852,True,1324
GB-005853,False,1341
GB-005854,False,466
GB-005855,False,1275
GB-005856,False,715
GB-005857,False,503
GB-005858,True,811
GB-005859,False,605
GB-005860,False,534
GB-005861,False,639
GB-005862,True,1084
GB-005863,True,1307
GB-005864,False,1063
GB-005865,True,229
GB-005866,False,323
GB-005867,True,790
GB-005868,False,1195
GB-005869,False,1204
GB-005870,True,1364
GB-005871,False,678
GB-005872,True,608
GB-005873,False,399
GB-005874,False,569
GB-005875,False,1048
GB-005876,False,105
GB-005877,False,1109
GB-005878,False,329
GB-005879,True,6
GB-005880,False,1434
GB-005881,True,309
GB-005882,True,98
GB-005883,True,600
GB-005884,True,634
GB-005885,False,734
GB-005886,False,377
GB-005887,False,1270
GB-005888,False,1462
GB-005889,True,40
GB-005890,False,1077
GB-005891,True,651
GB-005892,True,107
GB-005893,False,839
GB-005894,False,875
GB-005895,False,649
GB-005896,True,320
GB-005897,True,133
GB-005898,False,311
GB-005899,False,327
GB-005900,True,274
GB-005901,False,1451
GB-005902,True,754
GB-005903,False,823
GB-005904,False,1273
GB-005905,False,427
GB-005906,True,264
GB-005907,False,1099
GB-005908,True,849
GB-005909,False,130
GB-005910,False,166
GB-005911,True,696
GB-005912,True,767
GB-005913,True,509
GB-005914,False,638
GB-005915,True,343
GB-005916,False,427
GB-005917,False,355
GB-005918,True,1049
GB-005919,True,552
GB-005920,False,622
GB-005921,False,1301
GB-005922,True,40
GB-005923,False,183
GB-005924,False,1343
GB-005925,False,1070
GB-005926,False,745
GB-005927,False,961
GB-005928,False,594
GB-005929,False,361
GB-005930,True,133
GB-005931,True,1215
GB-005932,True,383
GB-005933,False,5
GB-005934,False,295
GB-005935,True,1051
GB-005936,True,800
GB-005937,False,287
GB-005938,False,859
GB-005939,False,544
GB-005940,False,1000
GB-005941,False,877
GB-005942,False,1072
GB-005943,True,1351
GB-005944,False,886
GB-005945,True,495
GB-005946,False,294
GB-005947,False,366
GB-005948,True,78
GB-005949,True,1413
GB-005950,False,979
GB-005951,False,737
GB-005952,False,1052
GB-005953,True,1059
GB-005954,False,993
GB-005955,True,993
GB-005956,True,744
GB-005957,False,1376
GB-005958,False,184
GB-005959,False,761
GB-005960,True,316
GB-005961,False,1416
GB-005962,False,370
GB-005963,False,1285
GB-005964,False,922
GB-005965,False,1212
GB-005966,False,518
GB-005967,False,370
GB-005968,False,1485
GB-005969,True,722
GB-005970,True,885
GB-005971,False,691
GB-005972,False,1275
GB-005973,True,1113
GB-005974,False,194
GB-005975,False,1297
GB-005976,False,1405
GB-005977,False,98
GB-005978,False,26
GB-005979,True,371
GB-005980,True,391
GB-005981,False,645
GB-005982,True,636
GB-005983,True,447
GB-005984,False,1395
GB-005985,False,417
GB-005986,True,627
GB-005987,False,415
GB-005988,False,45
GB-005989,False,212
GB-005990,True,280
GB-005991,True,483
GB-005992,True,1268
GB-005993,False,665
GB-005994,False,792
GB-005995,False,1427
GB-005996,False,1277
GB-005997,False,750
GB-005998,False,444
GB-005999,True,965
GB-006000,False,721
GB-006001,False,286
GB-006002,False,154
GB-006003,True,1136
GB-006004,False,634
GB-006005,True,1097
GB-006006,False,101
GB-006007,False,593
GB-006008,False,51
GB-006009,False,1406
GB-006010,True,1248
GB-006011,True,347
GB-006012,False,1133
GB-006013,False,179
GB-006014,False,335
GB-006015,False,1022
GB-006016,False,54
GB-006017,False,372
GB-006018,False,311
GB-006019,False,769
GB-006020,True,1446
GB-006021,True,928
GB-006022,True,902
GB-006023,False,1145
GB-006024,False,797
GB-006025,False,505
GB-006026,False,403
GB-006027,False,463
GB-006028,False,727
GB-006029,False,587
GB-006030,False,271
GB-006031,False,777
GB-006032,False,1102
GB-006033,False,1314
GB-006034,True,124
GB-006035,False,954
GB-006036,True,145
GB-006037,True,601
GB-006038,False,1174
GB-006039,False,633
GB-006040,True,528
GB-006041,True,1337
GB-006042,False,736
GB-006043,False,1227
GB-006044,False,1134
GB-006045,False,571
GB-006046,False,1082
GB-006047,True,1250
GB-006048,True,1140
GB-006049,True,1245
GB-006050,True,495
GB-006051,False,1351
GB-006052,True,744
GB-006053,True,1416
GB-006054,False,1215
GB-006055,False,1432
GB-006056,False,1235
GB-006057,True,1196
GB-006058,True,737
GB-006059,False,1044
GB-006060,False,495
GB-006061,True,1032
GB-006062,True,1192
GB-006063,True,396
GB-006064,True,1268
GB-006065,True,487
GB-006066,False,448
GB-006067,True,1190
GB-006068,False,1124
GB-006069,False,1493
GB-006070,False,1283
GB-006071,False,688
GB-006072,True,1005
GB-006073,True,718
GB-006074,True,293
GB-006075,False,1439
GB-006076,True,264
GB-006077,True,1258
GB-006078,True,369
GB-006079,False,1065
GB-006080,True,1325
GB-006081,False,211
GB-006082,False,1081
GB-006083,True,8
GB-006084,True,516
GB-006085,False,972
GB-006086,False,392
GB-006087,False,307
GB-006088,False,593
GB-006089,False,717
GB-006090,True,104
GB-006091,False,1309
GB-006092,False,1155
GB-006093,False,932
GB-006094,True,1091
GB-006095,True,205
GB-006096,False,1496
GB-006097,False,491
GB-006098,True,503
GB-006099,False,1081
GB-006100,False,538
GB-006101,False,930
GB-006102,True,700
GB-006103,True,460
GB-006104,False,1377
GB-006105,True,137
GB-006106,False,463
GB-006107,True,1181
GB-006108,True,396
GB-006109,True,272
GB-006110,False,321
GB-006111,True,107
GB-006112,False,744
GB-006113,False,202
GB-006114,False,1226
GB-006115,True,1200
GB-006116,False,1395
GB-006117,True,327
GB-006118,False,1061
GB-006119,False,1128
GB-006120,True,115
GB-006121,False,171
GB-006122,True,1208
GB-006123,False,708
GB-006124,True,528
GB-006125,False,1490
GB-006126,True,1189
GB-006127,True,819
GB-006128,True,1491
GB-006129,False,812
GB-006130,True,926
GB-006131,True,343
GB-006132,True,612
GB-006133,False,336
GB-006134,True,259
GB-006135,False,1332
GB-006136,True,1201
GB-006137,True,893
GB-006138,True,304
GB-006139,True,1006
GB-006140,True,467
GB-006141,False,1001
GB-006142,True,262
GB-006143,False,603
GB-006144,False,632
GB-006145,False,735
GB-006146,True,824
GB-006147,True,187
GB-006148,True,1026
GB-006149,True,629
GB-006150,False,159
GB-006151,False,993
GB-006152,True,756
GB-006153,True,279
GB-006154,True,1469
GB-006155,False,777
GB-006156,True,217
GB-006157,False,1359
GB-006158,True,385
GB-006159,False,1332
GB-006160,True,403
GB-006161,True,631
GB-006162,True,362
GB-006163,False,1114
GB-006164,False,146
GB-006165,True,1174
GB-006166,False,840
GB-006167,True,362
GB-006168,True,297
GB-006169,True,1253
GB-006170,False,408
GB-006171,False,28
GB-006172,True,951
GB-006173,False,768
GB-006174,False,1485
GB-006175,True,756
GB-006176,True,831
GB-006177,True,690
GB-006178,True,399
GB-006179,True,261
GB-006180,True,498
GB-006181,False,318
GB-006182,False,32
GB-006183,False,1054
GB-006184,False,967
GB-006185,True,1251
GB-006186,True,743
GB-006187,False,908
GB-006188,False,69
GB-006189,False,523
GB-006190,False,455
GB-006191,True,766
GB-006192,False,168
GB-006193,False,647
GB-006194,True,528
GB-006195,True,1311
GB-006196,True,745
GB-006197,False,62
GB-006198,False,958
GB-006199,False,793
GB-006200,False,977
GB-006201,False,527
GB-006202,True,1332
GB-006203,True,204
GB-006204,True,826
GB-006205,True,663
GB-006206,False,1162
GB-006207,False,1435
GB-006208,False,596
GB-006209,False,1123
GB-006210,False,1264
GB-006211,False,128
GB-006212,False,1452
GB-006213,False,1260
GB-006214,False,1449
GB-006215,False,442
GB-006216,True,609
GB-006217,False,423
GB-006218,False,236
GB-006219,False,1282
GB-006220,False,114
GB-006221,False,103
GB-006222,True,218
GB-006223,True,17
GB-006224,True,131
GB-006225,False,1209
GB-006226,True,280
GB-006227,False,41
GB-006228,True,1315
GB-006229,False,1418
GB-006230,False,279
GB-006231,False,959
GB-006232,False,1462
GB-006233,False,640
GB-006234,False,636
GB-006235,False,1367
GB-006236,False,1024
GB-006237,False,1283
GB-006238,False,826
GB-006239,False,638
GB-006240,True,492
GB-006241,True,1029
GB-006242,True,787
GB-006243,False,441
GB-006244,True,667
GB-006245,True,477
GB-006246,False,637
GB-006247,True,506
GB-006248,False,693
GB-006249,True,561
GB-006250,True,185
GB-006251,False,159
GB-006252,False,1306
GB-006253,False,52
GB-006254,False,799
GB-006255,False,1440
GB-006256,False,626
GB-006257,False,1324
GB-006258,True,606
GB-006259,True,1107
GB-006260,True,349
GB-006261,True,370
GB-006262,False,586
GB-006263,False,137
GB-006264,False,419
GB-006265,False,1259
GB-006266,False,1060
GB-006267,False,231
GB-006268,False,1159
GB-006269,True,671
GB-006270,False,661
GB-006271,True,835
GB-006272,True,1446
GB-006273,False,1109
GB-006274,True,1274
GB-006275,True,477
GB-006276,True,889
GB-006277,True,1079
GB-006278,False,703
GB-006279,False,1018
GB-006280,False,1154
GB-006281,False,1302
GB-006282,False,707
GB-006283,False,918
GB-006284,True,967
GB-006285,False,991
GB-006286,False,1300
GB-006287,False,511
GB-006288,False,1302
GB-006289,False,150
GB-006290,False,739
GB-006291,True,1398
GB-006292,True,1177
GB-006293,False,1025
GB-006294,True,867
GB-006295,True,1207
GB-006296,False,309
GB-006297,False,1386
GB-006298,True,567
GB-006299,False,754
GB-006300,True,1181
GB-006301,False,1438
GB-006302,True,958
GB-006303,False,549
GB-006304,False,692
GB-006305,False,1008
GB-006306,False,62
GB-006307,False,1469
GB-006308,True,1192
GB-006309,True,957
GB-006310,False,639
GB-006311,True,1433
GB-006312,False,650
GB-006313,False,1370
GB-006314,True,690
GB-006315,False,659
GB-006316,False,1044
GB-006317,False,415
GB-006318,True,300
GB-006319,True,794
GB-006320,False,292
GB-006321,False,1016
GB-006322,True,739
GB-006323,True,965
GB-006324,False,344
GB-006325,True,1103
GB-006326,False,59
GB-006327,False,1113
GB-006328,False,1165
GB-006329,True,809
GB-006330,True,386
GB-006331,True,782
GB-006332,False,1388
GB-006333,False,1457
GB-006334,False,512
GB-006335,False,1433
GB-006336,False,754
GB-006337,False,705
GB-006338,True,959
GB-006339,False,517
GB-006340,False,958
GB-006341,False,142
GB-006342,False,417
GB-006343,False,294
GB-006344,True,1488
GB-006345,False,1311
GB-006346,False,1301
GB-006347,False,1490
GB-006348,False,869
GB-006349,False,375
GB-006350,True,131
GB-006351,False,905
GB-006352,True,335
GB-006353,False,1405
GB-006354,False,1161
GB-006355,False,122
GB-006356,True,391
GB-006357,False,691
GB-006358,False,1088
GB-006359,False,1034
GB-006360,False,1084
GB-006361,True,722
GB-006362,True,193
GB-006363,False,751
GB-006364,False,762
GB-006365,True,751
GB-006366,False,16
GB-006367,False,1131
GB-006368,True,1482
GB-006369,True,757
GB-006370,False,196
GB-006371,False,310
GB-006372,False,103
GB-006373,False,292
GB-006374,True,825
GB-006375,False,18
GB-006376,True,932
GB-006377,True,899
GB-006378,False,1353
GB-006379,False,1379
GB-006380,True,294
GB-006381,False,1374
GB-006382,False,1337
GB-006383,False,308
GB-006384,True,210
GB-006385,True,226
GB-006386,False,227
GB-006387,False,869
GB-006388,False,1315
GB-006389,False,910
GB-006390,True,972
GB-006391,False,658
GB-006392,True,386
GB-006393,False,55
GB-006394,True,258
GB-006395,False,180
GB-006396,False,1389
GB-006397,True,1292
GB-006398,False,1027
GB-006399,True,1279
GB-006400,False,786
GB-006401,False,855
GB-006402,True,319
GB-006403,False,132
GB-006404,True,600
GB-006405,True,1078
GB-006406,False,751
GB-006407,True,134
GB-006408,True,1244
GB-006409,False,1437
GB-006410,False,221
GB-006411,True,173
GB-006412,False,666
GB-006413,True,690
GB-006414,True,440
GB-006415,False,1363
GB-006416,True,336
GB-006417,True,1105
GB-006418,False,1180
GB-006419,False,967
GB-006420,True,1342
GB-006421,True,501
GB-006422,True,997
GB-006423,True,76
GB-006424,False,106
GB-006425,False,1366
GB-006426,True,73
GB-006427,False,80
GB-006428,False,1132
GB-006429,True,639
GB-006430,True,668
GB-006431,False,415
GB-006432,True,1039
GB-006433,False,1048
GB-006434,False,91
GB-006435,False,381
GB-006436,False,1020
GB-006437,True,312
GB-006438,False,854
GB-006439,True,1175
GB-006440,False,498
GB-006441,True,322
GB-006442,False,894
GB-006443,False,456
GB-006444,True,157
GB-006445,False,456
GB-006446,False,186
GB-006447,True,1189
GB-006448,True,33
GB-006449,False,103
GB-006450,False,1134
GB-006451,True,407
GB-006452,True,941
GB-006453,False,1227
GB-006454,True,938
GB-006455,True,1394
GB-006456,True,960
GB-006457,True,1449
GB-006458,True,520
GB-006459,True,29
GB-006460,False,1457
GB-006461,True,990
GB-006462,False,575
GB-006463,False,873
GB-006464,False,683
GB-006465,True,526
GB-006466,False,1424
GB-006467,False,753
GB-006468,True,1204
GB-006469,False,239
GB-006470,True,1002
GB-006471,False,752
GB-006472,False,1271
GB-006473,False,596
GB-006474,True,170
GB-006475,False,446
GB-006476,True,771
GB-006477,False,428
GB-006478,False,1282
GB-006479,True,758
GB-006480,False,918
GB-006481,True,217
GB-006482,False,787
GB-006483,True,815
GB-006484,False,1326
GB-006485,True,999
GB-006486,True,976
GB-006487,False,1293
GB-006488,False,1333
GB-006489,True,1364
GB-006490,False,1389
GB-006491,False,1018
GB-006492,False,1366
GB-006493,False,99
GB-006494,False,1498
GB-006495,False,1109
GB-006496,False,538
GB-006497,True,1047
GB-006498,False,590
GB-006499,False,814
GB-006500,False,1315
GB-006501,True,1495
GB-006502,False,282
GB-006503,True,372
GB-006504,False,455
GB-006505,False,259
GB-006506,True,184
GB-006507,False,372
GB-006508,True,819
GB-006509,False,621
GB-006510,False,653
GB-006511,False,1124
GB-006512,True,491
GB-006513,True,330
GB-006514,True,1198
GB-006515,True,266
GB-006516,False,544
GB-006517,True,420
GB-006518,True,166
GB-006519,False,853
GB-006520,False,107
GB-006521,True,157
GB-006522,True,745
GB-006523,False,480
GB-006524,False,1418
GB-006525,False,392
GB-006526,True,540
GB-006527,True,1485
GB-006528,True,1344
GB-006529,False,796
GB-006530,True,857
GB-006531,False,283
GB-006532,True,295
GB-006533,True,784
GB-006534,True,66
GB-006535,False,32
GB-006536,True,1047
GB-006537,True,1297
GB-006538,False,1352
GB-006539,False,583
GB-006540,False,245
GB-006541,True,461
GB-006542,True,155
GB-006543,True,793
GB-006544,False,1362
GB-006545,True,433
GB-006546,False,701
GB-006547,False,262
GB-006548,False,550
GB-006549,True,1294
GB-006550,False,982
GB-006551,True,1265
GB-006552,False,781
GB-006553,False,240
GB-006554,False,899
GB-006555,False,456
GB-006556,False,765
GB-006557,True,221
GB-006558,False,566
GB-006559,False,545
GB-006560,False,1252
GB-006561,False,1456
GB-006562,False,721
GB-006563,False,449
GB-006564,False,415
GB-006565,False,761
GB-006566,True,308
GB-006567,False,864
GB-006568,False,1106
GB-006569,True,471
GB-006570,True,450
GB-006571,True,588
GB-006572,False,964
GB-006573,False,1112
GB-006574,False,1069
GB-006575,False,70
GB-006576,False,493
GB-006577,True,1075
GB-006578,False,325
GB-006579,False,155
GB-006580,False,1314
GB-006581,False,454
GB-006582,True,1284
GB-006583,False,1038
GB-006584,False,570
GB-006585,False,962
GB-006586,True,9
GB-006587,True,50
GB-006588,False,1455
GB-006589,False,911
GB-006590,False,659
GB-006591,False,415
GB-006592,False,1369
GB-006593,False,926
GB-006594,False,460
GB-006595,False,1258
GB-006596,False,101
GB-006597,True,822
GB-006598,False,1451
GB-006599,True,186
GB-006600,False,705
GB-006601,True,1177
GB-006602,True,720
GB-006603,False,952
GB-006604,True,975
GB-006605,False,1447
GB-006606,True,617
GB-006607,True,72
GB-006608,True,973
GB-006609,True,843
GB-006610,True,864
GB-006611,False,893
GB-006612,False,865
GB-006613,False,1224
GB-006614,False,442
GB-006615,False,1274
GB-006616,False,360
GB-006617,False,379
GB-006618,True,668
GB-006619,False,201
GB-006620,False,956
GB-006621,True,426
GB-006622,True,1197
GB-006623,True,799
GB-006624,False,246
GB-006625,False,1057
GB-006626,True,876
GB-006627,False,1287
GB-006628,True,357
GB-006629,False,910
GB-006630,True,848
GB-006631,True,1208
GB-006632,False,208
GB-006633,False,191
GB-006634,False,1246
GB-006635,False,124
GB-006636,False,233
GB-006637,False,1382
GB-006638,True,352
GB-006639,False,660
GB-006640,False,194
GB-006641,True,1264
GB-006642,True,678
GB-006643,False,1379
GB-006644,True,1275
GB-006645,True,891
GB-006646,False,128
GB-006647,True,101
GB-006648,False,727
GB-006649,False,1345
GB-006650,False,139
GB-006651,False,749
GB-006652,False,864
GB-006653,True,947
GB-006654,False,105
GB-006655,False,1294
GB-006656,False,528
GB-006657,False,626
GB-006658,False,475
GB-006659,True,954
GB-006660,False,830
GB-006661,False,939
GB-006662,False,59
GB-006663,False,1028
GB-006664,False,835
GB-006665,False,1331
GB-006666,False,524
GB-006667,True,1317
GB-006668,True,1297
GB-006669,False,294
GB-006670,False,1065
GB-006671,True,1138
GB-006672,True,995
GB-006673,True,166
GB-006674,False,1363
GB-006675,False,538
GB-006676,True,921
GB-006677,False,460
GB-006678,False,427
GB-006679,False,503
GB-006680,True,580
GB-006681,False,1469
GB-006682,True,372
GB-006683,True,1228
GB-006684,False,1133
GB-006685,False,777
GB-006686,True,42
GB-006687,True,799
GB-006688,False,338
GB-006689,True,582
GB-006690,False,323
GB-006691,True,165
GB-006692,False,789
GB-006693,False,1280
GB-006694,False,705
GB-006695,False,714
GB-006696,True,710
GB-006697,False,540
GB-006698,True,887
GB-006699,True,840
GB-006700,False,481
GB-006701,False,736
GB-006702,True,224
GB-006703,False,1206
GB-006704,False,341
GB-006705,True,956
GB-006706,False,575
GB-006707,False,1083
GB-006708,False,1112
GB-006709,False,421
GB-006710,True,542
GB-006711,True,1494
GB-006712,False,1228
GB-006713,False,951
GB-006714,False,978
GB-006715,True,476
GB-006716,False,1043
GB-006717,False,596
GB-006718,False,520
GB-006719,False,925
GB-006720,True,918
GB-006721,False,519
GB-006722,False,800
GB-006723,False,925
GB-006724,False,1430
GB-006725,True,997
GB-006726,False,760
GB-006727,True,1040
GB-006728,True,1070
GB-006729,False,1195
GB-006730,True,93
GB-006731,False,1230
GB-006732,True,373
GB-006733,True,750
GB-006734,False,1364
GB-006735,False,89
GB-006736,False,1084
GB-006737,False,1034
GB-006738,True,1024
GB-006739,True,570
GB-006740,True,129
GB-006741,True,1046
GB-006742,True,1246
GB-006743,False,279
GB-006744,True,423
GB-006745,False,1112
GB-006746,False,496
GB-006747,False,78
GB-006748,False,1291
GB-006749,False,875
GB-006750,True,1059
GB-006751,True,138
GB-006752,True,973
GB-006753,False,871
GB-006754,False,1417
GB-006755,True,1383
GB-006756,True,162
GB-006757,False,600
GB-006758,False,295
GB-006759,True,1277
GB-006760,False,334
GB-006761,False,1173
GB-006762,True,352
GB-006763,False,339
GB-006764,False,1257
GB-006765,False,411
GB-006766,True,975
GB-006767,False,205
GB-006768,True,1003
GB-006769,False,702
GB-006770,False,238
GB-006771,False,43
GB-006772,False,611
GB-006773,False,1036
GB-006774,True,1196
GB-006775,False,1096
GB-006776,False,636
GB-006777,True,1074
GB-006778,True,293
GB-006779,False,1480
GB-006780,True,1461
GB-006781,False,560
GB-006782,False,616
GB-006783,True,241
GB-006784,False,1099
GB-006785,True,1431
GB-006786,True,1090
GB-006787,False,588
GB-006788,True,322
GB-006789,True,176
GB-006790,False,1077
GB-006791,False,566
GB-006792,False,1391
GB-006793,False,663
GB-006794,True,157
GB-006795,True,351
GB-006796,False,385
GB-006797,True,1325
GB-006798,True,859
GB-006799,True,146
GB-006800,False,270
GB-006801,False,738
GB-006802,False,1394
GB-006803,False,63
GB-006804,True,1278
GB-006805,True,574
GB-006806,True,335
GB-006807,False,937
GB-006808,True,598
GB-006809,False,972
GB-006810,True,1262
GB-006811,True,1215
GB-006812,False,299
GB-006813,False,889
GB-006814,False,1214
GB-006815,False,1082
GB-006816,False,1459
GB-006817,True,399
GB-006818,False,56
GB-006819,False,1082
GB-006820,True,600
GB-006821,False,983
GB-006822,False,905
GB-006823,True,1376
GB-006824,True,988
GB-006825,False,1401
GB-006826,True,832
GB-006827,False,433
GB-006828,True,341
GB-006829,False,507
GB-006830,False,791
GB-006831,True,188
GB-006832,True,1320
GB-006833,False,219
GB-006834,False,1490
GB-006835,False,1417
GB-006836,False,1223
GB-006837,True,148
GB-006838,True,74
GB-006839,False,1279
GB-006840,False,799
GB-006841,False,1377
GB-006842,True,86
GB-006843,True,447
GB-006844,False,665
GB-006845,False,979
GB-006846,True,623
GB-006847,True,1413
GB-006848,False,1184
GB-006849,False,758
GB-006850,True,206
GB-006851,True,310
GB-006852,False,713
GB-006853,False,1247
GB-006854,False,1248
GB-006855,False,815
GB-006856,True,222
GB-006857,False,107
GB-006858,True,927
GB-006859,False,306
GB-006860,False,1185
GB-006861,True,393
GB-006862,False,757
GB-006863,True,1366
GB-006864,False,1312
GB-006865,False,74
GB-006866,False,1038
GB-006867,False,1137
GB-006868,False,1227
GB-006869,False,1261
GB-006870,False,991
GB-006871,False,541
GB-006872,True,788
GB-006873,True,220
GB-006874,False,878
GB-006875,False,203
GB-006876,False,824
GB-006877,False,637
GB-006878,True,1022
GB-006879,False,988
GB-006880,False,172
GB-006881,True,1053
GB-006882,False,1489
GB-006883,True,597
GB-006884,False,749
GB-006885,True,927
GB-006886,False,380
GB-006887,False,1422
GB-006888,False,156
GB-006889,True,525
GB-006890,False,581
GB-006891,True,1355
GB-006892,True,294
GB-006893,False,1398
GB-006894,True,1035
GB-006895,True,794
GB-006896,False,607
GB-006897,False,202
GB-006898,False,821
GB-006899,False,117
GB-006900,False,85
GB-006901,True,1152
GB-006902,True,518
GB-006903,True,894
GB-006904,True,781
GB-006905,False,1101
GB-006906,False,235
GB-006907,True,70
GB-006908,False,1093
GB-006909,True,838
GB-006910,False,916
GB-006911,False,216
GB-006912,True,503
GB-006913,False,941
GB-006914,False,647
GB-006915,False,1357
GB-006916,False,1139
GB-006917,False,655
GB-006918,False,571
GB-006919,False,1061
GB-006920,False,1280
GB-006921,False,650
GB-006922,True,1105
GB-006923,True,1042
GB-006924,False,1368
GB-006925,True,992
GB-006926,False,464
GB-006927,True,20
GB-006928,True,131
GB-006929,False,712
GB-006930,False,375
GB-006931,False,801
GB-006932,False,968
GB-006933,False,548
GB-006934,True,843
GB-006935,True,740
GB-006936,False,575
GB-006937,False,17
GB-006938,False,12
GB-006939,False,561
GB-006940,False,1099
GB-006941,True,1494
GB-006942,False,504
GB-006943,False,400
GB-006944,True,1301
GB-006945,False,36
GB-006946,False,718
GB-006947,False,891
GB-006948,True,549
GB-006949,True,561
GB-006950,False,888
GB-006951,False,391
GB-006952,True,384
GB-006953,False,417
GB-006954,True,1185
GB-006955,True,475
GB-006956,False,422
GB-006957,True,223
GB-006958,True,1085
GB-006959,True,570
GB-006960,False,1112
GB-006961,False,995
GB-006962,False,1015
GB-006963,False,986
GB-006964,True,1104
GB-006965,True,481
GB-006966,True,885
GB-006967,True,115
GB-006968,True,1091
GB-006969,False,679
GB-006970,False,1278
GB-006971,False,1110
GB-006972,False,598
GB-006973,False,652
GB-006974,True,505
GB-006975,False,941
GB-006976,False,653
GB-006977,False,151
GB-006978,False,1104
GB-006979,True,995
GB-006980,False,854
GB-006981,True,789
GB-006982,False,148
GB-006983,True,1321
GB-006984,True,1145
GB-006985,True,1246
GB-006986,True,495
GB-006987,True,701
GB-006988,False,663
GB-006989,False,916
GB-006990,False,935
GB-006991,True,113
GB-006992,False,260
GB-006993,True,848
GB-006994,False,1336
GB-006995,False,665
GB-006996,True,578
GB-006997,False,710
GB-006998,False,355
GB-006999,False,822
GB-007000,False,443
GB-007001,True,1425
GB-007002,False,65
GB-007003,True,631
GB-007004,True,1338
GB-007005,False,847
GB-007006,True,940
GB-007007,True,196
GB-007008,True,1095
GB-007009,True,1186
GB-007010,False,603
GB-007011,True,1042
GB-007012,False,1296
GB-007013,True,210
GB-007014,False,1298
GB-007015,False,226
GB-007016,True,449
GB-007017,False,171
GB-007018,True,12
GB-007019,False,839
GB-007020,True,1150
GB-007021,False,428
GB-007022,True,1141
GB-007023,False,810
GB-007024,False,844
GB-007025,False,571
GB-007026,False,1223
GB-007027,True,1331
GB-007028,False,59
GB-007029,False,702
GB-007030,False,829
GB-007031,True,509
GB-007032,False,1478
GB-007033,True,618
GB-007034,False,1244
GB-007035,False,1450
GB-007036,False,1024
GB-007037,False,845
GB-007038,True,805
GB-007039,False,947
GB-007040,True,925
GB-007041,False,271
GB-007042,True,251
GB-007043,False,409
GB-007044,True,934
GB-007045,False,732
GB-007046,True,1429
GB-007047,False,1342
GB-007048,True,424
GB-007049,False,523
GB-007050,True,636
GB-007051,True,705
GB-007052,True,1407
GB-007053,False,179
GB-007054,False,931
GB-007055,False,1420
GB-007056,False,865
GB-007057,True,447
GB-007058,False,344
GB-007059,False,750
GB-007060,False,769
GB-007061,True,1482
GB-007062,False,915
GB-007063,True,315
GB-007064,False,914
GB-007065,False,654
GB-007066,False,1371
GB-007067,True,128
GB-007068,True,1251
GB-007069,False,346
GB-007070,False,781
GB-007071,True,86
GB-007072,True,287
GB-007073,True,473
GB-007074,True,70
GB-007075,False,1063
GB-007076,False,194
GB-007077,False,1169
GB-007078,True,1135
GB-007079,False,1338
GB-007080,False,332
GB-007081,False,787
GB-007082,False,759
GB-007083,False,1223
GB-007084,False,1416
GB-007085,False,1281
GB-007086,False,244
GB-007087,False,937
GB-007088,True,431
GB-007089,False,256
GB-007090,False,685
GB-007091,True,1213
GB-007092,False,90
GB-007093,False,750
GB-007094,False,947
GB-007095,True,51
GB-007096,True,1323
GB-007097,True,901
GB-007098,False,1463
GB-007099,False,162
GB-007100,False,1449
GB-007101,False,881
GB-007102,False,1145
GB-007103,True,1161
GB-007104,True,552
GB-007105,True,492
GB-007106,True,998
GB-007107,True,908
GB-007108,False,652
GB-007109,True,902
GB-007110,False,1177
GB-007111,False,774
GB-007112,True,154
GB-007113,True,647
GB-007114,False,1046
GB-007115,False,1063
GB-007116,False,48
GB-007117,True,35
GB-007118,False,1150
GB-007119,True,755
GB-007120,False,464
GB-007121,True,1360
GB-007122,True,1058
GB-007123,False,409
GB-007124,False,1269
GB-007125,False,947
GB-007126,True,116
GB-007127,True,129
GB-007128,True,658
GB-007129,False,938
GB-007130,True,1351
GB-007131,False,423
GB-007132,False,941
GB-007133,False,1104
GB-007134,True,1022
GB-007135,False,40
GB-007136,True,586
GB-007137,False,556
GB-007138,True,995
GB-007139,True,843
GB-007140,False,1010
GB-007141,True,1046
GB-007142,False,8
GB-007143,True,1081
GB-007144,True,1488
GB-007145,False,1136
GB-007146,True,679
GB-007147,True,703
GB-007148,False,677
GB-007149,False,1215
GB-007150,False,1003
GB-007151,True,615
GB-007152,False,722
GB-007153,True,1134
GB-007154,False,480
GB-007155,True,232
GB-007156,False,1119
GB-007157,True,1499
GB-007158,False,1444
GB-007159,True,857
GB-007160,False,1052
GB-007161,False,1145
GB-007162,True,164
GB-007163,True,326
GB-007164,False,197
GB-007165,False,816
GB-007166,True,753
GB-007167,True,1202
GB-007168,False,150
GB-007169,False,1353
GB-007170,False,939
GB-007171,True,1427
GB-007172,False,543
GB-007173,True,660
GB-007174,True,964
GB-007175,True,498
GB-007176,False,102
GB-007177,True,113
GB-007178,True,1381
GB-007179,False,1334
GB-007180,False,912
GB-007181,False,829
GB-007182,False,1209
GB-007183,True,591
GB-007184,True,339
GB-007185,False,822
GB-007186,False,466
GB-007187,True,90
GB-007188,False,311
GB-007189,True,1140
GB-007190,False,638
GB-007191,False,717
GB-007192,False,1404
GB-007193,True,87
GB-007194,False,968
GB-007195,True,695
GB-007196,False,459
GB-007197,True,633
GB-007198,False,395
GB-007199,False,1082
GB-007200,True,945
GB-007201,True,961
GB-007202,False,303
GB-007203,True,1458
GB-007204,False,1032
GB-007205,True,984
GB-007206,True,468
GB-007207,False,440
GB-007208,True,238
GB-007209,False,741
GB-007210,True,574
GB-007211,False,1406
GB-007212,True,568
GB-007213,False,1396
GB-007214,False,1156
GB-007215,False,1139
GB-007216,True,733
GB-007217,False,1417
GB-007218,False,862
GB-007219,False,1410
GB-007220,True,1360
GB-007221,False,154
GB-007222,False,1377
GB-007223,False,496
GB-007224,True,1047
GB-007225,False,1200
GB-007226,False,351
GB-007227,True,310
GB-007228,False,342
GB-007229,False,1054
GB-007230,False,225
GB-007231,False,1486
GB-007232,True,542
GB-007233,False,1353
GB-007234,True,368
GB-007235,False,1290
GB-007236,False,549
GB-007237,False,1174
GB-007238,False,1434
GB-007239,True,1202
GB-007240,True,412
GB-007241,False,1222
GB-007242,False,38
GB-007243,False,1159
GB-007244,False,337
GB-007245,False,126
GB-007246,False,252
GB-007247,True,630
GB-007248,False,1078
GB-007249,False,424
GB-007250,False,1232
GB-007251,False,1218
GB-007252,False,442
GB-007253,True,414
GB-007254,False,441
GB-007255,False,468
GB-007256,True,796
GB-007257,False,349
GB-007258,False,488
GB-007259,True,405
GB-007260,False,299
GB-007261,False,268
GB-007262,False,562
GB-007263,True,755
GB-007264,False,1333
GB-007265,True,1305
GB-007266,False,319
GB-007267,False,116
GB-007268,True,912
GB-007269,True,1374
GB-007270,True,697
GB-007271,False,411
GB-007272,False,1435
GB-007273,False,176
GB-007274,False,1255
GB-007275,False,684
GB-007276,True,317
GB-007277,True,793
GB-007278,False,535
GB-007279,False,51
GB-007280,True,122
GB-007281,False,793
GB-007282,False,1085
GB-007283,False,734
GB-007284,False,827
GB-007285,True,1034
GB-007286,False,423
GB-007287,False,1162
GB-007288,False,601
GB-007289,False,1062
GB-007290,True,944
GB-007291,False,527
GB-007292,True,980
GB-007293,True,717
GB-007294,False,1238
GB-007295,False,557
GB-007296,False,594
GB-007297,True,945
GB-007298,False,648
GB-007299,True,1463
GB-007300,False,1129
GB-007301,False,573
GB-007302,False,303
GB-007303,True,650
GB-007304,True,945
GB-007305,True,538
GB-007306,True,229
GB-007307,True,1462
GB-007308,False,1013
GB-007309,True,1398
GB-007310,False,653
GB-007311,True,1113
GB-007312,True,1461
GB-007313,False,206
GB-007314,False,640
GB-007315,False,886
GB-007316,False,566
GB-007317,True,1228
GB-007318,True,737
GB-007319,False,1008
GB-007320,False,1098
GB-007321,False,780
GB-007322,False,946
GB-007323,False,1471
GB-007324,False,755
GB-007325,False,1313
GB-007326,False,294
GB-007327,False,911
GB-007328,False,1182
GB-007329,False,492
GB-007330,False,774
GB-007331,True,1068
GB-007332,False,1089
GB-007333,False,784
GB-007334,True,1069
GB-007335,False,1189
GB-007336,True,1234
GB-007337,False,314
GB-007338,False,330
GB-007339,False,1181
GB-007340,True,375
GB-007341,False,185
GB-007342,True,1273
GB-007343,True,1066
GB-007344,False,87
GB-007345,False,1458
GB-007346,False,1141
GB-007347,False,835
GB-007348,False,1409
GB-007349,True,930
GB-007350,True,951
GB-007351,False,735
GB-007352,False,1286
GB-007353,False,1220
GB-007354,False,1112
GB-007355,False,35
GB-007356,False,118
GB-007357,False,206
GB-007358,True,961
GB-007359,True,1423
GB-007360,False,975
GB-007361,True,683
GB-007362,False,1068
GB-007363,False,364
GB-007364,False,721
GB-007365,False,863
GB-007366,True,316
GB-007367,True,970
GB-007368,False,1499
GB-007369,False,1275
GB-007370,False,147
GB-007371,False,124
GB-007372,True,371
GB-007373,True,645
GB-007374,False,1134
GB-007375,False,1422
GB-007376,False,465
GB-007377,False,263
GB-007378,False,1281
GB-007379,False,1453
GB-007380,False,329
GB-007381,False,143
GB-007382,True,641
GB-007383,False,530
GB-007384,False,429
GB-007385,False,854
GB-007386,True,1178
GB-007387,False,142
GB-007388,False,1237
GB-007389,False,1471
GB-007390,False,1158
GB-007391,True,1188
GB-007392,True,389
GB-007393,False,823
GB-007394,False,1019
GB-007395,True,552
GB-007396,False,13
GB-007397,False,1062
GB-007398,False,543
GB-007399,True,1225
GB-007400,False,359
GB-007401,True,446
GB-007402,False,1112
GB-007403,True,578
GB-007404,True,542
GB-007405,False,131
GB-007406,False,792
GB-007407,True,1098
GB-007408,False,379
GB-007409,False,1277
GB-007410,False,554
GB-007411,True,1301
GB-007412,False,1117
GB-007413,False,988
GB-007414,True,328
GB-007415,True,707
GB-007416,True,205
GB-007417,True,748
GB-007418,False,47
GB-007419,True,561
GB-007420,True,1078
GB-007421,True,305
GB-007422,True,741
GB-007423,False,495
GB-007424,True,358
GB-007425,False,1067
GB-007426,False,642
GB-007427,False,1096
GB-007428,False,300
GB-007429,True,910
GB-007430,False,1075
GB-007431,True,1160
GB-007432,True,1352
GB-007433,False,815
GB-007434,True,943
GB-007435,False,941
GB-007436,False,891
GB-007437,False,1395
GB-007438,True,983
GB-007439,False,940
GB-007440,True,600
GB-007441,True,1329
GB-007442,False,1013
GB-007443,False,1381
GB-007444,True,988
GB-007445,False,479
GB-007446,False,695
GB-007447,True,138
GB-007448,False,752
GB-007449,True,1091
GB-007450,True,842
GB-007451,True,1140
GB-007452,True,1107
GB-007453,False,1237
GB-007454,False,320
GB-007455,False,559
GB-007456,False,579
GB-007457,True,123
GB-007458,False,1301
GB-007459,False,1000
GB-007460,True,1075
GB-007461,False,899
GB-007462,False,900
GB-007463,False,1467
GB-007464,False,440
GB-007465,False,1214
GB-007466,False,96
GB-007467,True,1158
GB-007468,False,1119
GB-007469,True,457
GB-007470,False,255
GB-007471,False,608
GB-007472,False,388
GB-007473,False,402
GB-007474,False,233
GB-007475,False,1497
GB-007476,False,857
GB-007477,False,654
GB-007478,False,460
GB-007479,False,536
GB-007480,True,870
GB-007481,False,1490
GB-007482,False,1334
GB-007483,False,2
GB-007484,False,976
GB-007485,False,292
GB-007486,False,861
GB-007487,True,1313
GB-007488,True,1370
GB-007489,False,197
GB-007490,False,548
GB-007491,False,875
GB-007492,True,1386
GB-007493,False,297
GB-007494,True,30
GB-007495,False,1036
GB-007496,False,622
GB-007497,False,610
GB-007498,False,200
GB-007499,False,582
GB-007500,True,1442
GB-007501,True,772
GB-007502,False,939
GB-007503,False,1217
GB-007504,False,986
GB-007505,False,778
GB-007506,True,991
GB-007507,False,1484
GB-007508,False,681
GB-007509,False,838
GB-007510,True,78
GB-007511,False,1128
GB-007512,False,943
GB-007513,True,211
GB-007514,False,339
GB-007515,False,1227
GB-007516,False,89
GB-007517,True,630
GB-007518,True,1498
GB-007519,False,423
GB-007520,False,36
GB-007521,True,667
GB-007522,False,622
GB-007523,True,211
GB-007524,True,1108
GB-007525,False,783
GB-007526,True,624
GB-007527,False,180
GB-007528,True,147
GB-007529,True,351
GB-007530,False,386
GB-007531,False,718
GB-007532,False,287
GB-007533,False,1240
GB-007534,False,853
GB-007535,False,1459
GB-007536,False,451
GB-007537,True,1093
GB-007538,True,923
GB-007539,False,266
GB-007540,False,1056
GB-007541,False,649
GB-007542,False,686
GB-007543,False,996
GB-007544,False,623
GB-007545,False,81
GB-007546,True,380
GB-007547,True,1426
GB-007548,False,820
GB-007549,True,419
GB-007550,False,1396
GB-007551,True,177
GB-007552,True,457
GB-007553,False,396
GB-007554,False,832
GB-007555,True,1241
GB-007556,True,803
GB-007557,True,502
GB-007558,False,920
GB-007559,True,1046
GB-007560,False,664
GB-007561,False,912
GB-007562,False,1313
GB-007563,False,555
GB-007564,False,407
GB-007565,True,1181
GB-007566,True,1484
GB-007567,False,1029
GB-007568,False,1125
GB-007569,False,737
GB-007570,True,1009
GB-007571,False,1473
GB-007572,False,1050
GB-007573,False,1289
GB-007574,True,1319
GB-007575,False,865
GB-007576,True,865
GB-007577,True,172
GB-007578,True,242
GB-007579,False,1291
GB-007580,False,1423
GB-007581,False,604
GB-007582,True,824
GB-007583,False,117
GB-007584,False,1086
GB-007585,False,14
GB-007586,True,360
GB-007587,True,1057
GB-007588,True,609
GB-007589,False,977
GB-007590,False,259
GB-007591,True,721
GB-007592,False,268
GB-007593,False,935
GB-007594,False,1159
GB-007595,True,209
GB-007596,False,450
GB-007597,False,539
GB-007598,True,224
GB-007599,False,165
GB-007600,False,1096
GB-007601,True,95
GB-007602,True,482
GB-007603,False,283
GB-007604,True,94
GB-007605,True,372
GB-007606,True,1272
GB-007607,True,1410
GB-007608,False,855
GB-007609,False,806
GB-007610,False,805
GB-007611,False,447
GB-007612,False,467
GB-007613,True,213
GB-007614,False,630
GB-007615,False,995
GB-007616,True,1268
GB-007617,True,605
GB-007618,False,935
GB-007619,False,1330
GB-007620,False,455
GB-007621,False,452
GB-007622,True,960
GB-007623,True,908
GB-007624,True,220
GB-007625,False,1090
GB-007626,False,397
GB-007627,False,70
GB-007628,True,561
GB-007629,False,1019
GB-007630,True,918
GB-007631,False,960
GB-007632,False,383
GB-007633,True,400
GB-007634,True,204
GB-007635,True,263
GB-007636,True,230
GB-007637,True,492
GB-007638,False,561
GB-007639,False,1036
GB-007640,False,781
GB-007641,False,454
GB-007642,False,1102
GB-007643,True,816
GB-007644,True,472
GB-007645,False,419
GB-007646,False,36
GB-007647,False,846
GB-007648,False,966
GB-007649,False,199
GB-007650,True,1044
GB-007651,False,581
GB-007652,False,102
GB-007653,False,424
GB-007654,True,321
GB-007655,False,1058
GB-007656,True,231
GB-007657,False,191
GB-007658,True,1012
GB-007659,True,1212
GB-007660,False,372
GB-007661,False,1370
GB-007662,False,55
GB-007663,False,736
GB-007664,False,933
GB-007665,False,1339
GB-007666,False,726
GB-007667,True,575
GB-007668,False,394
GB-007669,True,1430
GB-007670,False,886
GB-007671,True,430
GB-007672,True,510
GB-007673,True,772
GB-007674,False,288
GB-007675,False,854
GB-007676,False,391
GB-007677,False,20
GB-007678,True,420
GB-007679,False,324
GB-007680,True,735
GB-007681,False,145
GB-007682,False,507
GB-007683,True,963
GB-007684,True,1299
GB-007685,False,187
GB-007686,False,95
GB-007687,True,268
GB-007688,False,614
GB-007689,False,6
GB-007690,False,20
GB-007691,False,1254
GB-007692,False,1445
GB-007693,False,918
GB-007694,True,735
GB-007695,True,1325
GB-007696,True,137
GB-007697,False,397
GB-007698,True,1026
GB-007699,True,1037
GB-007700,False,1327
GB-007701,True,610
GB-007702,False,266
GB-007703,True,307
GB-007704,False,703
GB-007705,False,644
GB-007706,True,487
GB-007707,True,1249
GB-007708,True,655
GB-007709,False,41
GB-007710,False,935
GB-007711,False,535
GB-007712,False,1485
GB-007713,False,815
GB-007714,False,238
GB-007715,True,463
GB-007716,True,901
GB-007717,False,1329
GB-007718,True,62
GB-007719,True,1319
GB-007720,False,1235
GB-007721,False,1495
GB-007722,False,1313
GB-007723,False,1282
GB-007724,True,753
GB-007725,False,38
GB-007726,True,872
GB-007727,False,408
GB-007728,True,1089
GB-007729,True,1104
GB-007730,False,997
GB-007731,False,1437
GB-007732,False,1026
GB-007733,False,995
GB-007734,False,181
GB-007735,False,1168
GB-007736,False,1186
GB-007737,False,980
GB-007738,True,1158
GB-007739,False,1388
GB-007740,True,946
GB-007741,True,1362
GB-007742,False,387
GB-007743,True,1309
GB-007744,False,223
GB-007745,False,240
GB-007746,False,1483
GB-007747,True,941
GB-007748,True,432
GB-007749,False,181
GB-007750,True,84
GB-007751,False,923
GB-007752,False,844
GB-007753,True,564
GB-007754,False,257
GB-007755,False,1338
GB-007756,True,346
GB-007757,False,669
GB-007758,False,1465
GB-007759,False,1102
GB-007760,False,320
GB-007761,False,1132
GB-007762,False,1084
GB-007763,True,1101
GB-007764,False,216
GB-007765,True,785
GB-007766,True,1483
GB-007767,False,1078
GB-007768,True,1250
GB-007769,False,748
GB-007770,False,1139
GB-007771,False,51
GB-007772,False,606
GB-007773,False,802
GB-007774,False,191
GB-007775,True,1469
GB-007776,False,518
GB-007777,False,233
GB-007778,False,1196
GB-007779,False,24
GB-007780,False,574
GB-007781,True,1435
GB-007782,True,1082
GB-007783,True,716
GB-007784,False,725
GB-007785,False,348
GB-007786,True,861
GB-007787,True,840
GB-007788,True,1229
GB-007789,False,1245
GB-007790,True,1144
GB-007791,True,1056
GB-007792,False,412
GB-007793,False,844
GB-007794,False,832
GB-007795,False,155
GB-007796,False,467
GB-007797,True,87
GB-007798,True,929
GB-007799,True,135
GB-007800,False,636
GB-007801,True,800
GB-007802,False,285
GB-007803,True,452
GB-007804,True,1316
GB-007805,True,560
GB-007806,False,1452
GB-007807,False,1421
GB-007808,False,985
GB-007809,True,497
GB-007810,True,1069
GB-007811,False,436
GB-007812,True,1345
GB-007813,True,149
GB-007814,False,1386
GB-007815,False,91
GB-007816,False,325
GB-007817,True,744
GB-007818,True,885
GB-007819,False,611
GB-007820,False,830
GB-007821,False,190
GB-007822,False,845
GB-007823,False,1404
GB-007824,True,1458
GB-007825,False,990
GB-007826,False,1453
GB-007827,True,223
GB-007828,True,882
GB-007829,False,1442
GB-007830,True,1211
GB-007831,True,633
GB-007832,False,132
GB-007833,True,1388
GB-007834,False,391
GB-007835,False,694
GB-007836,False,204
GB-007837,True,1340
GB-007838,False,1359
GB-007839,False,964
GB-007840,False,1451
GB-007841,True,125
GB-007842,False,957
GB-007843,False,414
GB-007844,False,874
GB-007845,False,1130
GB-007846,True,1357
GB-007847,False,1198
GB-007848,True,686
GB-007849,True,1121
GB-007850,True,969
GB-007851,False,766
GB-007852,True,765
GB-007853,True,875
GB-007854,False,894
GB-007855,False,94
GB-007856,True,245
GB-007857,False,364
GB-007858,False,188
GB-007859,False,371
GB-007860,False,1076
GB-007861,False,429
GB-007862,False,298
GB-007863,True,843
GB-007864,True,901
GB-007865,True,468
GB-007866,False,170
GB-007867,False,241
GB-007868,False,417
GB-007869,True,885
GB-007870,False,1399
GB-007871,False,762
GB-007872,False,728
GB-007873,False,471
GB-007874,False,836
GB-007875,False,954
GB-007876,False,451
GB-007877,False,754
GB-007878,True,495
GB-007879,True,514
GB-007880,False,764
GB-007881,False,1429
GB-007882,True,1135
GB-007883,True,159
GB-007884,False,1430
GB-007885,False,1450
GB-007886,True,264
GB-007887,True,667
GB-007888,True,278
GB-007889,False,613
GB-007890,True,764
GB-007891,False,655
GB-007892,True,576
GB-007893,True,888
GB-007894,False,1119
GB-007895,True,1024
GB-007896,False,993
GB-007897,True,1184
GB-007898,False,1374
GB-007899,False,6
GB-007900,False,1412
GB-007901,True,46
GB-007902,True,557
GB-007903,True,1413
GB-007904,False,1296
GB-007905,False,813
GB-007906,False,93
GB-007907,False,939
GB-007908,False,1146
GB-007909,False,1381
GB-007910,True,947
GB-007911,False,587
GB-007912,True,1145
GB-007913,True,831
GB-007914,False,533
GB-007915,False,1361
GB-007916,False,1174
GB-007917,False,1124
GB-007918,False,1203
GB-007919,False,654
GB-007920,False,220
GB-007921,False,1485
GB-007922,False,718
GB-007923,False,227
GB-007924,False,999
GB-007925,True,136
GB-007926,False,159
GB-007927,False,814
GB-007928,False,971
GB-007929,False,402
GB-007930,True,1477
GB-007931,False,750
GB-007932,False,87
GB-007933,True,1302
GB-007934,True,1238
GB-007935,False,166
GB-007936,True,507
GB-007937,False,1118
GB-007938,True,1173
GB-007939,True,771
GB-007940,True,1364
GB-007941,False,28
GB-007942,False,104
GB-007943,True,136
GB-007944,False,789
GB-007945,False,115
GB-007946,False,296
GB-007947,True,54
GB-007948,False,125
GB-007949,False,256
GB-007950,False,1345
GB-007951,True,1199
GB-007952,False,1011
GB-007953,False,713
GB-007954,False,1386
GB-007955,True,503
GB-007956,False,1063
GB-007957,False,574
GB-007958,True,736
GB-007959,False,690
GB-007960,True,773
GB-007961,False,1307
GB-007962,False,679
GB-007963,False,629
GB-007964,False,95
GB-007965,True,1346
GB-007966,False,816
GB-007967,False,696
GB-007968,False,115
GB-007969,True,491
GB-007970,True,796
GB-007971,True,709
GB-007972,True,1251
GB-007973,False,1235
GB-007974,True,483
GB-007975,True,815
GB-007976,False,1181
GB-007977,False,1101
GB-007978,False,1229
GB-007979,False,41
GB-007980,True,1297
GB-007981,True,712
GB-007982,False,1264
GB-007983,False,223
GB-007984,False,1437
GB-007985,True,1436
GB-007986,True,570
GB-007987,False,589
GB-007988,False,571
GB-007989,False,301
GB-007990,False,115
GB-007991,True,820
GB-007992,False,453
GB-007993,False,275
GB-007994,True,1338
GB-007995,True,744
GB-007996,False,635
GB-007997,False,67
GB-007998,False,311
GB-007999,False,935
GB-008000,False,962
GB-008001,True,232
GB-008002,False,734
GB-008003,False,1431
GB-008004,False,1409
GB-008005,True,1012
GB-008006,True,167
GB-008007,True,458
GB-008008,False,1497
GB-008009,False,1092
GB-008010,False,1155
GB-008011,True,904
GB-008012,False,904
GB-008013,True,578
GB-008014,True,393
GB-008015,False,1209
GB-008016,False,717
GB-008017,False,787
GB-008018,False,1383
GB-008019,False,1162
GB-008020,False,661
GB-008021,False,651
GB-008022,True,1341
GB-008023,False,335
GB-008024,True,604
GB-008025,False,495
GB-008026,False,41
GB-008027,False,891
GB-008028,False,452
GB-008029,False,883
GB-008030,True,1429
GB-008031,False,1053
GB-008032,False,1155
GB-008033,True,632
GB-008034,False,1494
GB-008035,False,810
GB-008036,False,226
GB-008037,False,509
GB-008038,True,1354
GB-008039,False,389
GB-008040,True,1470
GB-008041,False,388
GB-008042,False,137
GB-008043,True,1415
GB-008044,True,244
GB-008045,False,583
GB-008046,False,1319
GB-008047,False,1482
GB-008048,False,885
GB-008049,False,1265
GB-008050,True,802
GB-008051,True,177
GB-008052,False,997
GB-008053,False,1275
GB-008054,True,959
GB-008055,True,602
GB-008056,True,1007
GB-008057,False,1242
GB-008058,False,41
GB-008059,False,1322
GB-008060,False,1148
GB-008061,False,796
GB-008062,True,233
GB-008063,False,442
GB-008064,False,490
GB-008065,False,846
GB-008066,False,1331
GB-008067,False,66
GB-008068,False,719
GB-008069,True,678
GB-008070,False,978
GB-008071,False,1085
GB-008072,False,154
GB-008073,True,387
GB-008074,False,602
GB-008075,True,1365
GB-008076,True,339
GB-008077,False,1365
GB-008078,True,1178
GB-008079,False,1233
GB-008080,True,25
GB-008081,True,1372
GB-008082,False,972
GB-008083,False,942
GB-008084,False,872
GB-008085,False,1412
GB-008086,False,1186
GB-008087,True,582
GB-008088,True,611
GB-008089,False,698
GB-008090,False,357
GB-008091,True,1454
GB-008092,False,802
GB-008093,False,1401
GB-008094,True,144
GB-008095,False,1149
GB-008096,False,30
GB-008097,False,743
GB-008098,False,425
GB-008099,True,769
GB-008100,False,702
GB-008101,False,203
GB-008102,False,91
GB-008103,False,1108
GB-008104,True,38
GB-008105,True,31
GB-008106,False,1441
GB-008107,False,1332
GB-008108,True,473
GB-008109,False,322
GB-008110,False,1158
GB-008111,True,890
GB-008112,False,1354
GB-008113,True,788
GB-008114,False,270
GB-008115,False,473
GB-008116,True,139
GB-008117,True,1063
GB-008118,False,11
GB-008119,False,8
GB-008120,False,228
GB-008121,False,196
GB-008122,False,1028
GB-008123,False,220
GB-008124,False,474
GB-008125,False,1013
GB-008126,False,326
GB-008127,False,1261
GB-008128,False,869
GB-008129,True,327
GB-008130,False,261
GB-008131,False,1161
GB-008132,True,578
GB-008133,False,373
GB-008134,False,1348
GB-008135,False,434
GB-008136,True,239
GB-008137,False,489
GB-008138,True,173
GB-008139,True,1220
GB-008140,True,721
GB-008141,False,1328
GB-008142,False,89
GB-008143,False,211
GB-008144,True,361
GB-008145,True,1129
GB-008146,True,552
GB-008147,False,1344
GB-008148,True,80
GB-008149,False,391
GB-008150,True,769
GB-008151,False,767
GB-008152,True,984
GB-008153,False,928
GB-008154,True,636
GB-008155,False,781
GB-008156,False,7
GB-008157,False,1027
GB-008158,False,959
GB-008159,False,691
GB-008160,True,702
GB-008161,False,658
GB-008162,False,1341
GB-008163,False,849
GB-008164,False,190
GB-008165,True,1318
GB-008166,False,1030
GB-008167,True,172
GB-008168,False,54
GB-008169,False,653
GB-008170,False,906
GB-008171,False,1182
GB-008172,False,880
GB-008173,False,800
GB-008174,False,685
GB-008175,False,1092
GB-008176,False,109
GB-008177,False,305
GB-008178,False,1161
GB-008179,False,694
GB-008180,False,1317
GB-008181,True,1363
GB-008182,False,949
GB-008183,True,319
GB-008184,False,1113
GB-008185,True,691
GB-008186,True,1201
GB-008187,False,920
GB-008188,True,881
GB-008189,False,788
GB-008190,True,1074
GB-008191,False,938
GB-008192,False,1153
GB-008193,False,198
GB-008194,True,75
GB-008195,False,598
GB-008196,False,853
GB-008197,True,189
GB-008198,True,344
GB-008199,False,221
GB-008200,False,232
GB-008201,True,889
GB-008202,True,596
GB-008203,False,752
GB-008204,False,1183
GB-008205,False,469
GB-008206,False,442
GB-008207,False,960
GB-008208,True,1005
GB-008209,False,1219
GB-008210,False,1247
GB-008211,False,577
GB-008212,False,1333
GB-008213,False,1071
GB-008214,True,20
GB-008215,True,1367
GB-008216,True,1430
GB-008217,True,975
GB-008218,True,468
GB-008219,False,353
GB-008220,True,1284
GB-008221,False,839
GB-008222,True,1359
GB-008223,True,52
GB-008224,False,154
GB-008225,False,858
GB-008226,False,719
GB-008227,False,233
GB-008228,True,670
GB-008229,True,713
GB-008230,False,291
GB-008231,False,12
GB-008232,False,1106
GB-008233,True,1493
GB-008234,True,310
GB-008235,False,1127
GB-008236,False,1416
GB-008237,False,317
GB-008238,False,1113
GB-008239,True,146
GB-008240,False,614
GB-008241,False,278
GB-008242,False,238
GB-008243,True,1151
GB-008244,False,954
GB-008245,True,1026
GB-008246,True,1195
GB-008247,False,564
GB-008248,False,1235
GB-008249,False,1465
GB-008250,False,126
GB-008251,True,478
GB-008252,True,658
GB-008253,False,1039
GB-008254,True,695
GB-008255,True,1098
GB-008256,True,952
GB-008257,True,892
GB-008258,False,904
GB-008259,True,787
GB-008260,False,1270
GB-008261,True,275
GB-008262,True,102
GB-008263,False,501
GB-008264,False,40
GB-008265,False,102
GB-008266,False,1451
GB-008267,False,1463
GB-008268,False,699
GB-008269,False,1275
GB-008270,False,1082
GB-008271,False,934
GB-008272,False,428
GB-008273,False,926
GB-008274,False,580
GB-008275,True,912
GB-008276,False,48
GB-008277,False,1289
GB-008278,False,205
GB-008279,False,1470
GB-008280,False,745
GB-008281,False,1442
GB-008282,True,1135
GB-008283,False,508
GB-008284,True,980
GB-008285,False,934
GB-008286,False,113
GB-008287,False,194
GB-008288,True,274
GB-008289,True,498
GB-008290,False,1057
GB-008291,True,1067
GB-008292,True,1360
GB-008293,True,91
GB-008294,False,724
GB-008295,False,1044
GB-008296,False,661
GB-008297,False,66
GB-008298,False,94
GB-008299,False,1033
GB-008300,True,309
GB-008301,True,57
GB-008302,True,1366
GB-008303,True,159
GB-008304,False,1344
GB-008305,False,1288
GB-008306,False,1313
GB-008307,True,255
GB-008308,True,1185
GB-008309,False,1238
GB-008310,False,305
GB-008311,True,1092
GB-008312,False,1347
GB-008313,True,67
GB-008314,False,540
GB-008315,False,272
GB-008316,False,54
GB-008317,False,931
GB-008318,True,1077
GB-008319,False,414
GB-008320,False,1432
GB-008321,True,306
GB-008322,True,855
GB-008323,True,837
GB-008324,False,600
GB-008325,True,792
GB-008326,False,875
GB-008327,False,1317
GB-008328,False,236
GB-008329,False,1235
GB-008330,True,1047
GB-008331,True,515
GB-008332,False,1190
GB-008333,False,318
GB-008334,False,795
GB-008335,True,1442
GB-008336,True,553
GB-008337,False,1217
GB-008338,False,1348
GB-008339,False,973
GB-008340,True,666
GB-008341,True,223
GB-008342,True,1104
GB-008343,False,1159
GB-008344,False,19
GB-008345,False,827
GB-008346,False,1236
GB-008347,False,638
GB-008348,False,576
GB-008349,False,622
GB-008350,False,506
GB-008351,True,1089
GB-008352,True,427
GB-008353,True,1404
GB-008354,True,1037
GB-008355,True,1160
GB-008356,False,391
GB-008357,True,68
GB-008358,True,848
GB-008359,False,95
GB-008360,True,470
GB-008361,False,436
GB-008362,True,735
GB-008363,True,1142
GB-008364,False,1253
GB-008365,False,878
GB-008366,False,1173
GB-008367,True,411
GB-008368,False,483
GB-008369,False,1481
GB-008370,False,810
GB-008371,True,871
GB-008372,False,846
GB-008373,False,145
GB-008374,True,1363
GB-008375,True,1472
GB-008376,True,1083
GB-008377,True,1267
GB-008378,False,679
GB-008379,False,276
GB-008380,False,1208
GB-008381,True,403
GB-008382,True,904
GB-008383,True,879
GB-008384,False,905
GB-008385,True,179
GB-008386,True,1148
GB-008387,False,992
GB-008388,False,791
GB-008389,True,1372
GB-008390,False,223
GB-008391,True,1001
GB-008392,True,784
GB-008393,False,254
GB-008394,True,496
GB-008395,True,400
GB-008396,True,259
GB-008397,False,39
GB-008398,False,1187
GB-008399,False,334
GB-008400,True,114
GB-008401,True,332
GB-008402,False,675
GB-008403,False,696
GB-008404,True,247
GB-008405,True,48
GB-008406,False,883
GB-008407,False,524
GB-008408,True,674
GB-008409,True,1007
GB-008410,False,826
GB-008411,True,444
GB-008412,True,854
GB-008413,True,965
GB-008414,True,991
GB-008415,False,1425
GB-008416,False,1142
GB-008417,False,1131
GB-008418,False,1314
GB-008419,False,1156
GB-008420,False,249
GB-008421,False,828
GB-008422,True,1064
GB-008423,True,693
GB-008424,True,984
GB-008425,False,1494
GB-008426,True,1265
GB-008427,True,653
GB-008428,False,1290
GB-008429,False,974
GB-008430,False,250
GB-008431,True,1285
GB-008432,False,404
GB-008433,False,1037
GB-008434,False,9
GB-008435,False,1269
GB-008436,True,251
GB-008437,False,283
GB-008438,True,211
GB-008439,True,1406
GB-008440,False,295
GB-008441,False,1210
GB-008442,False,996
GB-008443,False,1243
GB-008444,False,1225
GB-008445,True,445
GB-008446,False,1282
GB-008447,True,777
GB-008448,False,302
GB-008449,True,754
GB-008450,False,833
GB-008451,True,728
GB-008452,True,279
GB-008453,False,118
GB-008454,False,1314
GB-008455,True,178
GB-008456,True,698
GB-008457,False,237
GB-008458,False,795
GB-008459,True,389
GB-008460,True,1188
GB-008461,True,1296
GB-008462,True,846
GB-008463,False,1298
GB-008464,False,1161
GB-008465,False,1345
GB-008466,False,44
GB-008467,True,1107
GB-008468,False,854
GB-008469,False,630
GB-008470,False,246
GB-008471,False,487
GB-008472,False,1268
GB-008473,False,340
GB-008474,False,1424
GB-008475,False,85
GB-008476,False,452
GB-008477,False,461
GB-008478,True,515
GB-008479,True,922
GB-008480,False,384
GB-008481,False,629
GB-008482,False,1290
GB-008483,False,85
GB-008484,False,575
GB-008485,True,1343
GB-008486,True,981
GB-008487,True,209
GB-008488,False,972
GB-008489,False,721
GB-008490,True,1497
GB-008491,False,145
GB-008492,True,217
GB-008493,False,1066
GB-008494,True,958
GB-008495,True,770
GB-008496,False,719
GB-008497,True,1181
GB-008498,False,542
GB-008499,False,1045
GB-008500,False,712
GB-008501,False,359
GB-008502,True,1379
GB-008503,True,1357
GB-008504,False,277
GB-008505,True,1168
GB-008506,False,345
GB-008507,False,1138
GB-008508,False,629
GB-008509,False,718
GB-008510,False,175
GB-008511,True,783
GB-008512,False,1163
GB-008513,True,855
GB-008514,False,292
GB-008515,True,1
GB-008516,True,1448
GB-008517,False,294
GB-008518,False,1333
GB-008519,True,1230
GB-008520,True,1435
GB-008521,True,1479
GB-008522,True,292
GB-008523,False,905
GB-008524,True,750
GB-008525,False,1069
GB-008526,False,73
GB-008527,False,432
GB-008528,True,1163
GB-008529,False,1423
GB-008530,False,315
GB-008531,False,454
GB-008532,True,302
GB-008533,False,630
GB-008534,False,1079
GB-008535,True,1389
GB-008536,True,510
GB-008537,True,24
GB-008538,False,370
GB-008539,False,536
GB-008540,False,271
GB-008541,False,232
GB-008542,True,420
GB-008543,True,1022
GB-008544,False,1284
GB-008545,True,1457
GB-008546,False,1353
GB-008547,True,1237
GB-008548,False,893
GB-008549,False,536
GB-008550,False,1195
GB-008551,False,1444
GB-008552,True,1149
GB-008553,False,617
GB-008554,False,1426
GB-008555,False,1219
GB-008556,True,114
GB-008557,True,945
GB-008558,True,582
GB-008559,True,825
GB-008560,False,1128
GB-008561,True,178
GB-008562,True,1223
GB-008563,True,1277
GB-008564,False,1217
GB-008565,False,560
GB-008566,False,421
GB-008567,True,175
GB-008568,False,1420
GB-008569,False,98
GB-008570,False,1499
GB-008571,False,371
GB-008572,True,20
GB-008573,True,90
GB-008574,False,875
GB-008575,False,501
GB-008576,True,384
GB-008577,True,774
GB-008578,False,710
GB-008579,False,1469
GB-008580,True,1423
GB-008581,True,987
GB-008582,True,361
GB-008583,False,240
GB-008584,True,354
GB-008585,False,363
GB-008586,False,59
GB-008587,False,888
GB-008588,True,557
GB-008589,True,1220
GB-008590,False,360
GB-008591,False,87
GB-008592,False,487
GB-008593,False,1162
GB-008594,False,811
GB-008595,False,348
GB-008596,True,1339
GB-008597,False,808
GB-008598,True,530
GB-008599,True,648
GB-008600,False,1487
GB-008601,True,624
GB-008602,True,183
GB-008603,False,527
GB-008604,False,407
GB-008605,False,1040
GB-008606,False,947
GB-008607,False,1030
GB-008608,False,842
GB-008609,True,784
GB-008610,True,1024
GB-008611,True,92
GB-008612,False,1120
GB-008613,True,1095
GB-008614,False,1409
GB-008615,False,160
GB-008616,False,1371
GB-008617,False,486
GB-008618,False,162
GB-008619,False,792
GB-008620,False,627
GB-008621,True,437
GB-008622,True,212
GB-008623,False,1344
GB-008624,False,250
GB-008625,True,521
GB-008626,True,923
GB-008627,False,1142
GB-008628,True,147
GB-008629,False,1333
GB-008630,False,1139
GB-008631,False,555
GB-008632,True,256
GB-008633,False,1391
GB-008634,False,953
GB-008635,False,1013
GB-008636,False,764
GB-008637,False,933
GB-008638,True,913
GB-008639,True,513
GB-008640,False,1379
GB-008641,False,482
GB-008642,False,1058
GB-008643,False,1324
GB-008644,True,917
GB-008645,True,390
GB-008646,False,829
GB-008647,False,56
GB-008648,True,450
GB-008649,True,367
GB-008650,False,234
GB-008651,True,458
GB-008652,True,417
GB-008653,True,588
GB-008654,True,556
GB-008655,True,127
GB-008656,False,547
GB-008657,False,1270
GB-008658,True,824
GB-008659,True,1039
GB-008660,False,1157
GB-008661,False,1190
GB-008662,False,487
GB-008663,False,1233
GB-008664,False,935
GB-008665,False,1404
GB-008666,False,111
GB-008667,True,217
GB-008668,True,467
GB-008669,False,863
GB-008670,True,1237
GB-008671,True,1126
GB-008672,False,279
GB-008673,False,1446
GB-008674,False,267
GB-008675,True,473
GB-008676,True,368
GB-008677,False,1365
GB-008678,False,381
GB-008679,False,1106
GB-008680,False,1114
GB-008681,False,1380
GB-008682,True,899
GB-008683,False,402
GB-008684,True,96
GB-008685,False,90
GB-008686,False,1225
GB-008687,True,328
GB-008688,False,1409
GB-008689,False,474
GB-008690,False,1231
GB-008691,False,1458
GB-008692,True,1483
GB-008693,False,238
GB-008694,True,789
GB-008695,True,1084
GB-008696,False,637
GB-008697,False,1074
GB-008698,True,1226
GB-008699,False,167
GB-008700,False,1434
GB-008701,True,206
GB-008702,True,1392
GB-008703,True,398
GB-008704,False,1485
GB-008705,False,963
GB-008706,False,166
GB-008707,False,370
GB-008708,True,802
GB-008709,False,868
GB-008710,True,1180
GB-008711,False,1121
GB-008712,False,579
GB-008713,True,477
GB-008714,False,250
GB-008715,False,1451
GB-008716,False,308
GB-008717,False,1157
GB-008718,False,1243
GB-008719,False,1251
GB-008720,True,1086
GB-008721,False,704
GB-008722,False,1204
GB-008723,False,1226
GB-008724,False,305
GB-008725,True,436
GB-008726,False,1036
GB-008727,False,830
GB-008728,False,1313
GB-008729,True,21
GB-008730,False,1350
GB-008731,False,594
GB-008732,False,1024
GB-008733,False,128
GB-008734,True,1245
GB-008735,False,1336
GB-008736,False,1157
GB-008737,False,1076
GB-008738,False,546
GB-008739,False,739
GB-008740,False,418
GB-008741,True,1439
GB-008742,False,235
GB-008743,True,1424
GB-008744,True,1072
GB-008745,True,1395
GB-008746,False,1364
GB-008747,False,1448
GB-008748,True,1326
GB-008749,False,1019
GB-008750,False,322
GB-008751,False,103
GB-008752,True,405
GB-008753,False,909
GB-008754,True,579
GB-008755,False,1365
GB-008756,False,1345
GB-008757,False,1072
GB-008758,True,478
GB-008759,True,891
GB-008760,True,739
GB-008761,False,675
GB-008762,True,1244
GB-008763,True,391
GB-008764,False,236
GB-008765,False,588
GB-008766,True,594
GB-008767,False,1472
GB-008768,False,1030
GB-008769,True,842
GB-008770,True,1413
GB-008771,False,587
GB-008772,False,564
GB-008773,False,1103
GB-008774,True,438
GB-008775,True,102
GB-008776,False,1054
GB-008777,True,162
GB-008778,False,1125
GB-008779,False,35
GB-008780,False,1005
GB-008781,False,846
GB-008782,True,1134
GB-008783,False,902
GB-008784,False,876
GB-008785,False,873
GB-008786,True,300
GB-008787,False,305
GB-008788,False,1388
GB-008789,False,1398
GB-008790,False,282
GB-008791,True,15
GB-008792,False,268
GB-008793,False,465
GB-008794,True,1333
GB-008795,False,1400
GB-008796,False,977
GB-008797,False,1058
GB-008798,False,38
GB-008799,False,728
GB-008800,True,697
GB-008801,True,673
GB-008802,False,1479
GB-008803,False,1387
GB-008804,False,1327
GB-008805,True,992
GB-008806,False,1222
GB-008807,False,889
GB-008808,False,1386
GB-008809,False,700
GB-008810,False,98
GB-008811,True,977
GB-008812,True,90
GB-008813,False,1272
GB-008814,True,874
GB-008815,True,1033
GB-008816,True,397
GB-008817,False,732
GB-008818,False,1010
GB-008819,True,277
GB-008820,True,1063
GB-008821,False,143
GB-008822,True,863
GB-008823,False,388
GB-008824,False,385
GB-008825,False,1035
GB-008826,True,807
GB-008827,False,891
GB-008828,True,308
GB-008829,False,1077
GB-008830,True,364
GB-008831,False,722
GB-008832,True,415
GB-008833,False,407
GB-008834,True,1303
GB-008835,False,830
GB-008836,True,1431
GB-008837,False,877
GB-008838,True,686
GB-008839,True,1326
GB-008840,False,1084
GB-008841,False,721
GB-008842,False,454
GB-008843,False,373
GB-008844,False,930
GB-008845,True,588
GB-008846,False,1190
GB-008847,True,142
GB-008848,False,1022
GB-008849,False,754
GB-008850,False,830
GB-008851,False,761
GB-008852,True,588
GB-008853,False,324
GB-008854,False,976
GB-008855,False,959
GB-008856,True,279
GB-008857,False,1421
GB-008858,True,815
GB-008859,False,1105
GB-008860,True,902
GB-008861,False,947
GB-008862,True,324
GB-008863,False,323
GB-008864,False,895
GB-008865,False,1341
GB-008866,True,89
GB-008867,False,1423
GB-008868,False,413
GB-008869,False,778
GB-008870,False,1421
GB-008871,True,622
GB-008872,False,1459
GB-008873,False,404
GB-008874,False,843
GB-008875,True,742
GB-008876,False,346
GB-008877,False,1105
GB-008878,True,1203
GB-008879,False,231
GB-008880,True,996
GB-008881,False,450
GB-008882,True,914
GB-008883,False,806
GB-008884,True,130
GB-008885,True,564
GB-008886,False,792
GB-008887,True,308
GB-008888,False,361
GB-008889,False,1437
GB-008890,True,528
GB-008891,True,1424
GB-008892,True,658
GB-008893,True,802
GB-008894,True,641
GB-008895,False,370
GB-008896,True,1458
GB-008897,False,827
GB-008898,False,393
GB-008899,False,579
GB-008900,True,748
GB-008901,True,571
GB-008902,False,86
GB-008903,False,495
GB-008904,False,669
GB-008905,True,293
GB-008906,False,317
GB-008907,True,120
GB-008908,True,665
GB-008909,True,313
GB-008910,False,37
GB-008911,False,1122
GB-008912,False,629
GB-008913,False,572
GB-008914,False,1019
GB-008915,False,61
GB-008916,False,626
GB-008917,False,1328
GB-008918,False,1181
GB-008919,False,505
GB-008920,True,149
GB-008921,False,751
GB-008922,True,861
GB-008923,True,621
GB-008924,False,153
GB-008925,True,1143
GB-008926,True,1498
GB-008927,False,305
GB-008928,False,386
GB-008929,False,600
GB-008930,False,1021
GB-008931,True,479
GB-008932,True,999
GB-008933,False,529
GB-008934,True,712
GB-008935,False,1172
GB-008936,False,322
GB-008937,True,389
GB-008938,False,1193
GB-008939,True,549
GB-008940,False,1160
GB-008941,False,85
GB-008942,False,1060
GB-008943,False,769
GB-008944,True,998
GB-008945,True,1115
GB-008946,False,391
GB-008947,True,969
GB-008948,False,1208
GB-008949,False,1443
GB-008950,False,1394
GB-008951,False,1068
GB-008952,True,865
GB-008953,False,382
GB-008954,False,1333
GB-008955,True,1254
GB-008956,True,438
GB-008957,True,497
GB-008958,False,1394
GB-008959,True,1198
GB-008960,False,1073
GB-008961,True,900
GB-008962,True,1309
GB-008963,False,450
GB-008964,False,452
GB-008965,True,231
GB-008966,True,1051
GB-008967,False,875
GB-008968,True,93
GB-008969,True,640
GB-008970,True,91
GB-008971,True,822
GB-008972,True,583
GB-008973,False,1189
GB-008974,True,1347
GB-008975,False,997
GB-008976,False,97
GB-008977,False,395
GB-008978,False,453
GB-008979,False,500
GB-008980,True,555
GB-008981,False,279
GB-008982,False,312
GB-008983,True,699
GB-008984,False,1245
GB-008985,False,1375
GB-008986,False,525
GB-008987,False,1037
GB-008988,True,586
GB-008989,False,211
GB-008990,False,422
GB-008991,False,167
GB-008992,True,1175
GB-008993,True,149
GB-008994,False,927
GB-008995,False,1186
GB-008996,False,247
GB-008997,False,691
GB-008998,False,1233
GB-008999,True,1358
GB-009000,False,697
GB-009001,True,1354
GB-009002,False,772
GB-009003,False,781
GB-009004,True,936
GB-009005,False,309
GB-009006,False,141
GB-009007,False,738
GB-009008,True,1148
GB-009009,True,491
GB-009010,False,119
GB-009011,False,568
GB-009012,True,1093
GB-009013,False,1278
GB-009014,False,345
GB-009015,False,52
GB-009016,False,1188
GB-009017,False,1457
GB-009018,True,1492
GB-009019,False,1382
GB-009020,False,1430
GB-009021,False,267
GB-009022,False,551
GB-009023,False,812
GB-009024,True,634
GB-009025,True,1462
GB-009026,False,760
GB-009027,False,1318
GB-009028,True,1192
GB-009029,False,837
GB-009030,True,453
GB-009031,False,374
GB-009032,False,277
GB-009033,False,1092
GB-009034,False,928
GB-009035,False,104
GB-009036,False,536
GB-009037,False,788
GB-009038,False,777
GB-009039,True,459
GB-009040,False,844
GB-009041,True,1325
GB-009042,False,378
GB-009043,False,717
GB-009044,True,1371
GB-009045,False,1337
GB-009046,False,1450
GB-009047,True,403
GB-009048,False,1481
GB-009049,False,926
GB-009050,False,14
GB-009051,True,1088
GB-009052,False,1291
GB-009053,False,287
GB-009054,False,851
GB-009055,True,716
GB-009056,True,1416
GB-009057,True,962
GB-009058,False,298
GB-009059,True,962
GB-009060,False,1060
GB-009061,False,671
GB-009062,False,190
GB-009063,True,1361
GB-009064,True,505
GB-009065,False,710
GB-009066,False,82
GB-009067,True,1244
GB-009068,False,1155
GB-009069,False,1396
GB-009070,True,810
GB-009071,False,277
GB-009072,False,1149
GB-009073,False,1195
GB-009074,False,252
GB-009075,True,921
GB-009076,False,1042
GB-009077,True,1045
GB-009078,True,395
GB-009079,True,1170
GB-009080,False,657
GB-009081,False,943
GB-009082,False,1042
GB-009083,True,1102
GB-009084,True,304
GB-009085,False,481
GB-009086,False,206
GB-009087,False,988
GB-009088,True,762
GB-009089,True,373
GB-009090,False,737
GB-009091,True,928
GB-009092,True,1009
GB-009093,True,1349
GB-009094,True,1114
GB-009095,False,1104
GB-009096,True,1309
GB-009097,False,455
GB-009098,False,473
GB-009099,True,564
GB-009100,True,953
GB-009101,True,747
GB-009102,True,731
GB-009103,True,817
GB-009104,False,1060
GB-009105,True,728
GB-009106,False,1262
GB-009107,True,1159
GB-009108,True,744
GB-009109,False,1104
GB-009110,False,175
GB-009111,False,833
GB-009112,False,1356
GB-009113,False,833
GB-009114,True,494
GB-009115,True,1325
GB-009116,True,296
GB-009117,False,651
GB-009118,True,424
GB-009119,False,114
GB-009120,False,261
GB-009121,False,216
GB-009122,True,1409
GB-009123,False,1171
GB-009124,False,812
GB-009125,True,222
GB-009126,False,259
GB-009127,False,1307
GB-009128,False,1146
GB-009129,False,1241
GB-009130,False,688
GB-009131,False,673
GB-009132,False,1234
GB-009133,False,601
GB-009134,True,741
GB-009135,True,209
GB-009136,False,517
GB-009137,False,409
GB-009138,False,408
GB-009139,True,5
GB-009140,False,189
GB-009141,False,490
GB-009142,True,353
GB-009143,True,397
GB-009144,True,865
GB-009145,True,1343
GB-009146,False,953
GB-009147,False,1207
GB-009148,False,972
GB-009149,True,258
GB-009150,False,790
GB-009151,True,326
GB-009152,False,394
GB-009153,False,863
GB-009154,True,599
GB-009155,False,197
GB-009156,False,1367
GB-009157,False,484
GB-009158,True,112
GB-009159,False,1121
GB-009160,False,1254
GB-009161,False,411
GB-009162,True,349
GB-009163,False,950
GB-009164,True,1125
GB-009165,True,1413
GB-009166,False,72
GB-009167,True,1493
GB-009168,True,1179
GB-009169,False,104
GB-009170,False,399
GB-009171,True,90
GB-009172,False,1358
GB-009173,False,721
GB-009174,False,324
GB-009175,False,719
GB-009176,False,581
GB-009177,True,277
GB-009178,False,780
GB-009179,True,980
GB-009180,False,681
GB-009181,False,192
GB-009182,True,1244
GB-009183,False,1248
GB-009184,True,71
GB-009185,False,1072
GB-009186,True,952
GB-009187,False,1025
GB-009188,True,737
GB-009189,False,15
GB-009190,False,772
GB-009191,True,923
GB-009192,False,34
GB-009193,False,548
GB-009194,True,281
GB-009195,True,280
GB-009196,True,576
GB-009197,True,2
GB-009198,False,314
GB-009199,False,1256
GB-009200,True,499
GB-009201,True,991
GB-009202,True,1020
GB-009203,False,440
GB-009204,False,320
GB-009205,False,1054
GB-009206,False,25
GB-009207,False,1171
GB-009208,False,149
GB-009209,False,1242
GB-009210,False,472
GB-009211,True,822
GB-009212,True,1138
GB-009213,True,1470
GB-009214,True,184
GB-009215,False,488
GB-009216,True,659
GB-009217,True,933
GB-009218,True,359
GB-009219,False,444
GB-009220,False,590
GB-009221,False,1065
GB-009222,True,214
GB-009223,True,289
GB-009224,True,19
GB-009225,False,889
GB-009226,False,400
GB-009227,True,863
GB-009228,False,510
GB-009229,False,775
GB-009230,False,1358
GB-009231,False,1112
GB-009232,True,596
GB-009233,False,879
GB-009234,True,776
GB-009235,True,1285
GB-009236,False,1013
GB-009237,False,1119
GB-009238,False,1087
GB-009239,False,529
GB-009240,True,355
GB-009241,False,1361
GB-009242,True,144
GB-009243,True,689
GB-009244,False,35
GB-009245,True,917
GB-009246,False,1107
GB-009247,False,379
GB-009248,True,924
GB-009249,False,1125
GB-009250,False,890
GB-009251,True,1001
GB-009252,True,235
GB-009253,True,294
GB-009254,True,157
GB-009255,False,853
GB-009256,True,1060
GB-009257,False,1171
GB-009258,False,1075
GB-009259,False,114
GB-009260,True,435
GB-009261,False,384
GB-009262,False,251
GB-009263,True,1152
GB-009264,False,956
GB-009265,True,277
GB-009266,True,710
GB-009267,True,1059
GB-009268,False,321
GB-009269,True,1198
GB-009270,False,1368
GB-009271,False,568
GB-009272,False,96
GB-009273,True,1197
GB-009274,True,928
GB-009275,False,886
GB-009276,True,80
GB-009277,False,1439
GB-009278,False,185
GB-009279,False,887
GB-009280,True,1407
GB-009281,True,454
GB-009282,True,1146
GB-009283,True,801
GB-009284,False,1381
GB-009285,False,886
GB-009286,False,523
GB-009287,False,580
GB-009288,True,1180
GB-009289,False,762
GB-009290,False,587
GB-009291,False,1255
GB-009292,False,1064
GB-009293,True,1283
GB-009294,False,275
GB-009295,True,480
GB-009296,True,1325
GB-009297,False,1325
GB-009298,True,1166
GB-009299,False,701
GB-009300,False,936
GB-009301,True,156
GB-009302,True,382
GB-009303,False,998
GB-009304,True,605
GB-009305,False,2
GB-009306,False,1215
GB-009307,True,107
GB-009308,False,1026
GB-009309,True,224
GB-009310,False,1075
GB-009311,False,683
GB-009312,False,524
GB-009313,False,1124
GB-009314,False,1253
GB-009315,True,422
GB-009316,False,489
GB-009317,False,1408
GB-009318,False,1358
GB-009319,False,1437
GB-009320,False,98
GB-009321,False,376
GB-009322,False,113
GB-009323,False,1201
GB-009324,False,60
GB-009325,True,1432
GB-009326,True,180
GB-009327,True,494
GB-009328,True,676
GB-009329,True,1297
GB-009330,False,898
GB-009331,True,724
GB-009332,True,167
GB-009333,False,1070
GB-009334,False,1059
GB-009335,True,1134
GB-009336,True,1033
GB-009337,False,712
GB-009338,True,386
GB-009339,False,171
GB-009340,True,1330
GB-009341,False,1402
GB-009342,True,355
GB-009343,False,1201
GB-009344,True,430
GB-009345,True,170
GB-009346,False,434
GB-009347,False,709
GB-009348,False,1110
GB-009349,True,369
GB-009350,False,40
GB-009351,False,469
GB-009352,False,1409
GB-009353,False,908
GB-009354,False,1338
GB-009355,False,1400
GB-009356,True,1381
GB-009357,False,1163
GB-009358,False,933
GB-009359,True,594
GB-009360,False,1090
GB-009361,True,1103
GB-009362,False,1311
GB-009363,True,592
GB-009364,False,71
GB-009365,True,890
GB-009366,True,726
GB-009367,False,1479
GB-009368,True,768
GB-009369,False,46
GB-009370,False,873
GB-009371,True,836
GB-009372,True,152
GB-009373,False,374
GB-009374,True,592
GB-009375,False,39
GB-009376,True,580
GB-009377,False,249
GB-009378,True,513
GB-009379,True,150
GB-009380,False,1162
GB-009381,True,243
GB-009382,True,1177
GB-009383,False,595
GB-009384,False,685
GB-009385,False,1008
GB-009386,False,1246
GB-009387,True,1311
GB-009388,False,415
GB-009389,True,1128
GB-009390,False,445
GB-009391,False,495
GB-009392,False,1403
GB-009393,True,383
GB-009394,True,479
GB-009395,True,1104
GB-009396,False,170
GB-009397,False,952
GB-009398,False,261
GB-009399,False,1072
GB-009400,False,1270
GB-009401,False,1387
GB-009402,False,387
GB-009403,False,1095
GB-009404,False,1292
GB-009405,True,632
GB-009406,False,714
GB-009407,True,1177
GB-009408,False,955
GB-009409,False,415
GB-009410,True,180
GB-009411,False,327
GB-009412,False,1272
GB-009413,True,463
GB-009414,True,684
GB-009415,True,367
GB-009416,True,1168
GB-009417,True,969
GB-009418,True,472
GB-009419,True,1201
GB-009420,True,740
GB-009421,True,1241
GB-009422,True,117
GB-009423,True,124
GB-009424,False,82
GB-009425,False,100
GB-009426,True,480
GB-009427,False,547
GB-009428,False,644
GB-009429,True,149
GB-009430,True,734
GB-009431,False,1315
GB-009432,False,1429
GB-009433,False,71
GB-009434,False,372
GB-009435,True,1127
GB-009436,True,732
GB-009437,False,739
GB-009438,False,225
GB-009439,False,741
GB-009440,True,414
GB-009441,False,1423
GB-009442,False,1092
GB-009443,False,1087
GB-009444,False,923
GB-009445,False,40
GB-009446,False,799
GB-009447,True,936
GB-009448,True,945
GB-009449,False,1209
GB-009450,False,760
GB-009451,True,812
GB-009452,False,54
GB-009453,False,941
GB-009454,False,84
GB-009455,True,480
GB-009456,False,83
GB-009457,True,1492
GB-009458,False,911
GB-009459,False,134
GB-009460,False,120
GB-009461,False,1033
GB-009462,False,835
GB-009463,True,1462
GB-009464,False,396
GB-009465,True,1160
GB-009466,False,391
GB-009467,True,1164
GB-009468,False,1155
GB-009469,False,1099
GB-009470,False,648
GB-009471,False,1249
GB-009472,True,298
GB-009473,False,1161
GB-009474,False,1396
GB-009475,False,681
GB-009476,False,227
GB-009477,False,1230
GB-009478,False,339
GB-009479,True,1394
GB-009480,False,190
GB-009481,False,124
GB-009482,False,1010
GB-009483,False,36
GB-009484,True,519
GB-009485,True,1317
GB-009486,False,1087
GB-009487,True,1165
GB-009488,False,1402
GB-009489,False,351
GB-009490,False,246
GB-009491,True,83
GB-009492,False,819
GB-009493,True,656
GB-009494,False,279
GB-009495,False,1073
GB-009496,True,313
GB-009497,False,282
GB-009498,True,603
GB-009499,False,671
GB-009500,True,293
GB-009501,False,463
GB-009502,True,1104
GB-009503,True,160
GB-009504,False,507
GB-009505,True,512
GB-009506,True,316
GB-009507,False,2
GB-009508,True,737
GB-009509,False,510
GB-009510,False,1078
GB-009511,True,800
GB-009512,False,1321
GB-009513,True,561
GB-009514,False,1369
GB-009515,False,801
GB-009516,True,1423
GB-009517,True,402
GB-009518,False,1365
GB-009519,False,218
GB-009520,False,1465
GB-009521,False,911
GB-009522,False,96
GB-009523,True,1181
GB-009524,False,592
GB-009525,False,297
GB-009526,True,1140
GB-009527,False,205
GB-009528,False,1217
GB-009529,False,351
GB-009530,False,1321
GB-009531,False,543
GB-009532,True,29
GB-009533,True,558
GB-009534,True,84
GB-009535,False,1212
GB-009536,False,957
GB-009537,False,935
GB-009538,False,754
GB-009539,True,906
GB-009540,False,1430
GB-009541,False,83
GB-009542,True,253
GB-009543,True,560
GB-009544,True,99
GB-009545,True,959
GB-009546,False,1114
GB-009547,False,117
GB-009548,False,805
GB-009549,True,467
GB-009550,False,799
GB-009551,False,454
GB-009552,True,927
GB-009553,True,844
GB-009554,False,1102
GB-009555,False,1236
GB-009556,True,605
GB-009557,False,1485
GB-009558,False,406
GB-009559,True,882
GB-009560,False,1082
GB-009561,True,680
GB-009562,True,996
GB-009563,False,775
GB-009564,True,1011
GB-009565,True,23
GB-009566,False,1054
GB-009567,False,212
GB-009568,True,320
GB-009569,False,1055
GB-009570,False,1482
GB-009571,True,130
GB-009572,True,1278
GB-009573,True,217
GB-009574,True,154
GB-009575,False,1281
GB-009576,False,1386
GB-009577,False,1022
GB-009578,True,949
GB-009579,True,560
GB-009580,False,201
GB-009581,False,654
GB-009582,False,430
GB-009583,False,86
GB-009584,True,862
GB-009585,True,966
GB-009586,True,1220
GB-009587,True,1199
GB-009588,True,623
GB-009589,False,462
GB-009590,False,211
GB-009591,True,1266
GB-009592,False,144
GB-009593,False,427
GB-009594,False,1175
GB-009595,False,648
GB-009596,False,699
GB-009597,True,861
GB-009598,False,136
GB-009599,True,845
GB-009600,False,1318
GB-009601,False,547
GB-009602,False,123
GB-009603,False,1412
GB-009604,False,1083
GB-009605,False,1124
GB-009606,False,764
GB-009607,True,378
GB-009608,True,1363
GB-009609,False,727
GB-009610,True,549
GB-009611,False,1398
GB-009612,False,1187
GB-009613,True,167
GB-009614,False,38
GB-009615,False,1474
GB-009616,False,1038
GB-009617,False,1118
GB-009618,False,123
GB-009619,True,826
GB-009620,True,427
GB-009621,False,607
GB-009622,False,87
GB-009623,False,327
GB-009624,True,775
GB-009625,False,711
GB-009626,False,788
GB-009627,True,581
GB-009628,True,1389
GB-009629,False,1328
GB-009630,False,988
GB-009631,False,1363
GB-009632,True,1181
GB-009633,True,1424
GB-009634,True,1390
GB-009635,True,455
GB-009636,False,890
GB-009637,False,584
GB-009638,False,87
GB-009639,True,602
GB-009640,False,780
GB-009641,False,525
GB-009642,True,233
GB-009643,True,105
GB-009644,True,565
GB-009645,False,820
GB-009646,False,1029
GB-009647,True,511
GB-009648,False,1497
GB-009649,True,1182
GB-009650,True,327
GB-009651,False,821
GB-009652,False,1329
GB-009653,False,1007
GB-009654,False,230
GB-009655,True,1196
GB-009656,False,984
GB-009657,False,661
GB-009658,True,957
GB-009659,True,765
GB-009660,True,1499
GB-009661,True,756
GB-009662,True,1309
GB-009663,True,1403
GB-009664,False,1462
GB-009665,True,1466
GB-009666,False,67
GB-009667,False,1136
GB-009668,False,248
GB-009669,True,895
GB-009670,True,1395
GB-009671,True,974
GB-009672,False,1042
GB-009673,False,1438
GB-009674,False,803
GB-009675,False,1159
GB-009676,False,1416
GB-009677,False,1305
GB-009678,False,1449
GB-009679,False,1185
GB-009680,True,1025
GB-009681,False,493
GB-009682,False,671
GB-009683,True,287
GB-009684,True,238
GB-009685,True,765
GB-009686,True,114
GB-009687,True,503
GB-009688,False,629
GB-009689,True,248
GB-009690,False,1478
GB-009691,False,383
GB-009692,False,1443
GB-009693,True,1381
GB-009694,False,740
GB-009695,True,1368
GB-009696,False,376
GB-009697,False,1415
GB-009698,False,63
GB-009699,True,1342
GB-009700,False,997
GB-009701,False,741
GB-009702,True,610
GB-009703,False,671
GB-009704,True,1412
GB-009705,True,1291
GB-009706,False,1419
GB-009707,False,1030
GB-009708,True,1149
GB-009709,False,437
GB-009710,False,25
GB-009711,True,1204
GB-009712,False,788
GB-009713,True,894
GB-009714,False,879
GB-009715,True,188
GB-009716,False,19
GB-009717,True,613
GB-009718,True,646
GB-009719,False,569
GB-009720,True,298
GB-009721,True,1318
GB-009722,True,1091
GB-009723,True,1090
GB-009724,False,879
GB-009725,True,531
GB-009726,False,1262
GB-009727,True,58
GB-009728,True,118
GB-009729,True,712
GB-009730,False,1292
GB-009731,False,271
GB-009732,False,773
GB-009733,False,961
GB-009734,True,1407
GB-009735,False,1007
GB-009736,True,18
GB-009737,False,706
GB-009738,False,1082
GB-009739,False,836
GB-009740,True,992
GB-009741,True,762
GB-009742,False,686
GB-009743,False,1223
GB-009744,False,503
GB-009745,True,1461
GB-009746,False,463
GB-009747,True,1122
GB-009748,False,302
GB-009749,True,1108
GB-009750,False,494
GB-009751,True,528
GB-009752,True,343
GB-009753,False,187
GB-009754,False,252
GB-009755,False,1004
GB-009756,False,591
GB-009757,True,906
GB-009758,True,1170
GB-009759,False,1226
GB-009760,True,615
GB-009761,False,683
GB-009762,True,1039
GB-009763,False,482
GB-009764,True,909
GB-009765,False,670
GB-009766,True,502
GB-009767,False,171
GB-009768,False,209
GB-009769,False,1115
GB-009770,True,776
GB-009771,True,1285
GB-009772,False,322
GB-009773,False,6
GB-009774,True,651
GB-009775,False,1398
GB-009776,True,811
GB-009777,False,1197
GB-009778,True,1436
GB-009779,False,1099
GB-009780,False,581
GB-009781,False,1386
GB-009782,False,150
GB-009783,False,996
GB-009784,False,390
GB-009785,True,1319
GB-009786,False,1245
GB-009787,False,207
GB-009788,False,1205
GB-009789,True,125
GB-009790,True,380
GB-009791,True,1033
GB-009792,True,159
GB-009793,True,324
GB-009794,True,1275
GB-009795,True,1251
GB-009796,False,640
GB-009797,False,126
GB-009798,True,850
GB-009799,False,481
GB-009800,True,607
GB-009801,True,829
GB-009802,True,1074
GB-009803,True,822
GB-009804,True,1151
GB-009805,False,153
GB-009806,False,306
GB-009807,True,258
GB-009808,True,1262
GB-009809,False,882
GB-009810,False,1480
GB-009811,True,1424
GB-009812,False,1405
GB-009813,True,473
GB-009814,True,108
GB-009815,True,604
GB-009816,False,463
GB-009817,True,1126
GB-009818,False,1212
GB-009819,True,482
GB-009820,True,672
GB-009821,True,1017
GB-009822,False,546
GB-009823,True,1022
GB-009824,False,422
GB-009825,False,1300
GB-009826,False,340
GB-009827,True,1014
GB-009828,False,190
GB-009829,True,262
GB-009830,True,221
GB-009831,True,791
GB-009832,False,583
GB-009833,False,356
GB-009834,True,1317
GB-009835,False,1393
GB-009836,False,85
GB-009837,True,485
GB-009838,False,353
GB-009839,False,979
GB-009840,True,958
GB-009841,True,332
GB-009842,False,1197
GB-009843,False,1343
GB-009844,False,705
GB-009845,False,1098
GB-009846,True,546
GB-009847,False,125
GB-009848,True,1114
GB-009849,False,1338
GB-009850,True,1087
GB-009851,True,1389
GB-009852,False,790
GB-009853,False,146
GB-009854,False,1363
GB-009855,True,1269
GB-009856,True,395
GB-009857,False,56
GB-009858,True,523
GB-009859,True,438
GB-009860,False,884
GB-009861,False,487
GB-009862,False,315
GB-009863,False,468
GB-009864,True,343
GB-009865,False,317
GB-009866,False,1021
GB-009867,False,1195
GB-009868,False,517
GB-009869,False,261
GB-009870,False,2
GB-009871,True,122
GB-009872,False,25
GB-009873,True,782
GB-009874,True,532
GB-009875,False,778
GB-009876,False,1316
GB-009877,False,154
GB-009878,False,818
GB-009879,False,1186
GB-009880,False,1246
GB-009881,False,1021
GB-009882,False,1395
GB-009883,True,220
GB-009884,False,1427
GB-009885,True,593
GB-009886,False,1320
GB-009887,False,142
GB-009888,True,1259
GB-009889,False,327
GB-009890,False,666
GB-009891,False,217
GB-009892,False,584
GB-009893,True,793
GB-009894,False,144
GB-009895,False,854
GB-009896,False,725
GB-009897,False,1112
GB-009898,True,1430
GB-009899,False,1466
GB-009900,False,569
GB-009901,False,292
GB-009902,False,68
GB-009903,False,463
GB-009904,True,1263
GB-009905,True,372
GB-009906,False,1165
GB-009907,False,588
GB-009908,True,1159
GB-009909,False,468
GB-009910,True,1243
GB-009911,False,1419
GB-009912,True,735
GB-009913,False,1492
GB-009914,True,1363
GB-009915,False,1131
GB-009916,False,886
GB-009917,False,1014
GB-009918,False,741
GB-009919,True,106
GB-009920,False,1358
GB-009921,False,39
GB-009922,False,1490
GB-009923,False,338
GB-009924,False,118
GB-009925,True,473
GB-009926,True,967
GB-009927,False,1316
GB-009928,True,711
GB-009929,False,56
GB-009930,False,579
GB-009931,False,764
GB-009932,False,1397
GB-009933,False,507
GB-009934,True,557
GB-009935,True,759
GB-009936,False,1334
GB-009937,True,1128
GB-009938,True,147
GB-009939,False,183
GB-009940,True,866
GB-009941,True,919
GB-009942,False,1044
GB-009943,False,861
GB-009944,True,260
GB-009945,False,812
GB-009946,False,408
GB-009947,False,237
GB-009948,False,1436
GB-009949,False,560
GB-009950,False,273
GB-009951,False,540
GB-009952,True,1304
GB-009953,False,568
GB-009954,True,111
GB-009955,False,753
GB-009956,True,1390
GB-009957,False,1323
GB-009958,False,47
GB-009959,True,1240
GB-009960,True,178
GB-009961,True,150
GB-009962,True,102
GB-009963,True,325
GB-009964,False,18
GB-009965,True,377
GB-009966,False,1481
GB-009967,False,752
GB-009968,False,328
GB-009969,True,925
GB-009970,False,1356
GB-009971,False,1451
GB-009972,False,871
GB-009973,False,1094
GB-009974,False,415
GB-009975,False,746
GB-009976,False,1239
GB-009977,False,425
GB-009978,False,1449
GB-009979,False,667
GB-009980,True,1089
GB-009981,False,219
GB-009982,True,210
GB-009983,True,401
GB-009984,True,1158
GB-009985,False,598
GB-009986,False,1225
GB-009987,False,320
GB-009988,False,11
GB-009989,False,1168
GB-009990,False,591
GB-009991,False,1432
GB-009992,True,1307
GB-009993,True,1428
GB-009994,False,1124
GB-009995,False,876
GB-009996,True,53
GB-009997,False,227
GB-009998,False,614
GB-009999,False,981
GB-010000,True,470
GB-010001,True,736
GB-010002,False,50
GB-010003,False,1159
GB-010004,False,1381
GB-010005,True,41
GB-010006,False,1181
GB-010007,False,173
GB-010008,False,111
GB-010009,False,1328
GB-010010,False,346
GB-010011,False,1076
GB-010012,False,765
GB-010013,False,973
GB-010014,True,1248
GB-010015,False,1027
GB-010016,True,109
GB-010017,False,1456
GB-010018,False,1123
GB-010019,False,1490
GB-010020,False,1198
GB-010021,False,1427
GB-010022,True,1419
GB-010023,True,469
GB-010024,False,1061
GB-010025,True,1492
GB-010026,True,598
GB-010027,True,1403
GB-010028,True,1134
GB-010029,True,160
GB-010030,False,894
GB-010031,True,1129
GB-010032,False,18
GB-010033,True,1291
GB-010034,False,166
GB-010035,False,667
GB-010036,True,1413
GB-010037,False,197
GB-010038,False,791
GB-010039,False,610
GB-010040,True,853
GB-010041,False,1066
GB-010042,False,1422
GB-010043,False,178
GB-010044,True,141
GB-010045,True,274
GB-010046,False,72
GB-010047,False,79
GB-010048,True,1374
GB-010049,True,871
GB-010050,False,18
GB-010051,False,135
GB-010052,False,763
GB-010053,False,86
GB-010054,True,240
GB-010055,True,236
GB-010056,True,710
GB-010057,False,1148
GB-010058,False,1189
GB-010059,True,317
GB-010060,False,1495
GB-010061,False,512
GB-010062,False,1305
GB-010063,False,910
GB-010064,True,497
GB-010065,False,1282
GB-010066,True,1469
GB-010067,False,835
GB-010068,False,1265
GB-010069,True,1157
GB-010070,False,327
GB-010071,True,1386
GB-010072,False,624
GB-010073,False,381
GB-010074,False,1180
GB-010075,False,363
GB-010076,True,401
GB-010077,True,1305
GB-010078,False,495
GB-010079,True,422
GB-010080,True,882
GB-010081,True,910
GB-010082,True,598
GB-010083,True,584
GB-010084,False,993
GB-010085,False,1461
GB-010086,True,859
GB-010087,False,484
GB-010088,False,1062
GB-010089,False,360
GB-010090,False,1224
GB-010091,True,630
GB-010092,True,1247
GB-010093,True,80
GB-010094,False,794
GB-010095,False,169
GB-010096,True,323
GB-010097,True,227
GB-010098,False,135
GB-010099,True,270
GB-010100,False,317
GB-010101,False,750
GB-010102,True,41
GB-010103,False,1436
GB-010104,False,587
GB-010105,True,733
GB-010106,True,932
GB-010107,False,1169
GB-010108,True,904
GB-010109,False,596
GB-010110,True,1461
GB-010111,False,1212
GB-010112,False,1360
GB-010113,False,1353
GB-010114,False,1381
GB-010115,True,869
GB-010116,False,1229
GB-010117,False,967
GB-010118,True,91
GB-010119,False,316
GB-010120,True,915
GB-010121,True,1197
GB-010122,True,259
GB-010123,False,478
GB-010124,True,719
GB-010125,False,927
GB-010126,True,1061
GB-010127,True,1290
GB-010128,True,1088
GB-010129,False,391
GB-010130,False,544
GB-010131,False,300
GB-010132,True,1334
GB-010133,True,1337
GB-010134,False,249
GB-010135,True,1473
GB-010136,False,146
GB-010137,False,887
GB-010138,True,4
GB-010139,False,801
GB-010140,True,131
GB-010141,False,309
GB-010142,False,1296
GB-010143,True,1139
GB-010144,False,192
GB-010145,False,981
GB-010146,False,440
GB-010147,True,473
GB-010148,True,74
GB-010149,False,167
GB-010150,False,1003
GB-010151,True,1360
GB-010152,False,1478
GB-010153,True,822
GB-010154,True,1010
GB-010155,False,1053
GB-010156,True,723
GB-010157,True,1349
GB-010158,False,319
GB-010159,False,1040
GB-010160,False,1445
GB-010161,False,1443
GB-010162,False,1164
GB-010163,False,1450
GB-010164,False,1041
GB-010165,False,1354
GB-010166,False,1285
GB-010167,False,1084
GB-010168,True,1250
GB-010169,True,966
GB-010170,False,942
GB-010171,False,715
GB-010172,False,1203
GB-010173,True,331
GB-010174,True,50
GB-010175,False,138
GB-010176,False,861
GB-010177,False,336
GB-010178,False,1258
GB-010179,False,767
GB-010180,False,947
GB-010181,True,19
GB-010182,False,1381
GB-010183,False,1311
GB-010184,False,156
GB-010185,False,467
GB-010186,False,896
GB-010187,True,670
GB-010188,False,1364
GB-010189,True,1407
GB-010190,False,1039
GB-010191,True,174
GB-010192,False,895
GB-010193,False,1377
GB-010194,True,1496
GB-010195,True,1158
GB-010196,False,148
GB-010197,False,487
GB-010198,True,302
GB-010199,False,925
GB-010200,False,1338
GB-010201,False,1449
GB-010202,True,1259
GB-010203,False,1310
GB-010204,True,633
GB-010205,False,1242
GB-010206,False,354
GB-010207,True,962
GB-010208,True,909
GB-010209,False,1159
GB-010210,False,1425
GB-010211,True,1292
GB-010212,False,10
GB-010213,False,1254
GB-010214,False,606
GB-010215,False,1481
GB-010216,True,542
GB-010217,False,1230
GB-010218,True,171
GB-010219,True,338
GB-010220,True,75
GB-010221,False,1076
GB-010222,True,1193
GB-010223,True,1085
GB-010224,False,788
GB-010225,True,465
GB-010226,False,69
GB-010227,False,3
GB-010228,False,866
GB-010229,False,751
GB-010230,True,779
GB-010231,False,695
GB-010232,False,141
GB-010233,False,515
GB-010234,False,765
GB-010235,False,565
GB-010236,False,265
GB-010237,False,967
GB-010238,False,1267
GB-010239,True,112
GB-010240,False,1006
GB-010241,False,629
GB-010242,False,56
GB-010243,False,1292
GB-010244,False,405
GB-010245,True,1221
GB-010246,True,1426
GB-010247,True,910
GB-010248,False,1482
GB-010249,False,6
GB-010250,False,1278
GB-010251,False,779
GB-010252,False,1087
GB-010253,False,86
GB-010254,True,1416
GB-010255,True,343
GB-010256,False,1151
GB-010257,True,606
GB-010258,True,961
GB-010259,False,1016
GB-010260,True,655
GB-010261,False,349
GB-010262,True,721
GB-010263,False,581
GB-010264,False,1382
GB-010265,True,1226
GB-010266,False,539
GB-010267,False,1020
GB-010268,False,838
GB-010269,False,361
GB-010270,False,995
GB-010271,False,1487
GB-010272,True,121
GB-010273,False,194
GB-010274,False,1
GB-010275,False,365
GB-010276,False,1336
GB-010277,True,1472
GB-010278,True,1157
GB-010279,False,519
GB-010280,False,714
GB-010281,True,123
GB-010282,False,706
GB-010283,True,1398
GB-010284,True,1283
GB-010285,False,1105
GB-010286,False,1206
GB-010287,False,1157
GB-010288,True,618
GB-010289,False,770
GB-010290,True,1372
GB-010291,False,457
GB-010292,True,1473
GB-010293,False,307
GB-010294,True,956
GB-010295,False,754
GB-010296,False,85
GB-010297,False,1389
GB-010298,False,862
GB-010299,True,879
GB-010300,False,1351
GB-010301,False,616
GB-010302,False,612
GB-010303,False,622
GB-010304,False,442
GB-010305,False,133
GB-010306,False,403
GB-010307,False,887
GB-010308,False,1388
GB-010309,False,1030
GB-010310,False,1298
GB-010311,True,718
GB-010312,False,442
GB-010313,False,1356
GB-010314,False,867
GB-010315,False,805
GB-010316,True,1319
GB-010317,False,19
GB-010318,False,994
GB-010319,True,1312
GB-010320,True,1285
GB-010321,True,1053
GB-010322,False,981
GB-010323,True,1064
GB-010324,True,195
GB-010325,True,1309
GB-010326,False,1441
GB-010327,False,1483
GB-010328,True,1489
GB-010329,True,294
GB-010330,False,22
GB-010331,False,69
GB-010332,False,689
GB-010333,True,131
GB-010334,False,207
GB-010335,False,647
GB-010336,True,917
GB-010337,False,84
GB-010338,False,590
GB-010339,False,239
GB-010340,True,338
GB-010341,True,167
GB-010342,False,807
GB-010343,True,1173
GB-010344,False,452
GB-010345,False,780
GB-010346,False,1329
GB-010347,True,57
GB-010348,False,1479
GB-010349,True,80
GB-010350,True,1446
GB-010351,False,624
GB-010352,False,807
GB-010353,False,1047
GB-010354,True,1172
GB-010355,False,80
GB-010356,True,71
GB-010357,False,378
GB-010358,False,1442
GB-010359,False,1292
GB-010360,False,319
GB-010361,False,321
GB-010362,False,358
GB-010363,False,1304
GB-010364,False,454
GB-010365,False,1202
GB-010366,False,155
GB-010367,True,1348
GB-010368,False,1029
GB-010369,False,300
GB-010370,False,812
GB-010371,False,108
GB-010372,False,1026
GB-010373,False,1102
GB-010374,False,159
GB-010375,True,1421
GB-010376,False,916
GB-010377,True,187
GB-010378,False,1070
GB-010379,True,499
GB-010380,False,1481
GB-010381,False,1406
GB-010382,False,1382
GB-010383,True,1095
GB-010384,False,581
GB-010385,True,1007
GB-010386,True,123
GB-010387,True,676
GB-010388,False,417
GB-010389,True,1251
GB-010390,True,335
GB-010391,True,103
GB-010392,True,1026
GB-010393,False,749
GB-010394,True,1198
GB-010395,False,122
GB-010396,False,1124
GB-010397,True,558
GB-010398,False,551
GB-010399,False,1011
GB-010400,False,203
GB-010401,False,737
GB-010402,False,576
GB-010403,True,568
GB-010404,True,497
GB-010405,True,742
GB-010406,True,900
GB-010407,False,111
GB-010408,False,1351
GB-010409,False,599
GB-010410,False,459
GB-010411,False,1358
GB-010412,True,884
GB-010413,False,1347
GB-010414,False,1488
GB-010415,False,559
GB-010416,False,464
GB-010417,False,519
GB-010418,False,828
GB-010419,False,525
GB-010420,False,1168
GB-010421,False,772
GB-010422,True,828
GB-010423,False,123
GB-010424,True,909
GB-010425,False,630
GB-010426,True,453
GB-010427,False,404
GB-010428,True,426
GB-010429,False,757
GB-010430,False,1483
GB-010431,True,355
GB-010432,True,1290
GB-010433,False,473
GB-010434,True,807
GB-010435,False,1152
GB-010436,False,264
GB-010437,False,1008
GB-010438,True,1498
GB-010439,False,169
GB-010440,False,979
GB-010441,True,635
GB-010442,False,218
GB-010443,False,995
GB-010444,False,376
GB-010445,False,578
GB-010446,False,1165
GB-010447,False,503
GB-010448,True,1366
GB-010449,True,1074
GB-010450,False,83
GB-010451,False,87
GB-010452,False,955
GB-010453,False,1475
GB-010454,True,1118
GB-010455,True,1208
GB-010456,True,849
GB-010457,False,89
GB-010458,False,1284
GB-010459,False,365
GB-010460,True,310
GB-010461,False,580
GB-010462,True,1033
GB-010463,False,125
GB-010464,True,562
GB-010465,False,1035
GB-010466,False,641
GB-010467,True,1032
GB-010468,False,695
GB-010469,False,770
GB-010470,True,932
GB-010471,False,80
GB-010472,False,1376
GB-010473,False,88
GB-010474,False,875
GB-010475,False,933
GB-010476,False,442
GB-010477,True,788
GB-010478,False,1303
GB-010479,False,619
GB-010480,True,901
GB-010481,True,70
GB-010482,True,985
GB-010483,True,419
GB-010484,False,604
GB-010485,False,1004
GB-010486,False,816
GB-010487,True,1268
GB-010488,False,46
GB-010489,False,453
GB-010490,True,336
GB-010491,False,1448
GB-010492,False,1413
GB-010493,True,1083
GB-010494,False,897
GB-010495,True,191
GB-010496,True,1413
GB-010497,True,247
GB-010498,True,1084
GB-010499,False,793
GB-010500,False,114
GB-010501,False,593
GB-010502,True,580
GB-010503,True,674
GB-010504,False,757
GB-010505,True,509
GB-010506,True,606
GB-010507,False,436
GB-010508,True,486
GB-010509,False,1166
GB-010510,True,100
GB-010511,False,709
GB-010512,False,1394
GB-010513,True,531
GB-010514,False,110
GB-010515,True,975
GB-010516,True,1380
GB-010517,False,984
GB-010518,True,640
GB-010519,False,863
GB-010520,False,541
GB-010521,True,634
GB-010522,False,181
GB-010523,True,52
GB-010524,False,971
GB-010525,True,1412
GB-010526,False,428
GB-010527,False,1312
GB-010528,False,443
GB-010529,True,1067
GB-010530,False,143
GB-010531,False,607
GB-010532,False,687
GB-010533,True,537
GB-010534,False,382
GB-010535,False,1318
GB-010536,False,751
GB-010537,False,862
GB-010538,False,560
GB-010539,False,871
GB-010540,False,898
GB-010541,True,1415
GB-010542,False,852
GB-010543,False,342
GB-010544,True,1490
GB-010545,True,399
GB-010546,True,340
GB-010547,True,1314
GB-010548,False,348
GB-010549,True,1131
GB-010550,False,78
GB-010551,False,768
GB-010552,True,1148
GB-010553,True,111
GB-010554,True,384
GB-010555,True,1248
GB-010556,False,62
GB-010557,True,785
GB-010558,True,1058
GB-010559,True,1154
GB-010560,False,43
GB-010561,True,1467
GB-010562,False,19
GB-010563,True,783
GB-010564,True,542
GB-010565,False,1433
GB-010566,True,95
GB-010567,False,1486
GB-010568,True,626
GB-010569,False,294
GB-010570,False,87
GB-010571,True,1217
GB-010572,False,407
GB-010573,True,539
GB-010574,False,1439
GB-010575,True,560
GB-010576,True,1309
GB-010577,False,919
GB-010578,False,656
GB-010579,True,1313
GB-010580,False,1496
GB-010581,False,591
GB-010582,False,795
GB-010583,False,1227
GB-010584,True,368
GB-010585,False,377
GB-010586,False,216
GB-010587,False,232
GB-010588,True,423
GB-010589,False,1226
GB-010590,False,501
GB-010591,True,1222
GB-010592,False,667
GB-010593,False,1342
GB-010594,False,1482
GB-010595,False,287
GB-010596,False,1032
GB-010597,False,869
GB-010598,True,623
GB-010599,True,1219
GB-010600,False,1490
GB-010601,False,1347
GB-010602,True,631
GB-010603,False,1066
GB-010604,True,861
GB-010605,True,350
GB-010606,False,980
GB-010607,False,283
GB-010608,False,860
GB-010609,False,1357
GB-010610,False,1145
GB-010611,True,1249
GB-010612,False,492
GB-010613,False,1367
GB-010614,True,1292
GB-010615,True,1011
GB-010616,False,358
GB-010617,True,516
GB-010618,False,326
GB-010619,True,592
GB-010620,True,641
GB-010621,False,1050
GB-010622,True,1006
GB-010623,False,1443
GB-010624,False,609
GB-010625,True,649
GB-010626,True,1037
GB-010627,False,485
GB-010628,False,912
GB-010629,False,1063
GB-010630,True,84
GB-010631,False,1414
GB-010632,False,36
GB-010633,False,1349
GB-010634,False,1499
GB-010635,False,323
GB-010636,False,208
GB-010637,True,1256
GB-010638,False,421
GB-010639,True,860
GB-010640,True,1349
GB-010641,False,500
GB-010642,False,87
GB-010643,False,969
GB-010644,False,452
GB-010645,False,1153
GB-010646,False,263
GB-010647,False,134
GB-010648,False,1028
GB-010649,False,492
GB-010650,False,407
GB-010651,False,778
GB-010652,False,1376
GB-010653,False,580
GB-010654,False,229
GB-010655,False,444
GB-010656,True,1022
GB-010657,False,294
GB-010658,False,275
GB-010659,False,131
GB-010660,True,433
GB-010661,True,759
GB-010662,False,1167
GB-010663,True,792
GB-010664,False,707
GB-010665,False,241
GB-010666,False,1300
GB-010667,True,158
GB-010668,False,131
GB-010669,True,867
GB-010670,True,1423
GB-010671,True,688
GB-010672,True,577
GB-010673,False,767
GB-010674,True,473
GB-010675,False,389
GB-010676,False,1017
GB-010677,True,76
GB-010678,False,807
GB-010679,False,363
GB-010680,False,561
GB-010681,True,178
GB-010682,False,1486
GB-010683,True,1026
GB-010684,False,310
GB-010685,True,267
GB-010686,False,1049
GB-010687,False,1139
GB-010688,False,172
GB-010689,True,688
GB-010690,True,274
GB-010691,True,1100
GB-010692,True,1368
GB-010693,False,1455
GB-010694,True,320
GB-010695,True,1159
GB-010696,True,288
GB-010697,False,653
GB-010698,False,1178
GB-010699,True,1087
GB-010700,True,1132
GB-010701,False,1264
GB-010702,False,1391
GB-010703,False,1169
GB-010704,False,791
GB-010705,False,1230
GB-010706,True,660
GB-010707,False,1403
GB-010708,True,360
GB-010709,False,826
GB-010710,False,1249
GB-010711,True,1000
GB-010712,False,572
GB-010713,False,841
GB-010714,True,463
GB-010715,False,882
GB-010716,False,31
GB-010717,True,136
GB-010718,False,946
GB-010719,False,1372
GB-010720,False,839
GB-010721,False,1170
GB-010722,True,59
GB-010723,False,726
GB-010724,True,1148
GB-010725,False,1360
GB-010726,False,44
GB-010727,True,282
GB-010728,False,1000
GB-010729,True,596
GB-010730,True,254
GB-010731,True,90
GB-010732,True,45
GB-010733,False,1215
GB-010734,False,452
GB-010735,True,1304
GB-010736,False,1283
GB-010737,True,545
GB-010738,False,576
GB-010739,False,964
GB-010740,False,980
GB-010741,True,21
GB-010742,True,496
GB-010743,True,1171
GB-010744,True,55
GB-010745,False,759
GB-010746,True,933
GB-010747,True,1458
GB-010748,True,973
GB-010749,False,921
GB-010750,False,540
GB-010751,False,1299
GB-010752,False,405
GB-010753,True,1101
GB-010754,True,1210
GB-010755,True,955
GB-010756,True,349
GB-010757,False,1143
GB-010758,False,1278
GB-010759,True,1190
GB-010760,False,1092
GB-010761,False,677
GB-010762,False,934
GB-010763,True,970
GB-010764,True,836
GB-010765,False,573
GB-010766,False,155
GB-010767,False,1403
GB-010768,False,1034
GB-010769,True,1145
GB-010770,False,1415
GB-010771,False,932
GB-010772,True,1185
GB-010773,False,353
GB-010774,True,993
GB-010775,False,1212
GB-010776,True,1268
GB-010777,False,1266
GB-010778,False,1156
GB-010779,True,143
GB-010780,True,1413
GB-010781,False,700
GB-010782,True,901
GB-010783,False,798
GB-010784,True,95
GB-010785,True,137
GB-010786,True,220
GB-010787,False,897
GB-010788,False,1467
GB-010789,False,486
GB-010790,False,1161
GB-010791,True,43
GB-010792,False,1377
GB-010793,True,1367
GB-010794,False,1174
GB-010795,False,255
GB-010796,False,1069
GB-010797,False,1419
GB-010798,True,550
GB-010799,False,954
GB-010800,False,33
GB-010801,False,323
GB-010802,True,978
GB-010803,False,1479
GB-010804,False,1492
GB-010805,False,332
GB-010806,False,1350
GB-010807,False,252
GB-010808,False,1124
GB-010809,True,421
GB-010810,False,1005
GB-010811,True,157
GB-010812,True,49
GB-010813,True,721
GB-010814,True,425
GB-010815,False,496
GB-010816,False,162
GB-010817,False,531
GB-010818,False,1056
GB-010819,False,901
GB-010820,True,417
GB-010821,False,533
GB-010822,False,642
GB-010823,True,478
GB-010824,False,5
GB-010825,False,1458
GB-010826,False,839
GB-010827,False,326
GB-010828,False,360
GB-010829,True,448
GB-010830,False,477
GB-010831,False,458
GB-010832,True,510
GB-010833,False,1497
GB-010834,True,459
GB-010835,False,932
GB-010836,False,861
GB-010837,True,366
GB-010838,True,845
GB-010839,True,959
GB-010840,False,829
GB-010841,False,520
GB-010842,False,989
GB-010843,False,995
GB-010844,False,766
GB-010845,False,1446
GB-010846,True,500
GB-010847,False,128
GB-010848,False,999
GB-010849,True,900
GB-010850,True,193
GB-010851,False,1035
GB-010852,True,1066
GB-010853,False,394
GB-010854,False,1362
GB-010855,False,537
GB-010856,False,647
GB-010857,True,1376
GB-010858,True,1227
GB-010859,False,66
GB-010860,True,58
GB-010861,True,982
GB-010862,False,1420
GB-010863,False,387
GB-010864,True,1151
GB-010865,True,1166
GB-010866,False,876
GB-010867,True,1173
GB-010868,False,651
GB-010869,True,1050
GB-010870,False,1378
GB-010871,True,484
GB-010872,True,863
GB-010873,True,91
GB-010874,True,715
GB-010875,True,1107
GB-010876,False,28
GB-010877,False,471
GB-010878,False,1309
GB-010879,False,1498
GB-010880,False,1349
GB-010881,True,389
GB-010882,True,269
GB-010883,False,1332
GB-010884,True,307
GB-010885,True,1445
GB-010886,False,1360
GB-010887,False,1303
GB-010888,True,466
GB-010889,True,757
GB-010890,True,715
GB-010891,False,856
GB-010892,True,419
GB-010893,False,162
GB-010894,True,1312
GB-010895,True,1156
GB-010896,True,1097
GB-010897,False,637
GB-010898,True,563
GB-010899,True,955
GB-010900,True,90
GB-010901,False,915
GB-010902,False,1349
GB-010903,False,212
GB-010904,False,1214
GB-010905,True,1033
GB-010906,True,1426
GB-010907,False,439
GB-010908,True,494
GB-010909,True,1357
GB-010910,True,51
GB-010911,True,911
GB-010912,True,314
GB-010913,True,1088
GB-010914,False,59
GB-010915,False,1167
GB-010916,False,206
GB-010917,False,872
GB-010918,True,996
GB-010919,False,1055
GB-010920,False,775
GB-010921,True,1188
GB-010922,True,737
GB-010923,False,213
GB-010924,False,509
GB-010925,False,1232
GB-010926,True,376
GB-010927,True,750
GB-010928,False,864
GB-010929,False,1012
GB-010930,False,158
GB-010931,True,479
GB-010932,False,1106
GB-010933,True,538
GB-010934,True,614
GB-010935,False,97
GB-010936,True,242
GB-010937,True,1497
GB-010938,True,776
GB-010939,False,954
GB-010940,True,179
GB-010941,False,268
GB-010942,True,260
GB-010943,False,1051
GB-010944,True,40
GB-010945,True,287
GB-010946,False,85
GB-010947,False,791
GB-010948,True,991
GB-010949,True,344
GB-010950,False,450
GB-010951,False,688
GB-010952,False,1351
GB-010953,False,398
GB-010954,False,1430
GB-010955,False,819
GB-010956,False,760
GB-010957,False,136
GB-010958,False,718
GB-010959,False,656
GB-010960,True,603
GB-010961,False,1244
GB-010962,False,535
GB-010963,False,692
GB-010964,False,1486
GB-010965,False,876
GB-010966,True,1121
GB-010967,True,1049
GB-010968,True,808
GB-010969,False,273
GB-010970,True,345
GB-010971,False,870
GB-010972,True,203
GB-010973,False,527
GB-010974,True,274
GB-010975,True,509
GB-010976,True,1087
GB-010977,False,651
GB-010978,False,1345
GB-010979,False,777
GB-010980,False,1246
GB-010981,True,246
GB-010982,False,775
GB-010983,False,1247
GB-010984,True,1084
GB-010985,False,833
GB-010986,False,705
GB-010987,False,357
GB-010988,True,749
GB-010989,False,1194
GB-010990,True,186
GB-010991,False,343
GB-010992,False,1365
GB-010993,False,1363
GB-010994,True,445
GB-010995,True,895
GB-010996,False,556
GB-010997,True,745
GB-010998,True,87
GB-010999,True,330
GB-011000,True,1389
GB-011001,False,1285
GB-011002,False,239
GB-011003,False,878
GB-011004,False,492
GB-011005,False,1357
GB-011006,True,1416
GB-011007,False,564
GB-011008,True,155
GB-011009,False,1283
GB-011010,False,60
GB-011011,True,1003
GB-011012,True,597
GB-011013,False,350
GB-011014,True,137
GB-011015,True,1333
GB-011016,False,648
GB-011017,True,716
GB-011018,False,646
GB-011019,False,1165
GB-011020,True,429
GB-011021,False,937
GB-011022,True,1457
GB-011023,False,83
GB-011024,False,1083
GB-011025,True,442
GB-011026,False,173
GB-011027,False,723
GB-011028,True,270
GB-011029,False,627
GB-011030,False,1463
GB-011031,True,371
GB-011032,False,333
GB-011033,False,818
GB-011034,False,1210
GB-011035,False,1215
GB-011036,False,395
GB-011037,False,263
GB-011038,False,215
GB-011039,False,1257
GB-011040,False,1285
GB-011041,False,1307
GB-011042,True,137
GB-011043,False,284
GB-011044,True,684
GB-011045,True,934
GB-011046,False,887
GB-011047,True,380
GB-011048,False,602
GB-011049,False,624
GB-011050,False,1143
GB-011051,False,730
GB-011052,True,846
GB-011053,True,1213
GB-011054,False,821
GB-011055,True,1091
GB-011056,True,72
GB-011057,False,866
GB-011058,False,546
GB-011059,False,821
GB-011060,False,273
GB-011061,True,1484
GB-011062,False,127
GB-011063,False,595
GB-011064,False,634
GB-011065,True,1039
GB-011066,True,153
GB-011067,False,910
GB-011068,True,952
GB-011069,False,220
GB-011070,False,963
GB-011071,True,1035
GB-011072,True,1038
GB-011073,True,1427
GB-011074,True,471
GB-011075,True,489
GB-011076,False,1364
GB-011077,True,63
GB-011078,True,748
GB-011079,True,1270
GB-011080,False,585
GB-011081,False,999
GB-011082,True,119
GB-011083,True,1205
GB-011084,False,431
GB-011085,True,1333
GB-011086,False,483
GB-011087,False,1296
GB-011088,True,1454
GB-011089,True,673
GB-011090,False,561
GB-011091,False,530
GB-011092,False,902
GB-011093,False,16
GB-011094,False,34
GB-011095,True,186
GB-011096,False,485
GB-011097,False,1066
GB-011098,True,1161
GB-011099,False,519
GB-011100,False,1459
GB-011101,True,357
GB-011102,False,151
GB-011103,True,229
GB-011104,True,1093
GB-011105,False,921
GB-011106,True,1204
GB-011107,True,1372
GB-011108,True,1239
GB-011109,False,880
GB-011110,False,496
GB-011111,True,275
GB-011112,False,976
GB-011113,True,88
GB-011114,False,658
GB-011115,True,1282
GB-011116,False,193
GB-011117,True,575
GB-011118,False,1217
GB-011119,False,768
GB-011120,True,787
GB-011121,True,69
GB-011122,False,701
GB-011123,True,599
GB-011124,False,817
GB-011125,True,1232
GB-011126,False,528
GB-011127,False,122
GB-011128,False,1056
GB-011129,False,917
GB-011130,False,573
GB-011131,False,840
GB-011132,False,251
GB-011133,False,269
GB-011134,True,1454
GB-011135,True,1483
GB-011136,False,614
GB-011137,False,334
GB-011138,False,1020
GB-011139,True,778
GB-011140,False,453
GB-011141,True,271
GB-011142,True,719
GB-011143,False,1350
GB-011144,False,142
GB-011145,False,968
GB-011146,False,690
GB-011147,False,1080
GB-011148,False,8
GB-011149,True,394
GB-011150,False,874
GB-011151,True,1332
GB-011152,False,1302
GB-011153,True,41
GB-011154,True,298
GB-011155,True,428
GB-011156,False,393
GB-011157,False,1270
GB-011158,False,1463
GB-011159,False,104
GB-011160,False,266
GB-011161,True,848
GB-011162,False,906
GB-011163,False,806
GB-011164,False,193
GB-011165,True,235
GB-011166,False,521
GB-011167,True,1432
GB-011168,False,439
GB-011169,False,1483
GB-011170,False,201
GB-011171,False,194
GB-011172,False,8
GB-011173,True,935
GB-011174,True,1372
GB-011175,True,1193
GB-011176,False,1174
GB-011177,False,1494
GB-011178,True,1079
GB-011179,False,1437
GB-011180,False,1477
GB-011181,False,1348
GB-011182,True,451
GB-011183,False,839
GB-011184,True,1011
GB-011185,True,265
GB-011186,True,1389
GB-011187,False,59
GB-011188,False,375
GB-011189,True,252
GB-011190,False,1369
GB-011191,False,512
GB-011192,False,1240
GB-011193,True,66
GB-011194,False,1153
GB-011195,False,246
GB-011196,True,1219
GB-011197,True,117
GB-011198,False,766
GB-011199,True,901
GB-011200,True,298
GB-011201,True,940
GB-011202,False,266
GB-011203,False,133
GB-011204,False,981
GB-011205,True,431
GB-011206,False,898
GB-011207,False,1043
GB-011208,False,211
GB-011209,False,170
GB-011210,False,418
GB-011211,False,261
GB-011212,True,979
GB-011213,False,229
GB-011214,False,20
GB-011215,False,596
GB-011216,False,967
GB-011217,True,1456
GB-011218,False,708
GB-011219,False,1035
GB-011220,False,649
GB-011221,True,1283
GB-011222,False,1177
GB-011223,False,1224
GB-011224,False,364
GB-011225,True,1400
GB-011226,False,1484
GB-011227,False,391
GB-011228,False,695
GB-011229,True,564
GB-011230,False,1298
GB-011231,False,1434
GB-011232,True,725
GB-011233,True,919
GB-011234,False,1039
GB-011235,False,940
GB-011236,True,1485
GB-011237,True,1393
GB-011238,False,15
GB-011239,False,1108
GB-011240,True,460
GB-011241,True,737
GB-011242,True,993
GB-011243,True,137
GB-011244,False,696
GB-011245,True,216
GB-011246,True,794
GB-011247,True,1451
GB-011248,False,841
GB-011249,False,1157
GB-011250,True,828
GB-011251,False,1477
GB-011252,True,990
GB-011253,True,1481
GB-011254,False,962
GB-011255,True,219
GB-011256,True,1422
GB-011257,False,1275
GB-011258,True,438
GB-011259,False,24
GB-011260,False,1253
GB-011261,True,963
GB-011262,False,366
GB-011263,False,1484
GB-011264,True,1493
GB-011265,True,213
GB-011266,True,793
GB-011267,False,191
GB-011268,True,1291
GB-011269,False,1375
GB-011270,False,907
GB-011271,False,1252
GB-011272,True,79
GB-011273,False,938
GB-011274,True,630
GB-011275,False,1215
GB-011276,False,833
GB-011277,True,524
GB-011278,True,671
GB-011279,False,78
GB-011280,False,1332
GB-011281,False,756
GB-011282,True,1083
GB-011283,False,106
GB-011284,False,1017
GB-011285,True,195
GB-011286,False,974
GB-011287,True,675
GB-011288,True,1258
GB-011289,False,1127
GB-011290,True,1313
GB-011291,False,1069
GB-011292,True,15
GB-011293,False,341
GB-011294,False,537
GB-011295,True,725
GB-011296,False,597
GB-011297,False,1033
GB-011298,True,1421
GB-011299,False,923
GB-011300,False,207
GB-011301,False,834
GB-011302,False,658
GB-011303,True,968
GB-011304,False,1086
GB-011305,True,206
GB-011306,False,1350
GB-011307,False,917
GB-011308,True,557
GB-011309,True,1149
GB-011310,True,81
GB-011311,False,437
GB-011312,True,645
GB-011313,True,1486
GB-011314,False,643
GB-011315,False,1369
GB-011316,False,230
GB-011317,True,85
GB-011318,True,1122
GB-011319,False,344
GB-011320,True,912
GB-011321,False,1464
GB-011322,False,168
GB-011323,False,850
GB-011324,False,1457
GB-011325,False,1404
GB-011326,False,1414
GB-011327,True,61
GB-011328,False,160
GB-011329,False,972
GB-011330,True,1400
GB-011331,False,483
GB-011332,True,1362
GB-011333,True,64
GB-011334,False,914
GB-011335,False,772
GB-011336,False,465
GB-011337,False,391
GB-011338,False,695
GB-011339,True,1476
GB-011340,True,300
GB-011341,False,1108
GB-011342,True,740
GB-011343,False,751
GB-011344,False,607
GB-011345,False,490
GB-011346,False,189
GB-011347,True,1009
GB-011348,False,918
GB-011349,False,98
GB-011350,True,374
GB-011351,True,781
GB-011352,True,763
GB-011353,False,48
GB-011354,False,1387
GB-011355,True,732
GB-011356,False,13
GB-011357,False,381
GB-011358,False,980
GB-011359,True,223
GB-011360,False,1091
GB-011361,False,949
GB-011362,False,1466
GB-011363,True,1115
GB-011364,False,863
GB-011365,True,1353
GB-011366,False,212
GB-011367,False,588
GB-011368,False,1060
GB-011369,False,806
GB-011370,True,643
GB-011371,False,80
GB-011372,True,748
GB-011373,False,1089
GB-011374,False,516
GB-011375,True,569
GB-011376,True,1033
GB-011377,True,719
GB-011378,False,62
GB-011379,False,344
GB-011380,False,579
GB-011381,False,134
GB-011382,False,1483
GB-011383,False,1096
GB-011384,False,530
GB-011385,False,79
GB-011386,True,605
GB-011387,False,408
GB-011388,False,1333
GB-011389,True,999
GB-011390,False,1327
GB-011391,True,917
GB-011392,False,564
GB-011393,True,1069
GB-011394,False,1483
GB-011395,False,925
GB-011396,False,916
GB-011397,False,440
GB-011398,False,746
GB-011399,False,341
GB-011400,False,1375
GB-011401,False,1193
GB-011402,False,529
GB-011403,True,1362
GB-011404,True,1140
GB-011405,False,340
GB-011406,False,397
GB-011407,False,518
GB-011408,False,624
GB-011409,False,568
GB-011410,False,459
GB-011411,False,198
GB-011412,False,674
GB-011413,True,1138
GB-011414,True,258
GB-011415,False,895
GB-011416,False,1229
GB-011417,False,604
GB-011418,False,251
GB-011419,True,722
GB-011420,True,438
GB-011421,True,845
GB-011422,True,197
GB-011423,True,937
GB-011424,False,1229
GB-011425,True,422
GB-011426,True,887
GB-011427,True,248
GB-011428,False,253
GB-011429,False,1388
GB-011430,False,1200
GB-011431,False,989
GB-011432,False,1495
GB-011433,False,1287
GB-011434,False,378
GB-011435,False,546
GB-011436,True,1172
GB-011437,False,423
GB-011438,False,292
GB-011439,True,558
GB-011440,False,872
GB-011441,True,1046
GB-011442,False,995
GB-011443,True,169
GB-011444,False,769
GB-011445,False,546
GB-011446,False,729
GB-011447,False,866
GB-011448,False,1058
GB-011449,False,540
GB-011450,False,1020
GB-011451,False,739
GB-011452,True,110
GB-011453,False,349
GB-011454,True,627
GB-011455,False,170
GB-011456,False,1142
GB-011457,True,421
GB-011458,False,214
GB-011459,True,1011
GB-011460,True,203
GB-011461,True,419
GB-011462,False,351
GB-011463,True,393
GB-011464,False,883
GB-011465,True,1379
GB-011466,True,467
GB-011467,False,1223
GB-011468,False,527
GB-011469,False,843
GB-011470,True,898
GB-011471,False,1455
GB-011472,False,63
GB-011473,False,413
GB-011474,False,1052
GB-011475,False,273
GB-011476,True,639
GB-011477,True,333
GB-011478,True,413
GB-011479,True,457
GB-011480,True,166
GB-011481,False,1006
GB-011482,True,119
GB-011483,False,496
GB-011484,False,845
GB-011485,True,1070
GB-011486,True,1187
GB-011487,False,21
GB-011488,False,864
GB-011489,False,636
GB-011490,True,40
GB-011491,True,291
GB-011492,False,197
GB-011493,False,1358
GB-011494,False,537
GB-011495,False,664
GB-011496,False,820
GB-011497,False,431
GB-011498,False,765
GB-011499,True,173
GB-011500,False,994
GB-011501,False,794
GB-011502,False,874
GB-011503,False,1448
GB-011504,False,73
GB-011505,False,348
GB-011506,True,309
GB-011507,True,1398
GB-011508,False,989
GB-011509,True,1122
GB-011510,True,248
GB-011511,False,379
GB-011512,False,966
GB-011513,True,490
GB-011514,True,1193
GB-011515,False,337
GB-011516,True,846
GB-011517,False,362
GB-011518,True,17
GB-011519,False,938
GB-011520,True,404
GB-011521,True,1124
GB-011522,False,1447
GB-011523,True,453
GB-011524,False,1311
GB-011525,True,150
GB-011526,False,1157
GB-011527,False,751
GB-011528,True,510
GB-011529,False,296
GB-011530,False,252
GB-011531,False,208
GB-011532,False,199
GB-011533,False,1204
GB-011534,False,1421
GB-011535,False,979
GB-011536,True,274
GB-011537,True,547
GB-011538,True,1315
GB-011539,False,1399
GB-011540,False,24
GB-011541,True,907
GB-011542,False,1072
GB-011543,False,270
GB-011544,False,143
GB-011545,False,805
GB-011546,True,1314
GB-011547,False,612
GB-011548,True,127
GB-011549,True,1144
GB-011550,True,437
GB-011551,True,28
GB-011552,False,380
GB-011553,True,1436
GB-011554,False,191
GB-011555,True,1278
GB-011556,False,422
GB-011557,False,880
GB-011558,False,1102
GB-011559,True,1026
GB-011560,True,1152
GB-011561,True,509
GB-011562,True,405
GB-011563,True,701
GB-011564,True,970
GB-011565,False,234
GB-011566,False,276
GB-011567,False,906
GB-011568,False,1028
GB-011569,False,1293
GB-011570,False,142
GB-011571,True,1361
GB-011572,True,1023
GB-011573,False,181
GB-011574,True,16
GB-011575,True,1418
GB-011576,False,1089
GB-011577,True,630
GB-011578,True,250
GB-011579,False,1017
GB-011580,False,749
GB-011581,True,214
GB-011582,True,818
GB-011583,False,326
GB-011584,True,956
GB-011585,True,880
GB-011586,True,1079
GB-011587,True,328
GB-011588,True,1027
GB-011589,True,832
GB-011590,False,500
GB-011591,True,1239
GB-011592,True,845
GB-011593,False,250
GB-011594,True,301
GB-011595,True,1036
GB-011596,False,1316
GB-011597,True,724
GB-011598,False,152
GB-011599,False,1203
GB-011600,True,100
GB-011601,False,48
GB-011602,True,907
GB-011603,True,573
GB-011604,False,389
GB-011605,True,1365
GB-011606,False,533
GB-011607,False,169
GB-011608,True,104
GB-011609,False,200
GB-011610,True,827
GB-011611,False,325
GB-011612,False,854
GB-011613,False,1169
GB-011614,False,1342
GB-011615,False,193
GB-011616,True,1067
GB-011617,False,42
GB-011618,True,1480
GB-011619,False,886
GB-011620,True,558
GB-011621,False,1138
GB-011622,True,792
GB-011623,False,822
GB-011624,False,876
GB-011625,False,943
GB-011626,False,1320
GB-011627,False,653
GB-011628,False,765
GB-011629,True,86
GB-011630,True,242
GB-011631,False,925
GB-011632,True,620
GB-011633,False,370
GB-011634,False,386
GB-011635,True,118
GB-011636,True,653
GB-011637,True,788
GB-011638,False,286
GB-011639,False,656
GB-011640,False,1045
GB-011641,True,227
GB-011642,True,248
GB-011643,False,156
GB-011644,False,1419
GB-011645,True,121
GB-011646,False,719
GB-011647,False,803
GB-011648,True,985
GB-011649,False,352
GB-011650,True,942
GB-011651,False,1333
GB-011652,True,1423
GB-011653,False,1024
GB-011654,False,258
GB-011655,False,358
GB-011656,True,1189
GB-011657,False,1228
GB-011658,True,142
GB-011659,False,713
GB-011660,False,610
GB-011661,False,547
GB-011662,True,292
GB-011663,False,529
GB-011664,True,1066
GB-011665,True,1322
GB-011666,False,1338
GB-011667,True,1016
GB-011668,True,1023
GB-011669,False,459
GB-011670,False,659
GB-011671,True,549
GB-011672,False,414
GB-011673,False,1431
GB-011674,False,282
GB-011675,False,1262
GB-011676,False,57
GB-011677,False,283
GB-011678,False,519
GB-011679,True,1494
GB-011680,True,771
GB-011681,False,701
GB-011682,True,844
GB-011683,False,1317
GB-011684,False,1103
GB-011685,False,753
GB-011686,False,259
GB-011687,True,1369
GB-011688,True,42
GB-011689,False,1398
GB-011690,False,281
GB-011691,False,1145
GB-011692,True,1398
GB-011693,True,424
GB-011694,True,611
GB-011695,True,1267
GB-011696,False,171
GB-011697,False,1219
GB-011698,False,1152
GB-011699,False,1135
GB-011700,False,859
GB-011701,False,368
GB-011702,False,16
GB-011703,False,558
GB-011704,True,915
GB-011705,False,1242
GB-011706,True,713
GB-011707,True,370
GB-011708,False,668
GB-011709,False,231
GB-011710,True,725
GB-011711,True,520
GB-011712,True,210
GB-011713,False,983
GB-011714,False,434
GB-011715,True,877
GB-011716,True,173
GB-011717,True,1324
GB-011718,True,774
GB-011719,True,469
GB-011720,True,1247
GB-011721,False,1037
GB-011722,False,49
GB-011723,True,1355
GB-011724,True,936
GB-011725,True,882
GB-011726,False,150
GB-011727,False,588
GB-011728,False,895
GB-011729,False,872
GB-011730,False,244
GB-011731,False,1253
GB-011732,True,726
GB-011733,False,611
GB-011734,False,1398
GB-011735,True,757
GB-011736,False,1147
GB-011737,False,1025
GB-011738,False,199
GB-011739,True,612
GB-011740,True,816
GB-011741,True,30
GB-011742,False,1490
GB-011743,True,1272
GB-011744,False,447
GB-011745,True,667
GB-011746,True,547
GB-011747,False,614
GB-011748,True,62
GB-011749,True,1095
GB-011750,False,1000
GB-011751,False,805
GB-011752,True,970
GB-011753,True,523
GB-011754,True,82
GB-011755,False,1276
GB-011756,True,737
GB-011757,True,295
GB-011758,False,620
GB-011759,True,1038
GB-011760,False,1149
GB-011761,True,325
GB-011762,True,705
GB-011763,False,1092
GB-011764,True,899
GB-011765,True,681
GB-011766,True,760
GB-011767,True,728
GB-011768,False,21
GB-011769,False,203
GB-011770,True,523
GB-011771,False,1421
GB-011772,False,301
GB-011773,True,650
GB-011774,False,370
GB-011775,False,1404
GB-011776,False,468
GB-011777,True,1466
GB-011778,True,184
GB-011779,True,657
GB-011780,True,872
GB-011781,True,573
GB-011782,False,1244
GB-011783,False,1132
GB-011784,True,118
GB-011785,False,204
GB-011786,True,870
GB-011787,False,63
GB-011788,True,1290
GB-011789,False,1496
GB-011790,True,1420
GB-011791,False,958
GB-011792,False,790
GB-011793,False,434
GB-011794,False,310
GB-011795,True,830
GB-011796,True,1096
GB-011797,False,589
GB-011798,True,206
GB-011799,False,712
GB-011800,False,512
GB-011801,False,556
GB-011802,False,468
GB-011803,False,1472
GB-011804,False,912
GB-011805,False,1390
GB-011806,False,588
GB-011807,True,149
GB-011808,True,1158
GB-011809,True,1025
GB-011810,True,329
GB-011811,True,76
GB-011812,False,650
GB-011813,True,1158
GB-011814,False,19
GB-011815,True,128
GB-011816,False,1283
GB-011817,False,879
GB-011818,False,427
GB-011819,False,933
GB-011820,True,589
GB-011821,False,1051
GB-011822,False,1012
GB-011823,False,1326
GB-011824,False,816
GB-011825,False,953
GB-011826,False,225
GB-011827,True,1169
GB-011828,False,580
GB-011829,False,295
GB-011830,True,161
GB-011831,True,529
GB-011832,True,987
GB-011833,True,985
GB-011834,False,523
GB-011835,False,1133
GB-011836,True,640
GB-011837,False,503
GB-011838,False,898
GB-011839,False,1167
GB-011840,False,1275
GB-011841,True,221
GB-011842,False,838
GB-011843,False,1437
GB-011844,False,301
GB-011845,False,358
GB-011846,True,461
GB-011847,True,281
GB-011848,True,482
GB-011849,False,1055
GB-011850,False,941
GB-011851,True,682
GB-011852,False,243
GB-011853,False,1103
GB-011854,False,82
GB-011855,False,823
GB-011856,False,841
GB-011857,False,513
GB-011858,True,197
GB-011859,True,761
GB-011860,True,280
GB-011861,False,1077
GB-011862,False,101
GB-011863,False,470
GB-011864,False,587
GB-011865,False,254
GB-011866,True,836
GB-011867,True,341
GB-011868,False,1050
GB-011869,False,1384
GB-011870,False,905
GB-011871,True,328
GB-011872,False,385
GB-011873,True,314
GB-011874,False,1176
GB-011875,False,1402
GB-011876,False,1415
GB-011877,True,670
GB-011878,True,30
GB-011879,True,75
GB-011880,False,411
GB-011881,True,32
GB-011882,True,271
GB-011883,True,1118
GB-011884,False,1109
GB-011885,False,777
GB-011886,False,906
GB-011887,False,1179
GB-011888,False,571
GB-011889,True,97
GB-011890,False,486
GB-011891,True,1493
GB-011892,False,1246
GB-011893,False,1330
GB-011894,True,364
GB-011895,True,884
GB-011896,False,1221
GB-011897,False,1124
GB-011898,True,1223
GB-011899,False,200
GB-011900,False,1111
GB-011901,False,764
GB-011902,False,227
GB-011903,False,10
GB-011904,False,863
GB-011905,True,141
GB-011906,False,142
GB-011907,True,293
GB-011908,True,1238
GB-011909,True,320
GB-011910,False,486
GB-011911,True,932
GB-011912,False,1175
GB-011913,False,577
GB-011914,False,1499
GB-011915,False,388
GB-011916,False,181
GB-011917,False,1037
GB-011918,False,232
GB-011919,True,25
GB-011920,False,1407
GB-011921,True,1265
GB-011922,False,1153
GB-011923,False,439
GB-011924,False,1249
GB-011925,True,273
GB-011926,False,530
GB-011927,True,592
GB-011928,True,728
GB-011929,True,433
GB-011930,False,919
GB-011931,True,1227
GB-011932,False,1357
GB-011933,False,565
GB-011934,True,997
GB-011935,True,622
GB-011936,False,1274
GB-011937,False,712
GB-011938,True,532
GB-011939,True,664
GB-011940,True,1198
GB-011941,False,1314
GB-011942,False,386
GB-011943,False,814
GB-011944,False,1278
GB-011945,False,146
GB-011946,False,936
GB-011947,False,1457
GB-011948,True,500
GB-011949,False,692
GB-011950,True,387
GB-011951,True,1041
GB-011952,False,588
GB-011953,False,1159
GB-011954,False,770
GB-011955,False,139
GB-011956,False,433
GB-011957,True,891
GB-011958,False,767
GB-011959,False,1371
GB-011960,True,101
GB-011961,True,786
GB-011962,True,1048
GB-011963,True,644
GB-011964,True,1322
GB-011965,True,1082
GB-011966,False,1201
GB-011967,False,1321
GB-011968,False,83
GB-011969,True,1138
GB-011970,False,133
GB-011971,True,557
GB-011972,False,1292
GB-011973,False,437
GB-011974,False,1137
GB-011975,True,191
GB-011976,False,1262
GB-011977,True,487
GB-011978,False,1280
GB-011979,True,709
GB-011980,True,645
GB-011981,False,354
GB-011982,False,856
GB-011983,False,691
GB-011984,True,6
GB-011985,False,554
GB-011986,True,649
GB-011987,False,860
GB-011988,True,208
GB-011989,True,387
GB-011990,False,621
GB-011991,True,845
GB-011992,False,276
GB-011993,True,1042
GB-011994,False,279
GB-011995,True,878
GB-011996,False,1386
GB-011997,True,960
GB-011998,True,460
GB-011999,True,672
GB-012000,True,741
GB-012001,True,1411
GB-012002,True,332
GB-012003,False,1213
GB-012004,False,419
GB-012005,True,481
GB-012006,True,441
GB-012007,False,920
GB-012008,True,950
GB-012009,False,1379
GB-012010,False,1162
GB-012011,False,689
GB-012012,True,1043
GB-012013,False,309
GB-012014,False,933
GB-012015,True,559
GB-012016,False,1237
GB-012017,False,509
GB-012018,False,588
GB-012019,False,634
GB-012020,True,700
GB-012021,True,696
GB-012022,True,838
GB-012023,True,27
GB-012024,False,1499
GB-012025,False,826
GB-012026,False,426
GB-012027,False,242
GB-012028,False,513
GB-012029,False,1257
GB-012030,False,732
GB-012031,False,668
GB-012032,True,1100
GB-012033,False,1424
GB-012034,False,1124
GB-012035,True,1081
GB-012036,False,16
GB-012037,False,29
GB-012038,False,1255
GB-012039,True,37
GB-012040,True,159
GB-012041,True,1411
GB-012042,True,1424
GB-012043,True,1052
GB-012044,False,1004
GB-012045,False,1112
GB-012046,False,865
GB-012047,False,1047
GB-012048,False,322
GB-012049,False,1059
GB-012050,False,40
GB-012051,False,700
GB-012052,False,1321
GB-012053,True,1239
GB-012054,True,1084
GB-012055,False,1208
GB-012056,False,122
GB-012057,True,1148
GB-012058,False,1151
GB-012059,True,284
GB-012060,False,1038
GB-012061,True,1210
GB-012062,True,169
GB-012063,False,393
GB-012064,True,893
GB-012065,True,737
GB-012066,False,503
GB-012067,True,152
GB-012068,False,1041
GB-012069,False,1277
GB-012070,True,806
GB-012071,True,1118
GB-012072,True,1431
GB-012073,False,713
GB-012074,True,773
GB-012075,True,816
GB-012076,True,835
GB-012077,False,225
GB-012078,True,543
GB-012079,False,1410
GB-012080,False,272
GB-012081,True,1325
GB-012082,False,1252
GB-012083,False,1339
GB-012084,True,616
GB-012085,True,374
GB-012086,False,761
GB-012087,False,1305
GB-012088,False,48
GB-012089,False,1156
GB-012090,False,274
GB-012091,False,1174
GB-012092,True,804
GB-012093,True,959
GB-012094,False,1207
GB-012095,False,517
GB-012096,False,1232
GB-012097,False,1254
GB-012098,True,710
GB-012099,False,325
GB-012100,False,1371
GB-012101,False,1152
GB-012102,True,1152
GB-012103,False,358
GB-012104,True,399
GB-012105,False,1179
GB-012106,False,1380
GB-012107,True,1199
GB-012108,False,528
GB-012109,True,948
GB-012110,True,199
GB-012111,False,900
GB-012112,True,623
GB-012113,False,424
GB-012114,False,1287
GB-012115,False,1080
GB-012116,True,215
GB-012117,False,818
GB-012118,True,1258
GB-012119,True,444
GB-012120,True,98
GB-012121,False,881
GB-012122,False,1263
GB-012123,False,225
GB-012124,False,602
GB-012125,False,526
GB-012126,False,208
GB-012127,False,814
GB-012128,False,1467
GB-012129,False,18
GB-012130,False,555
GB-012131,False,55
GB-012132,True,1004
GB-012133,False,1080
GB-012134,True,376
GB-012135,False,266
GB-012136,False,296
GB-012137,False,495
GB-012138,True,776
GB-012139,True,862
GB-012140,False,1271
GB-012141,False,276
GB-012142,False,254
GB-012143,False,590
GB-012144,False,1176
GB-012145,False,1248
GB-012146,False,862
GB-012147,True,682
GB-012148,False,1171
GB-012149,True,903
GB-012150,False,1354
GB-012151,False,19
GB-012152,False,330
GB-012153,False,1376
GB-012154,False,888
GB-012155,False,1311
GB-012156,False,352
GB-012157,False,716
GB-012158,False,1056
GB-012159,False,913
GB-012160,True,554
GB-012161,True,579
GB-012162,False,161
GB-012163,False,91
GB-012164,False,832
GB-012165,False,250
GB-012166,False,790
GB-012167,False,157
GB-012168,False,468
GB-012169,True,1389
GB-012170,False,1351
GB-012171,False,1011
GB-012172,False,690
GB-012173,True,736
GB-012174,False,195
GB-012175,False,985
GB-012176,False,266
GB-012177,True,1316
GB-012178,False,1266
GB-012179,False,86
GB-012180,False,1427
GB-012181,True,373
GB-012182,False,518
GB-012183,True,885
GB-012184,True,1134
GB-012185,True,832
GB-012186,False,742
GB-012187,False,629
GB-012188,True,403
GB-012189,False,859
GB-012190,True,1094
GB-012191,True,738
GB-012192,False,375
GB-012193,False,42
GB-012194,True,593
GB-012195,True,1270
GB-012196,True,1397
GB-012197,False,164
GB-012198,False,723
GB-012199,False,880
GB-012200,False,815
GB-012201,True,363
GB-012202,True,1054
GB-012203,False,1468
GB-012204,False,520
GB-012205,True,523
GB-012206,False,939
GB-012207,False,1340
GB-012208,False,643
GB-012209,False,736
GB-012210,True,39
GB-012211,False,1470
GB-012212,False,338
GB-012213,False,1452
GB-012214,False,97
GB-012215,False,386
GB-012216,True,7
GB-012217,True,812
GB-012218,False,792
GB-012219,True,221
GB-012220,True,109
GB-012221,False,486
GB-012222,True,560
GB-012223,True,859
GB-012224,False,642
GB-012225,False,1044
GB-012226,True,1406
GB-012227,False,490
GB-012228,True,1131
GB-012229,False,1436
GB-012230,False,1139
GB-012231,False,936
GB-012232,True,918
GB-012233,False,1352
GB-012234,True,605
GB-012235,True,1359
GB-012236,False,1012
GB-012237,False,1072
GB-012238,True,1366
GB-012239,True,921
GB-012240,False,594
GB-012241,True,790
GB-012242,False,14
GB-012243,False,178
GB-012244,True,1452
GB-012245,False,1029
GB-012246,False,401
GB-012247,True,1081
GB-012248,False,503
GB-012249,False,692
GB-012250,False,206
GB-012251,False,219
GB-012252,True,942
GB-012253,False,61
GB-012254,True,1145
GB-012255,False,288
GB-012256,False,1008
GB-012257,False,316
GB-012258,False,1302
GB-012259,False,803
GB-012260,True,14
GB-012261,False,461
GB-012262,True,445
GB-012263,True,1073
GB-012264,False,1472
GB-012265,False,65
GB-012266,False,686
GB-012267,False,944
GB-012268,False,501
GB-012269,False,1109
GB-012270,False,523
GB-012271,False,1167
GB-012272,True,581
GB-012273,True,231
GB-012274,False,860
GB-012275,False,322
GB-012276,False,421
GB-012277,True,1088
GB-012278,False,1244
GB-012279,True,1481
GB-012280,False,527
GB-012281,False,557
GB-012282,True,1302
GB-012283,False,392
GB-012284,False,615
GB-012285,False,366
GB-012286,False,1072
GB-012287,False,622
GB-012288,False,776
GB-012289,False,1353
GB-012290,False,1255
GB-012291,False,1266
GB-012292,True,1095
GB-012293,False,43
GB-012294,False,809
GB-012295,False,725
GB-012296,False,426
GB-012297,False,647
GB-012298,True,1482
GB-012299,False,1291
GB-012300,True,550
GB-012301,False,1248
GB-012302,True,426
GB-012303,False,162
GB-012304,False,679
GB-012305,True,583
GB-012306,True,780
GB-012307,True,702
GB-012308,False,138
GB-012309,True,1374
GB-012310,False,262
GB-012311,False,1436
GB-012312,False,767
GB-012313,False,144
GB-012314,False,25
GB-012315,False,109
GB-012316,False,444
GB-012317,False,722
GB-012318,False,1095
GB-012319,False,1126
GB-012320,False,1038
GB-012321,False,133
GB-012322,False,1421
GB-012323,False,721
GB-012324,True,1213
GB-012325,True,915
GB-012326,False,339
GB-012327,False,188
GB-012328,False,100
GB-012329,False,110
GB-012330,True,622
GB-012331,False,439
GB-012332,True,803
GB-012333,False,59
GB-012334,False,1423
GB-012335,False,362
GB-012336,False,1175
GB-012337,True,982
GB-012338,True,1230
GB-012339,False,1418
GB-012340,False,53
GB-012341,True,453
GB-012342,False,287
GB-012343,False,1054
GB-012344,False,622
GB-012345,False,119
GB-012346,True,524
GB-012347,False,924
GB-012348,False,244
GB-012349,False,734
GB-012350,False,1063
GB-012351,True,256
GB-012352,False,1022
GB-012353,False,213
GB-012354,False,915
GB-012355,True,256
GB-012356,True,723
GB-012357,False,1159
GB-012358,True,793
GB-012359,True,1269
GB-012360,False,1190
GB-012361,True,1152
GB-012362,True,89
GB-012363,False,241
GB-012364,True,1295
GB-012365,False,1265
GB-012366,True,36
GB-012367,False,1011
GB-012368,True,717
GB-012369,False,743
GB-012370,False,472
GB-012371,False,1370
GB-012372,False,123
GB-012373,False,223
GB-012374,False,1319
GB-012375,False,577
GB-012376,False,168
GB-012377,False,203
GB-012378,False,1403
GB-012379,True,1115
GB-012380,False,776
GB-012381,True,1153
GB-012382,False,283
GB-012383,False,494
GB-012384,False,497
GB-012385,True,1208
GB-012386,False,661
GB-012387,True,519
GB-012388,True,935
GB-012389,True,1117
GB-012390,True,1237
GB-012391,True,568
GB-012392,False,932
GB-012393,True,1188
GB-012394,False,138
GB-012395,False,419
GB-012396,False,713
GB-012397,False,701
GB-012398,False,820
GB-012399,True,537
GB-012400,True,1361
GB-012401,False,1103
GB-012402,False,1146
GB-012403,False,1367
GB-012404,True,320
GB-012405,False,1206
GB-012406,False,1041
GB-012407,False,22
GB-012408,True,1283
GB-012409,False,1165
GB-012410,False,1254
GB-012411,False,439
GB-012412,True,296
GB-012413,False,1247
GB-012414,False,1229
GB-012415,True,1187
GB-012416,True,834
GB-012417,False,823
GB-012418,True,195
GB-012419,True,1012
GB-012420,False,1172
GB-012421,False,774
GB-012422,True,1433
GB-012423,False,1301
GB-012424,False,215
GB-012425,True,481
GB-012426,True,1471
GB-012427,False,786
GB-012428,False,555
GB-012429,True,457
GB-012430,False,900
GB-012431,True,1316
GB-012432,False,981
GB-012433,False,958
GB-012434,True,906
GB-012435,True,279
GB-012436,True,1111
GB-012437,True,1496
GB-012438,False,14
GB-012439,False,258
GB-012440,False,545
GB-012441,True,488
GB-012442,False,1019
GB-012443,False,1402
GB-012444,False,474
GB-012445,False,996
GB-012446,True,808
GB-012447,True,1078
GB-012448,False,1026
GB-012449,False,1336
GB-012450,False,295
GB-012451,True,162
GB-012452,True,1162
GB-012453,False,793
GB-012454,True,593
GB-012455,True,1040
GB-012456,False,250
GB-012457,False,838
GB-012458,False,1153
GB-012459,True,536
GB-012460,True,685
GB-012461,False,289
GB-012462,False,875
GB-012463,False,1372
GB-012464,False,216
GB-012465,False,1271
GB-012466,False,1305
GB-012467,True,1029
GB-012468,True,1035
GB-012469,False,150
GB-012470,False,1298
GB-012471,True,1393
GB-012472,True,766
GB-012473,False,224
GB-012474,True,1091
GB-012475,False,748
GB-012476,True,642
GB-012477,False,334
GB-012478,True,435
GB-012479,True,1399
GB-012480,True,43
GB-012481,False,848
GB-012482,True,924
GB-012483,False,288
GB-012484,False,441
GB-012485,False,1356
GB-012486,False,1061
GB-012487,True,1109
GB-012488,True,836
GB-012489,False,342
GB-012490,True,293
GB-012491,False,376
GB-012492,False,299
GB-012493,False,153
GB-012494,True,1064
GB-012495,True,594
GB-012496,True,1445
GB-012497,False,498
GB-012498,False,1218
GB-012499,True,481
GB-012500,True,1360
GB-012501,True,1368
GB-012502,True,812
GB-012503,False,90
GB-012504,True,526
GB-012505,True,893
GB-012506,False,1260
GB-012507,True,52
GB-012508,False,759
GB-012509,True,930
GB-012510,True,1285
GB-012511,True,1418
GB-012512,False,978
GB-012513,True,235
GB-012514,True,35
GB-012515,False,490
GB-012516,False,1319
GB-012517,True,912
GB-012518,False,562
GB-012519,True,1179
GB-012520,True,590
GB-012521,False,1245
GB-012522,True,386
GB-012523,True,923
GB-012524,True,1281
GB-012525,False,1232
GB-012526,False,208
GB-012527,False,564
GB-012528,False,413
GB-012529,False,510
GB-012530,True,1382
GB-012531,True,182
GB-012532,True,448
GB-012533,True,469
GB-012534,False,486
GB-012535,True,806
GB-012536,False,654
GB-012537,False,957
GB-012538,False,829
GB-012539,True,863
GB-012540,True,1385
GB-012541,False,1399
GB-012542,False,757
GB-012543,True,1267
GB-012544,False,1374
GB-012545,True,115
GB-012546,True,409
GB-012547,False,938
GB-012548,False,253
GB-012549,False,318
GB-012550,False,709
GB-012551,True,222
GB-012552,True,999
GB-012553,True,55
GB-012554,False,1453
GB-012555,False,228
GB-012556,False,402
GB-012557,True,868
GB-012558,False,1142
GB-012559,False,928
GB-012560,True,1088
GB-012561,True,564
GB-012562,True,854
GB-012563,False,855
GB-012564,False,1266
GB-012565,True,1064
GB-012566,False,144
GB-012567,True,411
GB-012568,True,573
GB-012569,False,23
GB-012570,False,718
GB-012571,True,629
GB-012572,False,220
GB-012573,True,1333
GB-012574,True,541
GB-012575,False,1405
GB-012576,False,144
GB-012577,True,1103
GB-012578,False,522
GB-012579,True,502
GB-012580,False,1492
GB-012581,False,1369
GB-012582,False,336
GB-012583,True,186
GB-012584,True,996
GB-012585,False,1395
GB-012586,False,770
GB-012587,False,60
GB-012588,False,482
GB-012589,False,82
GB-012590,True,362
GB-012591,False,1369
GB-012592,False,1495
GB-012593,False,78
GB-012594,False,1226
GB-012595,False,971
GB-012596,False,1349
GB-012597,True,305
GB-012598,True,1022
GB-012599,False,77
GB-012600,False,1150
GB-012601,False,1462
GB-012602,True,930
GB-012603,False,897
GB-012604,False,687
GB-012605,False,934
GB-012606,True,405
GB-012607,False,1374
GB-012608,True,524
GB-012609,True,630
GB-012610,True,1005
GB-012611,False,1047
GB-012612,False,265
GB-012613,False,344
GB-012614,True,1393
GB-012615,False,515
GB-012616,True,1289
GB-012617,False,1342
GB-012618,False,887
GB-012619,False,938
GB-012620,False,679
GB-012621,False,105
GB-012622,False,881
GB-012623,True,1406
GB-012624,True,1265
GB-012625,False,674
GB-012626,True,1034
GB-012627,False,863
GB-012628,True,113
GB-012629,False,1401
GB-012630,False,1197
GB-012631,False,731
GB-012632,False,1048
GB-012633,True,1324
GB-012634,False,1140
GB-012635,True,316
GB-012636,False,629
GB-012637,True,639
GB-012638,True,139
GB-012639,True,959
GB-012640,False,514
GB-012641,False,55
GB-012642,False,93
GB-012643,False,836
GB-012644,True,949
GB-012645,False,440
GB-012646,False,1216
GB-012647,True,1068
GB-012648,True,409
GB-012649,False,800
GB-012650,True,1294
GB-012651,False,938
GB-012652,False,154
GB-012653,False,954
GB-012654,False,1453
GB-012655,False,68
GB-012656,False,1470
GB-012657,True,195
GB-012658,True,471
GB-012659,False,530
GB-012660,True,749
GB-012661,False,1415
GB-012662,True,1170
GB-012663,True,1163
GB-012664,False,372
GB-012665,True,1331
GB-012666,True,480
GB-012667,False,1226
GB-012668,False,149
GB-012669,False,653
GB-012670,False,810
GB-012671,True,1410
GB-012672,True,478
GB-012673,True,804
GB-012674,True,1358
GB-012675,False,1429
GB-012676,False,441
GB-012677,False,196
GB-012678,True,707
GB-012679,True,1084
GB-012680,False,1298
GB-012681,False,68
GB-012682,False,239
GB-012683,True,1142
GB-012684,False,285
GB-012685,False,988
GB-012686,False,1176
GB-012687,False,1136
GB-012688,False,1266
GB-012689,True,956
GB-012690,False,766
GB-012691,True,534
GB-012692,True,472
GB-012693,True,1414
GB-012694,False,556
GB-012695,False,1295
GB-012696,False,506
GB-012697,True,1032
GB-012698,True,733
GB-012699,True,39
GB-012700,False,843
GB-012701,False,263
GB-012702,True,558
GB-012703,False,657
GB-012704,True,442
GB-012705,False,199
GB-012706,True,777
GB-012707,False,837
GB-012708,False,553
GB-012709,True,711
GB-012710,False,1313
GB-012711,False,713
GB-012712,False,500
GB-012713,True,424
GB-012714,False,1473
GB-012715,False,196
GB-012716,False,616
GB-012717,True,606
GB-012718,True,172
GB-012719,False,727
GB-012720,True,373
GB-012721,True,281
GB-012722,False,98
GB-012723,False,732
GB-012724,False,1037
GB-012725,True,827
GB-012726,True,643
GB-012727,True,431
GB-012728,False,1301
GB-012729,False,1405
GB-012730,True,477
GB-012731,False,352
GB-012732,False,772
GB-012733,True,1401
GB-012734,True,595
GB-012735,False,60
GB-012736,False,855
GB-012737,False,807
GB-012738,False,907
GB-012739,True,114
GB-012740,False,188
GB-012741,True,480
GB-012742,False,1079
GB-012743,False,1207
GB-012744,True,1354
GB-012745,False,1261
GB-012746,False,313
GB-012747,True,1054
GB-012748,False,275
GB-012749,False,1170
GB-012750,False,577
GB-012751,True,957
GB-012752,True,1391
GB-012753,True,1338
GB-012754,True,203
GB-012755,False,488
GB-012756,True,1012
GB-012757,True,1339
GB-012758,False,236
GB-012759,False,1406
GB-012760,False,170
GB-012761,True,1407
GB-012762,True,933
GB-012763,True,843
GB-012764,True,906
GB-012765,False,357
GB-012766,False,267
GB-012767,True,1121
GB-012768,False,1494
GB-012769,True,373
GB-012770,False,530
GB-012771,False,1263
GB-012772,False,360
GB-012773,True,261
GB-012774,False,292
GB-012775,False,332
GB-012776,False,425
GB-012777,False,1251
GB-012778,False,366
GB-012779,False,172
GB-012780,False,1370
GB-012781,False,549
GB-012782,True,877
GB-012783,True,404
GB-012784,False,361
GB-012785,False,113
GB-012786,True,137
GB-012787,True,85
GB-012788,False,640
GB-012789,True,779
GB-012790,False,748
GB-012791,False,915
GB-012792,True,1317
GB-012793,False,1191
GB-012794,False,935
GB-012795,False,1070
GB-012796,False,577
GB-012797,False,966
GB-012798,False,1420
GB-012799,False,580
GB-012800,True,1379
GB-012801,False,1468
GB-012802,True,1056
GB-012803,True,990
GB-012804,False,987
GB-012805,False,918
GB-012806,False,545
GB-012807,False,1266
GB-012808,True,161
GB-012809,False,1324
GB-012810,False,578
GB-012811,True,750
GB-012812,True,1004
GB-012813,True,1423
GB-012814,True,63
GB-012815,False,1302
GB-012816,False,1044
GB-012817,False,557
GB-012818,False,715
GB-012819,False,803
GB-012820,False,1315
GB-012821,False,600
GB-012822,True,1004
GB-012823,False,291
GB-012824,True,1307
GB-012825,False,468
GB-012826,False,1365
GB-012827,False,175
GB-012828,True,48
GB-012829,False,1385
GB-012830,False,1452
GB-012831,True,264
GB-012832,True,1486
GB-012833,False,1119
GB-012834,False,780
GB-012835,True,1287
GB-012836,False,887
GB-012837,False,1366
GB-012838,False,807
GB-012839,False,755
GB-012840,False,663
GB-012841,False,1440
GB-012842,True,391
GB-012843,False,812
GB-012844,True,694
GB-012845,False,1346
GB-012846,False,713
GB-012847,True,985
GB-012848,False,164
GB-012849,False,826
GB-012850,False,746
GB-012851,True,409
GB-012852,False,1128
GB-012853,True,1037
GB-012854,False,951
GB-012855,False,852
GB-012856,True,1449
GB-012857,True,1015
GB-012858,False,1319
GB-012859,True,1370
GB-012860,True,664
GB-012861,False,1221
GB-012862,False,362
GB-012863,True,1206
GB-012864,False,960
GB-012865,False,766
GB-012866,False,885
GB-012867,False,206
GB-012868,True,328
GB-012869,False,312
GB-012870,True,980
GB-012871,False,675
GB-012872,True,458
GB-012873,False,1091
GB-012874,True,920
GB-012875,False,1428
GB-012876,True,451
GB-012877,False,599
GB-012878,True,425
GB-012879,False,1433
GB-012880,False,1077
GB-012881,True,934
GB-012882,True,1373
GB-012883,False,1053
GB-012884,True,1385
GB-012885,True,840
GB-012886,False,983
GB-012887,True,999
GB-012888,False,1340
GB-012889,True,1166
GB-012890,False,40
GB-012891,True,1443
GB-012892,False,994
GB-012893,False,1434
GB-012894,True,218
GB-012895,False,653
GB-012896,False,1476
GB-012897,False,1441
GB-012898,False,1325
GB-012899,True,1016
GB-012900,True,604
GB-012901,False,993
GB-012902,True,497
GB-012903,False,896
GB-012904,True,618
GB-012905,False,1043
GB-012906,False,874
GB-012907,False,107
GB-012908,True,1149
GB-012909,False,1143
GB-012910,True,109
GB-012911,False,925
GB-012912,False,759
GB-012913,True,86
GB-012914,True,649
GB-012915,True,926
GB-012916,False,923
GB-012917,False,195
GB-012918,True,969
GB-012919,False,997
GB-012920,True,162
GB-012921,False,675
GB-012922,False,72
GB-012923,True,648
GB-012924,False,1443
GB-012925,False,133
GB-012926,True,1072
GB-012927,True,114
GB-012928,False,328
GB-012929,False,711
GB-012930,True,1152
GB-012931,True,799
GB-012932,True,435
GB-012933,False,833
GB-012934,True,669
GB-012935,False,405
GB-012936,False,33
GB-012937,False,417
GB-012938,False,791
GB-012939,False,631
GB-012940,False,1295
GB-012941,True,801
GB-012942,False,1342
GB-012943,False,984
GB-012944,False,1130
GB-012945,True,567
GB-012946,True,147
GB-012947,False,1059
GB-012948,False,85
GB-012949,True,1032
GB-012950,False,119
GB-012951,False,176
GB-012952,True,595
GB-012953,False,369
GB-012954,False,1218
GB-012955,True,1063
GB-012956,True,165
GB-012957,True,1242
GB-012958,True,1156
GB-012959,False,1393
GB-012960,True,416
GB-012961,True,577
GB-012962,False,1183
GB-012963,False,462
GB-012964,True,914
GB-012965,False,63
GB-012966,False,369
GB-012967,True,1444
GB-012968,False,958
GB-012969,True,447
GB-012970,False,783
GB-012971,False,1161
GB-012972,False,701
GB-012973,True,1441
GB-012974,False,185
GB-012975,False,119
GB-012976,False,1158
GB-012977,False,381
GB-012978,False,484
GB-012979,False,1430
GB-012980,False,1438
GB-012981,True,12
GB-012982,False,1322
GB-012983,True,542
GB-012984,True,793
GB-012985,True,843
GB-012986,False,636
GB-012987,False,141
GB-012988,False,1481
GB-012989,False,72
GB-012990,True,444
GB-012991,False,179
GB-012992,False,540
GB-012993,False,294
GB-012994,False,1162
GB-012995,False,1212
GB-012996,False,1029
GB-012997,False,714
GB-012998,False,162
GB-012999,False,1279
GB-013000,False,182
GB-013001,True,697
GB-013002,False,632
GB-013003,True,1436
GB-013004,False,1168
GB-013005,False,1378
GB-013006,True,977
GB-013007,False,1150
GB-013008,True,734
GB-013009,False,1177
GB-013010,False,1320
GB-013011,False,508
GB-013012,False,362
GB-013013,True,98
GB-013014,False,1228
GB-013015,True,969
GB-013016,True,1054
GB-013017,True,399
GB-013018,False,802
GB-013019,False,337
GB-013020,False,1473
GB-013021,False,1044
GB-013022,True,1143
GB-013023,True,98
GB-013024,False,1038
GB-013025,False,514
GB-013026,False,279
GB-013027,False,1484
GB-013028,True,541
GB-013029,True,448
GB-013030,True,719
GB-013031,True,618
GB-013032,False,1333
GB-013033,False,36
GB-013034,False,797
GB-013035,True,141
GB-013036,True,996
GB-013037,True,439
GB-013038,True,942
GB-013039,False,840
GB-013040,True,706
GB-013041,False,986
GB-013042,False,808
GB-013043,True,56
GB-013044,False,1228
GB-013045,True,44
GB-013046,False,851
GB-013047,False,555
GB-013048,False,1009
GB-013049,False,657
GB-013050,True,562
GB-013051,False,1360
GB-013052,True,462
GB-013053,False,412
GB-013054,False,489
GB-013055,True,1155
GB-013056,False,406
GB-013057,True,846
GB-013058,False,1274
GB-013059,True,1309
GB-013060,True,991
GB-013061,False,1215
GB-013062,True,1014
GB-013063,False,1201
GB-013064,True,1002
GB-013065,False,1214
GB-013066,False,32
GB-013067,False,290
GB-013068,False,269
GB-013069,False,594
GB-013070,False,107
GB-013071,False,577
GB-013072,False,77
GB-013073,False,1056
GB-013074,True,670
GB-013075,False,942
GB-013076,False,927
GB-013077,False,1163
GB-013078,False,1260
GB-013079,True,1353
GB-013080,False,277
GB-013081,True,1444
GB-013082,False,1119
GB-013083,False,1226
GB-013084,False,1329
GB-013085,True,657
GB-013086,False,1216
GB-013087,True,314
GB-013088,False,968
GB-013089,False,536
GB-013090,False,93
GB-013091,True,247
GB-013092,False,387
GB-013093,False,449
GB-013094,True,409
GB-013095,False,1123
GB-013096,True,1469
GB-013097,False,18
GB-013098,True,1068
GB-013099,True,1166
GB-013100,False,835
GB-013101,False,209
GB-013102,True,42
GB-013103,False,375
GB-013104,False,1034
GB-013105,False,319
GB-013106,True,852
GB-013107,False,1271
GB-013108,False,1167
GB-013109,False,1351
GB-013110,False,238
GB-013111,False,548
GB-013112,True,1029
GB-013113,False,390
GB-013114,True,226
GB-013115,True,590
GB-013116,False,1289
GB-013117,True,1451
GB-013118,False,378
GB-013119,True,487
GB-013120,True,765
GB-013121,False,1064
GB-013122,False,602
GB-013123,False,1358
GB-013124,False,91
GB-013125,False,1059
GB-013126,False,1086
GB-013127,False,44
GB-013128,False,1045
GB-013129,False,357
GB-013130,False,1070
GB-013131,False,667
GB-013132,False,1458
GB-013133,False,1146
GB-013134,True,1123
GB-013135,True,220
GB-013136,False,1031
GB-013137,False,275
GB-013138,False,1385
GB-013139,False,579
GB-013140,True,557
GB-013141,True,1238
GB-013142,False,1039
GB-013143,True,770
GB-013144,False,1297
GB-013145,False,907
GB-013146,False,1458
GB-013147,False,1027
GB-013148,False,825
GB-013149,False,248
GB-013150,True,566
GB-013151,False,360
GB-013152,False,346
GB-013153,False,1067
GB-013154,True,333
GB-013155,False,826
GB-013156,True,116
GB-013157,True,135
GB-013158,True,30
GB-013159,True,1472
GB-013160,False,941
GB-013161,True,467
GB-013162,True,1224
GB-013163,True,382
GB-013164,True,988
GB-013165,True,122
GB-013166,False,430
GB-013167,False,765
GB-013168,False,753
GB-013169,True,807
GB-013170,False,765
GB-013171,False,12
GB-013172,True,372
GB-013173,True,23
GB-013174,False,500
GB-013175,True,457
GB-013176,True,1387
GB-013177,False,1132
GB-013178,True,1487
GB-013179,False,1038
GB-013180,True,2
GB-013181,True,44
GB-013182,True,1435
GB-013183,False,1140
GB-013184,False,148
GB-013185,False,8
GB-013186,False,887
GB-013187,False,1262
GB-013188,True,1450
GB-013189,False,206
GB-013190,False,582
GB-013191,False,761
GB-013192,True,1270
GB-013193,False,534
GB-013194,True,691
GB-013195,False,1143
GB-013196,True,434
GB-013197,True,520
GB-013198,False,855
GB-013199,False,403
GB-013200,False,1098
GB-013201,True,714
GB-013202,False,369
GB-013203,False,1010
GB-013204,False,762
GB-013205,False,1160
GB-013206,True,1133
GB-013207,True,204
GB-013208,False,148
GB-013209,False,386
GB-013210,False,1215
GB-013211,False,288
GB-013212,False,499
GB-013213,True,789
GB-013214,True,1205
GB-013215,False,930
GB-013216,True,382
GB-013217,False,1382
GB-013218,True,1173
GB-013219,True,278
GB-013220,True,1316
GB-013221,False,1341
GB-013222,False,928
GB-013223,False,320
GB-013224,False,311
GB-013225,True,283
GB-013226,False,7
GB-013227,False,1201
GB-013228,False,1111
GB-013229,True,778
GB-013230,False,718
GB-013231,False,1280
GB-013232,True,1038
GB-013233,False,641
GB-013234,True,124
GB-013235,True,1349
GB-013236,True,308
GB-013237,True,393
GB-013238,True,1264
GB-013239,False,941
GB-013240,False,1153
GB-013241,False,770
GB-013242,False,1240
GB-013243,False,343
GB-013244,False,467
GB-013245,False,1091
GB-013246,False,701
GB-013247,False,1068
GB-013248,False,402
GB-013249,True,1268
GB-013250,False,22
GB-013251,False,1085
GB-013252,True,159
GB-013253,True,906
GB-013254,False,964
GB-013255,True,817
GB-013256,True,45
GB-013257,True,293
GB-013258,False,421
GB-013259,True,566
GB-013260,True,1355
GB-013261,False,130
GB-013262,True,130
GB-013263,True,388
GB-013264,True,295
GB-013265,False,1459
GB-013266,False,1088
GB-013267,False,1383
GB-013268,False,410
GB-013269,True,936
GB-013270,False,818
GB-013271,False,122
GB-013272,False,1365
GB-013273,False,408
GB-013274,True,881
GB-013275,False,863
GB-013276,True,1200
GB-013277,True,165
GB-013278,True,539
GB-013279,True,607
GB-013280,True,1047
GB-013281,True,811
GB-013282,True,1285
GB-013283,False,15
GB-013284,True,586
GB-013285,False,29
GB-013286,False,857
GB-013287,False,928
GB-013288,True,188
GB-013289,False,519
GB-013290,False,642
GB-013291,False,1480
GB-013292,True,1444
GB-013293,True,370
GB-013294,True,913
GB-013295,False,570
GB-013296,False,858
GB-013297,False,241
GB-013298,False,1254
GB-013299,False,834
GB-013300,False,258
GB-013301,False,144
GB-013302,False,594
GB-013303,False,310
GB-013304,True,1478
GB-013305,True,1174
GB-013306,False,1074
GB-013307,False,536
GB-013308,False,1007
GB-013309,True,1011
GB-013310,False,245
GB-013311,True,270
GB-013312,True,824
GB-013313,False,812
GB-013314,False,1058
GB-013315,False,1268
GB-013316,False,1430
GB-013317,True,520
GB-013318,True,550
GB-013319,True,61
GB-013320,False,450
GB-013321,False,869
GB-013322,True,870
GB-013323,False,538
GB-013324,True,459
GB-013325,False,1242
GB-013326,True,851
GB-013327,False,567
GB-013328,True,435
GB-013329,True,644
GB-013330,False,846
GB-013331,False,853
GB-013332,True,1425
GB-013333,True,80
GB-013334,False,803
GB-013335,False,871
GB-013336,False,852
GB-013337,False,1192
GB-013338,False,1322
GB-013339,False,713
GB-013340,False,1266
GB-013341,False,1268
GB-013342,True,817
GB-013343,True,1153
GB-013344,False,1273
GB-013345,False,1360
GB-013346,False,63
GB-013347,False,1474
GB-013348,False,447
GB-013349,False,1394
GB-013350,True,524
GB-013351,False,724
GB-013352,False,313
GB-013353,True,542
GB-013354,True,271
GB-013355,False,1204
GB-013356,True,1455
GB-013357,False,88
GB-013358,False,657
GB-013359,False,916
GB-013360,False,266
GB-013361,True,958
GB-013362,False,1395
GB-013363,False,988
GB-013364,False,491
GB-013365,True,691
GB-013366,False,976
GB-013367,False,654
GB-013368,False,477
GB-013369,True,822
GB-013370,True,1046
GB-013371,True,1136
GB-013372,False,1166
GB-013373,False,977
GB-013374,False,203
GB-013375,False,1483
GB-013376,True,451
GB-013377,True,508
GB-013378,True,716
GB-013379,True,1058
GB-013380,True,661
GB-013381,False,307
GB-013382,True,1206
GB-013383,True,999
GB-013384,True,821
GB-013385,False,118
GB-013386,False,497
GB-013387,False,301
GB-013388,False,343
GB-013389,False,51
GB-013390,True,491
GB-013391,True,1401
GB-013392,False,1031
GB-013393,False,83
GB-013394,False,1137
GB-013395,True,57
GB-013396,False,868
GB-013397,True,782
GB-013398,False,1445
GB-013399,False,871
GB-013400,False,165
GB-013401,False,40
GB-013402,True,62
GB-013403,True,75
GB-013404,False,463
GB-013405,False,756
GB-013406,False,1121
GB-013407,False,244
GB-013408,True,1488
GB-013409,False,925
GB-013410,False,979
GB-013411,False,1288
GB-013412,True,1113
GB-013413,True,922
GB-013414,False,708
GB-013415,True,718
GB-013416,False,1219
GB-013417,False,546
GB-013418,False,634
GB-013419,False,1271
GB-013420,True,1227
GB-013421,False,1105
GB-013422,True,494
GB-013423,False,376
GB-013424,True,361
GB-013425,True,1407
GB-013426,True,941
GB-013427,False,130
GB-013428,True,726
GB-013429,False,584
GB-013430,False,1150
GB-013431,False,29
GB-013432,False,1399
GB-013433,True,754
GB-013434,False,829
GB-013435,True,766
GB-013436,False,616
GB-013437,False,548
GB-013438,True,1066
GB-013439,True,1376
GB-013440,True,858
GB-013441,True,1139
GB-013442,True,1035
GB-013443,True,586
GB-013444,False,1342
GB-013445,True,276
GB-013446,True,287
GB-013447,False,1189
GB-013448,False,578
GB-013449,True,965
GB-013450,False,1392
GB-013451,True,801
GB-013452,True,656
GB-013453,True,821
GB-013454,False,6
GB-013455,True,801
GB-013456,False,885
GB-013457,True,448
GB-013458,False,1413
GB-013459,True,1163
GB-013460,False,78
GB-013461,False,1084
GB-013462,True,1240
GB-013463,True,1174
GB-013464,False,647
GB-013465,False,364
GB-013466,False,478
GB-013467,False,1360
GB-013468,True,1046
GB-013469,True,1499
GB-013470,False,1231
GB-013471,True,1056
GB-013472,False,458
GB-013473,True,110
GB-013474,True,225
GB-013475,False,39
GB-013476,False,716
GB-013477,False,9
GB-013478,False,766
GB-013479,True,1273
GB-013480,False,1297
GB-013481,False,1405
GB-013482,True,105
GB-013483,False,954
GB-013484,True,884
GB-013485,True,1016
GB-013486,False,1340
GB-013487,True,1217
GB-013488,False,1174
GB-013489,False,199
GB-013490,True,223
GB-013491,False,1062
GB-013492,True,951
GB-013493,False,121
GB-013494,False,1329
GB-013495,False,779
GB-013496,True,1319
GB-013497,False,1150
GB-013498,False,1104
GB-013499,True,191
GB-013500,True,420
GB-013501,True,199
GB-013502,False,1335
GB-013503,False,190
GB-013504,True,281
GB-013505,True,1302
GB-013506,False,1499
GB-013507,False,1223
GB-013508,False,1434
GB-013509,False,1048
GB-013510,False,1376
GB-013511,False,1338
GB-013512,True,758
GB-013513,True,895
GB-013514,False,986
GB-013515,True,1193
GB-013516,True,591
GB-013517,True,1039
GB-013518,False,386
GB-013519,True,896
GB-013520,False,637
GB-013521,True,965
GB-013522,True,45
GB-013523,False,1456
GB-013524,False,1067
GB-013525,False,82
GB-013526,False,91
GB-013527,False,752
GB-013528,False,1259
GB-013529,False,1446
GB-013530,True,171
GB-013531,False,839
GB-013532,True,1049
GB-013533,False,172
GB-013534,False,1173
GB-013535,False,1070
GB-013536,False,407
GB-013537,True,1490
GB-013538,False,906
GB-013539,True,685
GB-013540,True,34
GB-013541,True,748
GB-013542,False,620
GB-013543,False,1240
GB-013544,False,647
GB-013545,False,998
GB-013546,False,1216
GB-013547,False,111
GB-013548,False,871
GB-013549,True,432
GB-013550,True,1414
GB-013551,True,120
GB-013552,True,337
GB-013553,True,740
GB-013554,True,672
GB-013555,True,595
GB-013556,False,1285
GB-013557,False,1237
GB-013558,False,1280
GB-013559,False,286
GB-013560,False,268
GB-013561,False,1301
GB-013562,True,920
GB-013563,True,1180
GB-013564,True,789
GB-013565,False,1390
GB-013566,False,21
GB-013567,False,1124
GB-013568,True,818
GB-013569,False,436
GB-013570,False,270
GB-013571,True,1161
GB-013572,False,837
GB-013573,False,87
GB-013574,False,734
GB-013575,True,420
GB-013576,False,653
GB-013577,True,1070
GB-013578,True,1328
GB-013579,False,1128
GB-013580,False,1284
GB-013581,True,765
GB-013582,True,1255
GB-013583,True,846
GB-013584,True,746
GB-013585,True,810
GB-013586,False,1369
GB-013587,False,723
GB-013588,True,35
GB-013589,False,1212
GB-013590,False,1231
GB-013591,False,1462
GB-013592,True,584
GB-013593,False,3
GB-013594,True,292
GB-013595,False,617
GB-013596,False,396
GB-013597,False,431
GB-013598,True,1227
GB-013599,True,1026
GB-013600,False,158
GB-013601,False,1194
GB-013602,False,406
GB-013603,True,596
GB-013604,False,1277
GB-013605,False,1237
GB-013606,False,579
GB-013607,False,1484
GB-013608,False,1422
GB-013609,False,746
GB-013610,True,175
GB-013611,False,432
GB-013612,False,582
GB-013613,True,124
GB-013614,True,1357
GB-013615,True,23
GB-013616,False,392
GB-013617,False,997
GB-013618,True,1097
GB-013619,True,613
GB-013620,False,1058
GB-013621,False,675
GB-013622,False,822
GB-013623,False,164
GB-013624,False,141
GB-013625,True,76
GB-013626,True,343
GB-013627,False,176
GB-013628,False,1195
GB-013629,True,1046
GB-013630,False,1314
GB-013631,False,981
GB-013632,False,532
GB-013633,False,940
GB-013634,True,324
GB-013635,True,720
GB-013636,True,245
GB-013637,True,1273
GB-013638,False,222
GB-013639,True,468
GB-013640,True,88
GB-013641,False,1358
GB-013642,True,207
GB-013643,False,467
GB-013644,True,1007
GB-013645,False,1280
GB-013646,False,379
GB-013647,False,1417
GB-013648,False,110
GB-013649,False,935
GB-013650,True,165
GB-013651,True,536
GB-013652,False,1438
GB-013653,True,78
GB-013654,False,140
GB-013655,False,675
GB-013656,False,781
GB-013657,False,142
GB-013658,False,1002
GB-013659,True,501
GB-013660,False,781
GB-013661,False,1069
GB-013662,True,980
GB-013663,False,1060
GB-013664,False,422
GB-013665,False,851
GB-013666,False,1403
GB-013667,True,479
GB-013668,False,352
GB-013669,True,373
GB-013670,True,1383
GB-013671,False,168
GB-013672,False,237
GB-013673,False,1409
GB-013674,False,801
GB-013675,False,580
GB-013676,False,1004
GB-013677,False,1451
GB-013678,True,1242
GB-013679,False,388
GB-013680,False,654
GB-013681,True,596
GB-013682,False,594
GB-013683,False,363
GB-013684,False,1304
GB-013685,False,56
GB-013686,False,276
GB-013687,False,974
GB-013688,False,492
GB-013689,False,761
GB-013690,True,1096
GB-013691,True,1312
GB-013692,False,1051
GB-013693,False,1023
GB-013694,False,8
GB-013695,False,13
GB-013696,True,1336
GB-013697,False,1250
GB-013698,True,395
GB-013699,True,961
GB-013700,True,825
GB-013701,True,80
GB-013702,False,1453
GB-013703,True,965
GB-013704,True,947
GB-013705,False,236
GB-013706,True,311
GB-013707,False,197
GB-013708,False,1240
GB-013709,False,1086
GB-013710,False,168
GB-013711,True,565
GB-013712,False,925
GB-013713,True,326
GB-013714,False,1439
GB-013715,False,1078
GB-013716,True,409
GB-013717,False,75
GB-013718,False,731
GB-013719,False,740
GB-013720,False,1217
GB-013721,False,536
GB-013722,True,1478
GB-013723,True,726
GB-013724,True,1044
GB-013725,False,375
GB-013726,True,1054
GB-013727,True,1056
GB-013728,False,707
GB-013729,False,90
GB-013730,False,1327
GB-013731,True,189
GB-013732,True,1105
GB-013733,True,398
GB-013734,False,439
GB-013735,False,946
GB-013736,True,745
GB-013737,False,589
GB-013738,False,796
GB-013739,False,267
GB-013740,True,298
GB-013741,False,1304
GB-013742,False,266
GB-013743,True,51
GB-013744,True,29
GB-013745,False,1119
GB-013746,True,248
GB-013747,True,757
GB-013748,True,161
GB-013749,False,307
GB-013750,False,1379
GB-013751,True,885
GB-013752,True,277
GB-013753,True,294
GB-013754,False,1255
GB-013755,False,1216
GB-013756,True,224
GB-013757,False,1411
GB-013758,True,867
GB-013759,True,718
GB-013760,True,437
GB-013761,False,214
GB-013762,True,1095
GB-013763,True,268
GB-013764,False,38
GB-013765,True,9
GB-013766,False,324
GB-013767,False,343
GB-013768,True,345
GB-013769,False,1375
GB-013770,False,139
GB-013771,False,172
GB-013772,True,838
GB-013773,False,1304
GB-013774,False,561
GB-013775,True,2
GB-013776,False,1341
GB-013777,False,257
GB-013778,False,623
GB-013779,False,329
GB-013780,False,945
GB-013781,True,75
GB-013782,True,577
GB-013783,False,265
GB-013784,False,1066
GB-013785,False,1475
GB-013786,False,1390
GB-013787,False,1194
GB-013788,False,318
GB-013789,False,520
GB-013790,True,634
GB-013791,False,746
GB-013792,False,292
GB-013793,False,855
GB-013794,True,774
GB-013795,True,1379
GB-013796,True,1233
GB-013797,True,642
GB-013798,False,202
GB-013799,True,695
GB-013800,True,1492
GB-013801,False,435
GB-013802,True,304
GB-013803,False,773
GB-013804,True,514
GB-013805,False,915
GB-013806,False,452
GB-013807,False,1016
GB-013808,False,1379
GB-013809,False,1391
GB-013810,True,1158
GB-013811,False,1316
GB-013812,True,1492
GB-013813,False,201
GB-013814,False,449
GB-013815,False,1014
GB-013816,False,1220
GB-013817,False,389
GB-013818,True,471
GB-013819,False,365
GB-013820,True,359
GB-013821,False,377
GB-013822,True,1332
GB-013823,False,115
GB-013824,False,948
GB-013825,True,236
GB-013826,True,763
GB-013827,False,812
GB-013828,True,268
GB-013829,False,1372
GB-013830,False,1209
GB-013831,False,1118
GB-013832,True,557
GB-013833,False,968
GB-013834,False,614
GB-013835,False,205
GB-013836,False,936
GB-013837,False,1388
GB-013838,True,153
GB-013839,False,1188
GB-013840,True,512
GB-013841,False,931
GB-013842,False,362
GB-013843,True,1216
GB-013844,False,1307
GB-013845,False,283
GB-013846,False,703
GB-013847,True,1099
GB-013848,False,435
GB-013849,False,866
GB-013850,True,708
GB-013851,False,162
GB-013852,False,252
GB-013853,False,101
GB-013854,True,627
GB-013855,True,123
GB-013856,True,34
GB-013857,False,1221
GB-013858,False,157
GB-013859,False,1253
GB-013860,True,61
GB-013861,False,121
GB-013862,True,759
GB-013863,True,471
GB-013864,True,1255
GB-013865,True,162
GB-013866,False,378
GB-013867,False,1112
GB-013868,False,1189
GB-013869,True,269
GB-013870,False,578
GB-013871,False,1206
GB-013872,True,198
GB-013873,False,324
GB-013874,False,1407
GB-013875,True,205
GB-013876,False,1338
GB-013877,False,942
GB-013878,False,1335
GB-013879,False,457
GB-013880,False,735
GB-013881,False,973
GB-013882,False,1228
GB-013883,False,157
GB-013884,True,180
GB-013885,False,1420
GB-013886,False,497
GB-013887,True,365
GB-013888,False,753
GB-013889,False,336
GB-013890,True,394
GB-013891,False,1309
GB-013892,True,1242
GB-013893,False,1246
GB-013894,False,59
GB-013895,False,935
GB-013896,False,1098
GB-013897,False,446
GB-013898,False,629
GB-013899,False,754
GB-013900,True,911
GB-013901,False,763
GB-013902,True,1204
GB-013903,True,675
GB-013904,False,712
GB-013905,False,1246
GB-013906,True,698
GB-013907,True,529
GB-013908,False,443
GB-013909,False,889
GB-013910,False,76
GB-013911,True,941
GB-013912,True,309
GB-013913,False,604
GB-013914,False,414
GB-013915,False,34
GB-013916,False,365
GB-013917,False,1458
GB-013918,False,1493
GB-013919,True,1231
GB-013920,True,1300
GB-013921,False,1319
GB-013922,False,1163
GB-013923,False,833
GB-013924,True,239
GB-013925,False,340
GB-013926,False,276
GB-013927,True,616
GB-013928,True,919
GB-013929,False,348
GB-013930,False,998
GB-013931,False,754
GB-013932,False,401
GB-013933,False,1357
GB-013934,False,135
GB-013935,False,881
GB-013936,False,732
GB-013937,False,331
GB-013938,True,223
GB-013939,True,491
GB-013940,True,276
GB-013941,True,684
GB-013942,False,497
GB-013943,False,328
GB-013944,False,1323
GB-013945,False,237
GB-013946,True,31
GB-013947,True,1188
GB-013948,True,324
GB-013949,True,1450
GB-013950,False,164
GB-013951,False,469
GB-013952,False,675
GB-013953,True,15
GB-013954,False,1295
GB-013955,False,846
GB-013956,False,364
GB-013957,False,33
GB-013958,True,110
GB-013959,False,705
GB-013960,False,487
GB-013961,False,1144
GB-013962,True,508
GB-013963,False,1431
GB-013964,True,1192
GB-013965,False,1006
GB-013966,False,763
GB-013967,False,752
GB-013968,False,1247
GB-013969,False,25
GB-013970,False,1150
GB-013971,False,294
GB-013972,True,439
GB-013973,False,1128
GB-013974,False,255
GB-013975,False,1268
GB-013976,True,531
GB-013977,True,154
GB-013978,False,799
GB-013979,False,1184
GB-013980,False,721
GB-013981,True,1427
GB-013982,False,1292
GB-013983,False,1388
GB-013984,True,790
GB-013985,False,1415
GB-013986,True,50
GB-013987,False,814
GB-013988,False,1053
GB-013989,False,97
GB-013990,True,524
GB-013991,False,256
GB-013992,True,719
GB-013993,False,862
GB-013994,False,325
GB-013995,True,344
GB-013996,True,1280
GB-013997,True,849
GB-013998,False,1494
GB-013999,True,996
GB-014000,True,864
GB-014001,True,545
GB-014002,True,942
GB-014003,False,1263
GB-014004,True,1067
GB-014005,False,1282
GB-014006,True,124
GB-014007,False,222
GB-014008,False,357
GB-014009,False,1290
GB-014010,True,611
GB-014011,True,380
GB-014012,False,1124
GB-014013,True,1001
GB-014014,False,433
GB-014015,True,404
GB-014016,False,1120
GB-014017,True,1460
GB-014018,True,1306
GB-014019,True,1167
GB-014020,False,881
GB-014021,False,1494
GB-014022,False,755
GB-014023,False,401
GB-014024,True,185
GB-014025,False,752
GB-014026,False,385
GB-014027,False,537
GB-014028,False,730
GB-014029,True,814
GB-014030,False,1184
GB-014031,False,747
GB-014032,False,577
GB-014033,False,1120
GB-014034,True,1398
GB-014035,True,1005
GB-014036,False,826
GB-014037,False,775
GB-014038,True,300
GB-014039,False,1141
GB-014040,False,1328
GB-014041,False,755
GB-014042,False,922
GB-014043,False,767
GB-014044,False,108
GB-014045,True,559
GB-014046,False,645
GB-014047,False,1378
GB-014048,True,71
GB-014049,True,911
GB-014050,False,1213
GB-014051,False,792
GB-014052,False,683
GB-014053,True,818
GB-014054,True,166
GB-014055,True,343
GB-014056,False,493
GB-014057,False,1377
GB-014058,True,1305
GB-014059,True,665
GB-014060,True,1199
GB-014061,False,1205
GB-014062,False,1301
GB-014063,True,17
GB-014064,True,359
GB-014065,True,471
GB-014066,False,664
GB-014067,False,338
GB-014068,False,1007
GB-014069,True,533
GB-014070,True,1036
GB-014071,True,157
GB-014072,True,272
GB-014073,False,41
GB-014074,False,1319
GB-014075,False,1406
GB-014076,False,526
GB-014077,False,1400
GB-014078,True,1127
GB-014079,True,338
GB-014080,True,1171
GB-014081,False,161
GB-014082,False,614
GB-014083,True,1315
GB-014084,False,905
GB-014085,True,673
GB-014086,False,1190
GB-014087,False,1094
GB-014088,False,1487
GB-014089,True,310
GB-014090,False,168
GB-014091,True,1206
GB-014092,False,1371
GB-014093,False,1434
GB-014094,False,112
GB-014095,False,1302
GB-014096,True,1389
GB-014097,False,207
GB-014098,False,842
GB-014099,False,299
GB-014100,False,381
GB-014101,True,359
GB-014102,True,1332
GB-014103,False,1289
GB-014104,True,1081
GB-014105,True,247
GB-014106,False,1388
GB-014107,False,824
GB-014108,True,1181
GB-014109,False,552
GB-014110,False,389
GB-014111,False,1382
GB-014112,False,476
GB-014113,False,838
GB-014114,True,999
GB-014115,False,841
GB-014116,False,1194
GB-014117,False,31
GB-014118,False,312
GB-014119,True,512
GB-014120,False,179
GB-014121,True,1401
GB-014122,True,591
GB-014123,False,137
GB-014124,True,323
GB-014125,True,1154
GB-014126,True,750
GB-014127,False,1146
GB-014128,True,550
GB-014129,False,181
GB-014130,False,339
GB-014131,True,686
GB-014132,False,924
GB-014133,True,1103
GB-014134,False,521
GB-014135,False,388
GB-014136,False,978
GB-014137,False,850
GB-014138,False,1067
GB-014139,False,103
GB-014140,False,392
GB-014141,False,599
GB-014142,False,739
GB-014143,True,727
GB-014144,True,173
GB-014145,False,1016
GB-014146,True,773
GB-014147,False,1455
GB-014148,False,352
GB-014149,True,50
GB-014150,True,161
GB-014151,False,1234
GB-014152,False,879
GB-014153,False,389
GB-014154,True,49
GB-014155,False,774
GB-014156,False,367
GB-014157,False,1493
GB-014158,False,538
GB-014159,True,1101
GB-014160,False,82
GB-014161,False,993
GB-014162,False,6
GB-014163,False,20
GB-014164,True,1063
GB-014165,False,138
GB-014166,True,605
GB-014167,True,26
GB-014168,True,450
GB-014169,True,947
GB-014170,False,706
GB-014171,False,1147
GB-014172,False,229
GB-014173,False,1363
GB-014174,False,604
GB-014175,True,608
GB-014176,False,146
GB-014177,False,1364
GB-014178,True,1114
GB-014179,False,233
GB-014180,False,1192
GB-014181,False,1443
GB-014182,False,640
GB-014183,False,1474
GB-014184,False,1133
GB-014185,True,1445
GB-014186,True,1369
GB-014187,False,870
GB-014188,False,637
GB-014189,False,1301
GB-014190,False,1245
GB-014191,True,1155
GB-014192,True,1089
GB-014193,False,400
GB-014194,True,586
GB-014195,True,31
GB-014196,False,396
GB-014197,False,1084
GB-014198,False,1154
GB-014199,False,302
GB-014200,False,1256
GB-014201,False,1271
GB-014202,False,297
GB-014203,True,110
GB-014204,False,504
GB-014205,False,1142
GB-014206,False,404
GB-014207,False,458
GB-014208,False,1009
GB-014209,True,995
GB-014210,True,1297
GB-014211,False,385
GB-014212,False,1071
GB-014213,False,955
GB-014214,True,1120
GB-014215,False,617
GB-014216,True,948
GB-014217,True,1118
GB-014218,True,1153
GB-014219,False,825
GB-014220,False,18
GB-014221,False,354
GB-014222,True,298
GB-014223,True,843
GB-014224,True,1066
GB-014225,False,575
GB-014226,False,488
GB-014227,False,557
GB-014228,False,1088
GB-014229,False,729
GB-014230,False,1337
GB-014231,False,1253
GB-014232,True,1171
GB-014233,False,683
GB-014234,False,1472
GB-014235,True,1084
GB-014236,True,508
GB-014237,True,82
GB-014238,True,491
GB-014239,False,1248
GB-014240,True,619
GB-014241,True,433
GB-014242,True,1082
GB-014243,False,1350
GB-014244,False,531
GB-014245,False,718
GB-014246,False,768
GB-014247,False,948
GB-014248,False,1248
GB-014249,True,1483
GB-014250,True,1371
GB-014251,True,1260
GB-014252,False,402
GB-014253,False,213
GB-014254,True,523
GB-014255,False,997
GB-014256,False,239
GB-014257,True,1426
GB-014258,True,948
GB-014259,False,696
GB-014260,False,241
GB-014261,True,1246
GB-014262,True,975
GB-014263,False,375
GB-014264,True,1323
GB-014265,True,1413
GB-014266,False,980
GB-014267,False,1036
GB-014268,False,95
GB-014269,False,741
GB-014270,True,1117
GB-014271,False,384
GB-014272,True,1110
GB-014273,True,1052
GB-014274,True,919
GB-014275,False,962
GB-014276,True,798
GB-014277,False,220
GB-014278,False,1236
GB-014279,True,1244
GB-014280,False,106
GB-014281,False,549
GB-014282,True,468
GB-014283,False,930
GB-014284,True,664
GB-014285,False,1084
GB-014286,False,477
GB-014287,False,1368
GB-014288,False,741
GB-014289,True,680
GB-014290,False,338
GB-014291,False,447
GB-014292,False,425
GB-014293,False,532
GB-014294,False,970
GB-014295,False,72
GB-014296,False,769
GB-014297,False,231
GB-014298,False,643
GB-014299,True,126
GB-014300,True,1485
GB-014301,False,83
GB-014302,False,1425
GB-014303,False,1192
GB-014304,True,43
GB-014305,True,1293
GB-014306,True,939
GB-014307,True,655
GB-014308,False,425
GB-014309,False,199
GB-014310,False,314
GB-014311,False,232
GB-014312,False,350
GB-014313,False,1326
GB-014314,True,8
GB-014315,False,65
GB-014316,False,331
GB-014317,False,630
GB-014318,False,655
GB-014319,True,674
GB-014320,False,641
GB-014321,True,1048
GB-014322,True,678
GB-014323,False,46
GB-014324,False,389
GB-014325,False,746
GB-014326,False,601
GB-014327,False,1035
GB-014328,False,705
GB-014329,True,923
GB-014330,False,1480
GB-014331,True,228
GB-014332,False,899
GB-014333,False,1191
GB-014334,False,804
GB-014335,False,806
GB-014336,False,608
GB-014337,False,1004
GB-014338,False,42
GB-014339,False,659
GB-014340,True,976
GB-014341,True,225
GB-014342,True,1008
GB-014343,False,903
GB-014344,False,685
GB-014345,True,822
GB-014346,False,484
GB-014347,False,249
GB-014348,False,1175
GB-014349,False,1379
GB-014350,False,425
GB-014351,True,1366
GB-014352,False,324
GB-014353,False,974
GB-014354,False,398
GB-014355,False,1340
GB-014356,False,115
GB-014357,True,1241
GB-014358,False,1454
GB-014359,False,439
GB-014360,False,288
GB-014361,False,586
GB-014362,False,1489
GB-014363,False,1180
GB-014364,True,1407
GB-014365,True,1407
GB-014366,False,243
GB-014367,False,934
GB-014368,False,406
GB-014369,False,877
GB-014370,False,1446
GB-014371,False,184
GB-014372,True,1289
GB-014373,False,369
GB-014374,True,868
GB-014375,False,959
GB-014376,True,1452
GB-014377,True,240
GB-014378,True,111
GB-014379,False,655
GB-014380,True,1272
GB-014381,True,160
GB-014382,False,961
GB-014383,True,759
GB-014384,True,146
GB-014385,True,227
GB-014386,False,473
GB-014387,True,1141
GB-014388,True,534
GB-014389,False,606
GB-014390,True,833
GB-014391,False,430
GB-014392,True,237
GB-014393,True,1472
GB-014394,False,1171
GB-014395,True,112
GB-014396,True,1059
GB-014397,True,655
GB-014398,False,1097
GB-014399,False,479
GB-014400,False,1421
GB-014401,True,550
GB-014402,True,493
GB-014403,False,1325
GB-014404,True,954
GB-014405,False,1262
GB-014406,False,458
GB-014407,True,1211
GB-014408,False,1250
GB-014409,False,419
GB-014410,False,1188
GB-014411,False,573
GB-014412,True,478
GB-014413,False,276
GB-014414,False,135
GB-014415,False,877
GB-014416,True,823
GB-014417,True,722
GB-014418,False,1039
GB-014419,False,571
GB-014420,True,849
GB-014421,True,1303
GB-014422,False,208
GB-014423,True,237
GB-014424,False,441
GB-014425,False,1121
GB-014426,False,1127
GB-014427,False,612
GB-014428,False,619
GB-014429,False,460
GB-014430,True,1100
GB-014431,True,1433
GB-014432,False,761
GB-014433,False,702
GB-014434,True,915
GB-014435,True,1465
GB-014436,False,886
GB-014437,False,943
GB-014438,False,892
GB-014439,False,1154
GB-014440,True,793
GB-014441,False,1013
GB-014442,False,23
GB-014443,False,187
GB-014444,False,417
GB-014445,False,1008
GB-014446,False,309
GB-014447,False,404
GB-014448,False,407
GB-014449,False,1005
GB-014450,False,469
GB-014451,False,224
GB-014452,False,486
GB-014453,False,685
GB-014454,False,428
GB-014455,False,1110
GB-014456,True,640
GB-014457,True,656
GB-014458,False,966
GB-014459,False,63
GB-014460,True,615
GB-014461,True,243
GB-014462,False,1344
GB-014463,False,1356
GB-014464,False,763
GB-014465,True,391
GB-014466,False,104
GB-014467,False,765
GB-014468,False,1227
GB-014469,False,1090
GB-014470,False,215
GB-014471,True,966
GB-014472,True,130
GB-014473,True,753
GB-014474,False,1086
GB-014475,False,1183
GB-014476,False,543
GB-014477,True,1293
GB-014478,False,727
GB-014479,True,867
GB-014480,False,466
GB-014481,False,202
GB-014482,False,813
GB-014483,True,102
GB-014484,False,1337
GB-014485,True,1252
GB-014486,True,1106
GB-014487,False,294
GB-014488,False,1272
GB-014489,False,1229
GB-014490,False,422
GB-014491,False,551
GB-014492,False,462
GB-014493,True,91
GB-014494,False,766
GB-014495,False,1010
GB-014496,True,817
GB-014497,False,1227
GB-014498,True,611
GB-014499,False,1222
GB-014500,True,1281
GB-014501,False,1483
GB-014502,False,1352
GB-014503,False,1336
GB-014504,True,607
GB-014505,False,1413
GB-014506,False,600
GB-014507,False,436
GB-014508,False,1155
GB-014509,False,767
GB-014510,True,204
GB-014511,False,89
GB-014512,False,282
GB-014513,True,341
GB-014514,True,890
GB-014515,False,449
GB-014516,False,557
GB-014517,True,443
GB-014518,False,1233
GB-014519,True,604
GB-014520,False,981
GB-014521,True,1093
GB-014522,False,351
GB-014523,False,1378
GB-014524,False,1009
GB-014525,False,402
GB-014526,False,411
GB-014527,False,953
GB-014528,True,188
GB-014529,False,930
GB-014530,False,140
GB-014531,True,664
GB-014532,False,1046
GB-014533,False,791
GB-014534,True,292
GB-014535,False,686
GB-014536,False,743
GB-014537,False,670
GB-014538,False,697
GB-014539,False,939
GB-014540,False,1255
GB-014541,False,479
GB-014542,True,477
GB-014543,True,841
GB-014544,True,537
GB-014545,True,254
GB-014546,False,63
GB-014547,False,1043
GB-014548,False,562
GB-014549,True,1357
GB-014550,False,1046
GB-014551,False,684
GB-014552,False,1151
GB-014553,True,996
GB-014554,False,661
GB-014555,False,869
GB-014556,True,1357
GB-014557,False,551
GB-014558,False,1431
GB-014559,False,1155
GB-014560,False,656
GB-014561,False,1259
GB-014562,False,351
GB-014563,False,453
GB-014564,False,268
GB-014565,True,885
GB-014566,False,443
GB-014567,False,1498
GB-014568,False,787
GB-014569,True,124
GB-014570,False,3
GB-014571,True,513
GB-014572,False,1386
GB-014573,False,198
GB-014574,True,1124
GB-014575,False,1148
GB-014576,False,1129
GB-014577,True,180
GB-014578,False,1315
GB-014579,True,397
GB-014580,False,799
GB-014581,False,901
GB-014582,False,1450
GB-014583,True,703
GB-014584,True,297
GB-014585,False,1148
GB-014586,False,511
GB-014587,True,916
GB-014588,False,626
GB-014589,False,60
GB-014590,False,1009
GB-014591,True,787
GB-014592,False,646
GB-014593,False,130
GB-014594,False,453
GB-014595,False,893
GB-014596,False,75
GB-014597,True,1269
GB-014598,False,376
GB-014599,True,9
GB-014600,True,63
GB-014601,False,71
GB-014602,False,746
GB-014603,False,1291
GB-014604,False,69
GB-014605,True,1220
GB-014606,False,1229
GB-014607,True,1117
GB-014608,True,1344
GB-014609,False,1385
GB-014610,False,1498
GB-014611,True,1100
GB-014612,False,1022
GB-014613,False,509
GB-014614,True,909
GB-014615,False,812
GB-014616,False,920
GB-014617,False,312
GB-014618,False,885
GB-014619,True,878
GB-014620,True,1143
GB-014621,False,333
GB-014622,True,580
GB-014623,True,1308
GB-014624,True,1089
GB-014625,True,1119
GB-014626,False,884
GB-014627,False,1228
GB-014628,False,1289
GB-014629,False,902
GB-014630,False,958
GB-014631,True,857
GB-014632,False,600
GB-014633,True,258
GB-014634,False,997
GB-014635,False,319
GB-014636,False,126
GB-014637,False,706
GB-014638,True,1273
GB-014639,False,750
GB-014640,True,43
GB-014641,False,1237
GB-014642,False,887
GB-014643,False,669
GB-014644,True,1304
GB-014645,False,475
GB-014646,True,639
GB-014647,False,1484
GB-014648,False,1288
GB-014649,True,1438
GB-014650,False,19
GB-014651,False,342
GB-014652,False,740
GB-014653,False,873
GB-014654,False,1422
GB-014655,False,160
GB-014656,False,708
GB-014657,False,315
GB-014658,False,663
GB-014659,False,386
GB-014660,True,504
GB-014661,False,364
GB-014662,False,792
GB-014663,True,874
GB-014664,False,312
GB-014665,True,583
GB-014666,False,164
GB-014667,False,1187
GB-014668,False,678
GB-014669,False,827
GB-014670,True,374
GB-014671,False,44
GB-014672,False,997
GB-014673,False,846
GB-014674,True,104
GB-014675,True,364
GB-014676,False,260
GB-014677,False,257
GB-014678,True,275
GB-014679,False,1454
GB-014680,False,391
GB-014681,False,1382
GB-014682,False,915
GB-014683,False,117
GB-014684,False,930
GB-014685,False,127
GB-014686,False,467
GB-014687,True,468
GB-014688,False,990
GB-014689,True,76
GB-014690,False,269
GB-014691,True,1398
GB-014692,False,1007
GB-014693,False,226
GB-014694,True,676
GB-014695,True,59
GB-014696,True,1150
GB-014697,False,851
GB-014698,True,568
GB-014699,False,76
GB-014700,False,884
GB-014701,False,367
GB-014702,True,942
GB-014703,True,1427
GB-014704,True,144
GB-014705,True,1112
GB-014706,False,1296
GB-014707,True,398
GB-014708,False,975
GB-014709,False,1383
GB-014710,True,1003
GB-014711,True,499
GB-014712,False,65
GB-014713,True,74
GB-014714,False,1452
GB-014715,False,356
GB-014716,False,786
GB-014717,True,184
GB-014718,False,741
GB-014719,False,225
GB-014720,False,475
GB-014721,False,769
GB-014722,False,1108
GB-014723,False,1299
GB-014724,False,886
GB-014725,False,433
GB-014726,True,319
GB-014727,True,337
GB-014728,True,1307
GB-014729,False,1258
GB-014730,False,1158
GB-014731,False,134
GB-014732,False,365
GB-014733,True,475
GB-014734,False,1343
GB-014735,True,880
GB-014736,True,1044
GB-014737,True,173
GB-014738,False,125
GB-014739,False,354
GB-014740,False,347
GB-014741,True,1449
GB-014742,True,838
GB-014743,True,304
GB-014744,True,5
GB-014745,False,1485
GB-014746,False,303
GB-014747,False,1401
GB-014748,False,435
GB-014749,False,1255
GB-014750,True,1133
GB-014751,True,649
GB-014752,False,26
GB-014753,False,349
GB-014754,False,197
GB-014755,True,1424
GB-014756,True,760
GB-014757,False,1287
GB-014758,False,305
GB-014759,True,1113
GB-014760,True,61
GB-014761,False,1032
GB-014762,False,316
GB-014763,False,1230
GB-014764,False,523
GB-014765,False,280
GB-014766,False,1001
GB-014767,False,1183
GB-014768,False,173
GB-014769,False,461
GB-014770,True,946
GB-014771,False,514
GB-014772,True,857
GB-014773,True,1010
GB-014774,True,1155
GB-014775,True,1164
GB-014776,False,513
GB-014777,True,1394
GB-014778,True,495
GB-014779,False,1312
GB-014780,True,55
GB-014781,False,466
GB-014782,False,3
GB-014783,True,5
GB-014784,False,462
GB-014785,True,200
GB-014786,False,97
GB-014787,False,1162
GB-014788,True,1183
GB-014789,False,1380
GB-014790,False,701
GB-014791,True,769
GB-014792,False,1312
GB-014793,True,268
GB-014794,False,971
GB-014795,True,1126
GB-014796,True,1141
GB-014797,True,162
GB-014798,True,792
GB-014799,False,665
GB-014800,False,1440
GB-014801,False,853
GB-014802,False,853
GB-014803,False,928
GB-014804,True,1088
GB-014805,True,1321
GB-014806,False,1130
GB-014807,False,181
GB-014808,False,1022
GB-014809,True,891
GB-014810,False,1026
GB-014811,False,835
GB-014812,False,1303
GB-014813,False,87
GB-014814,False,1480
GB-014815,False,1465
GB-014816,True,997
GB-014817,True,210
GB-014818,False,1111
GB-014819,True,127
GB-014820,False,426
GB-014821,True,755
GB-014822,True,457
GB-014823,False,415
GB-014824,True,1143
GB-014825,False,167
GB-014826,False,1456
GB-014827,True,130
GB-014828,True,444
GB-014829,True,463
GB-014830,False,1288
GB-014831,True,1477
GB-014832,False,625
GB-014833,True,1192
GB-014834,True,271
GB-014835,False,374
GB-014836,False,836
GB-014837,False,555
GB-014838,False,1410
GB-014839,False,1337
GB-014840,False,795
GB-014841,False,1191
GB-014842,False,655
GB-014843,False,1410
GB-014844,False,1041
GB-014845,False,521
GB-014846,False,1066
GB-014847,True,342
GB-014848,False,510
GB-014849,True,824
GB-014850,False,212
GB-014851,False,166
GB-014852,False,544
GB-014853,False,218
GB-014854,False,155
GB-014855,True,391
GB-014856,False,430
GB-014857,False,867
GB-014858,False,457
GB-014859,True,648
GB-014860,True,1343
GB-014861,False,979
GB-014862,True,399
GB-014863,True,1158
GB-014864,False,1004
GB-014865,False,1244
GB-014866,False,138
GB-014867,False,158
GB-014868,False,1423
GB-014869,True,1258
GB-014870,True,1158
GB-014871,False,298
GB-014872,False,296
GB-014873,False,553
GB-014874,False,576
GB-014875,True,107
GB-014876,False,547
GB-014877,True,1471
GB-014878,True,532
GB-014879,True,1146
GB-014880,True,262
GB-014881,True,411
GB-014882,False,254
GB-014883,True,192
GB-014884,False,635
GB-014885,True,1253
GB-014886,True,174
GB-014887,False,873
GB-014888,False,1318
GB-014889,True,473
GB-014890,False,1336
GB-014891,False,992
GB-014892,False,322
GB-014893,False,1479
GB-014894,False,661
GB-014895,False,1207
GB-014896,False,1031
GB-014897,False,664
GB-014898,False,551
GB-014899,False,1488
GB-014900,True,1264
GB-014901,True,1044
GB-014902,False,242
GB-014903,False,418
GB-014904,True,849
GB-014905,False,737
GB-014906,False,948
GB-014907,True,177
GB-014908,True,864
GB-014909,False,175
GB-014910,False,1462
GB-014911,False,287
GB-014912,True,482
GB-014913,False,1214
GB-014914,False,1058
GB-014915,False,363
GB-014916,False,1323
GB-014917,False,1089
GB-014918,False,65
GB-014919,True,905
GB-014920,False,1469
GB-014921,True,240
GB-014922,True,335
GB-014923,True,972
GB-014924,False,490
GB-014925,False,443
GB-014926,False,938
GB-014927,False,459
GB-014928,False,1068
GB-014929,True,73
GB-014930,False,161
GB-014931,False,888
GB-014932,False,293
GB-014933,False,329
GB-014934,False,333
GB-014935,False,1127
GB-014936,True,1318
GB-014937,False,1446
GB-014938,True,387
GB-014939,False,819
GB-014940,False,501
GB-014941,False,1087
GB-014942,True,678
GB-014943,True,741
GB-014944,True,944
GB-014945,False,1344
GB-014946,False,640
GB-014947,False,856
GB-014948,True,534
GB-014949,False,797
GB-014950,False,868
GB-014951,True,421
GB-014952,False,78
GB-014953,False,1045
GB-014954,False,409
GB-014955,True,48
GB-014956,True,335
GB-014957,True,966
GB-014958,False,676
GB-014959,True,795
GB-014960,False,105
GB-014961,True,143
GB-014962,True,419
GB-014963,False,1271
GB-014964,True,1230
GB-014965,False,699
GB-014966,False,290
GB-014967,False,416
GB-014968,True,1148
GB-014969,True,28
GB-014970,False,1474
GB-014971,True,689
GB-014972,False,888
GB-014973,True,1397
GB-014974,True,265
GB-014975,False,266
GB-014976,False,365
GB-014977,False,984
GB-014978,False,90
GB-014979,False,1063
GB-014980,True,1278
GB-014981,False,465
GB-014982,True,505
GB-014983,True,344
GB-014984,False,176
GB-014985,True,1199
GB-014986,True,82
GB-014987,True,887
GB-014988,True,780
GB-014989,False,523
GB-014990,True,361
GB-014991,False,1168
GB-014992,False,1168
GB-014993,False,327
GB-014994,True,541
GB-014995,True,507
GB-014996,False,213
GB-014997,False,79
GB-014998,False,113
GB-014999,False,1149
GB-015000,False,427
GB-015001,False,516
GB-015002,False,89
GB-015003,False,12
GB-015004,False,853
GB-015005,True,1353
GB-015006,False,1133
GB-015007,False,1320
GB-015008,False,453
GB-015009,False,232
GB-015010,False,464
GB-015011,False,755
GB-015012,False,1409
GB-015013,False,1193
GB-015014,True,938
GB-015015,True,371
GB-015016,True,1400
GB-015017,True,185
GB-015018,False,568
GB-015019,False,557
GB-015020,True,172
GB-015021,True,1301
GB-015022,False,13
GB-015023,True,887
GB-015024,True,399
GB-015025,False,360
GB-015026,True,1443
GB-015027,False,629
GB-015028,False,613
GB-015029,False,1430
GB-015030,False,538
GB-015031,False,1076
GB-015032,True,1159
GB-015033,False,1112
GB-015034,False,916
GB-015035,False,1337
GB-015036,True,415
GB-015037,False,460
GB-015038,False,17
GB-015039,False,1028
GB-015040,True,697
GB-015041,True,583
GB-015042,False,1454
GB-015043,True,372
GB-015044,True,1372
GB-015045,False,1147
GB-015046,False,441
GB-015047,False,286
GB-015048,True,394
GB-015049,True,1331
GB-015050,True,1288
GB-015051,False,291
GB-015052,True,693
GB-015053,True,925
GB-015054,False,1434
GB-015055,True,1140
GB-015056,False,151
GB-015057,True,931
GB-015058,True,509
GB-015059,False,377
GB-015060,False,900
GB-015061,True,810
GB-015062,False,1118
GB-015063,True,762
GB-015064,False,1369
GB-015065,True,955
GB-015066,False,1412
GB-015067,False,266
GB-015068,False,405
GB-015069,False,125
GB-015070,False,1206
GB-015071,True,373
GB-015072,False,1080
GB-015073,True,431
GB-015074,False,864
GB-015075,False,80
GB-015076,True,355
GB-015077,False,814
GB-015078,False,592
GB-015079,False,255
GB-015080,False,1160
GB-015081,False,1403
GB-015082,True,651
GB-015083,True,579
GB-015084,False,1433
GB-015085,False,1277
GB-015086,False,775
GB-015087,True,1363
GB-015088,True,695
GB-015089,False,40
GB-015090,True,38
GB-015091,True,732
GB-015092,False,879
GB-015093,False,907
GB-015094,False,29
GB-015095,True,534
GB-015096,True,266
GB-015097,False,334
GB-015098,False,871
GB-015099,False,331
GB-015100,True,829
GB-015101,True,1146
GB-015102,False,1391
GB-015103,False,680
GB-015104,False,1304
GB-015105,False,475
GB-015106,False,222
GB-015107,False,594
GB-015108,True,899
GB-015109,False,368
GB-015110,False,1310
GB-015111,False,373
GB-015112,False,948
GB-015113,False,1398
GB-015114,False,951
GB-015115,False,340
GB-015116,False,58
GB-015117,True,13
GB-015118,False,733
GB-015119,False,798
GB-015120,True,1070
GB-015121,False,376
GB-015122,True,259
GB-015123,False,969
GB-015124,False,1248
GB-015125,False,1006
GB-015126,True,1139
GB-015127,False,554
GB-015128,False,661
GB-015129,False,1472
GB-015130,False,1177
GB-015131,True,1221
GB-015132,True,396
GB-015133,False,536
GB-015134,False,1415
GB-015135,True,478
GB-015136,True,10
GB-015137,True,673
GB-015138,True,360
GB-015139,True,161
GB-015140,False,1489
GB-015141,False,566
GB-015142,False,1315
GB-015143,False,984
GB-015144,False,933
GB-015145,False,645
GB-015146,False,991
GB-015147,False,550
GB-015148,False,316
GB-015149,True,725
GB-015150,False,219
GB-015151,False,1405
GB-015152,False,140
GB-015153,True,164
GB-015154,False,1455
GB-015155,False,1061
GB-015156,True,743
GB-015157,False,1234
GB-015158,False,250
GB-015159,False,725
GB-015160,False,824
GB-015161,False,287
GB-015162,False,128
GB-015163,True,523
GB-015164,True,1265
GB-015165,False,945
GB-015166,False,1454
GB-015167,False,260
GB-015168,True,1043
GB-015169,True,121
GB-015170,False,553
GB-015171,False,950
GB-015172,True,926
GB-015173,True,643
GB-015174,True,225
GB-015175,False,373
GB-015176,False,1469
GB-015177,False,388
GB-015178,True,1359
GB-015179,True,913
GB-015180,False,252
GB-015181,False,665
GB-015182,True,154
GB-015183,True,745
GB-015184,True,760
GB-015185,True,521
GB-015186,False,962
GB-015187,False,133
GB-015188,False,1178
GB-015189,True,581
GB-015190,False,739
GB-015191,False,361
GB-015192,False,685
GB-015193,True,1075
GB-015194,True,173
GB-015195,False,1352
GB-015196,False,197
GB-015197,True,515
GB-015198,False,1470
GB-015199,False,1048
GB-015200,True,773
GB-015201,True,796
GB-015202,False,870
GB-015203,False,1294
GB-015204,True,838
GB-015205,False,358
GB-015206,True,839
GB-015207,False,785
GB-015208,False,1296
GB-015209,False,1374
GB-015210,False,1126
GB-015211,True,804
GB-015212,False,987
GB-015213,False,275
GB-015214,False,1215
GB-015215,True,1456
GB-015216,False,2
GB-015217,True,379
GB-015218,True,824
GB-015219,False,254
GB-015220,False,454
GB-015221,False,1476
GB-015222,False,1003
GB-015223,True,1245
GB-015224,False,494
GB-015225,False,270
GB-015226,False,81
GB-015227,False,681
GB-015228,True,608
GB-015229,True,222
GB-015230,True,109
GB-015231,False,857
GB-015232,False,1414
GB-015233,False,326
GB-015234,True,283
GB-015235,True,674
GB-015236,False,703
GB-015237,True,233
GB-015238,False,933
GB-015239,True,1491
GB-015240,False,469
GB-015241,True,1456
GB-015242,True,1069
GB-015243,False,119
GB-015244,True,670
GB-015245,False,73
GB-015246,True,849
GB-015247,False,615
GB-015248,True,1399
GB-015249,False,1437
GB-015250,False,655
GB-015251,True,1338
GB-015252,True,320
GB-015253,True,963
GB-015254,False,451
GB-015255,False,818
GB-015256,False,814
GB-015257,True,388
GB-015258,False,103
GB-015259,True,1364
GB-015260,False,438
GB-015261,True,676
GB-015262,False,1228
GB-015263,False,522
GB-015264,True,19
GB-015265,False,785
GB-015266,True,458
GB-015267,False,781
GB-015268,False,1163
GB-015269,False,542
GB-015270,False,1475
GB-015271,False,1369
GB-015272,False,26
GB-015273,True,14
GB-015274,False,26
GB-015275,False,385
GB-015276,False,1015
GB-015277,False,986
GB-015278,False,897
GB-015279,True,196
GB-015280,True,1381
GB-015281,True,312
GB-015282,False,1183
GB-015283,False,1097
GB-015284,True,1423
GB-015285,False,768
GB-015286,False,1156
GB-015287,False,1313
GB-015288,False,1398
GB-015289,False,129
GB-015290,True,126
GB-015291,True,676
GB-015292,True,628
GB-015293,False,977
GB-015294,False,156
GB-015295,True,585
GB-015296,False,1298
GB-015297,True,845
GB-015298,False,1251
GB-015299,False,887
GB-015300,True,405
GB-015301,False,1348
GB-015302,False,637
GB-015303,True,1371
GB-015304,False,334
GB-015305,True,329
GB-015306,False,206
GB-015307,False,1366
GB-015308,False,1332
GB-015309,False,393
GB-015310,False,761
GB-015311,False,689
GB-015312,True,823
GB-015313,True,905
GB-015314,False,165
GB-015315,False,468
GB-015316,False,246
GB-015317,False,634
GB-015318,False,976
GB-015319,True,31
GB-015320,False,1098
GB-015321,False,1083
GB-015322,True,1482
GB-015323,False,851
GB-015324,False,279
GB-015325,False,437
GB-015326,True,523
GB-015327,True,1242
GB-015328,True,1356
GB-015329,False,468
GB-015330,False,219
GB-015331,True,26
GB-015332,True,111
GB-015333,False,1407
GB-015334,False,623
GB-015335,False,36
GB-015336,False,1328
GB-015337,False,106
GB-015338,True,1311
GB-015339,False,330
GB-015340,True,1445
GB-015341,False,574
GB-015342,False,259
GB-015343,True,879
GB-015344,True,737
GB-015345,False,416
GB-015346,True,556
GB-015347,True,1454
GB-015348,True,384
GB-015349,False,1140
GB-015350,False,1381
GB-015351,True,497
GB-015352,False,34
GB-015353,True,544
GB-015354,True,1484
GB-015355,True,950
GB-015356,False,298
GB-015357,True,552
GB-015358,False,564
GB-015359,False,89
GB-015360,False,843
GB-015361,True,61
GB-015362,False,815
GB-015363,False,1268
GB-015364,False,979
GB-015365,False,1018
GB-015366,False,390
GB-015367,False,974
GB-015368,True,832
GB-015369,True,1437
GB-015370,False,551
GB-015371,False,60
GB-015372,True,392
GB-015373,False,160
GB-015374,False,1467
GB-015375,True,49
GB-015376,True,395
GB-015377,False,1044
GB-015378,False,659
GB-015379,True,933
GB-015380,True,932
GB-015381,True,453
GB-015382,False,576
GB-015383,False,348
GB-015384,True,1472
GB-015385,False,583
GB-015386,False,921
GB-015387,False,620
GB-015388,True,239
GB-015389,False,416
GB-015390,True,1174
GB-015391,True,496
GB-015392,True,1053
GB-015393,False,1250
GB-015394,False,27
GB-015395,False,366
GB-015396,False,901
GB-015397,True,292
GB-015398,False,575
GB-015399,False,1130
GB-015400,False,1262
GB-015401,True,1203
GB-015402,False,1116
GB-015403,False,17
GB-015404,False,490
GB-015405,True,663
GB-015406,False,1260
GB-015407,True,1401
GB-015408,False,468
GB-015409,False,963
GB-015410,False,660
GB-015411,False,815
GB-015412,True,11
GB-015413,True,1413
GB-015414,False,679
GB-015415,True,128
GB-015416,True,28
GB-015417,False,62
GB-015418,False,984
GB-015419,False,1032
GB-015420,True,541
GB-015421,True,1436
GB-015422,False,663
GB-015423,False,672
GB-015424,True,219
GB-015425,False,781
GB-015426,True,30
GB-015427,False,793
GB-015428,True,1293
GB-015429,True,1464
GB-015430,True,1058
GB-015431,True,249
GB-015432,False,996
GB-015433,False,195
GB-015434,False,593
GB-015435,False,121
GB-015436,False,481
GB-015437,True,815
GB-015438,False,1287
GB-015439,False,242
GB-015440,False,996
GB-015441,False,902
GB-015442,True,1142
GB-015443,True,382
GB-015444,False,1213
GB-015445,False,1265
GB-015446,True,596
GB-015447,False,278
GB-015448,True,1050
GB-015449,False,494
GB-015450,True,741
GB-015451,False,1299
GB-015452,False,1295
GB-015453,False,937
GB-015454,False,1307
GB-015455,False,344
GB-015456,False,1109
GB-015457,True,496
GB-015458,False,788
GB-015459,False,1283
GB-015460,False,396
GB-015461,False,704
GB-015462,False,1032
GB-015463,False,1427
GB-015464,True,56
GB-015465,False,604
GB-015466,False,672
GB-015467,False,931
GB-015468,False,1393
GB-015469,False,423
GB-015470,False,224
GB-015471,False,1130
GB-015472,False,853
GB-015473,False,1480
GB-015474,False,47
GB-015475,False,1464
GB-015476,False,1167
GB-015477,False,70
GB-015478,True,934
GB-015479,True,58
GB-015480,True,996
GB-015481,False,474
GB-015482,True,1347
GB-015483,False,1447
GB-015484,True,566
GB-015485,True,896
GB-015486,False,29
GB-015487,False,179
GB-015488,False,746
GB-015489,False,1149
GB-015490,True,6
GB-015491,False,1463
GB-015492,False,1050
GB-015493,True,700
GB-015494,False,390
GB-015495,True,14
GB-015496,False,1026
GB-015497,False,678
GB-015498,True,1073
GB-015499,False,1123
GB-015500,True,1111
GB-015501,False,1499
GB-015502,True,599
GB-015503,False,1275
GB-015504,False,872
GB-015505,True,278
GB-015506,False,310
GB-015507,False,868
GB-015508,False,1234
GB-015509,True,1282
GB-015510,False,1202
GB-015511,False,360
GB-015512,False,835
GB-015513,False,41
GB-015514,False,42
GB-015515,False,552
GB-015516,False,1312
GB-015517,True,403
GB-015518,False,1134
GB-015519,True,1225
GB-015520,False,634
GB-015521,True,779
GB-015522,True,1299
GB-015523,True,829
GB-015524,False,828
GB-015525,True,737
GB-015526,False,155
GB-015527,False,1183
GB-015528,False,480
GB-015529,False,1447
GB-015530,True,137
GB-015531,False,267
GB-015532,False,1060
GB-015533,False,310
GB-015534,True,1418
GB-015535,True,403
GB-015536,True,628
GB-015537,True,590
GB-015538,True,953
GB-015539,True,164
GB-015540,True,92
GB-015541,False,648
GB-015542,True,634
GB-015543,False,560
GB-015544,False,866
GB-015545,False,1060
GB-015546,False,601
GB-015547,True,1021
GB-015548,True,594
GB-015549,False,590
GB-015550,False,564
GB-015551,False,861
GB-015552,True,31
GB-015553,False,1431
GB-015554,False,647
GB-015555,False,1166
GB-015556,True,899
GB-015557,False,604
GB-015558,True,12
GB-015559,False,1031
GB-015560,False,777
GB-015561,False,892
GB-015562,True,328
GB-015563,False,299
GB-015564,False,867
GB-015565,True,406
GB-015566,False,174
GB-015567,False,416
GB-015568,True,1251
GB-015569,False,20
GB-015570,False,1167
GB-015571,True,166
GB-015572,False,737
GB-015573,False,629
GB-015574,True,555
GB-015575,True,215
GB-015576,True,1250
GB-015577,True,632
GB-015578,False,743
GB-015579,False,39
GB-015580,False,134
GB-015581,False,1337
GB-015582,False,1207
GB-015583,True,915
GB-015584,False,1006
GB-015585,True,1098
GB-015586,False,84
GB-015587,True,1263
GB-015588,True,1054
GB-015589,False,841
GB-015590,False,882
GB-015591,True,1294
GB-015592,True,197
GB-015593,True,1284
GB-015594,True,787
GB-015595,False,638
GB-015596,False,1418
GB-015597,False,1372
GB-015598,True,163
GB-015599,False,66
GB-015600,True,293
GB-015601,True,228
GB-015602,True,649
GB-015603,False,633
GB-015604,True,241
GB-015605,True,1043
GB-015606,False,1052
GB-015607,False,722
GB-015608,False,212
GB-015609,False,469
GB-015610,True,778
GB-015611,False,225
GB-015612,False,358
GB-015613,True,200
GB-015614,False,1477
GB-015615,True,678
GB-015616,True,654
GB-015617,False,1199
GB-015618,False,308
GB-015619,False,250
GB-015620,False,737
GB-015621,False,486
GB-015622,False,187
GB-015623,False,444
GB-015624,True,505
GB-015625,True,788
GB-015626,False,828
GB-015627,False,834
GB-015628,False,945
GB-015629,False,631
GB-015630,True,172
GB-015631,False,197
GB-015632,False,1355
GB-015633,False,433
GB-015634,True,1151
GB-015635,False,1174
GB-015636,True,8
GB-015637,True,1360
GB-015638,False,444
GB-015639,False,725
GB-015640,False,1322
GB-015641,False,1452
GB-015642,True,1308
GB-015643,False,1234
GB-015644,False,626
GB-015645,False,1325
GB-015646,True,238
GB-015647,False,1043
GB-015648,False,47
GB-015649,True,718
GB-015650,False,856
GB-015651,False,418
GB-015652,False,747
GB-015653,True,413
GB-015654,True,470
GB-015655,False,811
GB-015656,False,135
GB-015657,False,536
GB-015658,False,104
GB-015659,True,212
GB-015660,False,842
GB-015661,False,311
GB-015662,False,485
GB-015663,False,884
GB-015664,True,1448
GB-015665,False,861
GB-015666,False,1076
GB-015667,False,7
GB-015668,True,882
GB-015669,False,1352
GB-015670,False,797
GB-015671,True,922
GB-015672,False,964
GB-015673,True,279
GB-015674,True,1008
GB-015675,False,978
GB-015676,True,684
GB-015677,False,1121
GB-015678,True,1092
GB-015679,True,1013
GB-015680,False,854
GB-015681,True,1371
GB-015682,False,567
GB-015683,True,1294
GB-015684,True,264
GB-015685,False,905
GB-015686,False,256
GB-015687,False,1029
GB-015688,False,912
GB-015689,True,202
GB-015690,False,339
GB-015691,False,151
GB-015692,False,144
GB-015693,True,450
GB-015694,False,352
GB-015695,True,782
GB-015696,True,968
GB-015697,False,1276
GB-015698,False,142
GB-015699,False,933
GB-015700,False,994
GB-015701,False,157
GB-015702,True,929
GB-015703,False,674
GB-015704,False,1347
GB-015705,True,1126
GB-015706,True,590
GB-015707,False,610
GB-015708,False,667
GB-015709,True,852
GB-015710,True,782
GB-015711,True,1202
GB-015712,False,941
GB-015713,False,267
GB-015714,False,909
GB-015715,False,514
GB-015716,False,168
GB-015717,False,723
GB-015718,False,1427
GB-015719,True,261
GB-015720,True,224
GB-015721,True,1273
GB-015722,False,1460
GB-015723,False,1318
GB-015724,False,768
GB-015725,False,228
GB-015726,False,721
GB-015727,False,275
GB-015728,True,558
GB-015729,False,228
GB-015730,True,459
GB-015731,False,1378
GB-015732,False,1484
GB-015733,True,901
GB-015734,False,250
GB-015735,False,192
GB-015736,False,1231
GB-015737,False,431
GB-015738,False,1230
GB-015739,False,425
GB-015740,True,697
GB-015741,True,546
GB-015742,True,49
GB-015743,False,822
GB-015744,False,241
GB-015745,False,1444
GB-015746,False,1075
GB-015747,False,1307
GB-015748,False,175
GB-015749,True,283
GB-015750,False,475
GB-015751,True,868
GB-015752,False,555
GB-015753,False,1081
GB-015754,False,1363
GB-015755,False,492
GB-015756,False,804
GB-015757,False,40
GB-015758,False,1174
GB-015759,True,1173
GB-015760,False,1234
GB-015761,True,2
GB-015762,True,1152
GB-015763,True,974
GB-015764,False,319
GB-015765,False,361
GB-015766,False,1242
GB-015767,True,1146
GB-015768,True,1185
GB-015769,True,206
GB-015770,True,560
GB-015771,True,309
GB-015772,False,948
GB-015773,False,1443
GB-015774,True,353
GB-015775,False,1071
GB-015776,False,1230
GB-015777,False,1285
GB-015778,False,1207
GB-015779,False,626
GB-015780,False,956
GB-015781,True,1319
GB-015782,False,936
GB-015783,True,557
GB-015784,True,158
GB-015785,False,119
GB-015786,False,1350
GB-015787,False,1252
GB-015788,True,535
GB-015789,False,1024
GB-015790,True,888
GB-015791,False,1157
GB-015792,False,574
GB-015793,True,753
GB-015794,True,307
GB-015795,True,806
GB-015796,True,186
GB-015797,True,1139
GB-015798,False,202
GB-015799,True,214
GB-015800,True,183
GB-015801,False,431
GB-015802,False,739
GB-015803,False,217
GB-015804,True,1337
GB-015805,False,1213
GB-015806,True,1184
GB-015807,False,864
GB-015808,False,21
GB-015809,False,745
GB-015810,False,1483
GB-015811,True,157
GB-015812,False,181
GB-015813,False,1097
GB-015814,False,587
GB-015815,True,602
GB-015816,True,515
GB-015817,False,658
GB-015818,False,125
GB-015819,False,445
GB-015820,False,963
GB-015821,False,246
GB-015822,True,1292
GB-015823,False,1335
GB-015824,False,862
GB-015825,False,1362
GB-015826,False,680
GB-015827,True,791
GB-015828,False,1233
GB-015829,False,1356
GB-015830,False,411
GB-015831,True,52
GB-015832,True,473
GB-015833,True,842
GB-015834,False,803
GB-015835,True,1211
GB-015836,False,1197
GB-015837,True,1445
GB-015838,False,720
GB-015839,False,565
GB-015840,False,1413
GB-015841,False,1175
GB-015842,False,1233
GB-015843,True,959
GB-015844,True,469
GB-015845,True,828
GB-015846,False,9
GB-015847,True,475
GB-015848,False,536
GB-015849,True,587
GB-015850,False,220
GB-015851,True,463
GB-015852,False,1439
GB-015853,False,540
GB-015854,False,522
GB-015855,False,1424
GB-015856,False,960
GB-015857,False,717
GB-015858,True,231
GB-015859,True,1415
GB-015860,True,348
GB-015861,True,778
GB-015862,False,379
GB-015863,True,188
GB-015864,False,707
GB-015865,False,873
GB-015866,False,1193
GB-015867,True,990
GB-015868,True,272
GB-015869,True,245
GB-015870,True,978
GB-015871,True,71
GB-015872,False,1449
GB-015873,False,187
GB-015874,True,1440
GB-015875,True,875
GB-015876,True,505
GB-015877,True,1131
GB-015878,False,168
GB-015879,False,1182
GB-015880,False,515
GB-015881,False,788
GB-015882,True,15
GB-015883,False,1070
GB-015884,True,610
GB-015885,True,683
GB-015886,False,786
GB-015887,True,488
GB-015888,False,1358
GB-015889,False,199
GB-015890,False,1030
GB-015891,True,1216
GB-015892,False,417
GB-015893,False,1249
GB-015894,True,1110
GB-015895,False,631
GB-015896,False,824
GB-015897,False,383
GB-015898,False,577
GB-015899,False,1205
GB-015900,True,753
GB-015901,False,964
GB-015902,False,316
GB-015903,False,840
GB-015904,True,1300
GB-015905,True,1319
GB-015906,False,1077
GB-015907,False,1255
GB-015908,False,872
GB-015909,True,1073
GB-015910,True,1133
GB-015911,False,1471
GB-015912,True,733
GB-015913,False,1080
GB-015914,False,1242
GB-015915,False,125
GB-015916,True,418
GB-015917,True,1474
GB-015918,True,315
GB-015919,False,520
GB-015920,True,1367
GB-015921,True,626
GB-015922,True,683
GB-015923,False,259
GB-015924,True,355
GB-015925,True,1296
GB-015926,False,1090
GB-015927,False,198
GB-015928,False,649
GB-015929,False,613
GB-015930,False,1479
GB-015931,False,282
GB-015932,True,1393
GB-015933,True,617
GB-015934,False,531
GB-015935,True,1255
GB-015936,False,1229
GB-015937,False,1024
GB-015938,True,136
GB-015939,True,767
GB-015940,False,437
GB-015941,True,957
GB-015942,False,714
GB-015943,False,936
GB-015944,True,628
GB-015945,True,19
GB-015946,False,599
GB-015947,False,912
GB-015948,True,555
GB-015949,False,1185
GB-015950,True,281
GB-015951,False,176
GB-015952,False,532
GB-015953,False,841
GB-015954,False,1236
GB-015955,False,84
GB-015956,True,1397
GB-015957,True,1255
GB-015958,False,930
GB-015959,True,1402
GB-015960,True,344
GB-015961,True,1318
GB-015962,True,60
GB-015963,True,978
GB-015964,False,1139
GB-015965,False,846
GB-015966,True,1314
GB-015967,True,38
GB-015968,False,266
GB-015969,False,277
GB-015970,True,75
GB-015971,True,316
GB-015972,True,747
GB-015973,False,826
GB-015974,False,22
GB-015975,False,28
GB-015976,True,112
GB-015977,True,1237
GB-015978,False,275
GB-015979,True,162
GB-015980,True,1496
GB-015981,True,562
GB-015982,False,650
GB-015983,True,1092
GB-015984,False,466
GB-015985,True,586
GB-015986,True,184
GB-015987,False,1223
GB-015988,False,993
GB-015989,False,126
GB-015990,False,1457
GB-015991,True,10
GB-015992,True,239
GB-015993,False,1457
GB-015994,True,879
GB-015995,False,1464
GB-015996,False,553
GB-015997,False,841
GB-015998,False,883
GB-015999,True,1308
GB-016000,False,1160
GB-016001,False,866
GB-016002,True,1115
GB-016003,True,541
GB-016004,False,1239
GB-016005,False,471
GB-016006,True,689
GB-016007,True,1143
GB-016008,False,1081
GB-016009,False,716
GB-016010,False,1049
GB-016011,True,748
GB-016012,True,1039
GB-016013,False,796
GB-016014,True,672
GB-016015,False,1391
GB-016016,True,141
GB-016017,True,245
GB-016018,True,777
GB-016019,True,745
GB-016020,True,791
GB-016021,False,513
GB-016022,False,840
GB-016023,False,76
GB-016024,True,1194
GB-016025,True,367
GB-016026,False,1365
GB-016027,False,334
GB-016028,False,95
GB-016029,True,785
GB-016030,False,502
GB-016031,False,1158
GB-016032,False,1305
GB-016033,False,1342
GB-016034,True,790
GB-016035,False,772
GB-016036,True,495
GB-016037,False,480
GB-016038,False,205
GB-016039,True,619
GB-016040,True,558
GB-016041,False,827
GB-016042,False,273
GB-016043,False,1252
GB-016044,True,1118
GB-016045,True,757
GB-016046,True,322
GB-016047,True,1129
GB-016048,False,683
GB-016049,True,1059
GB-016050,True,99
GB-016051,False,1259
GB-016052,False,1217
GB-016053,False,667
GB-016054,False,1136
GB-016055,True,2
GB-016056,True,90
GB-016057,True,627
GB-016058,False,311
GB-016059,True,989
GB-016060,False,67
GB-016061,False,1026
GB-016062,False,1182
GB-016063,False,323
GB-016064,False,48
GB-016065,True,1277
GB-016066,True,1007
GB-016067,True,397
GB-016068,True,1394
GB-016069,False,349
GB-016070,False,480
GB-016071,True,906
GB-016072,False,1380
GB-016073,False,1175
GB-016074,False,907
GB-016075,True,610
GB-016076,False,1256
GB-016077,False,198
GB-016078,False,1341
GB-016079,False,362
GB-016080,True,1355
GB-016081,True,1390
GB-016082,False,1343
GB-016083,False,453
GB-016084,True,664
GB-016085,False,1377
GB-016086,True,1093
GB-016087,False,1416
GB-016088,True,1032
GB-016089,False,820
GB-016090,False,1349
GB-016091,False,217
GB-016092,False,306
GB-016093,False,292
GB-016094,False,1089
GB-016095,True,1006
GB-016096,True,1370
GB-016097,False,781
GB-016098,True,492
GB-016099,False,552
GB-016100,False,573
GB-016101,False,266
GB-016102,False,934
GB-016103,True,336
GB-016104,True,1127
GB-016105,True,909
GB-016106,False,204
GB-016107,True,317
GB-016108,False,1164
GB-016109,False,94
GB-016110,False,1434
GB-016111,False,740
GB-016112,True,949
GB-016113,True,925
GB-016114,False,749
GB-016115,False,1030
GB-016116,False,1260
GB-016117,False,1096
GB-016118,False,1022
GB-016119,False,1067
GB-016120,False,996
GB-016121,True,554
GB-016122,True,1377
GB-016123,False,197
GB-016124,False,638
GB-016125,False,430
GB-016126,False,1222
GB-016127,False,1187
GB-016128,False,1490
GB-016129,False,1083
GB-016130,True,502
GB-016131,True,740
GB-016132,False,1161
GB-016133,True,56
GB-016134,False,1448
GB-016135,False,601
GB-016136,False,1438
GB-016137,False,844
GB-016138,True,1346
GB-016139,True,1024
GB-016140,True,101
GB-016141,False,1031
GB-016142,True,1411
GB-016143,False,925
GB-016144,True,195
GB-016145,True,999
GB-016146,False,647
GB-016147,True,1042
GB-016148,True,1236
GB-016149,True,322
GB-016150,False,204
GB-016151,True,489
GB-016152,False,474
GB-016153,False,1241
GB-016154,False,531
GB-016155,True,3
GB-016156,False,541
GB-016157,True,153
GB-016158,True,385
GB-016159,False,1023
GB-016160,True,878
GB-016161,False,1020
GB-016162,True,1039
GB-016163,True,1076
GB-016164,True,385
GB-016165,False,828
GB-016166,True,681
GB-016167,True,784
GB-016168,True,567
GB-016169,False,1315
GB-016170,False,334
GB-016171,False,642
GB-016172,True,155
GB-016173,True,1292
GB-016174,False,252
GB-016175,False,1359
GB-016176,True,774
GB-016177,False,350
GB-016178,False,608
GB-016179,False,247
GB-016180,False,393
GB-016181,False,694
GB-016182,True,1377
GB-016183,False,73
GB-016184,True,947
GB-016185,True,792
GB-016186,True,175
GB-016187,False,747
GB-016188,True,15
GB-016189,True,155
GB-016190,False,900
GB-016191,False,1294
GB-016192,False,1372
GB-016193,False,473
GB-016194,False,34
GB-016195,True,891
GB-016196,True,1181
GB-016197,True,118
GB-016198,True,443
GB-016199,False,113
GB-016200,False,495
GB-016201,True,1163
GB-016202,True,336
GB-016203,True,1431
GB-016204,False,259
GB-016205,True,686
GB-016206,False,343
GB-016207,True,1023
GB-016208,False,828
GB-016209,True,1445
GB-016210,True,376
GB-016211,False,69
GB-016212,True,1108
GB-016213,True,191
GB-016214,True,1088
GB-016215,True,1105
GB-016216,False,1137
GB-016217,True,1093
GB-016218,True,73
GB-016219,True,662
GB-016220,True,6
GB-016221,True,128
GB-016222,True,204
GB-016223,True,1380
GB-016224,False,1327
GB-016225,False,1101
GB-016226,False,1499
GB-016227,False,1463
GB-016228,True,551
GB-016229,True,1267
GB-016230,True,265
GB-016231,True,268
GB-016232,False,824
GB-016233,True,1281
GB-016234,False,355
GB-016235,False,1380
GB-016236,False,583
GB-016237,False,693
GB-016238,False,420
GB-016239,False,442
GB-016240,True,1279
GB-016241,False,54
GB-016242,False,137
GB-016243,False,240
GB-016244,False,993
GB-016245,False,1048
GB-016246,True,627
GB-016247,False,479
GB-016248,False,51
GB-016249,True,1257
GB-016250,False,520
GB-016251,True,20
GB-016252,False,1121
GB-016253,True,593
GB-016254,False,551
GB-016255,False,645
GB-016256,True,300
GB-016257,False,797
GB-016258,False,79
GB-016259,True,665
GB-016260,True,745
GB-016261,False,1166
GB-016262,False,1152
GB-016263,True,766
GB-016264,True,595
GB-016265,False,374
GB-016266,False,2
GB-016267,True,1221
GB-016268,True,1342
GB-016269,False,434
GB-016270,True,1220
GB-016271,True,88
GB-016272,False,799
GB-016273,True,1005
GB-016274,True,646
GB-016275,False,1380
GB-016276,False,1190
GB-016277,False,1397
GB-016278,False,757
GB-016279,False,802
GB-016280,False,351
GB-016281,False,907
GB-016282,True,35
GB-016283,False,1043
GB-016284,False,391
GB-016285,False,272
GB-016286,False,347
GB-016287,False,1019
GB-016288,False,583
GB-016289,True,1253
GB-016290,True,1369
GB-016291,False,909
GB-016292,True,929
GB-016293,True,1349
GB-016294,True,556
GB-016295,False,815
GB-016296,True,1214
GB-016297,True,1047
GB-016298,False,52
GB-016299,True,324
GB-016300,True,146
GB-016301,True,1364
GB-016302,False,1193
GB-016303,False,1043
GB-016304,False,642
GB-016305,True,910
GB-016306,False,1204
GB-016307,False,1398
GB-016308,False,104
GB-016309,False,1333
GB-016310,True,1352
GB-016311,False,1480
GB-016312,False,133
GB-016313,False,1428
GB-016314,False,740
GB-016315,False,23
GB-016316,True,476
GB-016317,False,68
GB-016318,False,953
GB-016319,True,705
GB-016320,False,326
GB-016321,False,609
GB-016322,False,506
GB-016323,False,1025
GB-016324,True,812
GB-016325,False,1496
GB-016326,False,1436
GB-016327,True,595
GB-016328,False,389
GB-016329,False,795
GB-016330,False,895
GB-016331,False,895
GB-016332,False,1316
GB-016333,True,1235
GB-016334,True,1041
GB-016335,False,943
GB-016336,False,587
GB-016337,True,117
GB-016338,False,1335
GB-016339,False,177
GB-016340,False,713
GB-016341,True,979
GB-016342,True,1030
GB-016343,False,114
GB-016344,True,227
GB-016345,False,1492
GB-016346,True,274
GB-016347,False,702
GB-016348,True,161
GB-016349,True,1305
GB-016350,False,924
GB-016351,False,815
GB-016352,False,1483
GB-016353,False,1498
GB-016354,True,1348
GB-016355,False,631
GB-016356,False,121
GB-016357,True,796
GB-016358,False,966
GB-016359,True,987
GB-016360,True,1142
GB-016361,False,1313
GB-016362,False,1308
GB-016363,False,470
GB-016364,False,432
GB-016365,False,535
GB-016366,False,359
GB-016367,False,181
GB-016368,False,680
GB-016369,True,380
GB-016370,True,8
GB-016371,True,1072
GB-016372,True,1104
GB-016373,True,875
GB-016374,True,1495
GB-016375,False,1148
GB-016376,False,1451
GB-016377,False,1354
GB-016378,True,1062
GB-016379,False,720
GB-016380,False,1452
GB-016381,False,56
GB-016382,True,1075
GB-016383,False,884
GB-016384,False,1032
GB-016385,True,662
GB-016386,False,970
GB-016387,False,1155
GB-016388,True,397
GB-016389,True,1034
GB-016390,False,562
GB-016391,False,822
GB-016392,False,1113
GB-016393,True,1004
GB-016394,True,76
GB-016395,True,138
GB-016396,False,1009
GB-016397,False,1075
GB-016398,False,298
GB-016399,False,622
GB-016400,True,1156
GB-016401,True,954
GB-016402,False,1024
GB-016403,False,1112
GB-016404,False,964
GB-016405,True,709
GB-016406,False,137
GB-016407,False,342
GB-016408,False,916
GB-016409,False,1220
GB-016410,False,768
GB-016411,False,453
GB-016412,True,380
GB-016413,False,56
GB-016414,False,1380
GB-016415,False,635
GB-016416,False,1357
GB-016417,True,973
GB-016418,False,105
GB-016419,False,1198
GB-016420,False,201
GB-016421,True,1228
GB-016422,False,262
GB-016423,False,681
GB-016424,False,669
GB-016425,True,1242
GB-016426,False,1186
GB-016427,True,395
GB-016428,False,1135
GB-016429,False,133
GB-016430,True,896
GB-016431,False,404
GB-016432,True,384
GB-016433,True,111
GB-016434,True,469
GB-016435,True,590
GB-016436,True,346
GB-016437,False,439
GB-016438,False,270
GB-016439,True,1107
GB-016440,False,453
GB-016441,False,204
GB-016442,False,156
GB-016443,True,1288
GB-016444,False,1076
GB-016445,True,928
GB-016446,True,370
GB-016447,False,423
GB-016448,True,1302
GB-016449,True,1462
GB-016450,False,959
GB-016451,False,107
GB-016452,True,360
GB-016453,False,74
GB-016454,False,603
GB-016455,True,572
GB-016456,False,1385
GB-016457,False,272
GB-016458,False,127
GB-016459,True,367
GB-016460,True,1077
GB-016461,False,785
GB-016462,True,820
GB-016463,True,927
GB-016464,True,1173
GB-016465,False,54
GB-016466,True,804
GB-016467,False,481
GB-016468,False,549
GB-016469,True,319
GB-016470,False,1327
GB-016471,False,1482
GB-016472,True,869
GB-016473,False,785
GB-016474,False,885
GB-016475,False,1059
GB-016476,False,438
GB-016477,True,975
GB-016478,False,803
GB-016479,False,716
GB-016480,False,219
GB-016481,False,1200
GB-016482,True,905
GB-016483,True,1461
GB-016484,False,693
GB-016485,False,1084
GB-016486,False,1053
GB-016487,True,17
GB-016488,False,1390
GB-016489,False,635
GB-016490,False,125
GB-016491,False,1128
GB-016492,False,1016
GB-016493,False,1376
GB-016494,False,152
GB-016495,False,406
GB-016496,True,870
GB-016497,True,643
GB-016498,False,411
GB-016499,False,915
GB-016500,False,73
GB-016501,False,1325
GB-016502,True,966
GB-016503,True,141
GB-016504,True,536
GB-016505,False,576
GB-016506,True,225
GB-016507,True,713
GB-016508,False,1351
GB-016509,False,287
GB-016510,False,988
GB-016511,False,465
GB-016512,True,222
GB-016513,False,1325
GB-016514,False,884
GB-016515,True,1322
GB-016516,False,652
GB-016517,False,954
GB-016518,False,731
GB-016519,False,1331
GB-016520,True,580
GB-016521,False,398
GB-016522,False,555
GB-016523,True,321
GB-016524,False,1158
GB-016525,False,775
GB-016526,False,443
GB-016527,False,1494
GB-016528,True,253
GB-016529,True,130
GB-016530,False,1486
GB-016531,True,1135
GB-016532,False,50
GB-016533,True,699
GB-016534,False,697
GB-016535,True,458
GB-016536,False,367
GB-016537,True,1120
GB-016538,False,489
GB-016539,False,1381
GB-016540,False,476
GB-016541,False,780
GB-016542,False,395
GB-016543,True,430
GB-016544,True,937
GB-016545,False,347
GB-016546,False,1273
GB-016547,False,1245
GB-016548,False,1398
GB-016549,True,160
GB-016550,True,762
GB-016551,True,503
GB-016552,True,1210
GB-016553,False,1443
GB-016554,False,205
GB-016555,False,812
GB-016556,True,462
GB-016557,False,209
GB-016558,False,796
GB-016559,False,1242
GB-016560,False,1313
GB-016561,False,445
GB-016562,False,519
GB-016563,False,387
GB-016564,True,336
GB-016565,False,185
GB-016566,False,388
GB-016567,False,468
GB-016568,True,1269
GB-016569,False,66
GB-016570,False,1488
GB-016571,False,75
GB-016572,True,555
GB-016573,False,674
GB-016574,True,454
GB-016575,True,1377
GB-016576,True,123
GB-016577,True,258
GB-016578,False,490
GB-016579,False,780
GB-016580,False,1274
GB-016581,True,277
GB-016582,True,1293
GB-016583,True,289
GB-016584,True,972
GB-016585,True,1258
GB-016586,True,1265
GB-016587,False,516
GB-016588,False,1286
GB-016589,False,1187
GB-016590,False,1398
GB-016591,True,1456
GB-016592,False,991
GB-016593,False,565
GB-016594,False,521
GB-016595,True,11
GB-016596,False,904
GB-016597,False,782
GB-016598,True,294
GB-016599,False,291
GB-016600,False,910
GB-016601,False,1376
GB-016602,False,615
GB-016603,True,172
GB-016604,True,893
GB-016605,False,1277
GB-016606,True,436
GB-016607,False,909
GB-016608,False,1316
GB-016609,True,876
GB-016610,True,784
GB-016611,False,101
GB-016612,False,1019
GB-016613,True,492
GB-016614,True,412
GB-016615,True,23
GB-016616,True,570
GB-016617,True,1387
GB-016618,True,12
GB-016619,True,160
GB-016620,True,587
GB-016621,False,246
GB-016622,False,463
GB-016623,False,341
GB-016624,True,1332
GB-016625,False,841
GB-016626,False,639
GB-016627,False,990
GB-016628,False,1411
GB-016629,False,925
GB-016630,False,459
GB-016631,False,1375
GB-016632,False,983
GB-016633,False,1365
GB-016634,False,1447
GB-016635,True,1364
GB-016636,False,1328
GB-016637,False,522
GB-016638,True,643
GB-016639,True,375
GB-016640,True,637
GB-016641,True,772
GB-016642,False,813
GB-016643,False,554
GB-016644,False,1183
GB-016645,True,908
GB-016646,False,1032
GB-016647,False,968
GB-016648,False,16
GB-016649,False,1337
GB-016650,False,1038
GB-016651,False,961
GB-016652,False,1076
GB-016653,True,114
GB-016654,False,926
GB-016655,False,1313
GB-016656,True,451
GB-016657,True,54
GB-016658,False,1142
GB-016659,False,1293
GB-016660,False,832
GB-016661,False,1181
GB-016662,True,284
GB-016663,False,1386
GB-016664,False,778
GB-016665,False,1118
GB-016666,True,891
GB-016667,False,9
GB-016668,True,176
GB-016669,False,71
GB-016670,False,340
GB-016671,False,1147
GB-016672,False,926
GB-016673,False,503
GB-016674,False,1314
GB-016675,False,147
GB-016676,False,1047
GB-016677,False,1339
GB-016678,True,754
GB-016679,False,355
GB-016680,False,800
GB-016681,False,651
GB-016682,False,143
GB-016683,True,990
GB-016684,False,1016
GB-016685,False,118
GB-016686,False,658
GB-016687,True,1237
GB-016688,False,1242
GB-016689,False,707
GB-016690,True,606
GB-016691,False,338
GB-016692,False,1278
GB-016693,False,1495
GB-016694,True,579
GB-016695,False,78
GB-016696,False,812
GB-016697,True,1080
GB-016698,False,1192
GB-016699,True,760
GB-016700,True,1199
GB-016701,False,37
GB-016702,True,1096
GB-016703,False,1424
GB-016704,True,192
GB-016705,False,541
GB-016706,False,376
GB-016707,True,135
GB-016708,False,1139
GB-016709,False,1308
GB-016710,False,508
GB-016711,False,845
GB-016712,False,611
GB-016713,False,51
GB-016714,False,1130
GB-016715,False,83
GB-016716,False,205
GB-016717,False,1261
GB-016718,False,243
GB-016719,False,573
GB-016720,False,420
GB-016721,False,425
GB-016722,False,522
GB-016723,False,1064
GB-016724,False,1106
GB-016725,True,678
GB-016726,True,383
GB-016727,True,157
GB-016728,False,986
GB-016729,True,592
GB-016730,False,617
GB-016731,False,366
GB-016732,True,537
GB-016733,True,255
GB-016734,False,381
GB-016735,True,1447
GB-016736,True,853
GB-016737,False,907
GB-016738,False,55
GB-016739,False,322
GB-016740,False,422
GB-016741,True,1368
GB-016742,False,1026
GB-016743,True,1042
GB-016744,True,142
GB-016745,True,79
GB-016746,False,271
GB-016747,True,1236
GB-016748,True,1036
GB-016749,True,1000
GB-016750,True,1478
GB-016751,True,1490
GB-016752,True,757
GB-016753,False,581
GB-016754,True,226
GB-016755,False,1032
GB-016756,False,125
GB-016757,True,497
GB-016758,False,762
GB-016759,True,463
GB-016760,True,38
GB-016761,True,735
GB-016762,False,858
GB-016763,False,478
GB-016764,False,164
GB-016765,False,354
GB-016766,False,1327
GB-016767,False,713
GB-016768,True,788
GB-016769,True,974
GB-016770,False,1369
GB-016771,False,890
GB-016772,False,343
GB-016773,False,989
GB-016774,True,1472
GB-016775,False,332
GB-016776,False,904
GB-016777,True,1478
GB-016778,False,169
GB-016779,False,1147
GB-016780,True,607
GB-016781,True,644
GB-016782,False,719
GB-016783,True,1247
GB-016784,True,620
GB-016785,False,225
GB-016786,True,137
GB-016787,True,430
GB-016788,False,159
GB-016789,False,824
GB-016790,False,1197
GB-016791,True,304
GB-016792,False,1070
GB-016793,False,929
GB-016794,False,341
GB-016795,False,352
GB-016796,False,1217
GB-016797,False,1441
GB-016798,False,1365
GB-016799,True,1435
GB-016800,False,167
GB-016801,False,1395
GB-016802,False,1439
GB-016803,False,1418
GB-016804,False,990
GB-016805,False,531
GB-016806,False,253
GB-016807,True,767
GB-016808,False,733
GB-016809,False,954
GB-016810,False,1012
GB-016811,True,944
GB-016812,False,1168
GB-016813,False,1464
GB-016814,False,569
GB-016815,True,511
GB-016816,True,996
GB-016817,False,116
GB-016818,True,656
GB-016819,False,1459
GB-016820,False,557
GB-016821,False,1056
GB-016822,True,528
GB-016823,True,396
GB-016824,False,365
GB-016825,True,639
GB-016826,True,25
GB-016827,False,489
GB-016828,False,1252
GB-016829,False,188
GB-016830,True,1123
GB-016831,False,1352
GB-016832,True,804
GB-016833,True,141
GB-016834,False,693
GB-016835,False,931
GB-016836,False,1087
GB-016837,True,968
GB-016838,False,479
GB-016839,True,1251
GB-016840,True,133
GB-016841,False,1366
GB-016842,False,511
GB-016843,False,438
GB-016844,False,83
GB-016845,False,692
GB-016846,False,406
GB-016847,False,618
GB-016848,False,715
GB-016849,True,441
GB-016850,True,17
GB-016851,False,452
GB-016852,False,919
GB-016853,True,979
GB-016854,True,111
GB-016855,True,942
GB-016856,False,1031
GB-016857,True,292
GB-016858,False,851
GB-016859,True,926
GB-016860,False,178
GB-016861,False,1290
GB-016862,True,604
GB-016863,True,106
GB-016864,False,776
GB-016865,False,1129
GB-016866,True,1364
GB-016867,True,25
GB-016868,False,644
GB-016869,True,285
GB-016870,True,41
GB-016871,False,1456
GB-016872,True,1057
GB-016873,True,1043
GB-016874,False,1347
GB-016875,False,342
GB-016876,False,792
GB-016877,False,950
GB-016878,False,1317
GB-016879,False,206
GB-016880,False,1080
GB-016881,False,371
GB-016882,False,1177
GB-016883,True,848
GB-016884,False,845
GB-016885,False,792
GB-016886,False,323
GB-016887,False,1350
GB-016888,False,1249
GB-016889,True,1043
GB-016890,False,1179
GB-016891,False,1040
GB-016892,True,934
GB-016893,False,232
GB-016894,False,847
GB-016895,True,1494
GB-016896,True,292
GB-016897,True,738
GB-016898,False,187
GB-016899,True,1273
GB-016900,True,575
GB-016901,False,933
GB-016902,True,383
GB-016903,True,216
GB-016904,False,878
GB-016905,False,214
GB-016906,False,964
GB-016907,False,98
GB-016908,True,271
GB-016909,False,242
GB-016910,False,1114
GB-016911,False,710
GB-016912,False,449
GB-016913,False,876
GB-016914,False,989
GB-016915,False,230
GB-016916,False,1140
GB-016917,False,566
GB-016918,True,1348
GB-016919,False,1463
GB-016920,False,693
GB-016921,False,1102
GB-016922,False,918
GB-016923,True,1180
GB-016924,True,963
GB-016925,True,907
GB-016926,False,109
GB-016927,False,704
GB-016928,False,1192
GB-016929,True,1208
GB-016930,False,1068
GB-016931,False,1191
GB-016932,False,1100
GB-016933,True,916
GB-016934,False,1298
GB-016935,False,184
GB-016936,False,1425
GB-016937,False,1233
GB-016938,True,272
GB-016939,True,1237
GB-016940,False,1183
GB-016941,True,1201
GB-016942,False,1374
GB-016943,False,812
GB-016944,True,742
GB-016945,False,1165
GB-016946,False,536
GB-016947,False,260
GB-016948,False,115
GB-016949,True,965
GB-016950,False,85
GB-016951,True,642
GB-016952,False,243
GB-016953,False,27
GB-016954,False,1399
GB-016955,False,173
GB-016956,False,444
GB-016957,False,484
GB-016958,True,1496
GB-016959,True,103
GB-016960,False,742
GB-016961,False,661
GB-016962,False,917
GB-016963,False,1468
GB-016964,True,608
GB-016965,True,109
GB-016966,False,708
GB-016967,True,620
GB-016968,False,515
GB-016969,True,1138
GB-016970,True,821
GB-016971,False,738
GB-016972,True,786
GB-016973,False,1446
GB-016974,True,1096
GB-016975,True,922
GB-016976,True,1285
GB-016977,False,674
GB-016978,True,695
GB-016979,False,220
GB-016980,True,544
GB-016981,False,357
GB-016982,True,1074
GB-016983,False,423
GB-016984,True,10
GB-016985,True,615
GB-016986,False,373
GB-016987,False,225
GB-016988,True,1240
GB-016989,True,851
GB-016990,True,971
GB-016991,False,1343
GB-016992,False,570
GB-016993,False,412
GB-016994,False,820
GB-016995,False,259
GB-016996,True,871
GB-016997,False,1001
GB-016998,True,1138
GB-016999,True,1133
GB-017000,False,408
GB-017001,False,287
GB-017002,False,1051
GB-017003,True,1222
GB-017004,True,365
GB-017005,False,1377
GB-017006,False,203
GB-017007,True,1324
GB-017008,False,613
GB-017009,True,878
GB-017010,False,795
GB-017011,False,1048
GB-017012,False,1336
GB-017013,True,1166
GB-017014,True,525
GB-017015,False,1277
GB-017016,True,814
GB-017017,True,386
GB-017018,True,1095
GB-017019,False,1219
GB-017020,False,553
GB-017021,True,1189
GB-017022,True,887
GB-017023,False,365
GB-017024,False,87
GB-017025,False,1163
GB-017026,True,495
GB-017027,False,385
GB-017028,False,268
GB-017029,False,487
GB-017030,True,461
GB-017031,True,1432
GB-017032,True,260
GB-017033,False,343
GB-017034,False,1250
GB-017035,False,1437
GB-017036,True,860
GB-017037,True,1234
GB-017038,False,1451
GB-017039,False,421
GB-017040,True,256
GB-017041,True,559
GB-017042,False,441
GB-017043,False,408
GB-017044,False,1048
GB-017045,False,213
GB-017046,False,942
GB-017047,True,97
GB-017048,False,1043
GB-017049,True,232
GB-017050,True,700
GB-017051,True,266
GB-017052,False,557
GB-017053,False,1337
GB-017054,False,1459
GB-017055,False,536
GB-017056,True,508
GB-017057,False,1418
GB-017058,False,1075
GB-017059,True,839
GB-017060,False,438
GB-017061,False,731
GB-017062,False,885
GB-017063,False,924
GB-017064,False,748
GB-017065,True,309
GB-017066,True,41
GB-017067,False,1024
GB-017068,False,1461
GB-017069,True,230
GB-017070,False,454
GB-017071,True,1156
GB-017072,False,1121
GB-017073,True,972
GB-017074,False,1427
GB-017075,True,73
GB-017076,True,403
GB-017077,False,594
GB-017078,True,1152
GB-017079,False,241
GB-017080,False,933
GB-017081,False,1134
GB-017082,False,1057
GB-017083,False,1330
GB-017084,False,1235
GB-017085,False,1182
GB-017086,False,600
GB-017087,True,511
GB-017088,False,1010
GB-017089,False,1214
GB-017090,False,356
GB-017091,False,1199
GB-017092,False,790
GB-017093,False,840
GB-017094,False,1477
GB-017095,False,350
GB-017096,False,823
GB-017097,True,124
GB-017098,False,133
GB-017099,True,301
GB-017100,True,1130
GB-017101,False,958
GB-017102,True,639
GB-017103,False,269
GB-017104,False,1007
GB-017105,True,1313
GB-017106,False,757
GB-017107,False,974
GB-017108,False,128
GB-017109,True,294
GB-017110,False,685
GB-017111,False,323
GB-017112,False,426
GB-017113,False,479
GB-017114,False,658
GB-017115,True,593
GB-017116,True,1342
GB-017117,True,1444
GB-017118,False,211
GB-017119,False,1444
GB-017120,True,768
GB-017121,True,33
GB-017122,False,255
GB-017123,False,758
GB-017124,False,130
GB-017125,True,603
GB-017126,False,1485
GB-017127,True,1103
GB-017128,True,162
GB-017129,False,1146
GB-017130,False,1455
GB-017131,False,563
GB-017132,True,1406
GB-017133,False,287
GB-017134,False,477
GB-017135,True,480
GB-017136,False,765
GB-017137,True,55
GB-017138,True,578
GB-017139,False,525
GB-017140,False,915
GB-017141,False,783
GB-017142,True,361
GB-017143,False,1412
GB-017144,False,1239
GB-017145,True,733
GB-017146,True,1447
GB-017147,False,1157
GB-017148,False,112
GB-017149,False,325
GB-017150,False,1348
GB-017151,True,445
GB-017152,True,729
GB-017153,True,1461
GB-017154,False,1415
GB-017155,False,1067
GB-017156,False,1490
GB-017157,True,134
GB-017158,True,279
GB-017159,True,1492
GB-017160,True,1329
GB-017161,False,719
GB-017162,False,775
GB-017163,True,1447
GB-017164,False,210
GB-017165,False,529
GB-017166,False,1004
GB-017167,False,1036
GB-017168,True,641
GB-017169,True,50
GB-017170,True,428
GB-017171,False,236
GB-017172,True,783
GB-017173,False,787
GB-017174,True,212
GB-017175,True,1291
GB-017176,True,666
GB-017177,True,350
GB-017178,False,1433
GB-017179,True,708
GB-017180,False,37
GB-017181,False,310
GB-017182,True,1414
GB-017183,True,895
GB-017184,False,1458
GB-017185,False,786
GB-017186,False,985
GB-017187,True,39
GB-017188,False,377
GB-017189,True,1121
GB-017190,False,174
GB-017191,False,85
GB-017192,False,204
GB-017193,True,37
GB-017194,True,140
GB-017195,True,1470
GB-017196,False,1060
GB-017197,False,874
GB-017198,False,1477
GB-017199,False,733
GB-017200,True,1098
GB-017201,True,835
GB-017202,False,201
GB-017203,True,188
GB-017204,False,450
GB-017205,False,482
GB-017206,False,422
GB-017207,False,526
GB-017208,True,1042
GB-017209,True,998
GB-017210,True,54
GB-017211,False,971
GB-017212,True,5
GB-017213,True,1304
GB-017214,False,1245
GB-017215,True,1395
GB-017216,False,941
GB-017217,False,381
GB-017218,True,1201
GB-017219,False,129
GB-017220,False,838
GB-017221,False,1314
GB-017222,True,965
GB-017223,True,44
GB-017224,True,1155
GB-017225,False,1417
GB-017226,False,1435
GB-017227,False,515
GB-017228,True,384
GB-017229,True,75
GB-017230,True,562
GB-017231,False,1475
GB-017232,True,417
GB-017233,False,286
GB-017234,False,198
GB-017235,False,319
GB-017236,False,558
GB-017237,False,646
GB-017238,False,665
GB-017239,False,1076
GB-017240,False,254
GB-017241,False,391
GB-017242,True,800
GB-017243,True,653
GB-017244,False,1117
GB-017245,True,548
GB-017246,True,838
GB-017247,False,1138
GB-017248,True,1151
GB-017249,False,690
GB-017250,False,20
GB-017251,False,937
GB-017252,False,96
GB-017253,False,852
GB-017254,False,580
GB-017255,False,526
GB-017256,False,1267
GB-017257,False,1439
GB-017258,True,949
GB-017259,True,1124
GB-017260,False,441
GB-017261,False,1159
GB-017262,False,1233
GB-017263,True,459
GB-017264,True,1169
GB-017265,False,107
GB-017266,True,662
GB-017267,False,529
GB-017268,True,1093
GB-017269,False,1191
GB-017270,False,166
GB-017271,False,985
GB-017272,True,1295
GB-017273,True,1254
GB-017274,False,692
GB-017275,False,1492
GB-017276,False,82
GB-017277,False,220
GB-017278,False,69
GB-017279,False,1092
GB-017280,True,620
GB-017281,False,1052
GB-017282,False,1038
GB-017283,True,1166
GB-017284,False,1268
GB-017285,True,1019
GB-017286,True,556
GB-017287,False,629
GB-017288,True,1300
GB-017289,False,454
GB-017290,True,1347
GB-017291,False,415
GB-017292,False,210
GB-017293,False,954
GB-017294,False,1352
GB-017295,False,619
GB-017296,False,275
GB-017297,True,1285
GB-017298,False,1184
GB-017299,False,60
GB-017300,False,1422
GB-017301,False,1497
GB-017302,False,348
GB-017303,False,658
GB-017304,True,1242
GB-017305,False,1011
GB-017306,True,10
GB-017307,False,1174
GB-017308,False,1394
GB-017309,False,1271
GB-017310,False,1140
GB-017311,False,1263
GB-017312,False,407
GB-017313,True,235
GB-017314,False,88
GB-017315,False,1343
GB-017316,False,1301
GB-017317,True,663
GB-017318,True,169
GB-017319,True,1180
GB-017320,False,894
GB-017321,False,292
GB-017322,False,630
GB-017323,True,954
GB-017324,True,315
GB-017325,False,838
GB-017326,False,122
GB-017327,False,288
GB-017328,False,1092
GB-017329,False,428
GB-017330,False,1466
GB-017331,True,1065
GB-017332,True,408
GB-017333,False,677
GB-017334,True,1264
GB-017335,False,91
GB-017336,False,887
GB-017337,True,705
GB-017338,False,253
GB-017339,True,403
GB-017340,False,812
GB-017341,True,808
GB-017342,False,363
GB-017343,False,39
GB-017344,False,1200
GB-017345,False,98
GB-017346,False,1380
GB-017347,False,772
GB-017348,True,1152
GB-017349,False,302
GB-017350,True,1134
GB-017351,False,250
GB-017352,False,160
GB-017353,False,1326
GB-017354,False,131
GB-017355,False,1136
GB-017356,False,83
GB-017357,False,160
GB-017358,False,625
GB-017359,True,281
GB-017360,True,944
GB-017361,False,888
GB-017362,False,496
GB-017363,False,1176
GB-017364,True,1188
GB-017365,True,1126
GB-017366,False,626
GB-017367,True,1455
GB-017368,False,1225
GB-017369,False,859
GB-017370,False,358
GB-017371,True,530
GB-017372,False,360
GB-017373,True,983
GB-017374,False,811
GB-017375,False,1393
GB-017376,True,328
GB-017377,False,328
GB-017378,True,1297
GB-017379,False,1037
GB-017380,False,763
GB-017381,False,1377
GB-017382,True,1217
GB-017383,True,517
GB-017384,True,82
GB-017385,False,200
GB-017386,False,892
GB-017387,True,630
GB-017388,True,508
GB-017389,True,1048
GB-017390,False,658
GB-017391,True,1105
GB-017392,True,435
GB-017393,False,1035
GB-017394,True,667
GB-017395,True,558
GB-017396,False,1057
GB-017397,False,309
GB-017398,False,962
GB-017399,False,517
GB-017400,True,1098
GB-017401,False,557
GB-017402,False,36
GB-017403,False,459
GB-017404,True,1197
GB-017405,False,369
GB-017406,True,914
GB-017407,False,292
GB-017408,True,975
GB-017409,True,1088
GB-017410,False,1071
GB-017411,True,1173
GB-017412,False,824
GB-017413,False,274
GB-017414,False,294
GB-017415,False,168
GB-017416,True,925
GB-017417,False,10
GB-017418,False,667
GB-017419,False,927
GB-017420,True,350
GB-017421,True,1113
GB-017422,False,1265
GB-017423,False,1397
GB-017424,False,513
GB-017425,False,321
GB-017426,False,882
GB-017427,True,870
GB-017428,False,674
GB-017429,False,1199
GB-017430,True,626
GB-017431,False,1493
GB-017432,True,1258
GB-017433,True,1433
GB-017434,False,781
GB-017435,True,929
GB-017436,True,449
GB-017437,True,848
GB-017438,True,260
GB-017439,False,1297
GB-017440,False,967
GB-017441,False,1126
GB-017442,True,1130
GB-017443,True,86
GB-017444,False,832
GB-017445,True,545
GB-017446,False,393
GB-017447,True,1143
GB-017448,False,1079
GB-017449,False,1497
GB-017450,True,603
GB-017451,False,763
GB-017452,False,490
GB-017453,True,400
GB-017454,False,1409
GB-017455,False,581
GB-017456,True,496
GB-017457,True,525
GB-017458,False,1310
GB-017459,False,1018
GB-017460,False,603
GB-017461,False,1483
GB-017462,False,545
GB-017463,True,500
GB-017464,False,1451
GB-017465,True,330
GB-017466,False,356
GB-017467,True,535
GB-017468,True,935
GB-017469,True,192
GB-017470,False,554
GB-017471,False,632
GB-017472,False,1303
GB-017473,False,662
GB-017474,False,165
GB-017475,True,1133
GB-017476,False,374
GB-017477,False,694
GB-017478,False,325
GB-017479,False,979
GB-017480,True,1434
GB-017481,True,555
GB-017482,False,1036
GB-017483,False,972
GB-017484,False,215
GB-017485,False,667
GB-017486,False,1347
GB-017487,True,1029
GB-017488,False,820
GB-017489,False,745
GB-017490,False,529
GB-017491,True,1395
GB-017492,False,1438
GB-017493,False,797
GB-017494,False,592
GB-017495,False,346
GB-017496,False,310
GB-017497,False,252
GB-017498,False,1230
GB-017499,False,760
GB-017500,True,83
GB-017501,False,1145
GB-017502,False,655
GB-017503,True,779
GB-017504,False,393
GB-017505,True,1127
GB-017506,False,1147
GB-017507,False,303
GB-017508,True,570
GB-017509,False,50
GB-017510,True,445
GB-017511,False,1370
GB-017512,False,569
GB-017513,False,1339
GB-017514,False,1333
GB-017515,True,880
GB-017516,False,812
GB-017517,False,229
GB-017518,False,123
GB-017519,True,136
GB-017520,False,1394
GB-017521,False,428
GB-017522,True,1225
GB-017523,True,194
GB-017524,True,207
GB-017525,True,67
GB-017526,False,502
GB-017527,False,1059
GB-017528,False,574
GB-017529,False,1272
GB-017530,False,1194
GB-017531,True,345
GB-017532,False,417
GB-017533,False,987
GB-017534,False,419
GB-017535,False,575
GB-017536,True,937
GB-017537,False,492
GB-017538,True,1218
GB-017539,False,43
GB-017540,True,1375
GB-017541,False,452
GB-017542,False,28
GB-017543,False,1360
GB-017544,False,1034
GB-017545,False,378
GB-017546,True,171
GB-017547,True,535
GB-017548,False,720
GB-017549,False,1430
GB-017550,False,89
GB-017551,True,896
GB-017552,False,1451
GB-017553,False,1439
GB-017554,False,640
GB-017555,False,777
GB-017556,False,573
GB-017557,False,981
GB-017558,True,1208
GB-017559,False,717
GB-017560,True,886
GB-017561,False,1080
GB-017562,True,399
GB-017563,True,1496
GB-017564,False,1478
GB-017565,False,842
GB-017566,False,207
GB-017567,True,892
GB-017568,True,1465
GB-017569,False,762
GB-017570,True,814
GB-017571,False,277
GB-017572,False,104
GB-017573,True,715
GB-017574,False,1011
GB-017575,False,294
GB-017576,False,1235
GB-017577,False,529
GB-017578,False,951
GB-017579,True,1352
GB-017580,True,347
GB-017581,True,1094
GB-017582,True,217
GB-017583,False,1153
GB-017584,False,236
GB-017585,True,1119
GB-017586,False,214
GB-017587,False,1165
GB-017588,False,470
GB-017589,False,21
GB-017590,False,1382
GB-017591,False,845
GB-017592,False,224
GB-017593,False,1373
GB-017594,True,1122
GB-017595,False,1236
GB-017596,True,43
GB-017597,False,1410
GB-017598,True,553
GB-017599,False,506
GB-017600,True,914
GB-017601,False,383
GB-017602,True,569
GB-017603,False,875
GB-017604,False,1305
GB-017605,False,1047
GB-017606,True,1394
GB-017607,False,901
GB-017608,False,754
GB-017609,False,1237
GB-017610,True,569
GB-017611,False,1352
GB-017612,True,673
GB-017613,False,584
GB-017614,False,90
GB-017615,False,281
GB-017616,False,116
GB-017617,False,692
GB-017618,False,198
GB-017619,False,998
GB-017620,False,736
GB-017621,False,1120
GB-017622,False,608
GB-017623,True,1460
GB-017624,False,1473
GB-017625,False,277
GB-017626,True,655
GB-017627,True,1278
GB-017628,True,602
GB-017629,False,13
GB-017630,False,827
GB-017631,True,1459
GB-017632,True,1206
GB-017633,True,349
GB-017634,True,72
GB-017635,False,29
GB-017636,False,418
GB-017637,False,1105
GB-017638,False,1420
GB-017639,False,541
GB-017640,False,618
GB-017641,False,1274
GB-017642,True,836
GB-017643,False,1360
GB-017644,True,409
GB-017645,False,97
GB-017646,False,695
GB-017647,False,1433
GB-017648,False,695
GB-017649,False,521
GB-017650,False,176
GB-017651,False,567
GB-017652,True,843
GB-017653,False,770
GB-017654,False,390
GB-017655,False,1358
GB-017656,True,1129
GB-017657,False,470
GB-017658,True,1315
GB-017659,False,1151
GB-017660,False,71
GB-017661,False,468
GB-017662,False,613
GB-017663,False,338
GB-017664,True,1454
GB-017665,True,1113
GB-017666,False,1346
GB-017667,False,1090
GB-017668,True,487
GB-017669,True,1370
GB-017670,True,654
GB-017671,True,746
GB-017672,True,202
GB-017673,True,390
GB-017674,True,1116
GB-017675,False,808
GB-017676,False,683
GB-017677,True,81
GB-017678,False,132
GB-017679,False,1231
GB-017680,True,629
GB-017681,True,983
GB-017682,False,1230
GB-017683,True,1344
GB-017684,True,424
GB-017685,True,608
GB-017686,False,1050
GB-017687,False,349
GB-017688,True,590
GB-017689,False,676
GB-017690,True,778
GB-017691,True,1081
GB-017692,True,841
GB-017693,False,923
GB-017694,False,1362
GB-017695,True,675
GB-017696,True,666
GB-017697,False,1012
GB-017698,True,41
GB-017699,False,24
GB-017700,True,1447
GB-017701,False,1021
GB-017702,False,326
GB-017703,False,701
GB-017704,False,876
GB-017705,True,167
GB-017706,False,938
GB-017707,True,918
GB-017708,True,1307
GB-017709,False,20
GB-017710,False,866
GB-017711,False,991
GB-017712,True,333
GB-017713,True,60
GB-017714,False,1383
GB-017715,False,667
GB-017716,False,518
GB-017717,False,78
GB-017718,False,1327
GB-017719,False,416
GB-017720,True,545
GB-017721,True,755
GB-017722,False,9
GB-017723,True,11
GB-017724,False,55
GB-017725,False,386
GB-017726,False,912
GB-017727,True,798
GB-017728,False,782
GB-017729,False,1102
GB-017730,False,582
GB-017731,False,420
GB-017732,False,1489
GB-017733,False,1274
GB-017734,True,547
GB-017735,False,1069
GB-017736,False,1438
GB-017737,False,954
GB-017738,False,563
GB-017739,False,1019
GB-017740,False,656
GB-017741,True,251
GB-017742,False,313
GB-017743,False,1496
GB-017744,False,576
GB-017745,False,335
GB-017746,False,1056
GB-017747,True,586
GB-017748,False,130
GB-017749,True,1422
GB-017750,True,897
GB-017751,False,922
GB-017752,False,1488
GB-017753,True,1398
GB-017754,False,356
GB-017755,True,950
GB-017756,False,513
GB-017757,True,446
GB-017758,True,598
GB-017759,True,688
GB-017760,False,798
GB-017761,False,351
GB-017762,False,195
GB-017763,True,156
GB-017764,True,1141
GB-017765,False,259
GB-017766,False,934
GB-017767,False,372
GB-017768,True,795
GB-017769,False,664
GB-017770,True,1050
GB-017771,True,1022
GB-017772,False,1191
GB-017773,True,994
GB-017774,True,1183
GB-017775,False,927
GB-017776,False,92
GB-017777,True,975
GB-017778,False,179
GB-017779,False,1451
GB-017780,True,1358
GB-017781,False,414
GB-017782,False,248
GB-017783,True,161
GB-017784,False,1030
GB-017785,False,1116
GB-017786,False,1257
GB-017787,True,1247
GB-017788,True,1128
GB-017789,False,645
GB-017790,False,1262
GB-017791,True,14
GB-017792,True,936
GB-017793,False,376
GB-017794,True,352
GB-017795,True,306
GB-017796,False,906
GB-017797,True,850
GB-017798,False,622
GB-017799,True,920
GB-017800,True,110
GB-017801,True,716
GB-017802,True,1081
GB-017803,False,800
GB-017804,True,337
GB-017805,False,132
GB-017806,False,761
GB-017807,True,293
GB-017808,False,613
GB-017809,False,83
GB-017810,False,364
GB-017811,True,1025
GB-017812,False,357
GB-017813,True,573
GB-017814,True,246
GB-017815,False,846
GB-017816,True,1075
GB-017817,True,854
GB-017818,True,942
GB-017819,False,1437
GB-017820,True,805
GB-017821,False,1183
GB-017822,True,1202
GB-017823,False,453
GB-017824,True,1157
GB-017825,True,1406
GB-017826,False,928
GB-017827,True,1339
GB-017828,False,609
GB-017829,False,486
GB-017830,False,940
GB-017831,True,917
GB-017832,False,596
GB-017833,True,963
GB-017834,False,719
GB-017835,False,902
GB-017836,False,697
GB-017837,False,787
GB-017838,False,574
GB-017839,False,1141
GB-017840,True,177
GB-017841,False,246
GB-017842,False,23
GB-017843,False,1434
GB-017844,True,929
GB-017845,True,169
GB-017846,True,256
GB-017847,True,1233
GB-017848,True,604
GB-017849,True,7
GB-017850,False,55
GB-017851,False,146
GB-017852,False,367
GB-017853,False,302
GB-017854,True,1014
GB-017855,False,916
GB-017856,False,191
GB-017857,False,350
GB-017858,False,1450
GB-017859,True,428
GB-017860,False,81
GB-017861,True,751
GB-017862,True,453
GB-017863,False,869
GB-017864,False,796
GB-017865,False,262
GB-017866,False,570
GB-017867,False,472
GB-017868,False,1235
GB-017869,True,219
GB-017870,False,133
GB-017871,True,1094
GB-017872,True,886
GB-017873,False,90
GB-017874,False,1337
GB-017875,True,1297
GB-017876,True,554
GB-017877,False,1080
GB-017878,False,393
GB-017879,False,277
GB-017880,False,1244
GB-017881,False,159
GB-017882,True,1026
GB-017883,False,556
GB-017884,True,737
GB-017885,True,129
GB-017886,False,997
GB-017887,True,1497
GB-017888,False,1175
GB-017889,False,181
GB-017890,True,847
GB-017891,False,1135
GB-017892,False,557
GB-017893,True,664
GB-017894,True,171
GB-017895,True,808
GB-017896,True,347
GB-017897,False,32
GB-017898,True,793
GB-017899,True,1415
GB-017900,True,983
GB-017901,False,1372
GB-017902,True,911
GB-017903,True,1398
GB-017904,False,1349
GB-017905,True,687
GB-017906,True,202
GB-017907,False,29
GB-017908,True,695
GB-017909,False,913
GB-017910,True,752
GB-017911,False,1060
GB-017912,True,113
GB-017913,False,231
GB-017914,False,546
GB-017915,True,686
GB-017916,False,378
GB-017917,True,329
GB-017918,True,1408
GB-017919,False,901
GB-017920,True,138
GB-017921,False,1426
GB-017922,True,985
GB-017923,True,48
GB-017924,False,1206
GB-017925,True,524
GB-017926,False,461
GB-017927,True,1421
GB-017928,True,1006
GB-017929,True,989
GB-017930,False,234
GB-017931,False,435
GB-017932,True,1103
GB-017933,False,287
GB-017934,False,1138
GB-017935,False,331
GB-017936,False,495
GB-017937,False,58
GB-017938,True,907
GB-017939,True,529
GB-017940,False,69
GB-017941,False,1212
GB-017942,False,1320
GB-017943,False,213
GB-017944,False,48
GB-017945,False,1287
GB-017946,False,858
GB-017947,False,1102
GB-017948,True,1110
GB-017949,False,200
GB-017950,False,1429
GB-017951,True,1140
GB-017952,True,924
GB-017953,False,876
GB-017954,False,214
GB-017955,False,93
GB-017956,True,1078
GB-017957,True,1346
GB-017958,False,830
GB-017959,True,571
GB-017960,False,924
GB-017961,False,503
GB-017962,True,328
GB-017963,False,59
GB-017964,True,939
GB-017965,False,823
GB-017966,True,298
GB-017967,True,1479
GB-017968,False,653
GB-017969,False,1376
GB-017970,True,329
GB-017971,False,364
GB-017972,False,672
GB-017973,False,93
GB-017974,False,736
GB-017975,False,1007
GB-017976,False,344
GB-017977,True,973
GB-017978,True,1391
GB-017979,True,115
GB-017980,True,444
GB-017981,True,1315
GB-017982,False,147
GB-017983,False,1195
GB-017984,True,795
GB-017985,True,626
GB-017986,True,15
GB-017987,True,845
GB-017988,False,141
GB-017989,True,712
GB-017990,True,1171
GB-017991,False,841
GB-017992,False,189
GB-017993,False,1405
GB-017994,True,729
GB-017995,False,1463
GB-017996,False,470
GB-017997,False,739
GB-017998,True,978
GB-017999,True,491
GB-018000,True,1279
GB-018001,True,262
GB-018002,False,87
GB-018003,False,869
GB-018004,False,1473
GB-018005,True,22
GB-018006,False,155
GB-018007,False,74
GB-018008,True,1079
GB-018009,True,214
GB-018010,True,389
GB-018011,False,151
GB-018012,False,520
GB-018013,False,1429
GB-018014,True,1113
GB-018015,False,1116
GB-018016,True,1285
GB-018017,False,1393
GB-018018,False,326
GB-018019,True,244
GB-018020,False,1275
GB-018021,True,628
GB-018022,True,194
GB-018023,False,242
GB-018024,False,172
GB-018025,False,850
GB-018026,False,394
GB-018027,False,48
GB-018028,True,696
GB-018029,False,1227
GB-018030,False,924
GB-018031,False,1145
GB-018032,False,20
GB-018033,True,205
GB-018034,False,1250
GB-018035,False,378
GB-018036,False,1323
GB-018037,False,675
GB-018038,False,1244
GB-018039,False,1235
GB-018040,False,250
GB-018041,True,1440
GB-018042,False,886
GB-018043,True,1165
GB-018044,True,1111
GB-018045,False,21
GB-018046,True,702
GB-018047,False,1444
GB-018048,True,801
GB-018049,False,501
GB-018050,False,721
GB-018051,True,218
GB-018052,True,818
GB-018053,False,933
GB-018054,True,1206
GB-018055,False,1276
GB-018056,True,1016
GB-018057,False,679
GB-018058,False,266
GB-018059,True,1172
GB-018060,True,1147
GB-018061,True,964
GB-018062,False,1490
GB-018063,False,1499
GB-018064,True,213
GB-018065,False,993
GB-018066,True,1168
GB-018067,False,252
GB-018068,False,941
GB-018069,True,1334
GB-018070,False,836
GB-018071,False,1394
GB-018072,False,580
GB-018073,True,1419
GB-018074,True,159
GB-018075,False,1061
GB-018076,True,826
GB-018077,False,425
GB-018078,False,309
GB-018079,False,1112
GB-018080,True,606
GB-018081,False,603
GB-018082,False,674
GB-018083,False,12
GB-018084,False,244
GB-018085,True,1239
GB-018086,False,661
GB-018087,False,152
GB-018088,True,1418
GB-018089,False,1048
GB-018090,False,439
GB-018091,False,1159
GB-018092,False,258
GB-018093,False,798
GB-018094,False,1150
GB-018095,False,1001
GB-018096,False,456
GB-018097,True,359
GB-018098,False,171
GB-018099,True,132
GB-018100,False,1429
GB-018101,True,271
GB-018102,True,403
GB-018103,False,750
GB-018104,True,330
GB-018105,False,294
GB-018106,False,1058
GB-018107,False,476
GB-018108,False,39
GB-018109,False,866
GB-018110,False,22
GB-018111,True,732
GB-018112,True,1431
GB-018113,True,277
GB-018114,False,1276
GB-018115,True,998
GB-018116,True,196
GB-018117,True,120
GB-018118,False,189
GB-018119,True,84
GB-018120,False,419
GB-018121,False,64
GB-018122,False,1476
GB-018123,True,667
GB-018124,True,1041
GB-018125,False,499
GB-018126,True,372
GB-018127,True,819
GB-018128,True,975
GB-018129,False,1248
GB-018130,True,966
GB-018131,True,1347
GB-018132,True,670
GB-018133,True,1020
GB-018134,True,880
GB-018135,True,1117
GB-018136,False,126
GB-018137,True,955
GB-018138,False,984
GB-018139,False,805
GB-018140,True,408
GB-018141,False,1178
GB-018142,True,779
GB-018143,True,1420
GB-018144,True,55
GB-018145,True,1197
GB-018146,True,1015
GB-018147,False,837
GB-018148,False,1415
GB-018149,False,898
GB-018150,True,548
GB-018151,False,828
GB-018152,True,1142
GB-018153,False,1178
GB-018154,False,1174
GB-018155,False,1408
GB-018156,True,901
GB-018157,False,1007
GB-018158,True,449
GB-018159,True,1249
GB-018160,True,1028
GB-018161,False,961
GB-018162,False,120
GB-018163,False,1148
GB-018164,True,1003
GB-018165,True,454
GB-018166,True,28
GB-018167,False,1323
GB-018168,True,316
GB-018169,True,163
GB-018170,True,497
GB-018171,False,270
GB-018172,True,973
GB-018173,True,916
GB-018174,False,1183
GB-018175,False,633
GB-018176,True,622
GB-018177,False,1470
GB-018178,False,122
GB-018179,False,1199
GB-018180,False,115
GB-018181,False,867
GB-018182,False,11
GB-018183,True,487
GB-018184,True,903
GB-018185,False,1074
GB-018186,False,761
GB-018187,False,441
GB-018188,True,1157
GB-018189,False,299
GB-018190,False,1255
GB-018191,False,1365
GB-018192,True,1389
GB-018193,True,217
GB-018194,True,171
GB-018195,True,992
GB-018196,True,326
GB-018197,False,424
GB-018198,False,478
GB-018199,False,1378
GB-018200,True,1448
GB-018201,True,1172
GB-018202,False,1323
GB-018203,False,1248
GB-018204,False,309
GB-018205,False,703
GB-018206,False,1327
GB-018207,False,1213
GB-018208,True,873
GB-018209,True,793
GB-018210,False,322
GB-018211,False,796
GB-018212,False,1446
GB-018213,True,1473
GB-018214,False,698
GB-018215,False,173
GB-018216,False,1329
GB-018217,False,386
GB-018218,True,464
GB-018219,False,1425
GB-018220,True,670
GB-018221,False,987
GB-018222,False,342
GB-018223,False,356
GB-018224,False,810
GB-018225,True,950
GB-018226,True,89
GB-018227,True,1219
GB-018228,False,1040
GB-018229,False,1068
GB-018230,True,318
GB-018231,True,1100
GB-018232,True,884
GB-018233,False,962
GB-018234,False,212
GB-018235,False,481
GB-018236,False,1316
GB-018237,False,118
GB-018238,True,1316
GB-018239,False,590
GB-018240,False,696
GB-018241,False,147
GB-018242,True,812
GB-018243,False,1464
GB-018244,True,184
GB-018245,True,126
GB-018246,True,1170
GB-018247,False,1311
GB-018248,False,75
GB-018249,False,1117
GB-018250,False,1190
GB-018251,False,637
GB-018252,False,850
GB-018253,True,393
GB-018254,False,1086
GB-018255,True,928
GB-018256,False,1272
GB-018257,False,361
GB-018258,False,533
GB-018259,False,523
GB-018260,False,149
GB-018261,True,654
GB-018262,False,1250
GB-018263,True,1120
GB-018264,False,823
GB-018265,True,1015
GB-018266,False,421
GB-018267,False,1180
GB-018268,False,650
GB-018269,True,1337
GB-018270,True,789
GB-018271,False,217
GB-018272,False,851
GB-018273,False,757
GB-018274,True,38
GB-018275,True,167
GB-018276,False,91
GB-018277,False,858
GB-018278,False,930
GB-018279,True,1339
GB-018280,False,1014
GB-018281,False,1373
GB-018282,True,1029
GB-018283,False,862
GB-018284,True,993
GB-018285,False,1021
GB-018286,True,1265
GB-018287,False,1038
GB-018288,True,535
GB-018289,True,624
GB-018290,False,1173
GB-018291,True,914
GB-018292,True,1466
GB-018293,False,1070
GB-018294,True,1305
GB-018295,True,1059
GB-018296,False,459
GB-018297,False,911
GB-018298,False,1043
GB-018299,True,720
GB-018300,True,1030
GB-018301,False,1456
GB-018302,False,720
GB-018303,True,70
GB-018304,False,778
GB-018305,False,820
GB-018306,True,685
GB-018307,False,1148
GB-018308,False,1025
GB-018309,True,304
GB-018310,False,392
GB-018311,False,225
GB-018312,True,1476
GB-018313,False,450
GB-018314,False,719
GB-018315,False,1468
GB-018316,False,1466
GB-018317,True,989
GB-018318,True,1157
GB-018319,False,992
GB-018320,True,356
GB-018321,False,928
GB-018322,True,923
GB-018323,False,931
GB-018324,False,1306
GB-018325,True,1215
GB-018326,False,793
GB-018327,False,151
GB-018328,False,1471
GB-018329,True,1372
GB-018330,False,11
GB-018331,True,1193
GB-018332,False,1018
GB-018333,True,895
GB-018334,False,157
GB-018335,True,1077
GB-018336,False,1104
GB-018337,True,1498
GB-018338,False,772
GB-018339,False,1426
GB-018340,True,1342
GB-018341,False,954
GB-018342,False,1443
GB-018343,False,1278
GB-018344,True,684
GB-018345,True,89
GB-018346,False,840
GB-018347,True,86
GB-018348,False,25
GB-018349,False,624
GB-018350,True,1122
GB-018351,True,1427
GB-018352,True,427
GB-018353,True,1309
GB-018354,True,603
GB-018355,True,827
GB-018356,False,36
GB-018357,True,1365
GB-018358,True,257
GB-018359,False,888
GB-018360,False,974
GB-018361,False,1431
GB-018362,False,67
GB-018363,False,900
GB-018364,False,960
GB-018365,False,883
GB-018366,True,473
GB-018367,False,1356
GB-018368,True,1026
GB-018369,False,1413
GB-018370,False,836
GB-018371,True,987
GB-018372,True,1125
GB-018373,False,1365
GB-018374,False,500
GB-018375,True,1082
GB-018376,False,163
GB-018377,False,119
GB-018378,True,148
GB-018379,False,934
GB-018380,False,676
GB-018381,True,141
GB-018382,False,261
GB-018383,False,355
GB-018384,False,983
GB-018385,False,145
GB-018386,True,411
GB-018387,False,64
GB-018388,False,756
GB-018389,False,72
GB-018390,True,1387
GB-018391,True,1483
GB-018392,False,551
GB-018393,False,3
GB-018394,False,1133
GB-018395,False,600
GB-018396,True,881
GB-018397,True,1295
GB-018398,True,1038
GB-018399,False,1376
GB-018400,True,48
GB-018401,True,478
GB-018402,False,439
GB-018403,False,660
GB-018404,True,124
GB-018405,False,1291
GB-018406,False,863
GB-018407,False,1028
GB-018408,True,760
GB-018409,False,1283
GB-018410,False,439
GB-018411,False,510
GB-018412,False,805
GB-018413,False,825
GB-018414,False,170
GB-018415,True,886
GB-018416,True,359
GB-018417,True,885
GB-018418,False,1039
GB-018419,False,972
GB-018420,False,29
GB-018421,False,1460
GB-018422,True,223
GB-018423,False,244
GB-018424,False,656
GB-018425,True,338
GB-018426,False,676
GB-018427,False,48
GB-018428,False,1398
GB-018429,False,345
GB-018430,False,682
GB-018431,True,401
GB-018432,False,1017
GB-018433,False,1411
GB-018434,True,704
GB-018435,True,717
GB-018436,False,1361
GB-018437,False,897
GB-018438,False,171
GB-018439,False,1033
GB-018440,True,968
GB-018441,True,892
GB-018442,True,865
GB-018443,False,1212
GB-018444,True,380
GB-018445,False,284
GB-018446,False,1040
GB-018447,True,371
GB-018448,True,225
GB-018449,True,1092
GB-018450,True,666
GB-018451,True,44
GB-018452,False,820
GB-018453,False,1057
GB-018454,False,627
GB-018455,True,560
GB-018456,False,636
GB-018457,True,1092
GB-018458,True,403
GB-018459,True,836
GB-018460,False,1099
GB-018461,False,1447
GB-018462,False,844
GB-018463,True,1405
GB-018464,False,906
GB-018465,True,577
GB-018466,True,529
GB-018467,False,1318
GB-018468,False,731
GB-018469,True,536
GB-018470,True,1060
GB-018471,True,797
GB-018472,False,208
GB-018473,False,604
GB-018474,False,401
GB-018475,True,363
GB-018476,False,215
GB-018477,False,384
GB-018478,True,239
GB-018479,True,592
GB-018480,False,1442
GB-018481,False,928
GB-018482,False,1398
GB-018483,True,717
GB-018484,False,952
GB-018485,False,124
GB-018486,True,1065
GB-018487,True,1452
GB-018488,True,654
GB-018489,False,1368
GB-018490,False,826
GB-018491,False,1012
GB-018492,True,1272
GB-018493,False,47
GB-018494,False,1387
GB-018495,True,735
GB-018496,True,1095
GB-018497,False,192
GB-018498,True,1496
GB-018499,True,891
GB-018500,False,445
GB-018501,True,995
GB-018502,False,995
GB-018503,False,51
GB-018504,True,1046
GB-018505,False,454
GB-018506,False,181
GB-018507,False,13
GB-018508,True,525
GB-018509,True,993
GB-018510,True,739
GB-018511,False,1413
GB-018512,False,571
GB-018513,False,80
GB-018514,False,220
GB-018515,False,902
GB-018516,True,594
GB-018517,False,756
GB-018518,False,1167
GB-018519,False,1101
GB-018520,True,464
GB-018521,False,1345
GB-018522,False,30
GB-018523,True,646
GB-018524,True,1441
GB-018525,True,500
GB-018526,False,984
GB-018527,False,677
GB-018528,False,183
GB-018529,False,1089
GB-018530,False,1055
GB-018531,False,1493
GB-018532,False,636
GB-018533,True,691
GB-018534,False,236
GB-018535,False,463
GB-018536,False,1482
GB-018537,False,456
GB-018538,False,805
GB-018539,True,289
GB-018540,False,1008
GB-018541,False,1368
GB-018542,True,689
GB-018543,False,10
GB-018544,True,804
GB-018545,False,297
GB-018546,False,378
GB-018547,True,1096
GB-018548,False,1066
GB-018549,False,979
GB-018550,False,1305
GB-018551,False,1114
GB-018552,False,1217
GB-018553,True,331
GB-018554,False,157
GB-018555,False,1379
GB-018556,False,208
GB-018557,False,605
GB-018558,False,450
GB-018559,True,183
GB-018560,False,891
GB-018561,False,1415
GB-018562,True,1037
GB-018563,False,586
GB-018564,False,1104
GB-018565,True,876
GB-018566,False,908
GB-018567,False,758
GB-018568,False,896
GB-018569,False,183
GB-018570,False,642
GB-018571,False,15
GB-018572,False,992
GB-018573,False,330
GB-018574,False,1040
GB-018575,True,1208
GB-018576,False,582
GB-018577,False,821
GB-018578,False,1333
GB-018579,True,644
GB-018580,True,1039
GB-018581,False,299
GB-018582,False,1081
GB-018583,False,636
GB-018584,False,556
GB-018585,False,1482
GB-018586,True,1390
GB-018587,False,1462
GB-018588,True,1234
GB-018589,True,320
GB-018590,False,20
GB-018591,False,730
GB-018592,True,1093
GB-018593,False,1382
GB-018594,True,1211
GB-018595,False,218
GB-018596,False,200
GB-018597,True,1094
GB-018598,False,19
GB-018599,False,1288
GB-018600,True,178
GB-018601,False,68
GB-018602,True,380
GB-018603,False,886
GB-018604,True,1113
GB-018605,True,895
GB-018606,False,488
GB-018607,False,467
GB-018608,True,489
GB-018609,False,1329
GB-018610,False,798
GB-018611,True,493
GB-018612,False,786
GB-018613,True,427
GB-018614,False,1019
GB-018615,True,953
GB-018616,False,526
GB-018617,True,1061
GB-018618,False,185
GB-018619,True,569
GB-018620,False,542
GB-018621,True,1032
GB-018622,False,602
GB-018623,True,942
GB-018624,False,1358
GB-018625,False,194
GB-018626,True,724
GB-018627,False,1275
GB-018628,True,1179
GB-018629,False,1144
GB-018630,False,101
GB-018631,False,633
GB-018632,False,520
GB-018633,False,1045
GB-018634,False,786
GB-018635,False,1277
GB-018636,True,258
GB-018637,False,1492
GB-018638,True,811
GB-018639,False,854
GB-018640,False,1097
GB-018641,False,1083
GB-018642,False,1208
GB-018643,True,408
GB-018644,True,231
GB-018645,True,16
GB-018646,False,1175
GB-018647,True,1026
GB-018648,False,764
GB-018649,False,135
GB-018650,False,379
GB-018651,False,1007
GB-018652,False,117
GB-018653,False,1314
GB-018654,False,1367
GB-018655,True,434
GB-018656,True,504
GB-018657,True,599
GB-018658,True,1332
GB-018659,False,403
GB-018660,False,506
GB-018661,False,433
GB-018662,False,731
GB-018663,False,1170
GB-018664,False,740
GB-018665,False,237
GB-018666,True,633
GB-018667,True,65
GB-018668,False,340
GB-018669,True,706
GB-018670,True,378
GB-018671,False,479
GB-018672,False,1443
GB-018673,False,67
GB-018674,False,278
GB-018675,False,664
GB-018676,False,704
GB-018677,False,1253
GB-018678,False,79
GB-018679,False,1414
GB-018680,False,122
GB-018681,True,1209
GB-018682,False,1289
GB-018683,True,430
GB-018684,False,1083
GB-018685,False,1112
GB-018686,True,1083
GB-018687,True,268
GB-018688,False,768
GB-018689,True,249
GB-018690,False,1214
GB-018691,False,492
GB-018692,True,692
GB-018693,False,359
GB-018694,True,240
GB-018695,True,770
GB-018696,False,863
GB-018697,True,1281
GB-018698,False,586
GB-018699,True,807
GB-018700,True,1218
GB-018701,False,71
GB-018702,False,1482
GB-018703,False,595
GB-018704,True,1058
GB-018705,False,1245
GB-018706,False,716
GB-018707,True,566
GB-018708,False,1264
GB-018709,True,853
GB-018710,True,1216
GB-018711,False,422
GB-018712,True,1118
GB-018713,False,305
GB-018714,False,1019
GB-018715,False,335
GB-018716,True,638
GB-018717,False,297
GB-018718,True,761
GB-018719,False,661
GB-018720,True,669
GB-018721,True,928
GB-018722,True,981
GB-018723,True,683
GB-018724,True,1261
GB-018725,False,902
GB-018726,False,458
GB-018727,False,1353
GB-018728,False,995
GB-018729,False,269
GB-018730,True,923
GB-018731,True,367
GB-018732,False,1432
GB-018733,True,1482
GB-018734,False,664
GB-018735,False,486
GB-018736,True,160
GB-018737,False,1430
GB-018738,True,503
GB-018739,True,1464
GB-018740,False,32
GB-018741,False,1420
GB-018742,True,1302
GB-018743,False,552
GB-018744,False,136
GB-018745,False,364
GB-018746,True,1205
GB-018747,False,709
GB-018748,True,97
GB-018749,False,1127
GB-018750,False,1122
GB-018751,False,123
GB-018752,False,1331
GB-018753,False,394
GB-018754,False,682
GB-018755,False,829
GB-018756,False,635
GB-018757,False,49
GB-018758,False,805
GB-018759,False,903
GB-018760,True,247
GB-018761,False,640
GB-018762,False,302
GB-018763,False,511
GB-018764,True,400
GB-018765,False,553
GB-018766,False,1336
GB-018767,False,987
GB-018768,False,1057
GB-018769,True,1333
GB-018770,False,867
GB-018771,False,226
GB-018772,False,126
GB-018773,True,634
GB-018774,True,30
GB-018775,True,1327
GB-018776,False,1236
GB-018777,False,712
GB-018778,False,715
GB-018779,False,1379
GB-018780,True,1061
GB-018781,False,1300
GB-018782,False,196
GB-018783,True,696
GB-018784,False,225
GB-018785,False,1487
GB-018786,False,913
GB-018787,False,98
GB-018788,False,106
GB-018789,True,490
GB-018790,True,1169
GB-018791,False,386
GB-018792,False,1432
GB-018793,False,325
GB-018794,False,1404
GB-018795,True,1427
GB-018796,True,1406
GB-018797,False,370
GB-018798,False,215
GB-018799,True,118
GB-018800,True,182
GB-018801,True,1157
GB-018802,False,451
GB-018803,True,1372
GB-018804,False,269
GB-018805,False,948
GB-018806,False,399
GB-018807,False,301
GB-018808,True,1462
GB-018809,False,282
GB-018810,False,558
GB-018811,True,987
GB-018812,False,366
GB-018813,False,1460
GB-018814,False,576
GB-018815,False,41
GB-018816,True,754
GB-018817,True,18
GB-018818,True,459
GB-018819,True,1188
GB-018820,False,978
GB-018821,False,727
GB-018822,False,1140
GB-018823,False,813
GB-018824,False,465
GB-018825,True,106
GB-018826,True,1213
GB-018827,False,647
GB-018828,True,726
GB-018829,True,195
GB-018830,False,1416
GB-018831,False,1357
GB-018832,True,192
GB-018833,True,443
GB-018834,False,1274
GB-018835,False,889
GB-018836,False,963
GB-018837,False,891
GB-018838,False,99
GB-018839,True,482
GB-018840,True,443
GB-018841,True,1287
GB-018842,False,1301
GB-018843,False,392
GB-018844,False,1155
GB-018845,True,1279
GB-018846,False,168
GB-018847,True,441
GB-018848,False,198
GB-018849,True,1080
GB-018850,True,504
GB-018851,False,114
GB-018852,False,409
GB-018853,False,344
GB-018854,False,937
GB-018855,False,273
GB-018856,True,1050
GB-018857,False,438
GB-018858,False,1435
GB-018859,True,65
GB-018860,False,1276
GB-018861,False,398
GB-018862,False,828
GB-018863,False,1098
GB-018864,True,1253
GB-018865,False,25
GB-018866,False,178
GB-018867,True,151
GB-018868,True,332
GB-018869,False,1096
GB-018870,True,545
GB-018871,True,568
GB-018872,False,1055
GB-018873,False,1000
GB-018874,False,242
GB-018875,False,213
GB-018876,True,170
GB-018877,False,1208
GB-018878,False,1421
GB-018879,True,153
GB-018880,False,1112
GB-018881,True,1016
GB-018882,True,1247
GB-018883,False,535
GB-018884,True,105
GB-018885,False,1141
GB-018886,False,933
GB-018887,True,389
GB-018888,True,436
GB-018889,False,992
GB-018890,True,1197
GB-018891,False,565
GB-018892,True,906
GB-018893,False,84
GB-018894,False,1144
GB-018895,True,495
GB-018896,False,213
GB-018897,False,178
GB-018898,False,881
GB-018899,False,878
GB-018900,True,29
GB-018901,False,693
GB-018902,True,764
GB-018903,True,1322
GB-018904,True,127
GB-018905,True,331
GB-018906,False,523
GB-018907,False,305
GB-018908,False,365
GB-018909,True,1011
GB-018910,True,1487
GB-018911,False,327
GB-018912,False,225
GB-018913,True,892
GB-018914,False,1294
GB-018915,False,126
GB-018916,True,1400
GB-018917,False,1311
GB-018918,False,776
GB-018919,True,578
GB-018920,True,790
GB-018921,False,1357
GB-018922,False,1207
GB-018923,False,28
GB-018924,True,765
GB-018925,True,373
GB-018926,False,784
GB-018927,False,871
GB-018928,False,911
GB-018929,False,883
GB-018930,False,233
GB-018931,False,822
GB-018932,False,889
GB-018933,False,265
GB-018934,True,79
GB-018935,True,476
GB-018936,True,11
GB-018937,False,483
GB-018938,False,811
GB-018939,False,863
GB-018940,True,508
GB-018941,True,102
GB-018942,False,687
GB-018943,True,667
GB-018944,True,750
GB-018945,False,1115
GB-018946,True,920
GB-018947,False,892
GB-018948,True,399
GB-018949,True,60
GB-018950,False,130
GB-018951,False,231
GB-018952,True,982
GB-018953,False,231
GB-018954,False,829
GB-018955,True,200
GB-018956,True,71
GB-018957,True,666
GB-018958,False,803
GB-018959,True,283
GB-018960,True,1101
GB-018961,True,597
GB-018962,True,973
GB-018963,True,1491
GB-018964,False,979
GB-018965,False,625
GB-018966,False,363
GB-018967,True,1337
GB-018968,False,136
GB-018969,True,1308
GB-018970,False,338
GB-018971,True,1461
GB-018972,True,502
GB-018973,False,438
GB-018974,True,375
GB-018975,True,1143
GB-018976,True,152
GB-018977,False,246
GB-018978,False,291
GB-018979,False,648
GB-018980,True,94
GB-018981,False,542
GB-018982,True,330
GB-018983,True,320
GB-018984,False,1104
GB-018985,False,1040
GB-018986,False,1075
GB-018987,True,67
GB-018988,False,465
GB-018989,False,1018
GB-018990,True,1021
GB-018991,False,181
GB-018992,False,941
GB-018993,True,44
GB-018994,True,1406
GB-018995,False,138
GB-018996,False,70
GB-018997,True,1030
GB-018998,False,1307
GB-018999,False,834
GB-019000,False,905
GB-019001,False,566
GB-019002,False,283
GB-019003,True,129
GB-019004,False,668
GB-019005,False,862
GB-019006,True,1062
GB-019007,False,1484
GB-019008,True,1111
GB-019009,False,185
GB-019010,True,814
GB-019011,True,1266
GB-019012,True,1357
GB-019013,False,565
GB-019014,False,24
GB-019015,False,361
GB-019016,True,1051
GB-019017,True,401
GB-019018,False,483
GB-019019,False,883
GB-019020,False,206
GB-019021,False,413
GB-019022,False,754
GB-019023,True,312
GB-019024,False,93
GB-019025,True,680
GB-019026,False,550
GB-019027,True,317
GB-019028,True,827
GB-019029,True,258
GB-019030,False,312
GB-019031,True,1416
GB-019032,True,916
GB-019033,True,345
GB-019034,True,1078
GB-019035,True,126
GB-019036,True,1374
GB-019037,True,951
GB-019038,False,635
GB-019039,True,184
GB-019040,True,253
GB-019041,True,306
GB-019042,False,626
GB-019043,False,1306
GB-019044,False,1468
GB-019045,False,1170
GB-019046,False,1280
GB-019047,True,1253
GB-019048,False,252
GB-019049,False,131
GB-019050,False,565
GB-019051,True,908
GB-019052,True,1118
GB-019053,False,1431
GB-019054,True,26
GB-019055,True,1318
GB-019056,True,1377
GB-019057,True,789
GB-019058,True,457
GB-019059,False,1161
GB-019060,True,1382
GB-019061,True,237
GB-019062,False,1388
GB-019063,False,256
GB-019064,True,40
GB-019065,False,425
GB-019066,False,579
GB-019067,True,822
GB-019068,False,720
GB-019069,False,1168
GB-019070,True,927
GB-019071,True,1303
GB-019072,False,738
GB-019073,False,1244
GB-019074,True,322
GB-019075,True,1388
GB-019076,False,393
GB-019077,True,383
GB-019078,False,617
GB-019079,False,323
GB-019080,True,458
GB-019081,False,1092
GB-019082,False,1016
GB-019083,True,339
GB-019084,False,46
GB-019085,False,80
GB-019086,False,621
GB-019087,True,648
GB-019088,False,1071
GB-019089,False,21
GB-019090,True,235
GB-019091,True,353
GB-019092,False,908
GB-019093,False,331
GB-019094,False,1151
GB-019095,False,1146
GB-019096,True,1225
GB-019097,False,840
GB-019098,False,698
GB-019099,False,282
GB-019100,True,960
GB-019101,False,142
GB-019102,True,100
GB-019103,True,329
GB-019104,True,1321
GB-019105,True,1264
GB-019106,True,591
GB-019107,False,918
GB-019108,True,901
GB-019109,True,348
GB-019110,True,269
GB-019111,False,258
GB-019112,False,497
GB-019113,True,1284
GB-019114,False,833
GB-019115,True,484
GB-019116,False,675
GB-019117,True,726
GB-019118,False,1066
GB-019119,True,654
GB-019120,True,1074
GB-019121,False,619
GB-019122,True,1276
GB-019123,False,713
GB-019124,False,909
GB-019125,False,1259
GB-019126,False,984
GB-019127,True,155
GB-019128,True,1129
GB-019129,False,321
GB-019130,False,691
GB-019131,False,341
GB-019132,False,690
GB-019133,True,124
GB-019134,True,1266
GB-019135,True,1332
GB-019136,False,932
GB-019137,False,945
GB-019138,False,1496
GB-019139,False,47
GB-019140,True,949
GB-019141,False,392
GB-019142,True,105
GB-019143,True,501
GB-019144,False,24
GB-019145,True,134
GB-019146,False,1407
GB-019147,False,884
GB-019148,False,788
GB-019149,False,489
GB-019150,False,978
GB-019151,True,181
GB-019152,False,1042
GB-019153,False,1284
GB-019154,True,797
GB-019155,False,880
GB-019156,False,39
GB-019157,False,642
GB-019158,False,1267
GB-019159,False,1226
GB-019160,False,91
GB-019161,False,206
GB-019162,False,549
GB-019163,False,1189
GB-019164,False,1126
GB-019165,True,280
GB-019166,False,1203
GB-019167,True,1320
GB-019168,True,281
GB-019169,False,630
GB-019170,False,50
GB-019171,True,452
GB-019172,False,914
GB-019173,True,846
GB-019174,False,865
GB-019175,False,259
GB-019176,False,1376
GB-019177,False,339
GB-019178,False,504
GB-019179,True,1371
GB-019180,True,1122
GB-019181,True,873
GB-019182,False,1297
GB-019183,False,1374
GB-019184,True,492
GB-019185,True,760
GB-019186,True,449
GB-019187,False,823
GB-019188,False,233
GB-019189,True,1447
GB-019190,True,410
GB-019191,False,730
GB-019192,False,847
GB-019193,True,222
GB-019194,False,1303
GB-019195,False,23
GB-019196,True,865
GB-019197,False,307
GB-019198,True,417
GB-019199,False,1053
GB-019200,False,1360
GB-019201,False,442
GB-019202,False,93
GB-019203,False,120
GB-019204,True,1111
GB-019205,True,311
GB-019206,False,450
GB-019207,False,1456
GB-019208,False,1231
GB-019209,False,1376
GB-019210,True,1434
GB-019211,False,665
GB-019212,True,594
GB-019213,True,872
GB-019214,False,985
GB-019215,False,664
GB-019216,True,1335
GB-019217,True,1192
GB-019218,False,1106
GB-019219,False,1228
GB-019220,False,1295
GB-019221,True,420
GB-019222,True,1452
GB-019223,False,1005
GB-019224,False,437
GB-019225,True,1468
GB-019226,False,417
GB-019227,False,701
GB-019228,False,942
GB-019229,False,1071
GB-019230,True,113
GB-019231,True,750
GB-019232,True,691
GB-019233,True,754
GB-019234,False,599
GB-019235,True,1274
GB-019236,True,115
GB-019237,True,929
GB-019238,True,330
GB-019239,True,141
GB-019240,True,640
GB-019241,False,993
GB-019242,True,1213
GB-019243,False,379
GB-019244,False,1355
GB-019245,False,933
GB-019246,False,596
GB-019247,True,176
GB-019248,True,1457
GB-019249,False,799
GB-019250,True,617
GB-019251,True,300
GB-019252,True,1335
GB-019253,True,1391
GB-019254,False,1252
GB-019255,False,652
GB-019256,False,276
GB-019257,False,716
GB-019258,False,1048
GB-019259,False,924
GB-019260,True,889
GB-019261,False,381
GB-019262,True,1158
GB-019263,False,171
GB-019264,True,250
GB-019265,False,316
GB-019266,True,1347
GB-019267,True,876
GB-019268,True,1496
GB-019269,False,1301
GB-019270,True,776
GB-019271,False,1282
GB-019272,True,710
GB-019273,True,1194
GB-019274,True,656
GB-019275,False,650
GB-019276,False,278
GB-019277,False,256
GB-019278,True,497
GB-019279,True,973
GB-019280,False,1443
GB-019281,True,308
GB-019282,True,341
GB-019283,False,928
GB-019284,False,807
GB-019285,False,986
GB-019286,False,373
GB-019287,False,515
GB-019288,False,1239
GB-019289,False,640
GB-019290,False,745
GB-019291,False,1334
GB-019292,False,1449
GB-019293,False,649
GB-019294,True,1167
GB-019295,False,60
GB-019296,True,618
GB-019297,False,909
GB-019298,False,252
GB-019299,False,305
GB-019300,True,608
GB-019301,True,1205
GB-019302,False,776
GB-019303,False,1438
GB-019304,False,1012
GB-019305,False,149
GB-019306,False,990
GB-019307,True,1053
GB-019308,True,739
GB-019309,True,1398
GB-019310,True,978
GB-019311,True,1330
GB-019312,False,915
GB-019313,False,260
GB-019314,False,1372
GB-019315,True,605
GB-019316,True,469
GB-019317,False,45
GB-019318,True,983
GB-019319,True,743
GB-019320,False,211
GB-019321,False,808
GB-019322,False,700
GB-019323,True,430
GB-019324,False,1042
GB-019325,True,1379
GB-019326,True,1274
GB-019327,False,1386
GB-019328,False,920
GB-019329,False,626
GB-019330,False,281
GB-019331,True,727
GB-019332,False,193
GB-019333,False,363
GB-019334,True,582
GB-019335,False,553
GB-019336,False,1126
GB-019337,False,259
GB-019338,True,527
GB-019339,False,1243
GB-019340,False,1393
GB-019341,False,1047
GB-019342,False,1346
GB-019343,True,1119
GB-019344,False,1165
GB-019345,False,99
GB-019346,True,685
GB-019347,False,1029
GB-019348,True,975
GB-019349,False,1291
GB-019350,False,1175
GB-019351,False,353
GB-019352,True,765
GB-019353,True,1311
GB-019354,True,1330
GB-019355,False,935
GB-019356,False,1433
GB-019357,True,1094
GB-019358,False,902
GB-019359,True,356
GB-019360,False,442
GB-019361,False,1270
GB-019362,False,823
GB-019363,False,324
GB-019364,True,633
GB-019365,False,1390
GB-019366,True,252
GB-019367,True,1115
GB-019368,True,377
GB-019369,False,182
GB-019370,False,1438
GB-019371,False,41
GB-019372,True,921
GB-019373,True,561
GB-019374,True,489
GB-019375,False,162
GB-019376,False,654
GB-019377,True,467
GB-019378,False,448
GB-019379,True,1191
GB-019380,False,840
GB-019381,False,904
GB-019382,False,1481
GB-019383,False,526
GB-019384,True,1473
GB-019385,True,1445
GB-019386,False,440
GB-019387,False,908
GB-019388,True,336
GB-019389,True,1352
GB-019390,True,1223
GB-019391,True,818
GB-019392,True,1184
GB-019393,False,551
GB-019394,True,1132
GB-019395,False,1245
GB-019396,True,835
GB-019397,False,892
GB-019398,False,103
GB-019399,True,559
GB-019400,True,1400
GB-019401,True,832
GB-019402,True,715
GB-019403,True,703
GB-019404,True,324
GB-019405,True,393
GB-019406,False,514
GB-019407,False,711
GB-019408,False,1429
GB-019409,False,1021
GB-019410,False,895
GB-019411,False,927
GB-019412,True,435
GB-019413,False,1017
GB-019414,True,65
GB-019415,True,258
GB-019416,True,93
GB-019417,True,730
GB-019418,False,1247
GB-019419,True,1297
GB-019420,False,222
GB-019421,False,1086
GB-019422,False,1277
GB-019423,False,1142
GB-019424,True,237
GB-019425,True,269
GB-019426,False,1219
GB-019427,True,34
GB-019428,False,1449
GB-019429,False,993
GB-019430,True,999
GB-019431,True,604
GB-019432,True,98
GB-019433,False,308
GB-019434,False,1406
GB-019435,True,1313
GB-019436,False,776
GB-019437,True,1150
GB-019438,True,1124
GB-019439,True,1326
GB-019440,False,855
GB-019441,True,986
GB-019442,True,699
GB-019443,True,1163
GB-019444,True,686
GB-019445,False,1408
GB-019446,True,36
GB-019447,False,762
GB-019448,True,1197
GB-019449,False,1034
GB-019450,False,1181
GB-019451,True,1056
GB-019452,False,522
GB-019453,False,1133
GB-019454,True,423
GB-019455,False,139
GB-019456,False,307
GB-019457,False,1030
GB-019458,False,804
GB-019459,False,233
GB-019460,False,415
GB-019461,True,76
GB-019462,False,79
GB-019463,False,459
GB-019464,False,1029
GB-019465,True,1219
GB-019466,False,638
GB-019467,False,943
GB-019468,False,986
GB-019469,False,473
GB-019470,False,822
GB-019471,False,1113
GB-019472,True,1455
GB-019473,False,425
GB-019474,False,324
GB-019475,True,649
GB-019476,True,52
GB-019477,False,669
GB-019478,False,184
GB-019479,False,213
GB-019480,False,1035
GB-019481,False,1059
GB-019482,True,1126
GB-019483,False,651
GB-019484,True,1124
GB-019485,True,813
GB-019486,False,637
GB-019487,True,1414
GB-019488,False,1402
GB-019489,False,1308
GB-019490,False,360
GB-019491,False,323
GB-019492,False,1478
GB-019493,False,835
GB-019494,False,793
GB-019495,True,404
GB-019496,False,1387
GB-019497,False,157
GB-019498,False,584
GB-019499,True,1108
GB-019500,True,685
GB-019501,True,880
GB-019502,False,1221
GB-019503,True,987
GB-019504,True,227
GB-019505,True,819
GB-019506,True,860
GB-019507,False,742
GB-019508,False,357
GB-019509,True,497
GB-019510,False,1185
GB-019511,False,1364
GB-019512,True,1216
GB-019513,True,5
GB-019514,False,1414
GB-019515,True,913
GB-019516,False,1455
GB-019517,True,1465
GB-019518,True,289
GB-019519,True,940
GB-019520,True,472
GB-019521,True,898
GB-019522,False,659
GB-019523,False,1269
GB-019524,False,1366
GB-019525,False,318
GB-019526,True,696
GB-019527,True,1452
GB-019528,False,1000
GB-019529,False,304
GB-019530,False,569
GB-019531,False,418
GB-019532,False,998
GB-019533,False,447
GB-019534,True,508
GB-019535,False,1152
GB-019536,True,167
GB-019537,True,756
GB-019538,True,734
GB-019539,False,1236
GB-019540,False,791
GB-019541,False,1473
GB-019542,False,776
GB-019543,False,179
GB-019544,False,81
GB-019545,False,637
GB-019546,True,759
GB-019547,False,178
GB-019548,False,1010
GB-019549,True,820
GB-019550,False,1072
GB-019551,False,589
GB-019552,True,989
GB-019553,False,1084
GB-019554,True,1134
GB-019555,False,1096
GB-019556,True,1434
GB-019557,True,153
GB-019558,True,1442
GB-019559,False,820
GB-019560,False,1322
GB-019561,False,374
GB-019562,False,1162
GB-019563,False,619
GB-019564,False,928
GB-019565,False,450
GB-019566,True,1275
GB-019567,False,696
GB-019568,False,525
GB-019569,True,110
GB-019570,False,755
GB-019571,False,193
GB-019572,True,137
GB-019573,False,75
GB-019574,True,621
GB-019575,False,1001
GB-019576,True,993
GB-019577,False,1460
GB-019578,False,453
GB-019579,True,1447
GB-019580,True,235
GB-019581,True,155
GB-019582,False,74
GB-019583,False,127
GB-019584,True,659
GB-019585,True,177
GB-019586,False,166
GB-019587,False,676
GB-019588,True,1293
GB-019589,True,199
GB-019590,True,1070
GB-019591,False,358
GB-019592,False,241
GB-019593,True,233
GB-019594,False,85
GB-019595,True,1379
GB-019596,False,1244
GB-019597,True,852
GB-019598,False,440
GB-019599,True,282
GB-019600,True,1068
GB-019601,False,613
GB-019602,True,44
GB-019603,True,856
GB-019604,False,14
GB-019605,True,38
GB-019606,False,972
GB-019607,False,967
GB-019608,False,37
GB-019609,False,805
GB-019610,False,664
GB-019611,True,1019
GB-019612,True,596
GB-019613,True,497
GB-019614,False,1239
GB-019615,True,30
GB-019616,False,946
GB-019617,True,158
GB-019618,False,205
GB-019619,False,824
GB-019620,False,778
GB-019621,True,910
GB-019622,True,1052
GB-019623,True,857
GB-019624,False,195
GB-019625,True,601
GB-019626,True,1095
GB-019627,True,1179
GB-019628,False,555
GB-019629,False,715
GB-019630,True,888
GB-019631,False,142
GB-019632,False,641
GB-019633,True,571
GB-019634,False,397
GB-019635,False,210
GB-019636,True,626
GB-019637,True,1450
GB-019638,False,396
GB-019639,True,1276
GB-019640,True,931
GB-019641,False,1450
GB-019642,False,509
GB-019643,True,158
GB-019644,False,820
GB-019645,True,1348
GB-019646,True,1301
GB-019647,False,1227
GB-019648,False,1266
GB-019649,False,448
GB-019650,True,300
GB-019651,True,537
GB-019652,True,939
GB-019653,False,274
GB-019654,True,1250
GB-019655,True,195
GB-019656,False,1459
GB-019657,False,830
GB-019658,False,1216
GB-019659,False,1363
GB-019660,True,890
GB-019661,False,954
GB-019662,True,603
GB-019663,True,647
GB-019664,False,1125
GB-019665,False,503
GB-019666,False,270
GB-019667,False,1419
GB-019668,False,384
GB-019669,True,1478
GB-019670,True,801
GB-019671,False,458
GB-019672,False,1455
GB-019673,True,1229
GB-019674,False,871
GB-019675,True,703
GB-019676,False,1417
GB-019677,False,892
GB-019678,True,290
GB-019679,True,536
GB-019680,False,117
GB-019681,False,22
GB-019682,True,637
GB-019683,True,615
GB-019684,True,777
GB-019685,False,885
GB-019686,True,91
GB-019687,True,238
GB-019688,False,1068
GB-019689,True,1383
GB-019690,False,442
GB-019691,True,542
GB-019692,True,1007
GB-019693,True,1075
GB-019694,False,1485
GB-019695,False,1374
GB-019696,False,797
GB-019697,False,441
GB-019698,False,206
GB-019699,True,219
GB-019700,True,352
GB-019701,True,931
GB-019702,True,400
GB-019703,False,1423
GB-019704,False,518
GB-019705,False,790
GB-019706,False,1184
GB-019707,False,1415
GB-019708,False,1436
GB-019709,False,446
GB-019710,False,1381
GB-019711,True,622
GB-019712,False,1439
GB-019713,True,1381
GB-019714,False,13
GB-019715,False,1052
GB-019716,True,1043
GB-019717,False,1179
GB-019718,True,1238
GB-019719,True,837
GB-019720,True,319
GB-019721,True,1251
GB-019722,True,848
GB-019723,False,82
GB-019724,False,427
GB-019725,True,1149
GB-019726,False,255
GB-019727,True,449
GB-019728,True,1313
GB-019729,False,494
GB-019730,False,897
GB-019731,True,1104
GB-019732,False,811
GB-019733,False,187
GB-019734,True,521
GB-019735,True,194
GB-019736,False,624
GB-019737,False,404
GB-019738,False,26
GB-019739,False,871
GB-019740,False,37
GB-019741,True,813
GB-019742,False,258
GB-019743,True,663
GB-019744,False,1350
GB-019745,True,485
GB-019746,False,986
GB-019747,False,719
GB-019748,False,1095
GB-019749,False,473
GB-019750,False,460
GB-019751,False,1071
GB-019752,False,549
GB-019753,False,1264
GB-019754,False,374
GB-019755,False,771
GB-019756,False,637
GB-019757,False,1364
GB-019758,True,852
GB-019759,True,1033
GB-019760,True,1445
GB-019761,False,281
GB-019762,True,820
GB-019763,True,1079
GB-019764,True,1374
GB-019765,True,347
GB-019766,False,1468
GB-019767,False,600
GB-019768,False,752
GB-019769,True,1240
GB-019770,False,431
GB-019771,False,1205
GB-019772,False,162
GB-019773,True,1011
GB-019774,False,429
GB-019775,False,1350
GB-019776,False,684
GB-019777,False,958
GB-019778,True,670
GB-019779,False,610
GB-019780,True,23
GB-019781,False,1092
GB-019782,False,300
GB-019783,False,1335
GB-019784,False,924
GB-019785,False,1249
GB-019786,False,40
GB-019787,False,974
GB-019788,False,1401
GB-019789,False,1127
GB-019790,False,574
GB-019791,True,239
GB-019792,False,659
GB-019793,False,974
GB-019794,False,1157
GB-019795,False,1251
GB-019796,False,1084
GB-019797,True,8
GB-019798,True,322
GB-019799,False,972
GB-019800,False,1053
GB-019801,False,426
GB-019802,False,1280
GB-019803,False,570
GB-019804,False,1212
GB-019805,False,1050
GB-019806,True,25
GB-019807,True,206
GB-019808,False,1002
GB-019809,True,302
GB-019810,False,139
GB-019811,False,190
GB-019812,True,1234
GB-019813,False,166
GB-019814,False,1474
GB-019815,False,288
GB-019816,False,574
GB-019817,True,1295
GB-019818,False,251
GB-019819,True,138
GB-019820,True,1080
GB-019821,False,88
GB-019822,True,221
GB-019823,True,937
GB-019824,False,891
GB-019825,False,908
GB-019826,True,1165
GB-019827,True,830
GB-019828,False,1468
GB-019829,True,1171
GB-019830,False,357
GB-019831,False,830
GB-019832,False,1336
GB-019833,False,793
GB-019834,True,1127
GB-019835,True,183
GB-019836,True,176
GB-019837,True,1006
GB-019838,True,176
GB-019839,True,308
GB-019840,True,1284
GB-019841,True,400
GB-019842,True,140
GB-019843,True,137
GB-019844,True,364
GB-019845,True,1275
GB-019846,False,934
GB-019847,False,279
GB-019848,False,335
GB-019849,False,1360
GB-019850,True,1260
GB-019851,True,1476
GB-019852,True,270
GB-019853,True,609
GB-019854,True,944
GB-019855,False,686
GB-019856,False,597
GB-019857,False,637
GB-019858,True,472
GB-019859,False,239
GB-019860,False,1213
GB-019861,True,371
GB-019862,False,367
GB-019863,True,1350
GB-019864,True,344
GB-019865,True,850
GB-019866,False,516
GB-019867,True,871
GB-019868,True,1298
GB-019869,False,695
GB-019870,False,124
GB-019871,False,368
GB-019872,False,575
GB-019873,True,420
GB-019874,False,673
GB-019875,False,466
GB-019876,True,973
GB-019877,True,216
GB-019878,False,1088
GB-019879,True,386
GB-019880,False,1212
GB-019881,False,43
GB-019882,True,439
GB-019883,False,342
GB-019884,False,588
GB-019885,True,1288
GB-019886,False,126
GB-019887,True,623
GB-019888,False,1477
GB-019889,False,502
GB-019890,False,1445
GB-019891,False,1192
GB-019892,False,905
GB-019893,True,333
GB-019894,False,445
GB-019895,False,1108
GB-019896,True,573
GB-019897,False,1200
GB-019898,False,566
GB-019899,False,1395
GB-019900,True,448
GB-019901,False,72
GB-019902,True,806
GB-019903,False,658
GB-019904,False,223
GB-019905,True,606
GB-019906,False,862
GB-019907,True,535
GB-019908,False,533
GB-019909,True,556
GB-019910,False,420
GB-019911,False,1484
GB-019912,False,194
GB-019913,False,140
GB-019914,False,153
GB-019915,True,1306
GB-019916,True,368
GB-019917,True,1363
GB-019918,False,1329
GB-019919,False,1042
GB-019920,False,1056
GB-019921,True,762
GB-019922,False,767
GB-019923,False,1223
GB-019924,True,103
GB-019925,False,1403
GB-019926,True,347
GB-019927,False,761
GB-019928,False,1354
GB-019929,True,329
GB-019930,True,367
GB-019931,False,77
GB-019932,True,992
GB-019933,False,341
GB-019934,True,479
GB-019935,True,1028
GB-019936,True,590
GB-019937,True,1459
GB-019938,True,609
GB-019939,True,1469
GB-019940,True,445
GB-019941,False,1434
GB-019942,False,1354
GB-019943,True,162
GB-019944,True,1372
GB-019945,True,60
GB-019946,True,470
GB-019947,True,258
GB-019948,False,489
GB-019949,False,909
GB-019950,False,708
GB-019951,False,919
GB-019952,False,1028
GB-019953,False,428
GB-019954,True,791
GB-019955,False,661
GB-019956,False,662
GB-019957,False,1323
GB-019958,True,1095
GB-019959,True,826
GB-019960,False,289
GB-019961,False,785
GB-019962,True,1485
GB-019963,True,1058
GB-019964,False,469
GB-019965,False,176
GB-019966,False,788
GB-019967,False,1299
GB-019968,False,12
GB-019969,False,1132
GB-019970,False,284
GB-019971,False,786
GB-019972,True,1073
GB-019973,True,818
GB-019974,False,856
GB-019975,True,641
GB-019976,True,17
GB-019977,False,1454
GB-019978,True,71
GB-019979,True,799
GB-019980,True,1356
GB-019981,True,32
GB-019982,False,965
GB-019983,True,994
GB-019984,False,1045
GB-019985,True,628
GB-019986,True,1136
GB-019987,False,128
GB-019988,False,898
GB-019989,False,894
GB-019990,True,123
GB-019991,False,566
GB-019992,True,281
GB-019993,True,667
GB-019994,True,1271
GB-019995,False,275
GB-019996,True,1280
GB-019997,False,1332
GB-019998,False,304
GB-019999,False,87
GB-020000,False,777
GB-020001,False,1391
GB-020002,False,127
GB-020003,True,1192
GB-020004,False,1273
GB-020005,False,901
GB-020006,True,1163
GB-020007,True,1433
GB-020008,True,502
GB-020009,False,114
GB-020010,False,814
GB-020011,False,176
GB-020012,False,418
GB-020013,False,157
GB-020014,False,1016
GB-020015,False,76
GB-020016,False,1301
GB-020017,False,1456
GB-020018,True,1075
GB-020019,True,100
GB-020020,True,462
GB-020021,False,811
GB-020022,True,1478
GB-020023,True,1000
GB-020024,False,422
GB-020025,False,222
GB-020026,True,1395
GB-020027,False,804
GB-020028,False,584
GB-020029,True,1045
GB-020030,True,806
GB-020031,True,198
GB-020032,False,22
GB-020033,True,915
GB-020034,True,962
GB-020035,False,1395
GB-020036,True,228
GB-020037,True,1110
GB-020038,False,599
GB-020039,False,393
GB-020040,True,1498
GB-020041,True,333
GB-020042,True,230
GB-020043,False,975
GB-020044,False,183
GB-020045,False,1411
GB-020046,True,874
GB-020047,False,793
GB-020048,True,1316
GB-020049,False,705
GB-020050,True,281
GB-020051,False,720
GB-020052,False,1207
GB-020053,True,676
GB-020054,True,1317
GB-020055,True,57
GB-020056,False,339
GB-020057,True,957
GB-020058,False,1462
GB-020059,False,721
GB-020060,True,365
GB-020061,True,1361
GB-020062,False,830
GB-020063,False,634
GB-020064,False,1301
GB-020065,False,234
GB-020066,True,1087
GB-020067,False,401
GB-020068,False,458
GB-020069,False,1356
GB-020070,True,720
GB-020071,False,381
GB-020072,False,1279
GB-020073,True,1384
GB-020074,True,1499
GB-020075,False,113
GB-020076,False,652
GB-020077,False,1165
GB-020078,False,732
GB-020079,True,124
GB-020080,False,1473
GB-020081,False,689
GB-020082,False,598
GB-020083,False,690
GB-020084,True,600
GB-020085,False,1313
GB-020086,False,845
GB-020087,True,972
GB-020088,False,839
GB-020089,True,758
GB-020090,False,410
GB-020091,False,121
GB-020092,False,18
GB-020093,False,330
GB-020094,True,171
GB-020095,False,63
GB-020096,True,155
GB-020097,False,426
GB-020098,True,376
GB-020099,False,515
GB-020100,False,524
GB-020101,False,1389
GB-020102,False,1167
GB-020103,False,978
GB-020104,False,366
GB-020105,True,39
GB-020106,True,932
GB-020107,False,1417
GB-020108,True,792
GB-020109,True,859
GB-020110,False,44
GB-020111,True,933
GB-020112,False,596
GB-020113,False,1154
GB-020114,True,283
GB-020115,True,818
GB-020116,True,731
GB-020117,False,644
GB-020118,False,4
GB-020119,False,143
GB-020120,False,475
GB-020121,True,1389
GB-020122,False,172
GB-020123,False,874
GB-020124,False,1064
GB-020125,False,246
GB-020126,False,874
GB-020127,False,635
GB-020128,True,1140
GB-020129,True,77
GB-020130,False,750
GB-020131,False,292
GB-020132,False,1484
GB-020133,False,1018
GB-020134,False,387
GB-020135,False,1315
GB-020136,False,385
GB-020137,False,1063
GB-020138,True,553
GB-020139,False,635
GB-020140,False,1076
GB-020141,False,265
GB-020142,False,728
GB-020143,True,50
GB-020144,True,234
GB-020145,False,1254
GB-020146,False,647
GB-020147,True,716
GB-020148,False,635
GB-020149,True,1303
GB-020150,False,1424
GB-020151,True,1111
GB-020152,False,1399
GB-020153,False,319
GB-020154,False,959
GB-020155,False,1280
GB-020156,False,391
GB-020157,False,1238
GB-020158,True,770
GB-020159,False,897
GB-020160,False,1188
GB-020161,False,1079
GB-020162,False,910
GB-020163,False,717
GB-020164,False,1305
GB-020165,True,1222
GB-020166,True,284
GB-020167,True,401
GB-020168,False,423
GB-020169,False,458
GB-020170,False,916
GB-020171,False,507
GB-020172,False,751
GB-020173,False,1185
GB-020174,True,396
GB-020175,True,653
GB-020176,True,356
GB-020177,True,78
GB-020178,True,796
GB-020179,False,1223
GB-020180,True,581
GB-020181,True,391
GB-020182,False,1339
GB-020183,True,406
GB-020184,True,372
GB-020185,True,1254
GB-020186,False,891
GB-020187,True,68
GB-020188,False,743
GB-020189,True,320
GB-020190,False,864
GB-020191,True,378
GB-020192,True,1495
GB-020193,False,510
GB-020194,True,367
GB-020195,False,1398
GB-020196,False,1011
GB-020197,True,368
GB-020198,False,1115
GB-020199,True,751
GB-020200,True,779
GB-020201,False,29
GB-020202,False,1004
GB-020203,True,1015
GB-020204,False,909
GB-020205,False,16
GB-020206,True,130
GB-020207,False,407
GB-020208,True,1159
GB-020209,True,147
GB-020210,True,823
GB-020211,False,252
GB-020212,True,825
GB-020213,False,113
GB-020214,True,1199
GB-020215,False,780
GB-020216,False,1373
GB-020217,False,162
GB-020218,False,1226
GB-020219,False,86
GB-020220,False,747
GB-020221,True,469
GB-020222,False,818
GB-020223,True,550
GB-020224,False,851
GB-020225,False,718
GB-020226,True,334
GB-020227,False,1108
GB-020228,False,758
GB-020229,False,479
GB-020230,False,1251
GB-020231,True,445
GB-020232,False,1137
GB-020233,False,748
GB-020234,False,32
GB-020235,False,749
GB-020236,False,821
GB-020237,False,786
GB-020238,False,569
GB-020239,True,169
GB-020240,False,970
GB-020241,True,37
GB-020242,True,750
GB-020243,True,271
GB-020244,True,1468
GB-020245,True,791
GB-020246,True,1253
GB-020247,True,502
GB-020248,True,889
GB-020249,False,1332
GB-020250,True,1125
GB-020251,False,256
GB-020252,True,1305
GB-020253,False,818
GB-020254,True,136
GB-020255,False,280
GB-020256,True,352
GB-020257,False,1157
GB-020258,False,1145
GB-020259,True,920
GB-020260,True,83
GB-020261,True,423
GB-020262,False,669
GB-020263,True,71
GB-020264,False,1436
GB-020265,False,1173
GB-020266,False,595
GB-020267,False,159
GB-020268,True,1099
GB-020269,True,257
GB-020270,False,1220
GB-020271,True,570
GB-020272,False,465
GB-020273,False,943
GB-020274,False,506
GB-020275,True,837
GB-020276,False,1211
GB-020277,False,1413
GB-020278,False,1153
GB-020279,False,363
GB-020280,True,202
GB-020281,False,1210
GB-020282,True,1173
GB-020283,False,606
GB-020284,True,168
GB-020285,False,1415
GB-020286,False,603
GB-020287,True,252
GB-020288,True,74
GB-020289,False,349
GB-020290,False,179
GB-020291,True,85
GB-020292,False,653
GB-020293,False,1156
GB-020294,True,933
GB-020295,False,562
GB-020296,True,1104
GB-020297,True,1163
GB-020298,False,410
GB-020299,False,379
GB-020300,False,72
GB-020301,True,253
GB-020302,False,981
GB-020303,True,412
GB-020304,False,1167
GB-020305,True,745
GB-020306,False,672
GB-020307,False,1271
GB-020308,True,1479
GB-020309,False,1339
GB-020310,False,616
GB-020311,False,445
GB-020312,False,368
GB-020313,False,460
GB-020314,False,788
GB-020315,False,1063
GB-020316,False,1386
GB-020317,False,990
GB-020318,True,268
GB-020319,False,1202
GB-020320,False,969
GB-020321,False,1376
GB-020322,False,1490
GB-020323,True,678
GB-020324,False,1246
GB-020325,False,568
GB-020326,False,330
GB-020327,True,699
GB-020328,False,356
GB-020329,False,1274
GB-020330,False,723
GB-020331,True,388
GB-020332,True,304
GB-020333,False,680
GB-020334,False,302
GB-020335,False,630
GB-020336,False,121
GB-020337,False,759
GB-020338,True,1224
GB-020339,False,972
GB-020340,True,765
GB-020341,True,1330
GB-020342,True,1474
GB-020343,True,373
GB-020344,False,790
GB-020345,True,1027
GB-020346,True,735
GB-020347,True,743
GB-020348,False,993
GB-020349,False,1210
GB-020350,False,730
GB-020351,False,169
GB-020352,True,1189
GB-020353,True,234
GB-020354,False,92
GB-020355,True,548
GB-020356,False,949
GB-020357,True,437
GB-020358,False,1095
GB-020359,False,806
GB-020360,True,36
GB-020361,False,207
GB-020362,True,140
GB-020363,True,680
GB-020364,True,514
GB-020365,True,127
GB-020366,True,1052
GB-020367,True,407
GB-020368,False,474
GB-020369,True,153
GB-020370,False,1084
GB-020371,False,183
GB-020372,False,1334
GB-020373,True,255
GB-020374,False,847
GB-020375,True,689
GB-020376,False,1185
GB-020377,True,1390
GB-020378,True,852
GB-020379,False,617
GB-020380,True,1055
GB-020381,False,45
GB-020382,False,172
GB-020383,False,129
GB-020384,True,743
GB-020385,False,991
GB-020386,False,891
GB-020387,True,1139
GB-020388,False,901
GB-020389,True,1383
GB-020390,False,551
GB-020391,True,760
GB-020392,False,575
GB-020393,True,615
GB-020394,True,989
GB-020395,False,1282
GB-020396,True,1390
GB-020397,True,572
GB-020398,True,666
GB-020399,True,702
GB-020400,True,609
GB-020401,True,99
GB-020402,True,594
GB-020403,False,451
GB-020404,False,50
GB-020405,True,639
GB-020406,False,562
GB-020407,False,1202
GB-020408,False,1104
GB-020409,False,104
GB-020410,True,811
GB-020411,False,956
GB-020412,False,160
GB-020413,True,693
GB-020414,False,767
GB-020415,False,1137
GB-020416,False,143
GB-020417,True,36
GB-020418,True,1297
GB-020419,True,670
GB-020420,False,1129
GB-020421,True,988
GB-020422,False,1359
GB-020423,False,659
GB-020424,False,224
GB-020425,True,387
GB-020426,True,171
GB-020427,False,243
GB-020428,True,645
GB-020429,True,506
GB-020430,False,236
GB-020431,True,1385
GB-020432,False,1227
GB-020433,False,425
GB-020434,True,1416
GB-020435,False,178
GB-020436,False,636
GB-020437,False,84
GB-020438,True,729
GB-020439,False,272
GB-020440,False,920
GB-020441,False,603
GB-020442,False,1420
GB-020443,True,1262
GB-020444,False,1477
GB-020445,True,1476
GB-020446,True,179
GB-020447,False,425
GB-020448,True,855
GB-020449,True,1158
GB-020450,True,93
GB-020451,False,473
GB-020452,False,783
GB-020453,False,1073
GB-020454,False,430
GB-020455,False,255
GB-020456,True,81
GB-020457,True,846
GB-020458,True,694
GB-020459,False,648
GB-020460,False,86
GB-020461,False,240
GB-020462,True,1369
GB-020463,False,1400
GB-020464,False,1083
GB-020465,False,1474
GB-020466,False,30
GB-020467,True,26
GB-020468,True,774
GB-020469,False,1384
GB-020470,True,1264
GB-020471,True,1057
GB-020472,False,243
GB-020473,False,434
GB-020474,False,1015
GB-020475,True,696
GB-020476,False,132
GB-020477,True,384
GB-020478,False,1481
GB-020479,False,1251
GB-020480,True,19
GB-020481,True,1230
GB-020482,True,1459
GB-020483,False,1017
GB-020484,False,291
GB-020485,False,950
GB-020486,True,602
GB-020487,False,666
GB-020488,False,650
GB-020489,False,15
GB-020490,True,726
GB-020491,True,757
GB-020492,False,1329
GB-020493,True,200
GB-020494,False,641
GB-020495,False,434
GB-020496,False,327
GB-020497,True,1287
GB-020498,False,62
GB-020499,False,1022
GB-020500,False,33
GB-020501,False,148
GB-020502,True,872
GB-020503,True,1379
GB-020504,False,88
GB-020505,True,394
GB-020506,False,487
GB-020507,False,704
GB-020508,False,984
GB-020509,True,1334
GB-020510,False,349
GB-020511,False,518
GB-020512,False,708
GB-020513,True,1154
GB-020514,False,1141
GB-020515,False,1096
GB-020516,True,464
GB-020517,True,121
GB-020518,True,1377
GB-020519,False,1459
GB-020520,True,85
GB-020521,True,288
GB-020522,False,454
GB-020523,True,731
GB-020524,False,1268
GB-020525,False,757
GB-020526,False,5
GB-020527,False,239
GB-020528,False,227
GB-020529,False,1434
GB-020530,True,1424
GB-020531,True,242
GB-020532,True,1420
GB-020533,True,989
GB-020534,False,651
GB-020535,False,744
GB-020536,False,574
GB-020537,False,1193
GB-020538,False,276
GB-020539,False,563
GB-020540,True,1291
GB-020541,True,498
GB-020542,True,1370
GB-020543,True,258
GB-020544,True,1320
GB-020545,True,288
GB-020546,False,892
GB-020547,False,15
GB-020548,False,1174
GB-020549,False,1498
GB-020550,True,1436
GB-020551,False,1166
GB-020552,True,324
GB-020553,True,462
GB-020554,True,1390
GB-020555,False,775
GB-020556,False,491
GB-020557,False,437
GB-020558,True,521
GB-020559,True,520
GB-020560,False,1428
GB-020561,True,46
GB-020562,False,361
GB-020563,True,1015
GB-020564,True,127
GB-020565,False,1210
GB-020566,True,785
GB-020567,True,1100
GB-020568,False,1230
GB-020569,True,798
GB-020570,False,934
GB-020571,True,670
GB-020572,False,433
GB-020573,False,685
GB-020574,True,1440
GB-020575,False,19
GB-020576,False,176
GB-020577,False,302
GB-020578,False,417
GB-020579,True,719
GB-020580,False,102
GB-020581,False,533
GB-020582,False,733
GB-020583,True,756
GB-020584,False,557
GB-020585,True,1340
GB-020586,True,999
GB-020587,True,1219
GB-020588,True,484
GB-020589,True,148
GB-020590,True,919
GB-020591,True,270
GB-020592,True,656
GB-020593,True,1416
GB-020594,True,1045
GB-020595,True,869
GB-020596,False,1480
GB-020597,False,1268
GB-020598,False,1123
GB-020599,False,848
GB-020600,False,680
GB-020601,True,937
GB-020602,False,449
GB-020603,True,43
GB-020604,True,154
GB-020605,False,52
GB-020606,False,263
GB-020607,True,1441
GB-020608,True,761
GB-020609,False,612
GB-020610,False,1166
GB-020611,False,63
GB-020612,True,48
GB-020613,True,582
GB-020614,False,1171
GB-020615,False,763
GB-020616,False,1086
GB-020617,False,381
GB-020618,False,838
GB-020619,False,549
GB-020620,False,306
GB-020621,False,845
GB-020622,False,764
GB-020623,False,286
GB-020624,False,1234
GB-020625,False,670
GB-020626,False,1061
GB-020627,False,1221
GB-020628,False,921
GB-020629,False,1172
GB-020630,False,1360
GB-020631,False,779
GB-020632,False,236
GB-020633,False,612
GB-020634,False,981
GB-020635,True,1058
GB-020636,True,1155
GB-020637,False,801
GB-020638,False,692
GB-020639,True,1131
GB-020640,True,27
GB-020641,False,505
GB-020642,True,330
GB-020643,False,910
GB-020644,False,560
GB-020645,True,365
GB-020646,False,578
GB-020647,False,871
GB-020648,False,153
GB-020649,False,537
GB-020650,True,1145
GB-020651,True,1121
GB-020652,False,1028
GB-020653,True,991
GB-020654,False,175
GB-020655,True,1071
GB-020656,False,1293
GB-020657,False,713
GB-020658,False,1434
GB-020659,True,462
GB-020660,False,214
GB-020661,True,383
GB-020662,False,1059
GB-020663,False,1131
GB-020664,False,1288
GB-020665,False,730
GB-020666,False,1215
GB-020667,False,611
GB-020668,False,391
GB-020669,False,723
GB-020670,False,904
GB-020671,True,1047
GB-020672,True,811
GB-020673,False,978
GB-020674,True,624
GB-020675,False,830
GB-020676,False,850
GB-020677,False,1377
GB-020678,False,480
GB-020679,True,569
GB-020680,False,1380
GB-020681,False,175
GB-020682,False,452
GB-020683,False,692
GB-020684,True,377
GB-020685,False,130
GB-020686,False,1046
GB-020687,False,1326
GB-020688,True,250
GB-020689,False,334
GB-020690,False,1472
GB-020691,True,952
GB-020692,True,802
GB-020693,True,1351
GB-020694,True,622
GB-020695,True,734
GB-020696,False,429
GB-020697,False,1365
GB-020698,True,620
GB-020699,False,477
GB-020700,False,1367
GB-020701,True,1004
GB-020702,True,1306
GB-020703,False,351
GB-020704,False,1176
GB-020705,True,9
GB-020706,True,1453
GB-020707,False,968
GB-020708,False,124
GB-020709,False,373
GB-020710,False,499
GB-020711,False,471
GB-020712,False,847
GB-020713,True,701
GB-020714,False,692
GB-020715,True,192
GB-020716,False,923
GB-020717,True,794
GB-020718,False,303
GB-020719,True,1167
GB-020720,False,1307
GB-020721,False,1011
GB-020722,True,714
GB-020723,False,392
GB-020724,True,677
GB-020725,True,1300
GB-020726,False,1042
GB-020727,False,269
GB-020728,True,1400
GB-020729,False,17
GB-020730,False,1097
GB-020731,False,1256
GB-020732,False,1435
GB-020733,True,547
GB-020734,True,1089
GB-020735,True,26
GB-020736,False,41
GB-020737,False,103
GB-020738,False,853
GB-020739,False,667
GB-020740,False,1307
GB-020741,True,1302
GB-020742,False,781
GB-020743,True,873
GB-020744,False,987
GB-020745,False,932
GB-020746,True,717
GB-020747,False,1378
GB-020748,False,1358
GB-020749,False,27
GB-020750,False,484
GB-020751,True,941
GB-020752,True,432
GB-020753,False,836
GB-020754,False,1134
GB-020755,True,207
GB-020756,False,729
GB-020757,False,1100
GB-020758,True,598
GB-020759,True,959
GB-020760,True,1462
GB-020761,True,949
GB-020762,True,418
GB-020763,False,891
GB-020764,False,1152
GB-020765,True,431
GB-020766,True,1399
GB-020767,False,437
GB-020768,False,561
GB-020769,True,995
GB-020770,False,309
GB-020771,True,131
GB-020772,False,1171
GB-020773,False,82
GB-020774,False,291
GB-020775,False,1058
GB-020776,False,110
GB-020777,True,172
GB-020778,False,1160
GB-020779,True,1437
GB-020780,True,99
GB-020781,False,856
GB-020782,True,309
GB-020783,False,1042
GB-020784,False,239
GB-020785,True,1302
GB-020786,True,607
GB-020787,False,321
GB-020788,True,1361
GB-020789,True,105
GB-020790,False,947
GB-020791,True,65
GB-020792,False,773
GB-020793,True,695
GB-020794,True,585
GB-020795,False,1445
GB-020796,False,814
GB-020797,True,33
GB-020798,False,754
GB-020799,False,1158
GB-020800,False,129
GB-020801,False,1449
GB-020802,True,977
GB-020803,False,1163
GB-020804,False,1003
GB-020805,False,410
GB-020806,True,134
GB-020807,True,712
GB-020808,True,751
GB-020809,False,933
GB-020810,True,1222
GB-020811,False,1405
GB-020812,False,827
GB-020813,True,824
GB-020814,False,1087
GB-020815,True,749
GB-020816,False,643
GB-020817,False,1276
GB-020818,False,1257
GB-020819,True,1128
GB-020820,True,979
GB-020821,False,131
GB-020822,False,799
GB-020823,False,194
GB-020824,False,793
GB-020825,True,566
GB-020826,False,383
GB-020827,True,423
GB-020828,False,366
GB-020829,False,257
GB-020830,True,991
GB-020831,False,1132
GB-020832,False,1387
GB-020833,True,1021
GB-020834,False,449
GB-020835,False,1273
GB-020836,True,35
GB-020837,True,901
GB-020838,True,847
GB-020839,True,259
GB-020840,True,159
GB-020841,True,1391
GB-020842,False,521
GB-020843,True,99
GB-020844,True,782
GB-020845,True,1105
GB-020846,True,488
GB-020847,False,57
GB-020848,False,472
GB-020849,True,1289
GB-020850,False,1158
GB-020851,False,454
GB-020852,False,76
GB-020853,True,73
GB-020854,False,225
GB-020855,False,576
GB-020856,False,775
GB-020857,False,616
GB-020858,False,738
GB-020859,False,131
GB-020860,False,491
GB-020861,False,1329
GB-020862,False,249
GB-020863,False,858
GB-020864,True,697
GB-020865,True,721
GB-020866,False,526
GB-020867,True,1249
GB-020868,False,1176
GB-020869,False,415
GB-020870,True,6
GB-020871,False,1060
GB-020872,True,171
GB-020873,False,553
GB-020874,False,45
GB-020875,False,58
GB-020876,True,1189
GB-020877,False,124
GB-020878,True,1463
GB-020879,False,1398
GB-020880,True,1300
GB-020881,False,201
GB-020882,False,1090
GB-020883,False,230
GB-020884,False,575
GB-020885,True,854
GB-020886,False,17
GB-020887,False,1401
GB-020888,True,620
GB-020889,True,1462
GB-020890,False,758
GB-020891,True,1312
GB-020892,True,352
GB-020893,False,732
GB-020894,False,384
GB-020895,False,931
GB-020896,True,369
GB-020897,False,1228
GB-020898,False,627
GB-020899,True,839
GB-020900,False,683
GB-020901,False,278
GB-020902,False,1167
GB-020903,False,265
GB-020904,False,692
GB-020905,False,1301
GB-020906,False,932
GB-020907,True,1015
GB-020908,False,588
GB-020909,False,287
GB-020910,True,611
GB-020911,False,24
GB-020912,True,1422
GB-020913,False,857
GB-020914,True,241
GB-020915,False,351
GB-020916,False,1352
GB-020917,False,540
GB-020918,False,909
GB-020919,True,281
GB-020920,False,1292
GB-020921,True,1122
GB-020922,False,1377
GB-020923,False,1459
GB-020924,True,1046
GB-020925,False,1129
GB-020926,True,1399
GB-020927,True,482
GB-020928,False,873
GB-020929,True,378
GB-020930,False,700
GB-020931,False,875
GB-020932,True,745
GB-020933,False,1334
GB-020934,True,1056
GB-020935,True,365
GB-020936,True,534
GB-020937,False,333
GB-020938,True,10
GB-020939,True,861
GB-020940,False,810
GB-020941,False,1456
GB-020942,True,1132
GB-020943,False,960
GB-020944,False,1203
GB-020945,True,524
GB-020946,True,72
GB-020947,False,1088
GB-020948,True,938
GB-020949,False,324
GB-020950,False,910
GB-020951,False,1073
GB-020952,False,177
GB-020953,False,1322
GB-020954,False,279
GB-020955,True,895
GB-020956,False,502
GB-020957,True,1301
GB-020958,False,874
GB-020959,False,406
GB-020960,True,1461
GB-020961,False,500
GB-020962,False,934
GB-020963,True,1415
GB-020964,False,879
GB-020965,False,660
GB-020966,False,1151
GB-020967,True,459
GB-020968,True,64
GB-020969,False,1315
GB-020970,True,848
GB-020971,True,46
GB-020972,False,223
GB-020973,False,701
GB-020974,True,1458
GB-020975,False,348
GB-020976,True,717
GB-020977,True,999
GB-020978,True,821
GB-020979,True,1421
GB-020980,False,1133
GB-020981,True,212
GB-020982,False,788
GB-020983,False,920
GB-020984,False,755
GB-020985,False,1141
GB-020986,False,742
GB-020987,False,1075
GB-020988,False,1038
GB-020989,False,463
GB-020990,False,1296
GB-020991,True,151
GB-020992,False,357
GB-020993,False,871
GB-020994,False,1071
GB-020995,True,535
GB-020996,True,636
GB-020997,True,1452
GB-020998,True,828
GB-020999,True,4
GB-021000,True,736
GB-021001,True,1136
GB-021002,True,597
GB-021003,False,721
GB-021004,True,626
GB-021005,True,885
GB-021006,True,639
GB-021007,False,991
GB-021008,False,368
GB-021009,True,1160
GB-021010,True,825
GB-021011,False,1097
GB-021012,False,60
GB-021013,False,1410
GB-021014,True,849
GB-021015,False,1153
GB-021016,False,44
GB-021017,True,49
GB-021018,True,764
GB-021019,False,1497
GB-021020,False,791
GB-021021,True,656
GB-021022,False,1137
GB-021023,False,208
GB-021024,False,1107
GB-021025,True,272
GB-021026,True,254
GB-021027,True,1403
GB-021028,False,37
GB-021029,False,1233
GB-021030,True,1488
GB-021031,False,1405
GB-021032,False,582
GB-021033,False,173
GB-021034,False,1480
GB-021035,False,1212
GB-021036,False,1289
GB-021037,False,577
GB-021038,False,591
GB-021039,False,795
GB-021040,False,1080
GB-021041,False,1456
GB-021042,True,14
GB-021043,False,270
GB-021044,False,1447
GB-021045,True,1452
GB-021046,True,1472
GB-021047,False,1324
GB-021048,False,534
GB-021049,True,643
GB-021050,False,1469
GB-021051,True,1358
GB-021052,True,1150
GB-021053,True,362
GB-021054,True,124
GB-021055,True,1118
GB-021056,False,464
GB-021057,False,1195
GB-021058,False,43
GB-021059,False,978
GB-021060,True,1340
GB-021061,True,670
GB-021062,False,814
GB-021063,False,879
GB-021064,False,1224
GB-021065,True,419
GB-021066,False,575
GB-021067,False,605
GB-021068,True,1091
GB-021069,False,1083
GB-021070,True,761
GB-021071,True,87
GB-021072,True,1229
GB-021073,False,1175
GB-021074,False,102
GB-021075,False,1046
GB-021076,False,201
GB-021077,False,627
GB-021078,True,693
GB-021079,True,1259
GB-021080,False,935
GB-021081,False,166
GB-021082,True,921
GB-021083,False,987
GB-021084,False,411
GB-021085,False,347
GB-021086,False,286
GB-021087,True,1347
GB-021088,False,1017
GB-021089,False,1291
GB-021090,False,1229
GB-021091,False,146
GB-021092,True,1234
GB-021093,False,552
GB-021094,False,1220
GB-021095,False,367
GB-021096,False,858
GB-021097,False,602
GB-021098,True,619
GB-021099,True,574
GB-021100,False,497
GB-021101,True,415
GB-021102,False,582
GB-021103,False,972
GB-021104,False,927
GB-021105,False,654
GB-021106,True,133
GB-021107,True,74
GB-021108,False,724
GB-021109,False,64
GB-021110,False,913
GB-021111,True,910
GB-021112,True,16
GB-021113,False,572
GB-021114,True,1433
GB-021115,False,586
GB-021116,False,601
GB-021117,False,1071
GB-021118,False,340
GB-021119,False,171
GB-021120,False,1387
GB-021121,False,859
GB-021122,False,1273
GB-021123,True,1083
GB-021124,False,1270
GB-021125,False,1092
GB-021126,False,1369
GB-021127,False,923
GB-021128,False,206
GB-021129,False,1217
GB-021130,False,1425
GB-021131,False,1135
GB-021132,False,1146
GB-021133,False,1142
GB-021134,True,84
GB-021135,False,1006
GB-021136,False,424
GB-021137,False,1379
GB-021138,False,340
GB-021139,True,1308
GB-021140,False,1062
GB-021141,True,220
GB-021142,False,330
GB-021143,False,1442
GB-021144,False,533
GB-021145,False,863
GB-021146,False,975
GB-021147,False,560
GB-021148,True,1336
GB-021149,False,516
GB-021150,True,673
GB-021151,True,1190
GB-021152,True,790
GB-021153,True,459
GB-021154,True,891
GB-021155,False,172
GB-021156,False,157
GB-021157,False,527
GB-021158,False,829
GB-021159,True,843
GB-021160,False,24
GB-021161,False,82
GB-021162,False,437
GB-021163,False,1065
GB-021164,False,406
GB-021165,False,837
GB-021166,False,994
GB-021167,False,553
GB-021168,False,125
GB-021169,False,96
GB-021170,False,176
GB-021171,True,1477
GB-021172,False,138
GB-021173,True,745
GB-021174,False,338
GB-021175,False,1376
GB-021176,False,1326
GB-021177,True,25
GB-021178,False,351
GB-021179,False,1495
GB-021180,True,1214
GB-021181,True,189
GB-021182,True,97
GB-021183,False,1449
GB-021184,False,158
GB-021185,True,1346
GB-021186,False,446
GB-021187,False,190
GB-021188,False,303
GB-021189,True,482
GB-021190,False,1390
GB-021191,False,1085
GB-021192,True,788
GB-021193,False,1456
GB-021194,False,1374
GB-021195,False,1336
GB-021196,False,45
GB-021197,False,1191
GB-021198,False,1357
GB-021199,False,1489
GB-021200,False,467
GB-021201,False,87
GB-021202,False,22
GB-021203,False,104
GB-021204,True,1182
GB-021205,False,665
GB-021206,True,1251
GB-021207,True,1144
GB-021208,False,558
GB-021209,False,246
GB-021210,True,933
GB-021211,False,1133
GB-021212,False,1224
GB-021213,True,359
GB-021214,False,960
GB-021215,False,1149
GB-021216,False,1207
GB-021217,False,66
GB-021218,False,1187
GB-021219,False,1309
GB-021220,False,421
GB-021221,True,565
GB-021222,True,331
GB-021223,False,572
GB-021224,False,1456
GB-021225,False,746
GB-021226,False,396
GB-021227,False,1112
GB-021228,False,698
GB-021229,True,60
GB-021230,False,405
GB-021231,False,123
GB-021232,True,1407
GB-021233,True,562
GB-021234,False,780
GB-021235,True,1168
GB-021236,False,574
GB-021237,False,727
GB-021238,True,672
GB-021239,False,966
GB-021240,False,896
GB-021241,False,1265
GB-021242,False,1479
GB-021243,True,750
GB-021244,True,1467
GB-021245,True,681
GB-021246,True,443
GB-021247,False,476
GB-021248,True,968
GB-021249,True,874
GB-021250,True,1010
GB-021251,False,1101
GB-021252,False,878
GB-021253,False,165
GB-021254,False,725
GB-021255,True,1208
GB-021256,False,180
GB-021257,True,6
GB-021258,False,1148
GB-021259,True,491
GB-021260,False,1040
GB-021261,False,793
GB-021262,True,990
GB-021263,True,156
GB-021264,False,1048
GB-021265,False,120
GB-021266,False,192
GB-021267,True,95
GB-021268,False,471
GB-021269,True,13
GB-021270,True,267
GB-021271,True,1209
GB-021272,True,117
GB-021273,False,194
GB-021274,False,1004
GB-021275,False,1286
GB-021276,False,52
GB-021277,True,762
GB-021278,False,1495
GB-021279,True,818
GB-021280,False,446
GB-021281,False,1057
GB-021282,True,287
GB-021283,False,1458
GB-021284,True,101
GB-021285,True,1254
GB-021286,False,574
GB-021287,True,1256
GB-021288,False,921
GB-021289,True,1451
GB-021290,True,588
GB-021291,True,97
GB-021292,False,494
GB-021293,False,772
GB-021294,True,808
GB-021295,False,763
GB-021296,False,231
GB-021297,False,897
GB-021298,False,556
GB-021299,True,1383
GB-021300,True,463
GB-021301,True,408
GB-021302,True,1088
GB-021303,False,964
GB-021304,True,460
GB-021305,False,1102
GB-021306,False,814
GB-021307,False,184
GB-021308,True,968
GB-021309,False,814
GB-021310,False,25
GB-021311,False,939
GB-021312,True,1270
GB-021313,False,214
GB-021314,True,662
GB-021315,True,978
GB-021316,False,1316
GB-021317,False,30
GB-021318,False,298
GB-021319,True,1412
GB-021320,False,585
GB-021321,True,1266
GB-021322,False,233
GB-021323,False,685
GB-021324,False,367
GB-021325,True,369
GB-021326,True,762
GB-021327,False,229
GB-021328,False,709
GB-021329,False,1052
GB-021330,True,1322
GB-021331,False,1048
GB-021332,True,665
GB-021333,False,1464
GB-021334,False,246
GB-021335,True,24
GB-021336,True,243
GB-021337,False,1328
GB-021338,False,584
GB-021339,True,584
GB-021340,True,561
GB-021341,False,1204
GB-021342,False,77
GB-021343,True,764
GB-021344,False,1482
GB-021345,False,480
GB-021346,True,413
GB-021347,True,440
GB-021348,True,298
GB-021349,False,831
GB-021350,False,79
GB-021351,True,1298
GB-021352,False,179
GB-021353,False,235
GB-021354,True,995
GB-021355,True,1259
GB-021356,False,1062
GB-021357,False,760
GB-021358,True,1
GB-021359,False,571
GB-021360,True,1397
GB-021361,False,1163
GB-021362,False,999
GB-021363,True,1249
GB-021364,False,858
GB-021365,False,1279
GB-021366,True,862
GB-021367,False,355
GB-021368,True,453
GB-021369,True,326
GB-021370,True,1169
GB-021371,False,138
GB-021372,True,904
GB-021373,False,1342
GB-021374,False,876
GB-021375,False,1416
GB-021376,False,824
GB-021377,False,503
GB-021378,True,327
GB-021379,False,1172
GB-021380,True,459
GB-021381,False,1257
GB-021382,False,1054
GB-021383,False,908
GB-021384,True,269
GB-021385,False,1415
GB-021386,True,490
GB-021387,True,19
GB-021388,False,619
GB-021389,True,500
GB-021390,False,480
GB-021391,False,1147
GB-021392,True,294
GB-021393,False,380
GB-021394,False,622
GB-021395,True,286
GB-021396,True,983
GB-021397,False,932
GB-021398,False,638
GB-021399,False,1014
GB-021400,False,1384
GB-021401,True,1276
GB-021402,False,1496
GB-021403,False,1193
GB-021404,True,248
GB-021405,False,317
GB-021406,False,1073
GB-021407,True,712
GB-021408,True,604
GB-021409,False,1261
GB-021410,False,1437
GB-021411,False,1317
GB-021412,False,786
GB-021413,False,980
GB-021414,True,545
GB-021415,False,943
GB-021416,False,357
GB-021417,False,880
GB-021418,True,922
GB-021419,False,1112
GB-021420,True,1203
GB-021421,False,260
GB-021422,True,752
GB-021423,False,1224
GB-021424,True,738
GB-021425,False,705
GB-021426,True,1243
GB-021427,False,7
GB-021428,True,164
GB-021429,True,867
GB-021430,False,1209
GB-021431,False,1269
GB-021432,False,281
GB-021433,True,1444
GB-021434,True,1257
GB-021435,False,1054
GB-021436,False,1177
GB-021437,False,45
GB-021438,False,564
GB-021439,False,1284
GB-021440,False,470
GB-021441,False,78
GB-021442,True,688
GB-021443,False,1362
GB-021444,True,1248
GB-021445,False,96
GB-021446,False,1421
GB-021447,False,677
GB-021448,False,452
GB-021449,True,1364
GB-021450,True,1153
GB-021451,True,194
GB-021452,True,536
GB-021453,False,157
GB-021454,False,1192
GB-021455,False,648
GB-021456,True,1232
GB-021457,False,270
GB-021458,False,258
GB-021459,False,24
GB-021460,False,1477
GB-021461,False,761
GB-021462,False,962
GB-021463,True,612
GB-021464,False,472
GB-021465,True,860
GB-021466,False,89
GB-021467,False,1121
GB-021468,False,614
GB-021469,False,972
GB-021470,False,1070
GB-021471,True,6
GB-021472,True,807
GB-021473,False,161
GB-021474,True,705
GB-021475,False,714
GB-021476,True,358
GB-021477,False,420
GB-021478,False,464
GB-021479,True,936
GB-021480,True,788
GB-021481,False,1369
GB-021482,True,1320
GB-021483,True,301
GB-021484,False,741
GB-021485,True,1032
GB-021486,False,69
GB-021487,False,860
GB-021488,True,1401
GB-021489,False,220
GB-021490,False,1395
GB-021491,False,663
GB-021492,False,686
GB-021493,False,385
GB-021494,False,889
GB-021495,True,1436
GB-021496,True,1163
GB-021497,False,1025
GB-021498,False,1368
GB-021499,True,1307
GB-021500,False,700
GB-021501,True,62
GB-021502,True,1091
GB-021503,False,60
GB-021504,False,1407
GB-021505,False,509
GB-021506,True,1476
GB-021507,True,13
GB-021508,False,694
GB-021509,True,435
GB-021510,True,37
GB-021511,True,591
GB-021512,True,894
GB-021513,False,574
GB-021514,False,823
GB-021515,False,386
GB-021516,False,512
GB-021517,False,286
GB-021518,True,38
GB-021519,False,1388
GB-021520,True,1305
GB-021521,False,517
GB-021522,False,18
GB-021523,False,1225
GB-021524,False,508
GB-021525,False,1214
GB-021526,True,58
GB-021527,False,199
GB-021528,False,1250
GB-021529,False,895
GB-021530,False,379
GB-021531,True,300
GB-021532,False,378
GB-021533,True,1294
GB-021534,False,1245
GB-021535,True,1326
GB-021536,False,121
GB-021537,True,1182
GB-021538,True,397
GB-021539,False,1440
GB-021540,False,155
GB-021541,False,1360
GB-021542,False,422
GB-021543,False,1227
GB-021544,True,68
GB-021545,False,1230
GB-021546,False,378
GB-021547,False,590
GB-021548,True,1415
GB-021549,True,1243
GB-021550,True,1259
GB-021551,False,1328
GB-021552,False,731
GB-021553,False,948
GB-021554,True,237
GB-021555,False,766
GB-021556,False,611
GB-021557,False,533
GB-021558,False,546
GB-021559,True,195
GB-021560,False,681
GB-021561,False,289
GB-021562,True,872
GB-021563,True,279
GB-021564,False,1044
GB-021565,False,511
GB-021566,True,462
GB-021567,False,1117
GB-021568,False,570
GB-021569,False,1356
GB-021570,True,825
GB-021571,False,934
GB-021572,False,259
GB-021573,False,1292
GB-021574,False,122
GB-021575,False,765
GB-021576,False,22
GB-021577,False,594
GB-021578,False,179
GB-021579,True,1332
GB-021580,True,1481
GB-021581,False,1047
GB-021582,True,1383
GB-021583,False,817
GB-021584,True,1252
GB-021585,True,166
GB-021586,True,1073
GB-021587,False,686
GB-021588,True,1059
GB-021589,False,62
GB-021590,False,949
GB-021591,True,1343
GB-021592,False,839
GB-021593,False,164
GB-021594,False,696
GB-021595,True,732
GB-021596,False,1316
GB-021597,True,24
GB-021598,False,585
GB-021599,False,502
GB-021600,False,736
GB-021601,True,663
GB-021602,False,963
GB-021603,True,1057
GB-021604,False,108
GB-021605,False,1461
GB-021606,False,723
GB-021607,False,802
GB-021608,False,1093
GB-021609,True,681
GB-021610,True,344
GB-021611,False,74
GB-021612,False,387
GB-021613,True,410
GB-021614,False,603
GB-021615,False,1107
GB-021616,True,442
GB-021617,True,1479
GB-021618,False,1231
GB-021619,False,791
GB-021620,False,924
GB-021621,False,97
GB-021622,False,1338
GB-021623,False,744
GB-021624,False,615
GB-021625,False,203
GB-021626,False,964
GB-021627,False,1017
GB-021628,True,962
GB-021629,False,1443
GB-021630,False,313
GB-021631,False,269
GB-021632,True,183
GB-021633,False,379
GB-021634,False,277
GB-021635,False,1349
GB-021636,True,944
GB-021637,False,1189
GB-021638,True,650
GB-021639,True,475
GB-021640,False,431
GB-021641,True,1209
GB-021642,True,941
GB-021643,False,957
GB-021644,True,1004
GB-021645,False,262
GB-021646,True,1216
GB-021647,False,1113
GB-021648,True,527
GB-021649,True,336
GB-021650,False,1356
GB-021651,True,61
GB-021652,False,577
GB-021653,False,1318
GB-021654,True,1349
GB-021655,True,564
GB-021656,True,157
GB-021657,True,919
GB-021658,True,101
GB-021659,True,976
GB-021660,True,948
GB-021661,True,176
GB-021662,True,91
GB-021663,False,270
GB-021664,False,1090
GB-021665,False,315
GB-021666,False,1007
GB-021667,False,935
GB-021668,False,358
GB-021669,False,632
GB-021670,True,415
GB-021671,False,830
GB-021672,True,1354
GB-021673,True,80
GB-021674,False,110
GB-021675,False,452
GB-021676,False,648
GB-021677,False,423
GB-021678,True,543
GB-021679,False,1485
GB-021680,False,583
GB-021681,False,290
GB-021682,False,516
GB-021683,True,262
GB-021684,True,1196
GB-021685,False,518
GB-021686,False,488
GB-021687,False,359
GB-021688,True,687
GB-021689,True,450
GB-021690,False,299
GB-021691,False,61
GB-021692,False,725
GB-021693,True,415
GB-021694,False,503
GB-021695,False,1207
GB-021696,False,1155
GB-021697,True,4
GB-021698,True,232
GB-021699,True,440
GB-021700,True,279
GB-021701,True,100
GB-021702,True,1079
GB-021703,False,611
GB-021704,True,521
GB-021705,False,855
GB-021706,True,1219
GB-021707,False,708
GB-021708,False,754
GB-021709,False,358
GB-021710,False,1126
GB-021711,False,102
GB-021712,True,857
GB-021713,False,435
GB-021714,True,449
GB-021715,True,1070
GB-021716,False,200
GB-021717,True,492
GB-021718,True,172
GB-021719,False,352
GB-021720,False,804
GB-021721,True,1103
GB-021722,True,713
GB-021723,True,949
GB-021724,True,31
GB-021725,False,505
GB-021726,True,891
GB-021727,True,280
GB-021728,True,387
GB-021729,True,823
GB-021730,False,93
GB-021731,False,590
GB-021732,False,440
GB-021733,True,867
GB-021734,False,486
GB-021735,False,184
GB-021736,False,1453
GB-021737,False,983
GB-021738,False,1102
GB-021739,False,1181
GB-021740,False,263
GB-021741,False,1005
GB-021742,False,1184
GB-021743,True,591
GB-021744,False,568
GB-021745,True,441
GB-021746,True,754
GB-021747,False,384
GB-021748,True,748
GB-021749,True,1455
GB-021750,True,1123
GB-021751,False,310
GB-021752,True,579
GB-021753,True,703
GB-021754,False,537
GB-021755,False,327
GB-021756,True,1390
GB-021757,False,1417
GB-021758,False,938
GB-021759,False,1193
GB-021760,True,1476
GB-021761,True,702
GB-021762,False,1119
GB-021763,True,685
GB-021764,False,939
GB-021765,True,595
GB-021766,False,41
GB-021767,False,839
GB-021768,False,1497
GB-021769,True,582
GB-021770,False,945
GB-021771,False,1008
GB-021772,False,925
GB-021773,True,563
GB-021774,False,712
GB-021775,False,553
GB-021776,False,56
GB-021777,True,108
GB-021778,True,1408
GB-021779,False,1173
GB-021780,True,191
GB-021781,False,538
GB-021782,False,276
GB-021783,False,763
GB-021784,False,1054
GB-021785,False,771
GB-021786,False,1023
GB-021787,False,1136
GB-021788,True,671
GB-021789,True,282
GB-021790,False,929
GB-021791,False,898
GB-021792,False,468
GB-021793,False,752
GB-021794,True,335
GB-021795,False,1013
GB-021796,False,509
GB-021797,True,1321
GB-021798,False,1009
GB-021799,False,349
GB-021800,True,9
GB-021801,True,308
GB-021802,False,1224
GB-021803,True,1013
GB-021804,False,234
GB-021805,False,610
GB-021806,False,491
GB-021807,False,1463
GB-021808,True,915
GB-021809,False,832
GB-021810,True,370
GB-021811,False,675
GB-021812,False,947
GB-021813,False,1439
GB-021814,True,116
GB-021815,False,129
GB-021816,False,1083
GB-021817,False,927
GB-021818,False,448
GB-021819,False,1034
GB-021820,True,223
GB-021821,False,12
GB-021822,False,1418
GB-021823,False,1432
GB-021824,False,660
GB-021825,True,1490
GB-021826,False,333
GB-021827,False,844
GB-021828,False,879
GB-021829,False,126
GB-021830,False,377
GB-021831,False,722
GB-021832,False,768
GB-021833,True,749
GB-021834,False,854
GB-021835,False,15
GB-021836,False,1492
GB-021837,False,1314
GB-021838,False,285
GB-021839,False,827
GB-021840,True,970
GB-021841,False,342
GB-021842,False,163
GB-021843,True,1106
GB-021844,False,1240
GB-021845,True,995
GB-021846,True,1122
GB-021847,True,72
GB-021848,True,1433
GB-021849,True,189
GB-021850,True,1415
GB-021851,True,315
GB-021852,True,486
GB-021853,False,1163
GB-021854,False,576
GB-021855,False,259
GB-021856,True,317
GB-021857,False,540
GB-021858,False,1046
GB-021859,True,1284
GB-021860,False,343
GB-021861,False,1232
GB-021862,True,387
GB-021863,True,596
GB-021864,False,461
GB-021865,False,1104
GB-021866,True,568
GB-021867,False,192
GB-021868,False,1311
GB-021869,False,666
GB-021870,False,979
GB-021871,True,1277
GB-021872,False,1304
GB-021873,False,1274
GB-021874,False,1344
GB-021875,False,1114
GB-021876,False,1262
GB-021877,True,923
GB-021878,False,920
GB-021879,False,289
GB-021880,True,1022
GB-021881,True,993
GB-021882,False,585
GB-021883,False,125
GB-021884,True,1446
GB-021885,False,1015
GB-021886,True,988
GB-021887,False,561
GB-021888,False,338
GB-021889,True,653
GB-021890,True,1273
GB-021891,False,734
GB-021892,False,317
GB-021893,False,625
GB-021894,True,1292
GB-021895,True,507
GB-021896,False,1473
GB-021897,True,312
GB-021898,False,1028
GB-021899,True,1267
GB-021900,False,737
GB-021901,False,1437
GB-021902,False,521
GB-021903,True,1313
GB-021904,False,308
GB-021905,False,444
GB-021906,True,1254
GB-021907,False,461
GB-021908,False,955
GB-021909,True,1290
GB-021910,True,129
GB-021911,True,1253
GB-021912,False,1344
GB-021913,True,918
GB-021914,True,938
GB-021915,True,514
GB-021916,False,248
GB-021917,True,283
GB-021918,False,415
GB-021919,True,229
GB-021920,False,12
GB-021921,False,486
GB-021922,True,378
GB-021923,False,255
GB-021924,True,979
GB-021925,False,95
GB-021926,True,437
GB-021927,True,854
GB-021928,True,971
GB-021929,True,604
GB-021930,False,240
GB-021931,True,774
GB-021932,False,1192
GB-021933,False,674
GB-021934,False,370
GB-021935,True,154
GB-021936,True,1079
GB-021937,True,418
GB-021938,True,849
GB-021939,False,748
GB-021940,False,1183
GB-021941,True,1033
GB-021942,False,521
GB-021943,False,1015
GB-021944,False,715
GB-021945,True,1107
GB-021946,False,1167
GB-021947,True,389
GB-021948,False,356
GB-021949,True,463
GB-021950,False,787
GB-021951,True,584
GB-021952,False,1215
GB-021953,False,255
GB-021954,False,6
GB-021955,False,1330
GB-021956,True,994
GB-021957,False,845
GB-021958,False,72
GB-021959,False,170
GB-021960,False,1247
GB-021961,False,756
GB-021962,False,496
GB-021963,True,1188
GB-021964,False,1089
GB-021965,True,1409
GB-021966,False,519
GB-021967,True,215
GB-021968,False,1457
GB-021969,False,772
GB-021970,True,63
GB-021971,True,512
GB-021972,False,1167
GB-021973,False,1450
GB-021974,True,901
GB-021975,False,532
GB-021976,True,1427
GB-021977,True,382
GB-021978,False,47
GB-021979,True,444
GB-021980,True,1492
GB-021981,True,662
GB-021982,True,10
GB-021983,True,362
GB-021984,False,832
GB-021985,False,1455
GB-021986,False,1254
GB-021987,False,493
GB-021988,True,754
GB-021989,False,810
GB-021990,False,913
GB-021991,False,11
GB-021992,False,956
GB-021993,True,1033
GB-021994,False,1344
GB-021995,False,600
GB-021996,True,1002
GB-021997,True,1022
GB-021998,False,1224
GB-021999,False,463
GB-022000,False,815
GB-022001,True,710
GB-022002,False,1181
GB-022003,False,246
GB-022004,False,983
GB-022005,False,1341
GB-022006,False,1085
GB-022007,False,442
GB-022008,True,1283
GB-022009,False,723
GB-022010,True,1198
GB-022011,False,710
GB-022012,True,816
GB-022013,False,772
GB-022014,False,1059
GB-022015,True,29
GB-022016,False,1133
GB-022017,False,698
GB-022018,True,781
GB-022019,True,1163
GB-022020,True,191
GB-022021,True,1188
GB-022022,False,287
GB-022023,True,38
GB-022024,True,351
GB-022025,True,127
GB-022026,True,17
GB-022027,False,436
GB-022028,True,782
GB-022029,False,498
GB-022030,True,1127
GB-022031,True,1466
GB-022032,False,468
GB-022033,True,875
GB-022034,False,814
GB-022035,True,44
GB-022036,True,1474
GB-022037,True,114
GB-022038,False,554
GB-022039,False,24
GB-022040,False,137
GB-022041,False,613
GB-022042,False,856
GB-022043,False,164
GB-022044,True,23
GB-022045,False,103
GB-022046,True,370
GB-022047,False,1116
GB-022048,False,1492
GB-022049,False,355
GB-022050,False,204
GB-022051,True,315
GB-022052,True,1063
GB-022053,True,436
GB-022054,True,709
GB-022055,True,1251
GB-022056,True,174
GB-022057,False,686
GB-022058,False,1149
GB-022059,True,740
GB-022060,False,932
GB-022061,False,711
GB-022062,False,1146
GB-022063,True,666
GB-022064,False,1052
GB-022065,True,1118
GB-022066,False,913
GB-022067,True,283
GB-022068,True,106
GB-022069,True,485
GB-022070,False,340
GB-022071,False,798
GB-022072,False,1363
GB-022073,False,362
GB-022074,True,1414
GB-022075,False,130
GB-022076,True,286
GB-022077,False,1172
GB-022078,True,828
GB-022079,True,413
GB-022080,False,1407
GB-022081,False,1047
GB-022082,False,129
GB-022083,False,1156
GB-022084,False,813
GB-022085,False,371
GB-022086,False,1205
GB-022087,False,1057
GB-022088,False,630
GB-022089,True,781
GB-022090,False,1206
GB-022091,False,506
GB-022092,True,359
GB-022093,False,1437
GB-022094,False,848
GB-022095,False,682
GB-022096,True,234
GB-022097,False,983
GB-022098,False,67
GB-022099,True,199
GB-022100,True,1129
GB-022101,False,1379
GB-022102,True,612
GB-022103,False,32
GB-022104,False,486
GB-022105,False,114
GB-022106,False,684
GB-022107,True,851
GB-022108,False,552
GB-022109,True,270
GB-022110,True,240
GB-022111,False,310
GB-022112,True,1276
GB-022113,False,77
GB-022114,False,1264
GB-022115,True,1138
GB-022116,False,344
GB-022117,False,53
GB-022118,False,36
GB-022119,True,13
GB-022120,False,822
GB-022121,True,290
GB-022122,False,1008
GB-022123,True,1070
GB-022124,False,818
GB-022125,False,799
GB-022126,False,247
GB-022127,False,991
GB-022128,False,1158
GB-022129,False,1014
GB-022130,False,1216
GB-022131,True,1482
GB-022132,True,51
GB-022133,False,1076
GB-022134,False,1255
GB-022135,True,448
GB-022136,True,148
GB-022137,True,1331
GB-022138,False,1465
GB-022139,False,1042
GB-022140,False,944
GB-022141,False,362
GB-022142,True,996
GB-022143,False,894
GB-022144,True,639
GB-022145,True,291
GB-022146,True,854
GB-022147,False,405
GB-022148,True,1306
GB-022149,False,788
GB-022150,False,1042
GB-022151,False,1097
GB-022152,True,1065
GB-022153,False,1083
GB-022154,False,42
GB-022155,False,1217
GB-022156,False,827
GB-022157,True,943
GB-022158,False,743
GB-022159,False,901
GB-022160,False,444
GB-022161,False,970
GB-022162,True,25
GB-022163,False,631
GB-022164,True,590
GB-022165,False,521
GB-022166,True,63
GB-022167,False,771
GB-022168,False,1401
GB-022169,False,1456
GB-022170,False,365
GB-022171,False,333
GB-022172,False,148
GB-022173,True,1216
GB-022174,True,855
GB-022175,False,1255
GB-022176,False,485
GB-022177,False,388
GB-022178,False,338
GB-022179,False,207
GB-022180,False,1356
GB-022181,False,709
GB-022182,False,326
GB-022183,True,247
GB-022184,True,213
GB-022185,True,395
GB-022186,False,124
GB-022187,False,83
GB-022188,True,1188
GB-022189,True,934
GB-022190,False,187
GB-022191,False,334
GB-022192,False,617
GB-022193,False,118
GB-022194,False,630
GB-022195,False,1205
GB-022196,True,134
GB-022197,False,1246
GB-022198,True,1386
GB-022199,False,981
GB-022200,False,590
GB-022201,True,604
GB-022202,True,536
GB-022203,True,978
GB-022204,True,747
GB-022205,False,434
GB-022206,True,70
GB-022207,False,501
GB-022208,False,378
GB-022209,True,3
GB-022210,True,354
GB-022211,False,454
GB-022212,False,475
GB-022213,False,336
GB-022214,False,1080
GB-022215,True,337
GB-022216,True,1098
GB-022217,True,1104
GB-022218,True,1411
GB-022219,False,558
GB-022220,False,445
GB-022221,True,1385
GB-022222,True,630
GB-022223,False,1410
GB-022224,True,372
GB-022225,True,518
GB-022226,False,228
GB-022227,False,1038
GB-022228,True,1480
GB-022229,True,1259
GB-022230,False,1136
GB-022231,True,1419
GB-022232,True,18
GB-022233,True,230
GB-022234,False,652
GB-022235,False,182
GB-022236,True,94
GB-022237,False,1336
GB-022238,False,984
GB-022239,False,1274
GB-022240,False,749
GB-022241,False,1294
GB-022242,True,1145
GB-022243,True,1429
GB-022244,True,1409
GB-022245,True,562
GB-022246,True,1100
GB-022247,False,7
GB-022248,False,682
GB-022249,True,266
GB-022250,False,114
GB-022251,False,728
GB-022252,False,222
GB-022253,False,482
GB-022254,True,486
GB-022255,False,1444
GB-022256,True,944
GB-022257,True,632
GB-022258,True,1311
GB-022259,False,144
GB-022260,False,642
GB-022261,False,630
GB-022262,False,234
GB-022263,False,1327
GB-022264,False,135
GB-022265,False,257
GB-022266,False,673
GB-022267,False,248
GB-022268,False,320
GB-022269,False,1100
GB-022270,False,672
GB-022271,True,490
GB-022272,False,778
GB-022273,False,326
GB-022274,False,772
GB-022275,False,790
GB-022276,False,1188
GB-022277,True,1497
GB-022278,False,1138
GB-022279,True,1374
GB-022280,False,888
GB-022281,False,720
GB-022282,False,1056
GB-022283,False,1371
GB-022284,True,1237
GB-022285,True,105
GB-022286,True,444
GB-022287,False,477
GB-022288,True,1285
GB-022289,False,364
GB-022290,False,201
GB-022291,True,617
GB-022292,True,855
GB-022293,False,738
GB-022294,True,198
GB-022295,True,492
GB-022296,True,320
GB-022297,False,807
GB-022298,False,1268
GB-022299,True,1228
GB-022300,False,1346
GB-022301,True,669
GB-022302,False,745
GB-022303,False,63
GB-022304,True,255
GB-022305,False,887
GB-022306,False,1103
GB-022307,False,1202
GB-022308,False,621
GB-022309,True,689
GB-022310,False,1231
GB-022311,True,530
GB-022312,False,1479
GB-022313,True,209
GB-022314,False,113
GB-022315,False,1231
GB-022316,True,677
GB-022317,False,348
GB-022318,True,919
GB-022319,True,856
GB-022320,True,525
GB-022321,True,387
GB-022322,False,1161
GB-022323,False,1155
GB-022324,False,1455
GB-022325,False,662
GB-022326,False,1383
GB-022327,False,1258
GB-022328,True,783
GB-022329,False,701
GB-022330,False,713
GB-022331,False,494
GB-022332,False,1449
GB-022333,True,903
GB-022334,False,907
GB-022335,False,1276
GB-022336,True,1451
GB-022337,True,526
GB-022338,True,657
GB-022339,True,596
GB-022340,False,953
GB-022341,False,1225
GB-022342,True,1375
GB-022343,False,699
GB-022344,True,1241
GB-022345,False,1349
GB-022346,False,1439
GB-022347,True,129
GB-022348,True,1332
GB-022349,False,704
GB-022350,True,279
GB-022351,False,885
GB-022352,False,467
GB-022353,True,449
GB-022354,False,558
GB-022355,False,769
GB-022356,True,269
GB-022357,True,173
GB-022358,False,1278
GB-022359,False,35
GB-022360,False,502
GB-022361,False,236
GB-022362,False,279
GB-022363,True,1280
GB-022364,False,1210
GB-022365,True,1232
GB-022366,False,446
GB-022367,True,656
GB-022368,False,1280
GB-022369,True,741
GB-022370,True,1131
GB-022371,False,390
GB-022372,False,998
GB-022373,False,197
GB-022374,True,230
GB-022375,False,1115
GB-022376,False,627
GB-022377,True,285
GB-022378,True,1325
GB-022379,False,176
GB-022380,False,1090
GB-022381,False,1131
GB-022382,True,580
GB-022383,False,1463
GB-022384,True,496
GB-022385,False,1175
GB-022386,True,901
GB-022387,False,872
GB-022388,False,637
GB-022389,False,284
GB-022390,True,83
GB-022391,False,1205
GB-022392,False,236
GB-022393,True,1058
GB-022394,False,447
GB-022395,True,535
GB-022396,False,990
GB-022397,True,1373
GB-022398,True,1181
GB-022399,False,335
GB-022400,False,237
GB-022401,False,1203
GB-022402,True,559
GB-022403,False,1354
GB-022404,False,1317
GB-022405,False,968
GB-022406,False,632
GB-022407,True,324
GB-022408,False,407
GB-022409,False,964
GB-022410,False,881
GB-022411,False,983
GB-022412,False,605
GB-022413,True,238
GB-022414,False,1120
GB-022415,False,313
GB-022416,True,529
GB-022417,False,1253
GB-022418,False,1326
GB-022419,False,1141
GB-022420,True,823
GB-022421,True,98
GB-022422,False,353
GB-022423,True,1354
GB-022424,True,79
GB-022425,False,1375
GB-022426,True,21
GB-022427,True,1171
GB-022428,False,90
GB-022429,False,90
GB-022430,False,1073
GB-022431,False,720
GB-022432,False,360
GB-022433,True,50
GB-022434,True,318
GB-022435,True,1202
GB-022436,False,1355
GB-022437,False,432
GB-022438,False,811
GB-022439,False,491
GB-022440,True,212
GB-022441,True,657
GB-022442,True,632
GB-022443,False,1267
GB-022444,False,1250
GB-022445,False,593
GB-022446,True,212
GB-022447,True,345
GB-022448,True,1040
GB-022449,True,1019
GB-022450,False,418
GB-022451,False,776
GB-022452,False,1401
GB-022453,True,391
GB-022454,True,823
GB-022455,False,1010
GB-022456,True,24
GB-022457,True,1230
GB-022458,True,1471
GB-022459,False,16
GB-022460,True,710
GB-022461,False,41
GB-022462,False,184
GB-022463,False,1237
GB-022464,False,1068
GB-022465,False,1411
GB-022466,True,953
GB-022467,False,95
GB-022468,False,88
GB-022469,True,675
GB-022470,False,1118
GB-022471,False,1255
GB-022472,False,56
GB-022473,False,374
GB-022474,False,555
GB-022475,True,1484
GB-022476,False,1086
GB-022477,False,806
GB-022478,True,1115
GB-022479,False,1073
GB-022480,False,916
GB-022481,False,985
GB-022482,False,1437
GB-022483,True,1002
GB-022484,False,473
GB-022485,True,542
GB-022486,False,1215
GB-022487,True,968
GB-022488,True,1091
GB-022489,False,627
GB-022490,False,412
GB-022491,False,79
GB-022492,True,381
GB-022493,True,1458
GB-022494,False,220
GB-022495,False,908
GB-022496,False,1341
GB-022497,False,553
GB-022498,False,260
GB-022499,False,939
GB-022500,False,857
GB-022501,True,306
GB-022502,False,1188
GB-022503,False,508
GB-022504,False,582
GB-022505,False,685
GB-022506,True,608
GB-022507,False,1296
GB-022508,True,230
GB-022509,False,1091
GB-022510,True,1346
GB-022511,False,24
GB-022512,True,1288
GB-022513,False,988
GB-022514,False,1003
GB-022515,False,491
GB-022516,False,22
GB-022517,True,287
GB-022518,False,760
GB-022519,False,546
GB-022520,False,498
GB-022521,False,113
GB-022522,False,584
GB-022523,True,963
GB-022524,False,1220
GB-022525,False,675
GB-022526,True,600
GB-022527,True,227
GB-022528,False,450
GB-022529,False,1135
GB-022530,True,458
GB-022531,False,574
GB-022532,False,1326
GB-022533,True,571
GB-022534,True,224
GB-022535,True,771
GB-022536,True,71
GB-022537,False,548
GB-022538,True,1256
GB-022539,False,1178
GB-022540,True,89
GB-022541,True,131
GB-022542,False,804
GB-022543,True,719
GB-022544,False,368
GB-022545,False,475
GB-022546,True,414
GB-022547,False,1352
GB-022548,False,1080
GB-022549,False,1380
GB-022550,False,789
GB-022551,False,725
GB-022552,True,828
GB-022553,False,1459
GB-022554,False,652
GB-022555,True,1107
GB-022556,False,790
GB-022557,False,18
GB-022558,True,1256
GB-022559,True,1459
GB-022560,False,488
GB-022561,False,987
GB-022562,False,1460
GB-022563,True,140
GB-022564,False,887
GB-022565,True,672
GB-022566,True,1335
GB-022567,False,772
GB-022568,True,1232
GB-022569,False,38
GB-022570,False,71
GB-022571,False,787
GB-022572,False,1039
GB-022573,True,1035
GB-022574,True,507
GB-022575,False,211
GB-022576,True,1174
GB-022577,False,769
GB-022578,False,1345
GB-022579,True,405
GB-022580,False,1464
GB-022581,False,46
GB-022582,True,47
GB-022583,True,432
GB-022584,True,644
GB-022585,False,968
GB-022586,True,300
GB-022587,True,407
GB-022588,False,1447
GB-022589,False,566
GB-022590,False,747
GB-022591,True,713
GB-022592,True,179
GB-022593,False,862
GB-022594,False,686
GB-022595,False,1050
GB-022596,False,1448
GB-022597,False,817
GB-022598,False,1135
GB-022599,False,964
GB-022600,False,886
GB-022601,True,852
GB-022602,True,565
GB-022603,False,1151
GB-022604,False,923
GB-022605,False,1435
GB-022606,False,854
GB-022607,True,286
GB-022608,False,1312
GB-022609,False,1107
GB-022610,False,1220
GB-022611,True,265
GB-022612,True,972
GB-022613,False,1134
GB-022614,True,694
GB-022615,True,218
GB-022616,False,1273
GB-022617,False,817
GB-022618,True,1255
GB-022619,False,251
GB-022620,False,501
GB-022621,False,1159
GB-022622,False,658
GB-022623,False,626
GB-022624,False,82
GB-022625,False,468
GB-022626,True,419
GB-022627,False,455
GB-022628,False,1106
GB-022629,True,959
GB-022630,True,422
GB-022631,False,637
GB-022632,True,67
GB-022633,False,407
GB-022634,False,652
GB-022635,True,1273
GB-022636,False,382
GB-022637,True,1225
GB-022638,False,1467
GB-022639,False,58
GB-022640,True,247
GB-022641,False,618
GB-022642,False,752
GB-022643,False,799
GB-022644,True,1100
GB-022645,True,726
GB-022646,True,887
GB-022647,False,714
GB-022648,False,228
GB-022649,False,1120
GB-022650,False,1122
GB-022651,True,1234
GB-022652,False,882
GB-022653,False,393
GB-022654,False,514
GB-022655,True,185
GB-022656,False,1254
GB-022657,True,733
GB-022658,True,439
GB-022659,False,877
GB-022660,False,343
GB-022661,True,348
GB-022662,False,304
GB-022663,True,1323
GB-022664,True,898
GB-022665,True,758
GB-022666,False,26
GB-022667,False,1281
GB-022668,True,1384
GB-022669,False,114
GB-022670,False,916
GB-022671,False,307
GB-022672,False,120
GB-022673,False,91
GB-022674,False,491
GB-022675,True,734
GB-022676,False,177
GB-022677,True,1263
GB-022678,False,873
GB-022679,False,731
GB-022680,True,68
GB-022681,True,1468
GB-022682,False,1204
GB-022683,False,1093
GB-022684,True,60
GB-022685,False,703
GB-022686,True,204
GB-022687,False,327
GB-022688,False,799
GB-022689,False,938
GB-022690,True,383
GB-022691,False,208
GB-022692,False,1486
GB-022693,True,454
GB-022694,False,493
GB-022695,False,1093
GB-022696,False,943
GB-022697,False,1467
GB-022698,True,839
GB-022699,True,252
GB-022700,True,741
GB-022701,True,973
GB-022702,False,150
GB-022703,False,520
GB-022704,False,1272
GB-022705,False,1457
GB-022706,False,156
GB-022707,True,870
GB-022708,False,1139
GB-022709,False,166
GB-022710,False,697
GB-022711,False,1425
GB-022712,False,756
GB-022713,True,57
GB-022714,True,1075
GB-022715,False,670
GB-022716,False,600
GB-022717,False,822
GB-022718,True,841
GB-022719,True,455
GB-022720,False,64
GB-022721,False,622
GB-022722,False,772
GB-022723,False,203
GB-022724,False,793
GB-022725,False,1143
GB-022726,False,96
GB-022727,True,905
GB-022728,True,362
GB-022729,False,48
GB-022730,False,554
GB-022731,True,1280
GB-022732,False,317
GB-022733,False,1155
GB-022734,True,208
GB-022735,False,1204
GB-022736,False,486
GB-022737,False,991
GB-022738,True,1028
GB-022739,True,448
GB-022740,True,1092
GB-022741,False,21
GB-022742,False,548
GB-022743,False,128
GB-022744,False,702
GB-022745,False,664
GB-022746,False,640
GB-022747,False,969
GB-022748,False,1315
GB-022749,True,667
GB-022750,True,567
GB-022751,True,668
GB-022752,False,937
GB-022753,True,1460
GB-022754,False,1096
GB-022755,False,1494
GB-022756,False,1491
GB-022757,True,548
GB-022758,False,124
GB-022759,False,1123
GB-022760,True,1333
GB-022761,False,346
GB-022762,False,125
GB-022763,True,458
GB-022764,False,1102
GB-022765,False,225
GB-022766,True,1382
GB-022767,False,1321
GB-022768,False,1269
GB-022769,False,62
GB-022770,False,1404
GB-022771,True,851
GB-022772,True,760
GB-022773,True,933
GB-022774,True,40
GB-022775,False,206
GB-022776,True,671
GB-022777,False,109
GB-022778,False,48
GB-022779,False,1328
GB-022780,False,760
GB-022781,False,74
GB-022782,True,779
GB-022783,True,1388
GB-022784,False,469
GB-022785,False,1129
GB-022786,False,1343
GB-022787,True,1065
GB-022788,False,889
GB-022789,True,1153
GB-022790,False,206
GB-022791,True,59
GB-022792,False,937
GB-022793,False,811
GB-022794,False,325
GB-022795,True,968
GB-022796,False,564
GB-022797,False,423
GB-022798,False,103
GB-022799,False,263
GB-022800,False,1193
GB-022801,False,157
GB-022802,True,773
GB-022803,False,542
GB-022804,False,1444
GB-022805,True,608
GB-022806,True,1142
GB-022807,True,980
GB-022808,False,1011
GB-022809,True,681
GB-022810,False,1255
GB-022811,False,251
GB-022812,True,691
GB-022813,True,1267
GB-022814,True,19
GB-022815,False,335
GB-022816,True,1421
GB-022817,True,75
GB-022818,True,734
GB-022819,False,963
GB-022820,False,1467
GB-022821,False,514
GB-022822,False,852
GB-022823,False,284
GB-022824,False,528
GB-022825,False,550
GB-022826,False,1157
GB-022827,True,276
GB-022828,False,1074
GB-022829,True,329
GB-022830,False,552
GB-022831,False,497
GB-022832,False,1356
GB-022833,False,318
GB-022834,True,931
GB-022835,True,1072
GB-022836,False,1477
GB-022837,False,3
GB-022838,True,33
GB-022839,False,373
GB-022840,False,1179
GB-022841,False,1239
GB-022842,True,430
GB-022843,True,788
GB-022844,True,726
GB-022845,False,243
GB-022846,False,1468
GB-022847,False,1422
GB-022848,True,1481
GB-022849,False,1378
GB-022850,True,57
GB-022851,False,223
GB-022852,False,1114
GB-022853,False,615
GB-022854,False,309
GB-022855,True,1095
GB-022856,False,1209
GB-022857,False,386
GB-022858,False,1425
GB-022859,False,574
GB-022860,False,86
GB-022861,True,116
GB-022862,False,1371
GB-022863,True,307
GB-022864,True,1031
GB-022865,True,1383
GB-022866,True,914
GB-022867,True,531
GB-022868,False,63
GB-022869,True,176
GB-022870,True,664
GB-022871,True,595
GB-022872,False,1160
GB-022873,True,841
GB-022874,False,360
GB-022875,True,1023
GB-022876,False,1391
GB-022877,True,302
GB-022878,True,1130
GB-022879,True,860
GB-022880,False,82
GB-022881,False,769
GB-022882,True,821
GB-022883,True,68
GB-022884,False,88
GB-022885,True,614
GB-022886,False,1268
GB-022887,True,838
GB-022888,False,1368
GB-022889,False,847
GB-022890,False,939
GB-022891,False,39
GB-022892,False,1150
GB-022893,True,1303
GB-022894,True,1495
GB-022895,True,785
GB-022896,False,1164
GB-022897,False,82
GB-022898,True,588
GB-022899,True,114
GB-022900,False,103
GB-022901,False,705
GB-022902,True,372
GB-022903,True,235
GB-022904,True,664
GB-022905,False,290
GB-022906,False,211
GB-022907,True,1113
GB-022908,True,1437
GB-022909,False,20
GB-022910,False,342
GB-022911,False,983
GB-022912,True,103
GB-022913,True,1426
GB-022914,False,1044
GB-022915,False,747
GB-022916,True,590
GB-022917,False,201
GB-022918,True,186
GB-022919,False,1076
GB-022920,False,663
GB-022921,False,458
GB-022922,True,618
GB-022923,False,822
GB-022924,True,1220
GB-022925,False,103
GB-022926,True,741
GB-022927,False,364
GB-022928,False,643
GB-022929,True,701
GB-022930,True,569
GB-022931,False,1375
GB-022932,True,544
GB-022933,False,1388
GB-022934,False,742
GB-022935,True,834
GB-022936,False,1198
GB-022937,False,1217
GB-022938,False,278
GB-022939,False,1169
GB-022940,False,742
GB-022941,False,998
GB-022942,True,136
GB-022943,True,632
GB-022944,True,580
GB-022945,False,32
GB-022946,False,1261
GB-022947,False,32
GB-022948,False,178
GB-022949,True,1178
GB-022950,True,79
GB-022951,False,157
GB-022952,True,165
GB-022953,False,29
GB-022954,False,838
GB-022955,True,744
GB-022956,False,169
GB-022957,False,1293
GB-022958,True,1323
GB-022959,False,1351
GB-022960,False,1179
GB-022961,True,641
GB-022962,False,310
GB-022963,True,8
GB-022964,False,1348
GB-022965,True,1054
GB-022966,True,1280
GB-022967,True,726
GB-022968,True,853
GB-022969,False,660
GB-022970,True,206
GB-022971,True,334
GB-022972,True,550
GB-022973,True,104
GB-022974,False,786
GB-022975,False,990
GB-022976,True,1424
GB-022977,True,1495
GB-022978,False,905
GB-022979,False,736
GB-022980,False,1061
GB-022981,False,850
GB-022982,False,1326
GB-022983,False,1158
GB-022984,False,501
GB-022985,False,746
GB-022986,False,886
GB-022987,True,249
GB-022988,False,720
GB-022989,True,1348
GB-022990,False,1146
GB-022991,False,1383
GB-022992,False,372
GB-022993,False,540
GB-022994,True,461
GB-022995,True,1443
GB-022996,False,600
GB-022997,False,635
GB-022998,True,1273
GB-022999,True,367
GB-023000,False,866
GB-023001,True,313
GB-023002,False,27
GB-023003,False,471
GB-023004,False,971
GB-023005,False,940
GB-023006,False,298
GB-023007,False,1035
GB-023008,True,354
GB-023009,False,973
GB-023010,False,690
GB-023011,True,1268
GB-023012,True,1465
GB-023013,False,157
GB-023014,True,339
GB-023015,False,278
GB-023016,False,1393
GB-023017,False,525
GB-023018,False,589
GB-023019,True,1143
GB-023020,False,229
GB-023021,True,566
GB-023022,False,654
GB-023023,False,1126
GB-023024,False,1443
GB-023025,False,885
GB-023026,False,415
GB-023027,True,194
GB-023028,False,525
GB-023029,False,1001
GB-023030,True,873
GB-023031,True,200
GB-023032,True,1038
GB-023033,True,1482
GB-023034,True,629
GB-023035,False,185
GB-023036,False,467
GB-023037,False,455
GB-023038,False,1045
GB-023039,False,1280
GB-023040,False,47
GB-023041,True,892
GB-023042,True,1168
GB-023043,True,619
GB-023044,False,1034
GB-023045,True,1075
GB-023046,True,52
GB-023047,False,184
GB-023048,True,494
GB-023049,False,844
GB-023050,False,1386
GB-023051,False,222
GB-023052,True,318
GB-023053,False,590
GB-023054,True,183
GB-023055,False,145
GB-023056,False,702
GB-023057,False,422
GB-023058,False,462
GB-023059,True,351
GB-023060,True,349
GB-023061,False,478
GB-023062,False,330
GB-023063,True,1339
GB-023064,True,1182
GB-023065,True,1320
GB-023066,True,1220
GB-023067,False,941
GB-023068,False,591
GB-023069,True,221
GB-023070,False,670
GB-023071,False,1254
GB-023072,True,1258
GB-023073,False,1085
GB-023074,False,242
GB-023075,False,105
GB-023076,False,344
GB-023077,True,19
GB-023078,False,1187
GB-023079,False,1095
GB-023080,True,63
GB-023081,False,572
GB-023082,True,559
GB-023083,False,828
GB-023084,False,1088
GB-023085,True,213
GB-023086,False,688
GB-023087,False,629
GB-023088,False,163
GB-023089,True,869
GB-023090,False,249
GB-023091,False,1025
GB-023092,False,1337
GB-023093,True,911
GB-023094,True,1224
GB-023095,False,1438
GB-023096,False,802
GB-023097,False,463
GB-023098,True,941
GB-023099,False,923
GB-023100,False,771
GB-023101,False,731
GB-023102,True,1280
GB-023103,False,1337
GB-023104,True,151
GB-023105,False,1457
GB-023106,True,1202
GB-023107,False,1325
GB-023108,False,1255
GB-023109,True,369
GB-023110,True,1398
GB-023111,True,83
GB-023112,False,1337
GB-023113,False,63
GB-023114,True,1305
GB-023115,False,110
GB-023116,True,290
GB-023117,True,1160
GB-023118,True,208
GB-023119,False,1459
GB-023120,True,1109
GB-023121,True,533
GB-023122,False,772
GB-023123,True,732
GB-023124,False,1290
GB-023125,True,457
GB-023126,False,181
GB-023127,False,983
GB-023128,False,965
GB-023129,False,1376
GB-023130,False,643
GB-023131,False,1396
GB-023132,False,1352
GB-023133,False,1233
GB-023134,True,978
GB-023135,True,31
GB-023136,True,1067
GB-023137,True,1279
GB-023138,False,909
GB-023139,True,55
GB-023140,False,858
GB-023141,False,700
GB-023142,False,312
GB-023143,False,749
GB-023144,False,1258
GB-023145,False,1343
GB-023146,True,725
GB-023147,False,504
GB-023148,False,39
GB-023149,False,1090
GB-023150,True,651
GB-023151,True,450
GB-023152,True,1060
GB-023153,False,752
GB-023154,False,921
GB-023155,True,1317
GB-023156,False,156
GB-023157,False,319
GB-023158,True,525
GB-023159,False,1262
GB-023160,False,311
GB-023161,True,788
GB-023162,False,1179
GB-023163,True,326
GB-023164,False,888
GB-023165,True,796
GB-023166,False,1485
GB-023167,False,337
GB-023168,True,1144
GB-023169,False,1017
GB-023170,False,297
GB-023171,False,420
GB-023172,False,1202
GB-023173,False,1136
GB-023174,False,1494
GB-023175,False,312
GB-023176,False,235
GB-023177,True,1272
GB-023178,True,1048
GB-023179,True,626
GB-023180,False,461
GB-023181,False,1066
GB-023182,False,682
GB-023183,True,371
GB-023184,True,800
GB-023185,False,845
GB-023186,True,985
GB-023187,True,896
GB-023188,False,280
GB-023189,True,52
GB-023190,False,1310
GB-023191,False,928
GB-023192,True,1258
GB-023193,False,592
GB-023194,False,929
GB-023195,False,1396
GB-023196,True,898
GB-023197,True,1053
GB-023198,False,793
GB-023199,True,883
GB-023200,True,1026
GB-023201,False,531
GB-023202,True,311
GB-023203,False,1478
GB-023204,False,150
GB-023205,True,1284
GB-023206,False,1488
GB-023207,False,528
GB-023208,True,54
GB-023209,True,1201
GB-023210,False,324
GB-023211,True,1223
GB-023212,True,1322
GB-023213,True,1371
GB-023214,False,774
GB-023215,True,254
GB-023216,True,78
GB-023217,False,321
GB-023218,False,6
GB-023219,True,1146
GB-023220,False,726
GB-023221,False,1113
GB-023222,True,259
GB-023223,False,1265
GB-023224,False,613
GB-023225,False,240
GB-023226,False,1248
GB-023227,True,882
GB-023228,True,702
GB-023229,False,564
GB-023230,False,273
GB-023231,True,1119
GB-023232,True,396
GB-023233,False,520
GB-023234,False,1077
GB-023235,False,41
GB-023236,False,1139
GB-023237,False,357
GB-023238,True,170
GB-023239,True,1113
GB-023240,False,914
GB-023241,False,825
GB-023242,False,988
GB-023243,False,985
GB-023244,False,344
GB-023245,False,69
GB-023246,True,1483
GB-023247,False,1067
GB-023248,False,1356
GB-023249,False,869
GB-023250,True,385
GB-023251,False,61
GB-023252,True,1131
GB-023253,False,1156
GB-023254,True,1439
GB-023255,False,1177
GB-023256,False,251
GB-023257,False,947
GB-023258,False,609
GB-023259,True,937
GB-023260,False,340
GB-023261,False,1258
GB-023262,False,1080
GB-023263,True,1267
GB-023264,True,1455
GB-023265,True,1157
GB-023266,False,818
GB-023267,False,632
GB-023268,False,535
GB-023269,False,929
GB-023270,True,952
GB-023271,False,470
GB-023272,True,312
GB-023273,False,1074
GB-023274,False,1238
GB-023275,False,1102
GB-023276,True,185
GB-023277,False,998
GB-023278,False,798
GB-023279,True,985
GB-023280,False,133
GB-023281,False,617
GB-023282,False,420
GB-023283,False,514
GB-023284,True,173
GB-023285,True,827
GB-023286,False,6
GB-023287,False,242
GB-023288,False,411
GB-023289,False,1414
GB-023290,False,1126
GB-023291,True,1123
GB-023292,False,766
GB-023293,True,1214
GB-023294,False,577
GB-023295,True,539
GB-023296,False,74
GB-023297,False,1318
GB-023298,True,1023
GB-023299,False,867
GB-023300,False,1127
GB-023301,True,85
GB-023302,True,243
GB-023303,False,85
GB-023304,True,255
GB-023305,False,1023
GB-023306,True,1186
GB-023307,False,1368
GB-023308,False,520
GB-023309,False,1390
GB-023310,True,875
GB-023311,False,1467
GB-023312,False,778
GB-023313,True,613
GB-023314,True,150
GB-023315,False,205
GB-023316,False,1277
GB-023317,True,1193
GB-023318,True,1288
GB-023319,False,291
GB-023320,False,1443
GB-023321,True,527
GB-023322,False,346
GB-023323,False,729
GB-023324,False,118
GB-023325,False,331
GB-023326,False,755
GB-023327,False,190
GB-023328,True,622
GB-023329,False,166
GB-023330,True,1450
GB-023331,False,1374
GB-023332,False,1066
GB-023333,True,1028
GB-023334,True,872
GB-023335,True,814
GB-023336,False,904
GB-023337,False,1419
GB-023338,True,286
GB-023339,False,353
GB-023340,True,1158
GB-023341,False,1174
GB-023342,False,135
GB-023343,False,34
GB-023344,False,161
GB-023345,False,580
GB-023346,True,119
GB-023347,True,1490
GB-023348,False,332
GB-023349,False,857
GB-023350,False,578
GB-023351,False,943
GB-023352,True,235
GB-023353,True,1012
GB-023354,False,410
GB-023355,False,940
GB-023356,False,57
GB-023357,False,1166
GB-023358,False,776
GB-023359,True,988
GB-023360,False,928
GB-023361,True,1448
GB-023362,False,951
GB-023363,True,1351
GB-023364,False,1485
GB-023365,True,94
GB-023366,False,359
GB-023367,True,923
GB-023368,True,795
GB-023369,True,222
GB-023370,False,825
GB-023371,True,448
GB-023372,True,484
GB-023373,True,1048
GB-023374,False,284
GB-023375,False,225
GB-023376,False,175
GB-023377,True,1101
GB-023378,True,520
GB-023379,False,882
GB-023380,False,1168
GB-023381,True,415
GB-023382,True,478
GB-023383,True,560
GB-023384,True,899
GB-023385,False,406
GB-023386,False,920
GB-023387,True,1149
GB-023388,False,1443
GB-023389,False,639
GB-023390,True,1173
GB-023391,False,1130
GB-023392,False,857
GB-023393,True,1293
GB-023394,False,330
GB-023395,False,687
GB-023396,False,916
GB-023397,True,143
GB-023398,False,1266
GB-023399,False,432
GB-023400,False,1392
GB-023401,False,1150
GB-023402,True,1459
GB-023403,False,63
GB-023404,False,1156
GB-023405,True,1082
GB-023406,False,1391
GB-023407,True,1179
GB-023408,True,155
GB-023409,True,1437
GB-023410,True,343
GB-023411,False,1116
GB-023412,False,1491
GB-023413,False,1308
GB-023414,True,710
GB-023415,False,629
GB-023416,False,447
GB-023417,False,914
GB-023418,True,1246
GB-023419,False,1053
GB-023420,False,20
GB-023421,False,196
GB-023422,True,723
GB-023423,False,1013
GB-023424,False,1198
GB-023425,False,581
GB-023426,False,873
GB-023427,True,235
GB-023428,True,1286
GB-023429,False,496
GB-023430,True,258
GB-023431,False,923
GB-023432,False,1348
GB-023433,False,687
GB-023434,True,1260
GB-023435,False,1211
GB-023436,True,814
GB-023437,False,1409
GB-023438,True,367
GB-023439,True,810
GB-023440,False,693
GB-023441,False,142
GB-023442,False,652
GB-023443,False,460
GB-023444,True,364
GB-023445,False,1487
GB-023446,False,662
GB-023447,False,268
GB-023448,True,775
GB-023449,True,1331
GB-023450,False,779
GB-023451,True,996
GB-023452,True,1475
GB-023453,True,996
GB-023454,True,1262
GB-023455,True,566
GB-023456,False,31
GB-023457,False,912
GB-023458,True,1250
GB-023459,False,1497
GB-023460,False,209
GB-023461,False,94
GB-023462,False,306
GB-023463,False,435
GB-023464,True,525
GB-023465,True,229
GB-023466,False,1296
GB-023467,False,175
GB-023468,False,489
GB-023469,False,900
GB-023470,True,165
GB-023471,True,1489
GB-023472,False,57
GB-023473,True,1299
GB-023474,False,355
GB-023475,False,1466
GB-023476,False,1416
GB-023477,False,347
GB-023478,False,1477
GB-023479,False,527
GB-023480,True,225
GB-023481,True,1117
GB-023482,False,945
GB-023483,False,108
GB-023484,False,541
GB-023485,False,1435
GB-023486,False,415
GB-023487,False,1121
GB-023488,True,1254
GB-023489,True,60
GB-023490,False,16
GB-023491,False,64
GB-023492,False,1240
GB-023493,False,616
GB-023494,True,828
GB-023495,False,1143
GB-023496,True,1088
GB-023497,False,656
GB-023498,True,1326
GB-023499,False,1163
GB-023500,True,1281
GB-023501,False,1465
GB-023502,False,58
GB-023503,False,307
GB-023504,False,772
GB-023505,False,1071
GB-023506,False,1373
GB-023507,False,176
GB-023508,True,170
GB-023509,False,354
GB-023510,False,1352
GB-023511,True,351
GB-023512,False,335
GB-023513,True,139
GB-023514,True,627
GB-023515,False,188
GB-023516,False,1436
GB-023517,False,801
GB-023518,True,457
GB-023519,True,951
GB-023520,True,939
GB-023521,True,558
GB-023522,False,44
GB-023523,True,406
GB-023524,False,1324
GB-023525,True,1367
GB-023526,False,50
GB-023527,False,72
GB-023528,False,300
GB-023529,False,910
GB-023530,False,1450
GB-023531,True,670
GB-023532,False,736
GB-023533,True,537
GB-023534,False,1409
GB-023535,False,310
GB-023536,True,998
GB-023537,False,1241
GB-023538,False,137
GB-023539,False,487
GB-023540,True,253
GB-023541,False,1082
GB-023542,False,358
GB-023543,False,1204
GB-023544,False,631
GB-023545,True,1189
GB-023546,False,104
GB-023547,True,1231
GB-023548,False,990
GB-023549,True,415
GB-023550,True,109
GB-023551,False,626
GB-023552,False,888
GB-023553,True,1314
GB-023554,True,379
GB-023555,False,1315
GB-023556,True,1458
GB-023557,False,1022
GB-023558,False,553
GB-023559,False,1113
GB-023560,False,118
GB-023561,False,1375
GB-023562,False,1112
GB-023563,True,161
GB-023564,True,241
GB-023565,True,1246
GB-023566,True,1397
GB-023567,False,144
GB-023568,False,4
GB-023569,True,663
GB-023570,False,964
GB-023571,False,1388
GB-023572,True,134
GB-023573,False,136
GB-023574,False,430
GB-023575,True,319
GB-023576,True,1101
GB-023577,True,742
GB-023578,True,526
GB-023579,False,1388
GB-023580,True,419
GB-023581,False,896
GB-023582,True,590
GB-023583,False,718
GB-023584,False,479
GB-023585,True,917
GB-023586,False,684
GB-023587,True,992
GB-023588,False,1458
GB-023589,False,22
GB-023590,False,693
GB-023591,False,87
GB-023592,False,419
GB-023593,True,382
GB-023594,False,294
GB-023595,True,701
GB-023596,True,244
GB-023597,False,1116
GB-023598,False,1211
GB-023599,True,821
GB-023600,False,285
GB-023601,False,376
GB-023602,True,51
GB-023603,False,450
GB-023604,False,925
GB-023605,False,825
GB-023606,True,1111
GB-023607,True,1213
GB-023608,True,240
GB-023609,True,505
GB-023610,True,173
GB-023611,False,45
GB-023612,False,312
GB-023613,False,1356
GB-023614,True,28
GB-023615,True,614
GB-023616,False,526
GB-023617,False,83
GB-023618,False,344
GB-023619,True,190
GB-023620,True,585
GB-023621,True,530
GB-023622,False,509
GB-023623,True,484
GB-023624,False,792
GB-023625,False,341
GB-023626,True,990
GB-023627,False,210
GB-023628,False,657
GB-023629,False,1433
GB-023630,False,489
GB-023631,False,500
GB-023632,False,689
GB-023633,False,1164
GB-023634,False,1108
GB-023635,False,1209
GB-023636,False,583
GB-023637,False,593
GB-023638,True,396
GB-023639,False,483
GB-023640,False,1149
GB-023641,True,1295
GB-023642,True,493
GB-023643,False,713
GB-023644,False,1286
GB-023645,False,116
GB-023646,False,1322
GB-023647,True,920
GB-023648,True,442
GB-023649,False,382
GB-023650,True,148
GB-023651,True,362
GB-023652,False,705
GB-023653,True,847
GB-023654,False,1286
GB-023655,False,1209
GB-023656,True,771
GB-023657,True,197
GB-023658,True,1019
GB-023659,True,417
GB-023660,False,574
GB-023661,False,35
GB-023662,True,1071
GB-023663,True,50
GB-023664,False,898
GB-023665,False,686
GB-023666,True,82
GB-023667,False,233
GB-023668,False,500
GB-023669,True,306
GB-023670,False,1358
GB-023671,True,1375
GB-023672,True,545
GB-023673,False,1388
GB-023674,False,1341
GB-023675,False,372
GB-023676,True,277
GB-023677,False,732
GB-023678,False,1314
GB-023679,False,1448
GB-023680,False,1424
GB-023681,False,1252
GB-023682,False,131
GB-023683,False,67
GB-023684,False,1176
GB-023685,True,525
GB-023686,True,773
GB-023687,False,411
GB-023688,False,1231
GB-023689,False,769
GB-023690,False,1096
GB-023691,False,607
GB-023692,False,1430
GB-023693,False,1180
GB-023694,False,654
GB-023695,False,1359
GB-023696,False,1311
GB-023697,False,1184
GB-023698,True,200
GB-023699,True,1111
GB-023700,False,707
GB-023701,False,1363
GB-023702,False,883
GB-023703,True,7
GB-023704,False,1293
GB-023705,False,1328
GB-023706,True,1055
GB-023707,True,1038
GB-023708,False,880
GB-023709,True,957
GB-023710,True,386
GB-023711,False,621
GB-023712,True,411
GB-023713,False,889
GB-023714,False,783
GB-023715,True,371
GB-023716,False,355
GB-023717,True,558
GB-023718,False,387
GB-023719,False,543
GB-023720,True,1139
GB-023721,True,571
GB-023722,True,1057
GB-023723,False,638
GB-023724,False,820
GB-023725,False,1323
GB-023726,False,615
GB-023727,False,829
GB-023728,True,1127
GB-023729,True,68
GB-023730,False,311
GB-023731,False,406
GB-023732,False,63
GB-023733,True,441
GB-023734,True,778
GB-023735,False,424
GB-023736,False,13
GB-023737,False,764
GB-023738,True,1066
GB-023739,True,757
GB-023740,True,998
GB-023741,True,1000
GB-023742,True,853
GB-023743,False,336
GB-023744,True,97
GB-023745,True,341
GB-023746,False,550
GB-023747,True,990
GB-023748,True,1054
GB-023749,False,618
GB-023750,False,74
GB-023751,False,1186
GB-023752,False,415
GB-023753,False,906
GB-023754,False,1475
GB-023755,True,643
GB-023756,False,1383
GB-023757,True,1468
GB-023758,False,798
GB-023759,True,322
GB-023760,True,1003
GB-023761,False,72
GB-023762,False,1032
GB-023763,True,1402
GB-023764,False,983
GB-023765,False,1472
GB-023766,True,833
GB-023767,False,1209
GB-023768,False,1098
GB-023769,False,595
GB-023770,True,252
GB-023771,False,825
GB-023772,True,271
GB-023773,False,334
GB-023774,False,1292
GB-023775,False,501
GB-023776,False,434
GB-023777,False,218
GB-023778,True,1246
GB-023779,False,632
GB-023780,True,456
GB-023781,True,448
GB-023782,True,1129
GB-023783,True,194
GB-023784,True,658
GB-023785,False,949
GB-023786,False,1392
GB-023787,True,1475
GB-023788,False,442
GB-023789,False,517
GB-023790,False,1089
GB-023791,False,342
GB-023792,True,1299
GB-023793,True,847
GB-023794,True,1129
GB-023795,False,64
GB-023796,True,191
GB-023797,False,423
GB-023798,False,162
GB-023799,False,1238
GB-023800,False,893
GB-023801,True,487
GB-023802,True,1495
GB-023803,True,188
GB-023804,True,1318
GB-023805,True,191
GB-023806,True,1070
GB-023807,False,660
GB-023808,False,1321
GB-023809,False,49
GB-023810,False,1125
GB-023811,True,630
GB-023812,False,173
GB-023813,False,353
GB-023814,True,1464
GB-023815,False,1435
GB-023816,False,799
GB-023817,True,778
GB-023818,False,1431
GB-023819,False,62
GB-023820,True,980
GB-023821,True,710
GB-023822,False,1195
GB-023823,False,113
GB-023824,False,11
GB-023825,False,26
GB-023826,False,794
GB-023827,True,1295
GB-023828,True,1456
GB-023829,False,431
GB-023830,True,611
GB-023831,True,619
GB-023832,True,774
GB-023833,False,975
GB-023834,True,522
GB-023835,True,946
GB-023836,False,351
GB-023837,False,466
GB-023838,True,1356
GB-023839,False,1035
GB-023840,False,988
GB-023841,False,921
GB-023842,False,602
GB-023843,True,980
GB-023844,False,852
GB-023845,True,529
GB-023846,True,1084
GB-023847,False,349
GB-023848,True,237
GB-023849,True,343
GB-023850,False,779
GB-023851,True,128
GB-023852,False,1368
GB-023853,False,138
GB-023854,False,336
GB-023855,True,957
GB-023856,False,1429
GB-023857,False,346
GB-023858,True,1426
GB-023859,False,19
GB-023860,True,586
GB-023861,True,328
GB-023862,True,710
GB-023863,True,153
GB-023864,True,567
GB-023865,True,936
GB-023866,False,137
GB-023867,False,64
GB-023868,False,171
GB-023869,False,315
GB-023870,False,276
GB-023871,False,83
GB-023872,False,1421
GB-023873,True,1253
GB-023874,True,627
GB-023875,True,296
GB-023876,True,817
GB-023877,False,1485
GB-023878,True,709
GB-023879,True,772
GB-023880,False,373
GB-023881,False,297
GB-023882,False,1187
GB-023883,False,801
GB-023884,True,840
GB-023885,False,1059
GB-023886,False,258
GB-023887,True,512
GB-023888,False,1442
GB-023889,True,1094
GB-023890,True,273
GB-023891,True,622
GB-023892,False,352
GB-023893,True,1387
GB-023894,False,1202
GB-023895,False,1334
GB-023896,True,1078
GB-023897,False,592
GB-023898,False,1487
GB-023899,False,842
GB-023900,False,1257
GB-023901,True,1176
GB-023902,True,1256
GB-023903,False,828
GB-023904,True,319
GB-023905,False,458
GB-023906,False,21
GB-023907,False,639
GB-023908,False,694
GB-023909,True,324
GB-023910,False,901
GB-023911,True,273
GB-023912,True,428
GB-023913,False,480
GB-023914,False,319
GB-023915,False,580
GB-023916,False,751
GB-023917,False,1247
GB-023918,True,920
GB-023919,True,1319
GB-023920,False,1060
GB-023921,True,586
GB-023922,True,238
GB-023923,False,434
GB-023924,False,359
GB-023925,True,351
GB-023926,False,404
GB-023927,False,1279
GB-023928,True,1204
GB-023929,False,326
GB-023930,True,452
GB-023931,False,408
GB-023932,True,357
GB-023933,False,639
GB-023934,True,1343
GB-023935,False,445
GB-023936,False,457
GB-023937,False,822
GB-023938,True,945
GB-023939,True,285
GB-023940,True,237
GB-023941,True,1118
GB-023942,False,57
GB-023943,False,99
GB-023944,False,357
GB-023945,True,488
GB-023946,False,450
GB-023947,False,1356
GB-023948,False,1132
GB-023949,True,597
GB-023950,False,1263
GB-023951,False,596
GB-023952,False,1202
GB-023953,True,1295
GB-023954,True,1143
GB-023955,False,415
GB-023956,False,494
GB-023957,True,434
GB-023958,False,734
GB-023959,True,922
GB-023960,False,580
GB-023961,False,479
GB-023962,False,261
GB-023963,True,776
GB-023964,False,201
GB-023965,False,457
GB-023966,False,430
GB-023967,False,801
GB-023968,True,1291
GB-023969,False,1290
GB-023970,False,986
GB-023971,False,530
GB-023972,False,86
GB-023973,True,1420
GB-023974,False,1281
GB-023975,False,138
GB-023976,False,1087
GB-023977,False,1488
GB-023978,True,463
GB-023979,True,171
GB-023980,False,942
GB-023981,False,98
GB-023982,False,1351
GB-023983,False,1006
GB-023984,False,588
GB-023985,True,261
GB-023986,False,1483
GB-023987,True,1303
GB-023988,False,674
GB-023989,True,798
GB-023990,False,1183
GB-023991,True,378
GB-023992,False,1248
GB-023993,True,101
GB-023994,True,1166
GB-023995,False,644
GB-023996,False,742
GB-023997,False,1249
GB-023998,True,609
GB-023999,False,1467
GB-024000,False,727
GB-024001,False,145
GB-024002,False,724
GB-024003,False,10
GB-024004,False,812
GB-024005,False,747
GB-024006,False,1141
GB-024007,True,1264
GB-024008,True,248
GB-024009,False,1414
GB-024010,False,578
GB-024011,False,1133
GB-024012,True,1080
GB-024013,False,1109
GB-024014,False,752
GB-024015,False,266
GB-024016,False,108
GB-024017,False,1186
GB-024018,False,1198
GB-024019,True,1235
GB-024020,False,958
GB-024021,True,249
GB-024022,True,1318
GB-024023,False,949
GB-024024,False,455
GB-024025,False,1294
GB-024026,False,564
GB-024027,False,1310
GB-024028,False,675
GB-024029,False,788
GB-024030,True,658
GB-024031,True,770
GB-024032,False,1338
GB-024033,False,810
GB-024034,False,301
GB-024035,False,824
GB-024036,True,171
GB-024037,False,182
GB-024038,True,766
GB-024039,False,504
GB-024040,True,842
GB-024041,False,287
GB-024042,False,1203
GB-024043,False,906
GB-024044,False,783
GB-024045,True,5
GB-024046,True,863
GB-024047,True,999
GB-024048,False,621
GB-024049,False,994
GB-024050,False,867
GB-024051,True,1158
GB-024052,False,256
GB-024053,False,761
GB-024054,True,652
GB-024055,False,725
GB-024056,True,1076
GB-024057,True,132
GB-024058,True,152
GB-024059,False,973
GB-024060,True,1199
GB-024061,False,1440
GB-024062,True,1016
GB-024063,True,885
GB-024064,False,1377
GB-024065,False,541
GB-024066,True,978
GB-024067,True,1185
GB-024068,False,649
GB-024069,False,8
GB-024070,False,779
GB-024071,True,825
GB-024072,False,755
GB-024073,False,53
GB-024074,False,1128
GB-024075,False,1003
GB-024076,True,190
GB-024077,True,445
GB-024078,False,1029
GB-024079,False,1328
GB-024080,True,1316
GB-024081,True,194
GB-024082,True,1483
GB-024083,False,437
GB-024084,False,26
GB-024085,False,213
GB-024086,False,1077
GB-024087,False,970
GB-024088,True,1338
GB-024089,False,1402
GB-024090,True,1019
GB-024091,False,1185
GB-024092,True,1262
GB-024093,False,1141
GB-024094,False,868
GB-024095,False,630
GB-024096,False,1269
GB-024097,False,757
GB-024098,True,687
GB-024099,True,143
GB-024100,False,407
GB-024101,True,560
GB-024102,False,672
GB-024103,False,367
GB-024104,False,150
GB-024105,False,1393
GB-024106,False,412
GB-024107,True,275
GB-024108,False,268
GB-024109,False,240
GB-024110,False,699
GB-024111,False,1078
GB-024112,True,1326
GB-024113,True,1086
GB-024114,False,782
GB-024115,True,51
GB-024116,True,628
GB-024117,True,1336
GB-024118,False,1009
GB-024119,True,213
GB-024120,False,834
GB-024121,True,1212
GB-024122,False,246
GB-024123,True,981
GB-024124,False,693
GB-024125,True,583
GB-024126,False,1335
GB-024127,True,55
GB-024128,True,208
GB-024129,False,1170
GB-024130,True,424
GB-024131,True,120
GB-024132,True,411
GB-024133,True,920
GB-024134,False,1238
GB-024135,False,722
GB-024136,False,593
GB-024137,True,61
GB-024138,True,818
GB-024139,False,416
GB-024140,False,449
GB-024141,False,879
GB-024142,True,412
GB-024143,True,654
GB-024144,True,50
GB-024145,False,38
GB-024146,False,610
GB-024147,False,811
GB-024148,True,638
GB-024149,False,152
GB-024150,False,1190
GB-024151,True,309
GB-024152,True,218
GB-024153,False,1446
GB-024154,False,1075
GB-024155,False,454
GB-024156,True,1342
GB-024157,False,1201
GB-024158,True,3
GB-024159,False,899
GB-024160,True,663
GB-024161,True,467
GB-024162,False,686
GB-024163,False,1355
GB-024164,False,350
GB-024165,False,230
GB-024166,True,962
GB-024167,False,416
GB-024168,True,509
GB-024169,False,983
GB-024170,False,59
GB-024171,False,1207
GB-024172,False,1356
GB-024173,True,160
GB-024174,False,214
GB-024175,True,231
GB-024176,False,793
GB-024177,True,711
GB-024178,False,1393
GB-024179,False,505
GB-024180,False,783
GB-024181,False,20
GB-024182,True,1144
GB-024183,False,1252
GB-024184,False,824
GB-024185,False,1282
GB-024186,False,470
GB-024187,True,1213
GB-024188,False,111
GB-024189,True,636
GB-024190,False,1459
GB-024191,False,97
GB-024192,True,542
GB-024193,True,53
GB-024194,True,629
GB-024195,True,1209
GB-024196,False,850
GB-024197,False,1224
GB-024198,True,769
GB-024199,True,1470
GB-024200,True,31
GB-024201,False,775
GB-024202,True,1339
GB-024203,False,330
GB-024204,False,211
GB-024205,True,1478
GB-024206,False,1268
GB-024207,False,114
GB-024208,True,293
GB-024209,True,1025
GB-024210,False,1240
GB-024211,True,1434
GB-024212,False,1013
GB-024213,False,1455
GB-024214,True,858
GB-024215,True,712
GB-024216,True,675
GB-024217,False,1440
GB-024218,True,1092
GB-024219,True,969
GB-024220,False,474
GB-024221,True,701
GB-024222,False,363
GB-024223,False,1224
GB-024224,False,1098
GB-024225,False,1033
GB-024226,True,1083
GB-024227,False,619
GB-024228,True,1187
GB-024229,False,226
GB-024230,False,99
GB-024231,False,421
GB-024232,False,842
GB-024233,False,1245
GB-024234,False,379
GB-024235,True,586
GB-024236,False,1095
GB-024237,True,1322
GB-024238,False,805
GB-024239,False,902
GB-024240,True,251
GB-024241,True,210
GB-024242,True,416
GB-024243,True,1123
GB-024244,False,79
GB-024245,False,1254
GB-024246,True,1245
GB-024247,False,1136
GB-024248,False,1010
GB-024249,True,1475
GB-024250,True,314
GB-024251,False,543
GB-024252,True,569
GB-024253,False,1461
GB-024254,False,412
GB-024255,False,1047
GB-024256,True,738
GB-024257,True,538
GB-024258,True,309
GB-024259,True,870
GB-024260,True,77
GB-024261,False,469
GB-024262,False,1430
GB-024263,True,698
GB-024264,False,1242
GB-024265,True,497
GB-024266,True,868
GB-024267,True,341
GB-024268,False,1055
GB-024269,False,272
GB-024270,True,661
GB-024271,False,501
GB-024272,False,543
GB-024273,True,744
GB-024274,False,449
GB-024275,False,115
GB-024276,True,1003
GB-024277,True,1457
GB-024278,False,927
GB-024279,True,176
GB-024280,False,283
GB-024281,True,557
GB-024282,True,1359
GB-024283,False,821
GB-024284,True,150
GB-024285,False,159
GB-024286,True,1245
GB-024287,True,1206
GB-024288,False,900
GB-024289,True,904
GB-024290,False,88
GB-024291,False,454
GB-024292,True,1285
GB-024293,True,342
GB-024294,False,917
GB-024295,True,666
GB-024296,False,1303
GB-024297,True,250
GB-024298,True,397
GB-024299,True,943
GB-024300,True,1230
GB-024301,False,1194
GB-024302,False,1186
GB-024303,False,1232
GB-024304,True,1226
GB-024305,False,860
GB-024306,True,984
GB-024307,True,180
GB-024308,False,631
GB-024309,True,1489
GB-024310,False,264
GB-024311,True,1000
GB-024312,True,1092
GB-024313,False,340
GB-024314,False,1118
GB-024315,False,1162
GB-024316,False,790
GB-024317,True,1257
GB-024318,True,1105
GB-024319,False,146
GB-024320,True,592
GB-024321,False,59
GB-024322,False,903
GB-024323,True,738
GB-024324,False,138
GB-024325,False,32
GB-024326,True,1474
GB-024327,False,1337
GB-024328,False,1421
GB-024329,True,890
GB-024330,False,813
GB-024331,True,273
GB-024332,True,19
GB-024333,False,718
GB-024334,False,618
GB-024335,True,1467
GB-024336,True,1219
GB-024337,True,406
GB-024338,True,395
GB-024339,False,1405
GB-024340,True,948
GB-024341,False,1347
GB-024342,False,1150
GB-024343,False,1249
GB-024344,False,11
GB-024345,False,859
GB-024346,False,362
GB-024347,False,1061
GB-024348,False,923
GB-024349,False,499
GB-024350,True,1266
GB-024351,True,428
GB-024352,False,671
GB-024353,False,192
GB-024354,False,965
GB-024355,False,772
GB-024356,True,92
GB-024357,False,419
GB-024358,True,17
GB-024359,True,1238
GB-024360,False,1104
GB-024361,False,478
GB-024362,True,159
GB-024363,False,1481
GB-024364,False,705
GB-024365,True,94
GB-024366,False,1242
GB-024367,True,1370
GB-024368,True,356
GB-024369,False,889
GB-024370,False,1292
GB-024371,True,259
GB-024372,False,92
GB-024373,False,167
GB-024374,True,882
GB-024375,True,138
GB-024376,False,491
GB-024377,False,176
GB-024378,True,1464
GB-024379,True,286
GB-024380,False,792
GB-024381,True,1458
GB-024382,True,911
GB-024383,False,897
GB-024384,True,617
GB-024385,False,1199
GB-024386,True,199
GB-024387,True,952
GB-024388,False,300
GB-024389,True,83
GB-024390,False,869
GB-024391,True,325
GB-024392,True,1071
GB-024393,True,779
GB-024394,True,750
GB-024395,True,167
GB-024396,True,1351
GB-024397,False,422
GB-024398,False,1178
GB-024399,True,1010
GB-024400,False,267
GB-024401,False,176
GB-024402,True,702
GB-024403,False,432
GB-024404,True,431
GB-024405,False,777
GB-024406,False,951
GB-024407,False,67
GB-024408,True,607
GB-024409,True,491
GB-024410,False,870
GB-024411,True,370
GB-024412,False,1257
GB-024413,False,13
GB-024414,False,1199
GB-024415,True,656
GB-024416,False,640
GB-024417,False,195
GB-024418,True,1344
GB-024419,False,150
GB-024420,False,1216
GB-024421,False,492
GB-024422,False,384
GB-024423,False,1382
GB-024424,False,1129
GB-024425,False,1076
GB-024426,True,1265
GB-024427,False,165
GB-024428,False,953
GB-024429,False,193
GB-024430,False,1164
GB-024431,True,1419
GB-024432,True,969
GB-024433,False,32
GB-024434,True,1152
GB-024435,False,443
GB-024436,False,335
GB-024437,True,569
GB-024438,False,1338
GB-024439,True,1386
GB-024440,True,1433
GB-024441,False,556
GB-024442,True,327
GB-024443,True,249
GB-024444,False,672
GB-024445,True,300
GB-024446,False,902
GB-024447,True,460
GB-024448,True,152
GB-024449,False,1078
GB-024450,False,1077
GB-024451,False,1341
GB-024452,False,653
GB-024453,False,365
GB-024454,False,338
GB-024455,False,306
GB-024456,False,1378
GB-024457,True,254
GB-024458,False,499
GB-024459,False,400
GB-024460,True,1222
GB-024461,False,37
GB-024462,True,649
GB-024463,True,1133
GB-024464,False,650
GB-024465,True,698
GB-024466,True,1373
GB-024467,False,307
GB-024468,False,1036
GB-024469,True,387
GB-024470,False,227
GB-024471,False,776
GB-024472,False,406
GB-024473,False,1285
GB-024474,False,1282
GB-024475,False,1133
GB-024476,False,1010
GB-024477,True,1431
GB-024478,False,550
GB-024479,True,402
GB-024480,False,313
GB-024481,True,343
GB-024482,True,678
GB-024483,True,1189
GB-024484,False,738
GB-024485,False,297
GB-024486,True,155
GB-024487,False,389
GB-024488,False,578
GB-024489,True,554
GB-024490,True,756
GB-024491,False,765
GB-024492,True,29
GB-024493,True,68
GB-024494,False,504
GB-024495,True,284
GB-024496,False,900
GB-024497,False,959
GB-024498,True,142
GB-024499,True,65
GB-024500,False,1371
GB-024501,True,437
GB-024502,True,502
GB-024503,True,973
GB-024504,False,1463
GB-024505,False,777
GB-024506,True,1164
GB-024507,False,206
GB-024508,False,289
GB-024509,False,1327
GB-024510,True,1420
GB-024511,True,746
GB-024512,True,198
GB-024513,False,921
GB-024514,False,1101
GB-024515,True,240
GB-024516,False,530
GB-024517,False,520
GB-024518,True,677
GB-024519,False,712
GB-024520,False,792
GB-024521,True,107
GB-024522,False,534
GB-024523,True,1294
GB-024524,True,180
GB-024525,False,439
GB-024526,True,784
GB-024527,False,342
GB-024528,True,767
GB-024529,True,759
GB-024530,True,989
GB-024531,False,272
GB-024532,False,366
GB-024533,True,1249
GB-024534,False,1092
GB-024535,False,883
GB-024536,True,228
GB-024537,True,656
GB-024538,True,511
GB-024539,True,1164
GB-024540,True,1074
GB-024541,False,1010
GB-024542,False,351
GB-024543,False,1449
GB-024544,False,595
GB-024545,True,89
GB-024546,True,272
GB-024547,False,1239
GB-024548,False,1161
GB-024549,False,458
GB-024550,False,860
GB-024551,False,1075
GB-024552,False,1192
GB-024553,False,1438
GB-024554,False,1374
GB-024555,True,526
GB-024556,False,362
GB-024557,False,703
GB-024558,False,778
GB-024559,True,430
GB-024560,True,1202
GB-024561,False,1404
GB-024562,True,185
GB-024563,False,660
GB-024564,True,371
GB-024565,False,996
GB-024566,True,1165
GB-024567,False,910
GB-024568,True,1409
GB-024569,False,561
GB-024570,True,999
GB-024571,True,1408
GB-024572,True,262
GB-024573,True,712
GB-024574,False,53
GB-024575,False,268
GB-024576,False,794
GB-024577,True,197
GB-024578,False,1354
GB-024579,False,341
GB-024580,False,625
GB-024581,True,1301
GB-024582,True,835
GB-024583,True,7
GB-024584,True,1219
GB-024585,False,348
GB-024586,False,1114
GB-024587,False,1470
GB-024588,False,430
GB-024589,True,317
GB-024590,True,67
GB-024591,False,57
GB-024592,False,76
GB-024593,False,56
GB-024594,False,346
GB-024595,True,601
GB-024596,False,839
GB-024597,False,347
GB-024598,False,735
GB-024599,False,323
GB-024600,False,299
GB-024601,False,820
GB-024602,False,371
GB-024603,False,437
GB-024604,False,1489
GB-024605,False,380
GB-024606,False,1446
GB-024607,True,922
GB-024608,True,1029
GB-024609,False,454
GB-024610,False,471
GB-024611,False,548
GB-024612,True,8
GB-024613,True,1062
GB-024614,False,33
GB-024615,False,29
GB-024616,False,514
GB-024617,False,706
GB-024618,False,852
GB-024619,False,83
GB-024620,True,408
GB-024621,False,902
GB-024622,False,177
GB-024623,False,1476
GB-024624,False,334
GB-024625,False,667
GB-024626,False,731
GB-024627,False,1145
GB-024628,True,1077
GB-024629,False,306
GB-024630,False,467
GB-024631,True,957
GB-024632,True,696
GB-024633,False,841
GB-024634,False,732
GB-024635,True,237
GB-024636,False,1078
GB-024637,False,1424
GB-024638,False,1218
GB-024639,True,639
GB-024640,False,428
GB-024641,False,606
GB-024642,False,705
GB-024643,False,602
GB-024644,False,1119
GB-024645,True,1114
GB-024646,True,767
GB-024647,False,344
GB-024648,False,344
GB-024649,True,590
GB-024650,False,689
GB-024651,True,1315
GB-024652,True,364
GB-024653,True,1362
GB-024654,False,885
GB-024655,False,578
GB-024656,True,218
GB-024657,False,978
GB-024658,False,1140
GB-024659,True,410
GB-024660,True,781
GB-024661,False,1043
GB-024662,False,517
GB-024663,False,252
GB-024664,False,417
GB-024665,False,777
GB-024666,False,746
GB-024667,False,1319
GB-024668,False,502
GB-024669,True,1152
GB-024670,True,50
GB-024671,False,1232
GB-024672,False,636
GB-024673,False,713
GB-024674,True,1256
GB-024675,False,81
GB-024676,False,978
GB-024677,False,750
GB-024678,False,1226
GB-024679,True,1482
GB-024680,False,818
GB-024681,False,597
GB-024682,True,1190
GB-024683,True,761
GB-024684,True,137
GB-024685,True,109
GB-024686,True,1022
GB-024687,False,595
GB-024688,False,1046
GB-024689,False,1364
GB-024690,True,730
GB-024691,False,829
GB-024692,True,167
GB-024693,False,759
GB-024694,True,1043
GB-024695,True,1195
GB-024696,False,757
GB-024697,False,496
GB-024698,True,926
GB-024699,False,1095
GB-024700,False,1453
GB-024701,True,270
GB-024702,True,930
GB-024703,True,321
GB-024704,False,158
GB-024705,False,391
GB-024706,False,531
GB-024707,False,45
GB-024708,False,634
GB-024709,False,1272
GB-024710,False,362
GB-024711,False,757
GB-024712,False,430
GB-024713,False,1101
GB-024714,False,568
GB-024715,True,984
GB-024716,False,797
GB-024717,True,1434
GB-024718,False,1106
GB-024719,False,1402
GB-024720,False,755
GB-024721,False,1064
GB-024722,True,558
GB-024723,True,850
GB-024724,False,106
GB-024725,True,76
GB-024726,True,310
GB-024727,True,68
GB-024728,False,725
GB-024729,False,575
GB-024730,True,1116
GB-024731,True,152
GB-024732,False,345
GB-024733,True,1453
GB-024734,True,392
GB-024735,True,1185
GB-024736,False,626
GB-024737,False,433
GB-024738,False,1262
GB-024739,False,95
GB-024740,False,1161
GB-024741,False,1235
GB-024742,True,648
GB-024743,False,1196
GB-024744,True,1310
GB-024745,False,341
GB-024746,True,409
GB-024747,True,1314
GB-024748,False,1201
GB-024749,False,70
GB-024750,True,1160
GB-024751,False,287
GB-024752,False,941
GB-024753,False,1327
GB-024754,True,591
GB-024755,False,542
GB-024756,False,750
GB-024757,False,1406
GB-024758,False,636
GB-024759,False,15
GB-024760,False,57
GB-024761,False,270
GB-024762,True,9
GB-024763,True,209
GB-024764,True,1438
GB-024765,False,620
GB-024766,False,887
GB-024767,True,312
GB-024768,False,459
GB-024769,False,1365
GB-024770,False,842
GB-024771,True,744
GB-024772,False,895
GB-024773,True,810
GB-024774,False,524
GB-024775,True,1401
GB-024776,True,216
GB-024777,True,136
GB-024778,True,1106
GB-024779,False,300
GB-024780,True,903
GB-024781,True,737
GB-024782,True,214
GB-024783,True,21
GB-024784,False,766
GB-024785,True,1300
GB-024786,True,187
GB-024787,True,1155
GB-024788,False,1455
GB-024789,True,1073
GB-024790,False,552
GB-024791,True,620
GB-024792,False,1064
GB-024793,False,1112
GB-024794,False,668
GB-024795,False,1042
GB-024796,True,490
GB-024797,False,542
GB-024798,False,1104
GB-024799,False,387
GB-024800,False,532
GB-024801,False,1194
GB-024802,True,1467
GB-024803,True,1440
GB-024804,False,1419
GB-024805,False,1304
GB-024806,True,1252
GB-024807,True,353
GB-024808,False,1482
GB-024809,True,1181
GB-024810,False,110
GB-024811,False,674
GB-024812,True,64
GB-024813,False,712
GB-024814,False,1286
GB-024815,False,1173
GB-024816,False,988
GB-024817,False,704
GB-024818,False,880
GB-024819,True,23
GB-024820,False,199
GB-024821,True,210
GB-024822,False,322
GB-024823,False,1126
GB-024824,False,171
GB-024825,False,379
GB-024826,True,39
GB-024827,False,998
GB-024828,False,132
GB-024829,False,1009
GB-024830,False,302
GB-024831,False,1241
GB-024832,True,1398
GB-024833,False,13
GB-024834,True,295
GB-024835,True,998
GB-024836,True,1488
GB-024837,False,1382
GB-024838,False,780
GB-024839,True,618
GB-024840,True,493
GB-024841,False,665
GB-024842,False,393
GB-024843,False,956
GB-024844,False,545
GB-024845,False,1209
GB-024846,True,343
GB-024847,False,799
GB-024848,False,1154
GB-024849,True,891
GB-024850,False,1481
GB-024851,False,1395
GB-024852,False,927
GB-024853,False,111
GB-024854,True,681
GB-024855,False,215
GB-024856,True,1298
GB-024857,False,417
GB-024858,False,522
GB-024859,True,258
GB-024860,False,899
GB-024861,True,180
GB-024862,False,788
GB-024863,False,403
GB-024864,True,821
GB-024865,True,1436
GB-024866,True,325
GB-024867,True,1351
GB-024868,False,1190
GB-024869,False,617
GB-024870,True,1044
GB-024871,False,636
GB-024872,False,1428
GB-024873,True,164
GB-024874,False,556
GB-024875,False,1119
GB-024876,False,847
GB-024877,False,710
GB-024878,False,1289
GB-024879,False,1302
GB-024880,True,844
GB-024881,False,1357
GB-024882,True,1288
GB-024883,True,755
GB-024884,False,437
GB-024885,False,361
GB-024886,False,512
GB-024887,False,1383
GB-024888,False,567
GB-024889,False,1286
GB-024890,False,565
GB-024891,False,534
GB-024892,False,263
GB-024893,True,1113
GB-024894,True,45
GB-024895,True,840
GB-024896,False,1020
GB-024897,False,1203
GB-024898,True,615
GB-024899,False,1050
GB-024900,False,1088
GB-024901,False,18
GB-024902,False,1286
GB-024903,False,647
GB-024904,False,1222
GB-024905,False,1380
GB-024906,True,756
GB-024907,True,631
GB-024908,False,1302
GB-024909,True,1105
GB-024910,False,440
GB-024911,False,1291
GB-024912,False,316
GB-024913,False,586
GB-024914,False,729
GB-024915,False,360
GB-024916,True,260
GB-024917,True,45
GB-024918,False,746
GB-024919,False,98
GB-024920,False,1145
GB-024921,False,667
GB-024922,False,1131
GB-024923,False,13
GB-024924,True,424
GB-024925,True,259
GB-024926,False,1350
GB-024927,True,856
GB-024928,True,873
GB-024929,False,412
GB-024930,True,111
GB-024931,True,1110
GB-024932,False,1184
GB-024933,False,1094
GB-024934,True,969
GB-024935,False,228
GB-024936,True,1324
GB-024937,True,410
GB-024938,False,988
GB-024939,True,471
GB-024940,True,839
GB-024941,True,920
GB-024942,False,826
GB-024943,False,1238
GB-024944,False,160
GB-024945,True,486
GB-024946,True,205
GB-024947,False,1307
GB-024948,False,263
GB-024949,False,1475
GB-024950,True,1355
GB-024951,True,1466
GB-024952,True,1202
GB-024953,False,803
GB-024954,False,1287
GB-024955,False,601
GB-024956,True,1091
GB-024957,True,260
GB-024958,False,418
GB-024959,False,1277
GB-024960,False,215
GB-024961,False,1457
GB-024962,True,967
GB-024963,True,1347
GB-024964,False,99
GB-024965,True,1248
GB-024966,False,160
GB-024967,True,507
GB-024968,True,287
GB-024969,False,50
GB-024970,True,230
GB-024971,False,557
GB-024972,False,1495
GB-024973,False,444
GB-024974,True,910
GB-024975,False,255
GB-024976,False,589
GB-024977,False,887
GB-024978,True,179
GB-024979,False,530
GB-024980,True,588
GB-024981,True,812
GB-024982,True,399
GB-024983,True,1358
GB-024984,False,766
GB-024985,True,1042
GB-024986,False,213
GB-024987,True,635
GB-024988,False,714
GB-024989,True,177
GB-024990,False,577
GB-024991,True,446
GB-024992,False,1056
GB-024993,True,30
GB-024994,False,941
GB-024995,False,922
GB-024996,True,121
GB-024997,True,1220
GB-024998,True,1495
GB-024999,False,623
GB-025000,True,1265
GB-025001,False,406
GB-025002,False,859
GB-025003,False,1127
GB-025004,False,505
GB-025005,False,99
GB-025006,True,119
GB-025007,False,1013
GB-025008,False,663
GB-025009,True,813
GB-025010,False,160
GB-025011,True,133
GB-025012,False,298
GB-025013,True,33
GB-025014,False,680
GB-025015,True,1258
GB-025016,False,1191
GB-025017,False,1150
GB-025018,False,855
GB-025019,True,137
GB-025020,False,298
GB-025021,False,90
GB-025022,True,593
GB-025023,True,497
GB-025024,True,634
GB-025025,True,1352
GB-025026,False,1165
GB-025027,False,184
GB-025028,False,1308
GB-025029,True,510
GB-025030,True,629
GB-025031,False,839
GB-025032,False,126
GB-025033,False,10
GB-025034,False,264
GB-025035,False,386
GB-025036,True,1225
GB-025037,False,680
GB-025038,False,920
GB-025039,True,1167
GB-025040,True,558
GB-025041,True,35
GB-025042,False,692
GB-025043,True,1028
GB-025044,True,575
GB-025045,True,1072
GB-025046,False,350
GB-025047,True,922
GB-025048,True,973
GB-025049,True,565
GB-025050,True,502
GB-025051,True,1234
GB-025052,False,1413
GB-025053,False,346
GB-025054,False,745
GB-025055,False,1359
GB-025056,True,753
GB-025057,False,1025
GB-025058,False,952
GB-025059,True,1029
GB-025060,False,1222
GB-025061,True,864
GB-025062,False,250
GB-025063,False,1007
GB-025064,False,646
GB-025065,True,930
GB-025066,True,1405
GB-025067,False,129
GB-025068,False,850
GB-025069,False,60
GB-025070,True,64
GB-025071,False,1363
GB-025072,False,398
GB-025073,True,554
GB-025074,False,1336
GB-025075,True,182
GB-025076,False,946
GB-025077,True,330
GB-025078,False,856
GB-025079,False,83
GB-025080,True,722
GB-025081,False,1051
GB-025082,True,325
GB-025083,True,360
GB-025084,False,1451
GB-025085,True,1200
GB-025086,False,423
GB-025087,False,1237
GB-025088,False,84
GB-025089,True,1320
GB-025090,False,426
GB-025091,False,1179
GB-025092,False,381
GB-025093,False,1077
GB-025094,True,901
GB-025095,True,1458
GB-025096,True,235
GB-025097,True,162
GB-025098,False,862
GB-025099,True,137
GB-025100,False,916
GB-025101,False,620
GB-025102,True,1403
GB-025103,True,1391
GB-025104,False,15
GB-025105,False,1235
GB-025106,False,567
GB-025107,True,1332
GB-025108,True,147
GB-025109,False,343
GB-025110,True,2
GB-025111,True,418
GB-025112,True,153
GB-025113,False,9
GB-025114,False,1203
GB-025115,True,339
GB-025116,False,92
GB-025117,True,1183
GB-025118,True,404
GB-025119,True,630
GB-025120,False,1170
GB-025121,True,44
GB-025122,False,1378
GB-025123,False,799
GB-025124,True,761
GB-025125,True,548
GB-025126,True,1004
GB-025127,False,212
GB-025128,True,1145
GB-025129,False,1393
GB-025130,False,732
GB-025131,False,1401
GB-025132,False,1465
GB-025133,True,1345
GB-025134,True,1037
GB-025135,False,61
GB-025136,False,56
GB-025137,False,798
GB-025138,False,984
GB-025139,False,1059
GB-025140,False,1441
GB-025141,False,308
GB-025142,False,794
GB-025143,True,919
GB-025144,True,1185
GB-025145,True,147
GB-025146,False,85
GB-025147,False,191
GB-025148,False,363
GB-025149,False,1402
GB-025150,False,845
GB-025151,False,1471
GB-025152,True,911
GB-025153,True,899
GB-025154,False,1407
GB-025155,False,908
GB-025156,False,990
GB-025157,False,1115
GB-025158,False,1290
GB-025159,True,705
GB-025160,False,486
GB-025161,True,1255
GB-025162,True,857
GB-025163,True,477
GB-025164,False,501
GB-025165,False,1382
GB-025166,True,393
GB-025167,False,808
GB-025168,True,936
GB-025169,False,1318
GB-025170,True,886
GB-025171,False,1096
GB-025172,False,940
GB-025173,False,902
GB-025174,False,78
GB-025175,False,741
GB-025176,True,479
GB-025177,False,299
GB-025178,False,707
GB-025179,True,706
GB-025180,False,1092
GB-025181,True,1285
GB-025182,False,658
GB-025183,True,742
GB-025184,False,459
GB-025185,True,1420
GB-025186,False,464
GB-025187,True,242
GB-025188,False,1216
GB-025189,False,551
GB-025190,True,102
GB-025191,False,1107
GB-025192,False,1418
GB-025193,False,103
GB-025194,False,154
GB-025195,False,525
GB-025196,False,123
GB-025197,True,1360
GB-025198,False,37
GB-025199,False,1476
GB-025200,False,754
GB-025201,True,567
GB-025202,True,188
GB-025203,True,362
GB-025204,True,1380
GB-025205,True,1228
GB-025206,False,440
GB-025207,False,1241
GB-025208,True,1039
GB-025209,True,79
GB-025210,True,1220
GB-025211,True,1041
GB-025212,False,1036
GB-025213,True,621
GB-025214,True,649
GB-025215,True,1489
GB-025216,False,1218
GB-025217,False,982
GB-025218,False,477
GB-025219,False,901
GB-025220,True,1103
GB-025221,True,1282
GB-025222,False,1426
GB-025223,True,1263
GB-025224,False,644
GB-025225,True,882
GB-025226,False,1155
GB-025227,True,870
GB-025228,False,474
GB-025229,True,1274
GB-025230,False,1281
GB-025231,False,840
GB-025232,False,1473
GB-025233,False,1293
GB-025234,True,1065
GB-025235,True,747
GB-025236,False,1403
GB-025237,True,810
GB-025238,True,482
GB-025239,True,53
GB-025240,False,883
GB-025241,False,154
GB-025242,False,1038
GB-025243,True,46
GB-025244,True,958
GB-025245,False,634
GB-025246,False,28
GB-025247,True,682
GB-025248,True,319
GB-025249,False,308
GB-025250,False,1119
GB-025251,False,852
GB-025252,False,155
GB-025253,False,1367
GB-025254,False,1082
GB-025255,False,281
GB-025256,True,175
GB-025257,False,463
GB-025258,False,344
GB-025259,False,1093
GB-025260,True,785
GB-025261,False,1009
GB-025262,True,1410
GB-025263,True,1318
GB-025264,False,509
GB-025265,False,302
GB-025266,False,459
GB-025267,True,337
GB-025268,False,23
GB-025269,False,1484
GB-025270,False,289
GB-025271,False,652
GB-025272,False,1050
GB-025273,False,659
GB-025274,False,192
GB-025275,False,320
GB-025276,False,1075
GB-025277,False,728
GB-025278,False,1453
GB-025279,True,774
GB-025280,False,611
GB-025281,True,568
GB-025282,True,969
GB-025283,True,423
GB-025284,True,303
GB-025285,True,784
GB-025286,False,418
GB-025287,False,875
GB-025288,False,94
GB-025289,True,211
GB-025290,False,110
GB-025291,True,1116
GB-025292,True,296
GB-025293,False,530
GB-025294,True,287
GB-025295,True,71
GB-025296,False,580
GB-025297,True,1101
GB-025298,False,668
GB-025299,False,741
GB-025300,False,225
GB-025301,True,794
GB-025302,False,518
GB-025303,False,588
GB-025304,False,585
GB-025305,False,147
GB-025306,True,947
GB-025307,False,872
GB-025308,True,136
GB-025309,True,354
GB-025310,False,266
GB-025311,False,1466
GB-025312,False,533
GB-025313,False,841
GB-025314,True,796
GB-025315,False,1250
GB-025316,False,1071
GB-025317,True,1046
GB-025318,False,359
GB-025319,False,387
GB-025320,False,1197
GB-025321,True,553
GB-025322,True,3
GB-025323,True,516
GB-025324,False,290
GB-025325,True,463
GB-025326,False,116
GB-025327,False,1310
GB-025328,False,857
GB-025329,True,123
GB-025330,True,807
GB-025331,True,967
GB-025332,True,421
GB-025333,False,1325
GB-025334,True,357
GB-025335,False,90
GB-025336,False,676
GB-025337,True,746
GB-025338,False,1064
GB-025339,True,865
GB-025340,True,903
GB-025341,False,292
GB-025342,True,49
GB-025343,False,1008
GB-025344,False,860
GB-025345,False,390
GB-025346,False,1420
GB-025347,True,1468
GB-025348,False,944
GB-025349,False,1237
GB-025350,True,972
GB-025351,True,399
GB-025352,False,1359
GB-025353,False,867
GB-025354,False,951
GB-025355,True,583
GB-025356,True,1461
GB-025357,True,386
GB-025358,True,291
GB-025359,True,308
GB-025360,True,1290
GB-025361,True,340
GB-025362,False,636
GB-025363,False,1135
GB-025364,False,1165
GB-025365,False,31
GB-025366,False,1456
GB-025367,False,425
GB-025368,False,1390
GB-025369,True,1143
GB-025370,True,574
GB-025371,False,1242
GB-025372,False,551
GB-025373,True,1465
GB-025374,False,1075
GB-025375,False,1127
GB-025376,True,1362
GB-025377,False,655
GB-025378,False,810
GB-025379,False,1458
GB-025380,True,250
GB-025381,False,775
GB-025382,False,279
GB-025383,True,1201
GB-025384,True,993
GB-025385,True,1478
GB-025386,False,1275
GB-025387,False,656
GB-025388,False,31
GB-025389,True,478
GB-025390,False,1379
GB-025391,False,22
GB-025392,False,813
GB-025393,False,720
GB-025394,False,175
GB-025395,False,1362
GB-025396,False,344
GB-025397,False,438
GB-025398,True,139
GB-025399,True,1162
GB-025400,False,1423
GB-025401,True,614
GB-025402,False,699
GB-025403,True,967
GB-025404,False,1106
GB-025405,True,791
GB-025406,False,754
GB-025407,True,770
GB-025408,True,498
GB-025409,False,1425
GB-025410,True,985
GB-025411,False,999
GB-025412,False,991
GB-025413,False,544
GB-025414,False,1278
GB-025415,False,677
GB-025416,False,1392
GB-025417,True,694
GB-025418,False,555
GB-025419,True,856
GB-025420,False,1249
GB-025421,True,385
GB-025422,True,203
GB-025423,True,981
GB-025424,False,1107
GB-025425,True,225
GB-025426,True,169
GB-025427,True,1368
GB-025428,False,1378
GB-025429,True,1434
GB-025430,False,158
GB-025431,True,1269
GB-025432,True,1082
GB-025433,False,1337
GB-025434,True,54
GB-025435,False,136
GB-025436,False,60
GB-025437,True,1361
GB-025438,False,1400
GB-025439,False,302
GB-025440,True,1250
GB-025441,False,488
GB-025442,True,216
GB-025443,False,200
GB-025444,False,1352
GB-025445,True,113
GB-025446,False,148
GB-025447,True,58
GB-025448,False,1376
GB-025449,True,1352
GB-025450,False,390
GB-025451,False,696
GB-025452,False,1311
GB-025453,False,715
GB-025454,False,57
GB-025455,True,281
GB-025456,True,587
GB-025457,False,294
GB-025458,False,36
GB-025459,False,489
GB-025460,True,1416
GB-025461,True,490
GB-025462,False,1260
GB-025463,False,1457
GB-025464,False,1189
GB-025465,True,1312
GB-025466,False,952
GB-025467,False,1008
GB-025468,False,1419
GB-025469,False,1015
GB-025470,False,1039
GB-025471,False,1389
GB-025472,False,1280
GB-025473,False,1495
GB-025474,False,71
GB-025475,True,209
GB-025476,False,456
GB-025477,False,569
GB-025478,True,1211
GB-025479,False,688
GB-025480,False,1346
GB-025481,True,1065
GB-025482,False,684
GB-025483,False,317
GB-025484,False,829
GB-025485,True,27
GB-025486,True,405
GB-025487,False,833
GB-025488,False,1255
GB-025489,True,1197
GB-025490,False,397
GB-025491,False,806
GB-025492,False,948
GB-025493,False,763
GB-025494,False,728
GB-025495,False,1221
GB-025496,False,1398
GB-025497,False,460
GB-025498,True,1275
GB-025499,True,927
GB-025500,False,582
GB-025501,False,632
GB-025502,False,203
GB-025503,False,544
GB-025504,False,91
GB-025505,False,112
GB-025506,True,588
GB-025507,True,904
GB-025508,False,582
GB-025509,False,99
GB-025510,False,74
GB-025511,False,1340
GB-025512,False,422
GB-025513,False,1499
GB-025514,True,206
GB-025515,False,1193
GB-025516,False,981
GB-025517,False,150
GB-025518,False,691
GB-025519,False,1076
GB-025520,False,747
GB-025521,True,477
GB-025522,False,24
GB-025523,True,780
GB-025524,False,421
GB-025525,False,1250
GB-025526,True,1060
GB-025527,False,732
GB-025528,False,394
GB-025529,False,1164
GB-025530,False,13
GB-025531,False,183
GB-025532,True,207
GB-025533,False,1226
GB-025534,False,1206
GB-025535,False,319
GB-025536,True,488
GB-025537,False,594
GB-025538,False,1082
GB-025539,False,554
GB-025540,True,254
GB-025541,False,872
GB-025542,False,693
GB-025543,False,203
GB-025544,True,507
GB-025545,False,733
GB-025546,True,433
GB-025547,True,707
GB-025548,False,558
GB-025549,True,792
GB-025550,False,126
GB-025551,False,971
GB-025552,True,1319
GB-025553,False,597
GB-025554,False,791
GB-025555,False,395
GB-025556,False,407
GB-025557,False,1082
GB-025558,True,1179
GB-025559,True,16
GB-025560,False,1373
GB-025561,True,1261
GB-025562,False,165
GB-025563,False,454
GB-025564,True,346
GB-025565,True,1476
GB-025566,True,229
GB-025567,False,634
GB-025568,False,1260
GB-025569,True,1410
GB-025570,False,914
GB-025571,False,1340
GB-025572,True,623
GB-025573,False,436
GB-025574,True,530
GB-025575,False,242
GB-025576,False,740
GB-025577,False,1143
GB-025578,True,1329
GB-025579,True,1149
GB-025580,False,893
GB-025581,True,1310
GB-025582,False,1379
GB-025583,False,1109
GB-025584,False,1368
GB-025585,True,658
GB-025586,True,907
GB-025587,True,1294
GB-025588,False,805
GB-025589,False,176
GB-025590,False,1462
GB-025591,True,310
GB-025592,False,1223
GB-025593,False,1155
GB-025594,False,1020
GB-025595,False,155
GB-025596,False,472
GB-025597,False,861
GB-025598,False,169
GB-025599,False,568
GB-025600,True,1395
GB-025601,True,1450
GB-025602,False,674
GB-025603,False,266
GB-025604,True,279
GB-025605,False,608
GB-025606,False,1098
GB-025607,False,895
GB-025608,False,1020
GB-025609,True,8
GB-025610,True,1071
GB-025611,False,756
GB-025612,False,214
GB-025613,False,286
GB-025614,True,217
GB-025615,False,1045
GB-025616,False,943
GB-025617,False,1403
GB-025618,True,641
GB-025619,False,1177
GB-025620,False,171
GB-025621,True,196
GB-025622,True,1433
GB-025623,False,299
GB-025624,True,1442
GB-025625,False,5
GB-025626,True,813
GB-025627,True,1401
GB-025628,False,1025
GB-025629,False,1354
GB-025630,True,417
GB-025631,False,1180
GB-025632,False,1486
GB-025633,True,191
GB-025634,True,198
GB-025635,False,891
GB-025636,False,876
GB-025637,False,1144
GB-025638,False,971
GB-025639,True,1149
GB-025640,False,1169
GB-025641,False,310
GB-025642,True,201
GB-025643,False,944
GB-025644,True,665
GB-025645,False,1175
GB-025646,False,457
GB-025647,False,1046
GB-025648,False,1139
GB-025649,True,425
GB-025650,False,1193
GB-025651,True,238
GB-025652,True,535
GB-025653,True,953
GB-025654,False,1220
GB-025655,True,557
GB-025656,True,184
GB-025657,True,1328
GB-025658,False,1247
GB-025659,False,508
GB-025660,True,1062
GB-025661,False,318
GB-025662,False,551
GB-025663,True,351
GB-025664,False,1333
GB-025665,True,1128
GB-025666,True,869
GB-025667,True,1127
GB-025668,True,402
GB-025669,False,1166
GB-025670,False,827
GB-025671,True,1178
GB-025672,True,283
GB-025673,True,956
GB-025674,False,807
GB-025675,True,1094
GB-025676,True,159
GB-025677,False,799
GB-025678,False,1099
GB-025679,True,689
GB-025680,True,451
GB-025681,False,710
GB-025682,False,438
GB-025683,True,328
GB-025684,False,379
GB-025685,False,1328
GB-025686,True,1148
GB-025687,True,1374
GB-025688,False,672
GB-025689,False,1375
GB-025690,False,733
GB-025691,False,801
GB-025692,True,1119
GB-025693,True,207
GB-025694,False,1082
GB-025695,False,1275
GB-025696,False,204
GB-025697,False,788
GB-025698,True,786
GB-025699,False,794
GB-025700,False,1466
GB-025701,True,1027
GB-025702,True,1287
GB-025703,False,1237
GB-025704,False,707
GB-025705,True,1150
GB-025706,True,506
GB-025707,False,93
GB-025708,True,1309
GB-025709,True,274
GB-025710,False,1159
GB-025711,True,1076
GB-025712,False,497
GB-025713,False,813
GB-025714,False,296
GB-025715,False,1438
GB-025716,False,123
GB-025717,False,687
GB-025718,False,958
GB-025719,False,1233
GB-025720,False,924
GB-025721,True,801
GB-025722,False,7
GB-025723,True,1243
GB-025724,True,1246
GB-025725,True,70
GB-025726,True,1061
GB-025727,True,785
GB-025728,True,835
GB-025729,True,417
GB-025730,True,1459
GB-025731,False,632
GB-025732,False,363
GB-025733,True,513
GB-025734,False,353
GB-025735,True,1367
GB-025736,False,1486
GB-025737,False,1382
GB-025738,True,725
GB-025739,False,1418
GB-025740,False,466
GB-025741,True,301
GB-025742,True,1213
GB-025743,False,938
GB-025744,False,654
GB-025745,False,958
GB-025746,True,444
GB-025747,False,223
GB-025748,False,769
GB-025749,True,1073
GB-025750,False,374
GB-025751,True,608
GB-025752,True,972
GB-025753,True,517
GB-025754,True,1329
GB-025755,False,1134
GB-025756,True,1037
GB-025757,True,764
GB-025758,True,1476
GB-025759,False,928
GB-025760,True,1347
GB-025761,False,866
GB-025762,False,874
GB-025763,False,895
GB-025764,True,1143
GB-025765,False,1311
GB-025766,True,1362
GB-025767,False,1218
GB-025768,False,923
GB-025769,False,632
GB-025770,True,316
GB-025771,True,398
GB-025772,True,1238
GB-025773,False,1469
GB-025774,False,403
GB-025775,True,370
GB-025776,False,1308
GB-025777,False,524
GB-025778,False,967
GB-025779,False,841
GB-025780,True,1167
GB-025781,False,583
GB-025782,False,761
GB-025783,False,942
GB-025784,True,1123
GB-025785,True,489
GB-025786,True,1041
GB-025787,False,183
GB-025788,False,429
GB-025789,True,13
GB-025790,False,1296
GB-025791,False,931
GB-025792,False,426
GB-025793,True,566
GB-025794,False,1059
GB-025795,True,105
GB-025796,False,749
GB-025797,False,1258
GB-025798,True,852
GB-025799,True,239
GB-025800,False,632
GB-025801,True,1350
GB-025802,True,1113
GB-025803,True,16
GB-025804,True,249
GB-025805,True,825
GB-025806,False,101
GB-025807,False,504
GB-025808,False,805
GB-025809,False,515
GB-025810,True,64
GB-025811,False,1024
GB-025812,False,1281
GB-025813,False,1177
GB-025814,False,74
GB-025815,False,717
GB-025816,True,764
GB-025817,False,13
GB-025818,True,1379
GB-025819,False,1014
GB-025820,True,1002
GB-025821,True,914
GB-025822,False,401
GB-025823,False,200
GB-025824,False,471
GB-025825,False,999
GB-025826,False,285
GB-025827,True,475
GB-025828,False,1315
GB-025829,False,994
GB-025830,True,412
GB-025831,False,67
GB-025832,False,352
GB-025833,False,858
GB-025834,True,1258
GB-025835,False,609
GB-025836,False,406
GB-025837,False,611
GB-025838,True,917
GB-025839,False,917
GB-025840,True,417
GB-025841,False,390
GB-025842,False,350
GB-025843,True,542
GB-025844,True,747
GB-025845,True,858
GB-025846,False,713
GB-025847,False,1279
GB-025848,False,857
GB-025849,False,133
GB-025850,False,1436
GB-025851,False,1295
GB-025852,False,855
GB-025853,False,1
GB-025854,True,1250
GB-025855,True,1364
GB-025856,False,848
GB-025857,False,1171
GB-025858,False,317
GB-025859,True,1310
GB-025860,True,785
GB-025861,True,537
GB-025862,False,199
GB-025863,True,781
GB-025864,True,1097
GB-025865,False,201
GB-025866,False,1317
GB-025867,True,329
GB-025868,False,925
GB-025869,True,1350
GB-025870,True,1286
GB-025871,False,1139
GB-025872,False,932
GB-025873,False,1417
GB-025874,False,1367
GB-025875,False,148
GB-025876,True,118
GB-025877,False,444
GB-025878,True,759
GB-025879,False,1448
GB-025880,False,766
GB-025881,True,561
GB-025882,True,704
GB-025883,False,153
GB-025884,False,1222
GB-025885,True,225
GB-025886,False,257
GB-025887,False,674
GB-025888,True,1322
GB-025889,False,953
GB-025890,False,808
GB-025891,False,1392
GB-025892,False,1166
GB-025893,True,38
GB-025894,False,672
GB-025895,True,453
GB-025896,False,1316
GB-025897,True,816
GB-025898,True,1172
GB-025899,True,880
GB-025900,False,28
GB-025901,True,706
GB-025902,False,414
GB-025903,False,293
GB-025904,True,1045
GB-025905,True,222
GB-025906,True,281
GB-025907,False,705
GB-025908,True,539
GB-025909,False,510
GB-025910,False,1041
GB-025911,True,306
GB-025912,False,804
GB-025913,True,802
GB-025914,True,1382
GB-025915,False,700
GB-025916,True,328
GB-025917,False,430
GB-025918,False,680
GB-025919,True,1492
GB-025920,False,768
GB-025921,False,643
GB-025922,False,117
GB-025923,False,828
GB-025924,False,1051
GB-025925,False,1399
GB-025926,True,1248
GB-025927,False,1349
GB-025928,False,1345
GB-025929,False,430
GB-025930,False,534
GB-025931,False,826
GB-025932,True,434
GB-025933,True,240
GB-025934,True,1437
GB-025935,False,308
GB-025936,False,959
GB-025937,True,89
GB-025938,True,681
GB-025939,True,1213
GB-025940,False,637
GB-025941,True,601
GB-025942,False,1486
GB-025943,False,253
GB-025944,True,681
GB-025945,True,513
GB-025946,False,1378
GB-025947,False,1409
GB-025948,True,1264
GB-025949,False,497
GB-025950,False,1239
GB-025951,True,1101
GB-025952,True,1169
GB-025953,False,1278
GB-025954,True,615
GB-025955,False,811
GB-025956,False,1056
GB-025957,False,783
GB-025958,False,1292
GB-025959,True,1161
GB-025960,True,540
GB-025961,False,1143
GB-025962,True,1033
GB-025963,False,426
GB-025964,True,1467
GB-025965,True,957
GB-025966,False,86
GB-025967,False,564
GB-025968,True,610
GB-025969,True,772
GB-025970,False,960
GB-025971,True,183
GB-025972,False,1055
GB-025973,True,773
GB-025974,False,304
GB-025975,False,627
GB-025976,True,51
GB-025977,False,478
GB-025978,True,652
GB-025979,False,1278
GB-025980,False,637
GB-025981,False,205
GB-025982,True,390
GB-025983,False,1219
GB-025984,False,895
GB-025985,False,213
GB-025986,False,493
GB-025987,False,924
GB-025988,False,82
GB-025989,True,1143
GB-025990,True,433
GB-025991,False,750
GB-025992,False,846
GB-025993,False,414
GB-025994,False,848
GB-025995,True,801
GB-025996,False,662
GB-025997,False,1101
GB-025998,False,1394
GB-025999,False,1173
GB-026000,True,562
GB-026001,True,507
GB-026002,False,1153
GB-026003,False,535
GB-026004,False,1128
GB-026005,False,1475
GB-026006,False,1465
GB-026007,True,254
GB-026008,True,497
GB-026009,True,971
GB-026010,False,747
GB-026011,False,441
GB-026012,True,1375
GB-026013,False,1499
GB-026014,False,695
GB-026015,True,620
GB-026016,False,977
GB-026017,False,699
GB-026018,False,283
GB-026019,True,953
GB-026020,True,239
GB-026021,False,391
GB-026022,False,1042
GB-026023,False,318
GB-026024,False,558
GB-026025,False,834
GB-026026,False,110
GB-026027,True,102
GB-026028,True,580
GB-026029,True,1196
GB-026030,False,526
GB-026031,False,664
GB-026032,True,32
GB-026033,True,1461
GB-026034,True,1041
GB-026035,False,695
GB-026036,True,1124
GB-026037,True,1401
GB-026038,False,263
GB-026039,False,918
GB-026040,False,106
GB-026041,True,1197
GB-026042,False,427
GB-026043,False,994
GB-026044,False,1312
GB-026045,True,1076
GB-026046,False,541
GB-026047,True,57
GB-026048,False,881
GB-026049,True,401
GB-026050,False,124
GB-026051,False,97
GB-026052,False,1457
GB-026053,True,836
GB-026054,False,617
GB-026055,True,1235
GB-026056,False,63
GB-026057,False,618
GB-026058,False,1260
GB-026059,True,560
GB-026060,False,1171
GB-026061,True,855
GB-026062,True,510
GB-026063,True,1251
GB-026064,False,264
GB-026065,True,337
GB-026066,False,1404
GB-026067,False,102
GB-026068,False,1443
GB-026069,False,928
GB-026070,False,681
GB-026071,False,103
GB-026072,False,1003
GB-026073,False,525
GB-026074,True,1388
GB-026075,False,813
GB-026076,True,1347
GB-026077,False,133
GB-026078,True,960
GB-026079,False,1493
GB-026080,True,26
GB-026081,False,827
GB-026082,False,10
GB-026083,False,954
GB-026084,False,1485
GB-026085,False,1025
GB-026086,True,1299
GB-026087,False,878
GB-026088,True,683
GB-026089,False,158
GB-026090,True,312
GB-026091,False,579
GB-026092,False,223
GB-026093,False,778
GB-026094,False,1317
GB-026095,False,481
GB-026096,True,926
GB-026097,True,1245
GB-026098,False,1241
GB-026099,True,1102
GB-026100,False,97
GB-026101,False,378
GB-026102,True,591
GB-026103,False,306
GB-026104,False,814
GB-026105,True,40
GB-026106,False,17
GB-026107,False,1396
GB-026108,False,264
GB-026109,True,192
GB-026110,False,771
GB-026111,False,130
GB-026112,True,405
GB-026113,False,13
GB-026114,False,304
GB-026115,False,801
GB-026116,False,688
GB-026117,True,1317
GB-026118,True,634
GB-026119,False,1384
GB-026120,False,1166
GB-026121,True,493
GB-026122,True,502
GB-026123,True,187
GB-026124,True,1057
GB-026125,True,452
GB-026126,True,1000
GB-026127,True,763
GB-026128,True,884
GB-026129,True,102
GB-026130,True,953
GB-026131,True,1357
GB-026132,False,688
GB-026133,False,285
GB-026134,False,639
GB-026135,False,87
GB-026136,False,888
GB-026137,False,1169
GB-026138,False,1303
GB-026139,False,567
GB-026140,False,1118
GB-026141,False,56
GB-026142,True,807
GB-026143,False,463
GB-026144,False,461
GB-026145,False,1468
GB-026146,False,415
GB-026147,True,1454
GB-026148,True,1431
GB-026149,True,968
GB-026150,True,234
GB-026151,True,1222
GB-026152,False,431
GB-026153,False,1487
GB-026154,True,108
GB-026155,True,726
GB-026156,True,556
GB-026157,False,372
GB-026158,True,353
GB-026159,True,1244
GB-026160,True,1400
GB-026161,True,1101
GB-026162,False,110
GB-026163,False,921
GB-026164,True,558
GB-026165,False,599
GB-026166,True,350
GB-026167,True,428
GB-026168,False,426
GB-026169,True,959
GB-026170,False,188
GB-026171,False,516
GB-026172,False,1373
GB-026173,False,1239
GB-026174,False,484
GB-026175,True,652
GB-026176,True,1096
GB-026177,False,1319
GB-026178,False,1078
GB-026179,False,46
GB-026180,True,964
GB-026181,True,770
GB-026182,False,790
GB-026183,False,285
GB-026184,False,1208
GB-026185,False,221
GB-026186,False,659
GB-026187,True,497
GB-026188,False,1111
GB-026189,True,1023
GB-026190,True,1063
GB-026191,False,589
GB-026192,True,645
GB-026193,False,1347
GB-026194,False,961
GB-026195,False,1307
GB-026196,True,900
GB-026197,True,131
GB-026198,False,1316
GB-026199,False,392
GB-026200,False,823
GB-026201,False,309
GB-026202,False,104
GB-026203,False,311
GB-026204,True,86
GB-026205,False,691
GB-026206,True,1437
GB-026207,True,905
GB-026208,True,1104
GB-026209,True,1154
GB-026210,False,321
GB-026211,True,560
GB-026212,True,895
GB-026213,False,1286
GB-026214,False,881
GB-026215,False,799
GB-026216,True,554
GB-026217,True,551
GB-026218,True,190
GB-026219,False,326
GB-026220,True,80
GB-026221,False,595
GB-026222,False,103
GB-026223,True,162
GB-026224,True,1201
GB-026225,False,1350
GB-026226,False,1093
GB-026227,True,281
GB-026228,True,410
GB-026229,True,1394
GB-026230,False,1451
GB-026231,False,740
GB-026232,False,1038
GB-026233,False,871
GB-026234,True,1453
GB-026235,False,500
GB-026236,False,1068
GB-026237,False,1085
GB-026238,False,613
GB-026239,False,330
GB-026240,True,462
GB-026241,True,1084
GB-026242,False,516
GB-026243,False,875
GB-026244,True,1434
GB-026245,False,1339
GB-026246,True,877
GB-026247,False,1068
GB-026248,False,6
GB-026249,False,249
GB-026250,False,96
GB-026251,True,903
GB-026252,False,757
GB-026253,True,65
GB-026254,False,1479
GB-026255,True,662
GB-026256,True,572
GB-026257,True,154
GB-026258,False,327
GB-026259,True,998
GB-026260,True,424
GB-026261,False,333
GB-026262,False,352
GB-026263,False,229
GB-026264,False,1137
GB-026265,False,607
GB-026266,False,1059
GB-026267,True,595
GB-026268,True,732
GB-026269,False,337
GB-026270,True,107
GB-026271,True,475
GB-026272,False,924
GB-026273,False,64
GB-026274,False,547
GB-026275,False,1419
GB-026276,False,20
GB-026277,False,270
GB-026278,False,1199
GB-026279,False,1075
GB-026280,False,340
GB-026281,True,876
GB-026282,False,404
GB-026283,False,563
GB-026284,False,807
GB-026285,False,1130
GB-026286,True,1294
GB-026287,True,455
GB-026288,True,15
GB-026289,True,1073
GB-026290,False,862
GB-026291,False,55
GB-026292,True,985
GB-026293,False,351
GB-026294,False,1126
GB-026295,False,1279
GB-026296,True,333
GB-026297,False,905
GB-026298,False,389
GB-026299,False,287
GB-026300,True,1266
GB-026301,False,780
GB-026302,False,382
GB-026303,False,1487
GB-026304,False,591
GB-026305,True,1332
GB-026306,False,696
GB-026307,False,1161
GB-026308,True,51
GB-026309,True,716
GB-026310,False,369
GB-026311,False,645
GB-026312,True,1060
GB-026313,False,1356
GB-026314,True,1134
GB-026315,True,1356
GB-026316,False,606
GB-026317,False,98
GB-026318,True,357
GB-026319,True,645
GB-026320,True,243
GB-026321,True,1017
GB-026322,False,395
GB-026323,False,1275
GB-026324,False,1406
GB-026325,False,150
GB-026326,False,243
GB-026327,True,301
GB-026328,False,657
GB-026329,True,18
GB-026330,True,199
GB-026331,False,1385
GB-026332,False,1095
GB-026333,False,64
GB-026334,False,1140
GB-026335,False,951
GB-026336,True,436
GB-026337,False,48
GB-026338,False,199
GB-026339,True,263
GB-026340,False,290
GB-026341,True,1018
GB-026342,False,693
GB-026343,False,1180
GB-026344,False,273
GB-026345,True,534
GB-026346,False,937
GB-026347,True,1175
GB-026348,False,287
GB-026349,True,376
GB-026350,False,493
GB-026351,True,650
GB-026352,True,1401
GB-026353,False,679
GB-026354,False,354
GB-026355,False,1193
GB-026356,False,221
GB-026357,False,627
GB-026358,True,295
GB-026359,True,113
GB-026360,False,1437
GB-026361,True,1130
GB-026362,False,249
GB-026363,False,153
GB-026364,True,751
GB-026365,False,1421
GB-026366,False,1029
GB-026367,True,46
GB-026368,False,986
GB-026369,False,1261
GB-026370,False,495
GB-026371,True,546
GB-026372,True,601
GB-026373,False,101
GB-026374,True,823
GB-026375,True,997
GB-026376,True,393
GB-026377,False,1324
GB-026378,False,865
GB-026379,True,245
GB-026380,False,408
GB-026381,True,1074
GB-026382,True,140
GB-026383,False,821
GB-026384,False,514
GB-026385,True,1061
GB-026386,False,764
GB-026387,False,936
GB-026388,True,1410
GB-026389,True,358
GB-026390,False,1391
GB-026391,True,166
GB-026392,True,753
GB-026393,False,1185
GB-026394,False,597
GB-026395,False,736
GB-026396,False,933
GB-026397,False,657
GB-026398,True,170
GB-026399,False,465
GB-026400,True,989
GB-026401,True,967
GB-026402,False,1326
GB-026403,False,1252
GB-026404,False,1029
GB-026405,True,240
GB-026406,True,974
GB-026407,True,23
GB-026408,True,1038
GB-026409,False,1474
GB-026410,False,1119
GB-026411,False,194
GB-026412,False,1473
GB-026413,False,506
GB-026414,False,1017
GB-026415,False,1026
GB-026416,True,596
GB-026417,True,33
GB-026418,False,105
GB-026419,False,1481
GB-026420,False,207
GB-026421,False,979
GB-026422,False,770
GB-026423,True,1198
GB-026424,False,1327
GB-026425,True,832
GB-026426,False,260
GB-026427,False,201
GB-026428,True,551
GB-026429,True,278
GB-026430,False,1249
GB-026431,True,37
GB-026432,False,1453
GB-026433,True,333
GB-026434,True,413
GB-026435,False,429
GB-026436,False,348
GB-026437,False,144
GB-026438,False,711
GB-026439,True,998
GB-026440,False,523
GB-026441,False,91
GB-026442,False,1231
GB-026443,False,319
GB-026444,True,251
GB-026445,False,777
GB-026446,False,49
GB-026447,True,1392
GB-026448,False,693
GB-026449,False,1372
GB-026450,False,517
GB-026451,False,122
GB-026452,True,1484
GB-026453,True,52
GB-026454,False,1326
GB-026455,True,198
GB-026456,False,762
GB-026457,True,1294
GB-026458,False,190
GB-026459,True,992
GB-026460,True,879
GB-026461,False,124
GB-026462,False,311
GB-026463,True,1407
GB-026464,False,926
GB-026465,True,170
GB-026466,False,1
GB-026467,False,1445
GB-026468,False,1156
GB-026469,True,1420
GB-026470,False,1206
GB-026471,True,675
GB-026472,False,791
GB-026473,False,929
GB-026474,False,1190
GB-026475,True,1249
GB-026476,False,1389
GB-026477,False,429
GB-026478,False,547
GB-026479,True,1306
GB-026480,True,746
GB-026481,True,245
GB-026482,True,48
GB-026483,False,612
GB-026484,False,1485
GB-026485,True,126
GB-026486,False,1467
GB-026487,True,882
GB-026488,False,1088
GB-026489,True,297
GB-026490,True,362
GB-026491,True,1001
GB-026492,False,731
GB-026493,True,1347
GB-026494,False,1268
GB-026495,True,747
GB-026496,True,1027
GB-026497,True,590
GB-026498,True,110
GB-026499,False,1446
GB-026500,False,219
GB-026501,False,940
GB-026502,True,574
GB-026503,False,383
GB-026504,False,448
GB-026505,False,46
GB-026506,False,554
GB-026507,False,1397
GB-026508,False,1192
GB-026509,True,46
GB-026510,False,909
GB-026511,False,1241
GB-026512,False,97
GB-026513,False,320
GB-026514,False,352
GB-026515,False,288
GB-026516,False,1295
GB-026517,False,983
GB-026518,False,792
GB-026519,True,960
GB-026520,True,502
GB-026521,True,1212
GB-026522,True,1357
GB-026523,True,1410
GB-026524,True,697
GB-026525,False,466
GB-026526,False,1466
GB-026527,False,1034
GB-026528,True,745
GB-026529,False,1459
GB-026530,False,736
GB-026531,True,1034
GB-026532,False,269
GB-026533,True,869
GB-026534,False,1195
GB-026535,False,1089
GB-026536,False,747
GB-026537,False,595
GB-026538,False,1488
GB-026539,False,702
GB-026540,True,111
GB-026541,True,595
GB-026542,False,1046
GB-026543,False,693
GB-026544,True,388
GB-026545,False,176
GB-026546,False,1341
GB-026547,False,653
GB-026548,False,1300
GB-026549,False,725
GB-026550,False,411
GB-026551,False,1019
GB-026552,False,683
GB-026553,False,306
GB-026554,False,1046
GB-026555,False,939
GB-026556,False,1064
GB-026557,True,725
GB-026558,True,683
GB-026559,False,606
GB-026560,False,843
GB-026561,True,958
GB-026562,True,1121
GB-026563,True,633
GB-026564,False,241
GB-026565,True,128
GB-026566,False,955
GB-026567,False,435
GB-026568,False,673
GB-026569,False,906
GB-026570,False,113
GB-026571,False,133
GB-026572,True,1058
GB-026573,False,775
GB-026574,True,1068
GB-026575,False,1493
GB-026576,True,407
GB-026577,True,884
GB-026578,False,827
GB-026579,False,110
GB-026580,False,593
GB-026581,False,296
GB-026582,False,260
GB-026583,False,513
GB-026584,False,1255
GB-026585,True,915
GB-026586,False,1289
GB-026587,False,541
GB-026588,False,293
GB-026589,True,1088
GB-026590,True,847
GB-026591,True,177
GB-026592,True,1072
GB-026593,True,440
GB-026594,True,978
GB-026595,False,1273
GB-026596,False,1268
GB-026597,True,1492
GB-026598,False,417
GB-026599,True,857
GB-026600,False,1136
GB-026601,False,923
GB-026602,False,895
GB-026603,True,1050
GB-026604,False,1390
GB-026605,True,426
GB-026606,False,542
GB-026607,True,647
GB-026608,True,606
GB-026609,False,581
GB-026610,True,1094
GB-026611,False,876
GB-026612,False,540
GB-026613,True,1262
GB-026614,False,16
GB-026615,False,70
GB-026616,False,327
GB-026617,True,1250
GB-026618,False,461
GB-026619,False,546
GB-026620,False,1074
GB-026621,True,1109
GB-026622,False,9
GB-026623,True,614
GB-026624,False,268
GB-026625,False,607
GB-026626,False,198
GB-026627,False,291
GB-026628,False,483
GB-026629,True,837
GB-026630,False,337
GB-026631,False,185
GB-026632,True,705
GB-026633,False,411
GB-026634,False,810
GB-026635,False,950
GB-026636,True,317
GB-026637,False,27
GB-026638,True,1235
GB-026639,True,474
GB-026640,True,1400
GB-026641,True,1136
GB-026642,False,1142
GB-026643,False,1305
GB-026644,False,574
GB-026645,True,902
GB-026646,False,1276
GB-026647,True,212
GB-026648,False,350
GB-026649,False,143
GB-026650,False,51
GB-026651,True,61
GB-026652,False,821
GB-026653,True,376
GB-026654,False,1397
GB-026655,False,317
GB-026656,True,210
GB-026657,False,880
GB-026658,False,723
GB-026659,False,1427
GB-026660,True,1397
GB-026661,False,1376
GB-026662,True,390
GB-026663,False,1021
GB-026664,True,1005
GB-026665,False,1170
GB-026666,True,1374
GB-026667,True,1464
GB-026668,True,268
GB-026669,False,860
GB-026670,True,1374
GB-026671,False,741
GB-026672,False,1483
GB-026673,False,428
GB-026674,True,1497
GB-026675,False,1389
GB-026676,False,53
GB-026677,True,1189
GB-026678,False,1455
GB-026679,True,977
GB-026680,False,609
GB-026681,True,112
GB-026682,True,1052
GB-026683,False,359
GB-026684,False,448
GB-026685,False,1104
GB-026686,False,861
GB-026687,True,240
GB-026688,False,1222
GB-026689,False,63
GB-026690,True,315
GB-026691,False,1468
GB-026692,False,1204
GB-026693,False,326
GB-026694,False,1150
GB-026695,False,1360
GB-026696,False,1102
GB-026697,False,1058
GB-026698,False,1109
GB-026699,True,1213
GB-026700,True,443
GB-026701,False,621
GB-026702,True,1174
GB-026703,False,298
GB-026704,False,275
GB-026705,True,933
GB-026706,False,884
GB-026707,True,933
GB-026708,True,516
GB-026709,True,82
GB-026710,True,611
GB-026711,False,728
GB-026712,False,132
GB-026713,True,1212
GB-026714,True,598
GB-026715,False,1467
GB-026716,False,298
GB-026717,False,178
GB-026718,True,718
GB-026719,False,345
GB-026720,False,434
GB-026721,False,1308
GB-026722,True,937
GB-026723,True,969
GB-026724,False,1351
GB-026725,False,1051
GB-026726,True,424
GB-026727,True,100
GB-026728,True,939
GB-026729,True,263
GB-026730,True,474
GB-026731,False,1002
GB-026732,True,1349
GB-026733,True,632
GB-026734,False,1117
GB-026735,True,1244
GB-026736,True,1231
GB-026737,True,479
GB-026738,False,1255
GB-026739,True,706
GB-026740,False,66
GB-026741,True,611
GB-026742,False,475
GB-026743,False,126
GB-026744,False,151
GB-026745,True,688
GB-026746,True,987
GB-026747,True,268
GB-026748,False,1374
GB-026749,True,623
GB-026750,True,1221
GB-026751,False,586
GB-026752,False,1416
GB-026753,False,134
GB-026754,True,913
GB-026755,False,1249
GB-026756,False,210
GB-026757,True,506
GB-026758,False,1419
GB-026759,False,405
GB-026760,True,746
GB-026761,False,1280
GB-026762,True,870
GB-026763,False,251
GB-026764,False,397
GB-026765,False,1448
GB-026766,True,1363
GB-026767,False,1413
GB-026768,True,722
GB-026769,True,236
GB-026770,True,48
GB-026771,False,747
GB-026772,False,632
GB-026773,False,1161
GB-026774,False,1276
GB-026775,True,901
GB-026776,True,423
GB-026777,False,357
GB-026778,True,418
GB-026779,True,874
GB-026780,False,826
GB-026781,True,915
GB-026782,False,577
GB-026783,True,115
GB-026784,True,1331
GB-026785,True,1443
GB-026786,True,109
GB-026787,True,1023
GB-026788,True,891
GB-026789,True,412
GB-026790,False,1312
GB-026791,False,1357
GB-026792,False,1074
GB-026793,True,1029
GB-026794,True,1443
GB-026795,False,168
GB-026796,False,600
GB-026797,False,1016
GB-026798,True,64
GB-026799,False,1351
GB-026800,False,359
GB-026801,False,616
GB-026802,False,1094
GB-026803,False,114
GB-026804,False,815
GB-026805,False,1212
GB-026806,False,540
GB-026807,False,1169
GB-026808,False,1406
GB-026809,False,90
GB-026810,True,413
GB-026811,True,245
GB-026812,False,269
GB-026813,True,1469
GB-026814,False,696
GB-026815,False,439
GB-026816,False,593
GB-026817,True,624
GB-026818,True,1206
GB-026819,False,1483
GB-026820,False,1342
GB-026821,False,815
GB-026822,False,341
GB-026823,False,969
GB-026824,False,1170
GB-026825,False,1456
GB-026826,False,731
GB-026827,False,555
GB-026828,True,834
GB-026829,False,303
GB-026830,False,82
GB-026831,False,1422
GB-026832,True,1073
GB-026833,False,2
GB-026834,True,735
GB-026835,False,1075
GB-026836,True,1158
GB-026837,False,874
GB-026838,True,323
GB-026839,False,668
GB-026840,True,1068
GB-026841,True,188
GB-026842,False,661
GB-026843,True,302
GB-026844,True,1303
GB-026845,False,428
GB-026846,False,1491
GB-026847,False,339
GB-026848,False,211
GB-026849,True,443
GB-026850,False,1436
GB-026851,False,248
GB-026852,False,717
GB-026853,False,576
GB-026854,False,311
GB-026855,True,371
GB-026856,False,998
GB-026857,True,1081
GB-026858,True,741
GB-026859,True,497
GB-026860,False,386
GB-026861,True,158
GB-026862,True,1120
GB-026863,False,1414
GB-026864,False,231
GB-026865,True,358
GB-026866,True,217
GB-026867,False,780
GB-026868,False,481
GB-026869,False,1453
GB-026870,True,863
GB-026871,False,573
GB-026872,False,951
GB-026873,False,710
GB-026874,True,704
GB-026875,False,748
GB-026876,True,1329
GB-026877,False,460
GB-026878,False,257
GB-026879,False,276
GB-026880,True,707
GB-026881,True,1418
GB-026882,False,355
GB-026883,True,419
GB-026884,False,1335
GB-026885,False,764
GB-026886,True,1450
GB-026887,True,665
GB-026888,False,329
GB-026889,False,658
GB-026890,False,445
GB-026891,False,1251
GB-026892,False,154
GB-026893,False,625
GB-026894,False,956
GB-026895,True,297
GB-026896,False,667
GB-026897,True,67
GB-026898,True,1370
GB-026899,True,1153
GB-026900,False,1402
GB-026901,True,952
GB-026902,False,1232
GB-026903,False,254
GB-026904,True,1119
GB-026905,False,910
GB-026906,False,1129
GB-026907,False,210
GB-026908,True,584
GB-026909,False,1446
GB-026910,True,368
GB-026911,True,1122
GB-026912,False,573
GB-026913,False,408
GB-026914,False,1193
GB-026915,False,1411
GB-026916,False,632
GB-026917,False,1461
GB-026918,False,1492
GB-026919,True,872
GB-026920,True,558
GB-026921,True,942
GB-026922,False,812
GB-026923,False,378
GB-026924,True,694
GB-026925,False,783
GB-026926,True,491
GB-026927,False,1359
GB-026928,False,1093
GB-026929,True,1375
GB-026930,True,437
GB-026931,True,1455
GB-026932,False,148
GB-026933,False,911
GB-026934,True,372
GB-026935,True,562
GB-026936,False,338
GB-026937,True,10
GB-026938,False,53
GB-026939,False,586
GB-026940,False,937
GB-026941,True,1185
GB-026942,False,411
GB-026943,True,700
GB-026944,True,180
GB-026945,False,905
GB-026946,True,1370
GB-026947,True,274
GB-026948,True,1498
GB-026949,True,1425
GB-026950,True,105
GB-026951,True,1063
GB-026952,False,390
GB-026953,False,847
GB-026954,False,1026
GB-026955,True,1383
GB-026956,False,1484
GB-026957,True,51
GB-026958,True,517
GB-026959,False,7
GB-026960,False,155
GB-026961,False,123
GB-026962,False,1151
GB-026963,True,775
GB-026964,True,1109
GB-026965,False,630
GB-026966,True,231
GB-026967,False,951
GB-026968,True,388
GB-026969,True,16
GB-026970,False,75
GB-026971,True,94
GB-026972,False,983
GB-026973,True,658
GB-026974,False,34
GB-026975,False,689
GB-026976,True,106
GB-026977,False,571
GB-026978,True,362
GB-026979,False,784
GB-026980,True,965
GB-026981,True,863
GB-026982,False,13
GB-026983,False,990
GB-026984,True,685
GB-026985,True,609
GB-026986,True,499
GB-026987,False,1046
GB-026988,True,412
GB-026989,True,1356
GB-026990,True,503
GB-026991,True,1497
GB-026992,False,941
GB-026993,False,288
GB-026994,False,28
GB-026995,False,1191
GB-026996,False,388
GB-026997,False,965
GB-026998,False,1352
GB-026999,False,737
GB-027000,False,34
GB-027001,False,348
GB-027002,True,469
GB-027003,False,933
GB-027004,False,810
GB-027005,False,1195
GB-027006,False,1138
GB-027007,True,376
GB-027008,True,1492
GB-027009,True,630
GB-027010,True,320
GB-027011,False,39
GB-027012,True,1027
GB-027013,True,60
GB-027014,False,807
GB-027015,True,202
GB-027016,False,480
GB-027017,True,1347
GB-027018,False,229
GB-027019,False,1268
GB-027020,True,38
GB-027021,True,975
GB-027022,False,1471
GB-027023,False,1253
GB-027024,False,1077
GB-027025,False,1336
GB-027026,False,166
GB-027027,False,839
GB-027028,False,879
GB-027029,False,1413
GB-027030,False,1160
GB-027031,True,1130
GB-027032,True,954
GB-027033,False,384
GB-027034,True,39
GB-027035,True,985
GB-027036,False,1389
GB-027037,False,502
GB-027038,True,1120
GB-027039,False,1363
GB-027040,True,97
GB-027041,False,403
GB-027042,False,1220
GB-027043,False,202
GB-027044,False,1021
GB-027045,False,830
GB-027046,True,66
GB-027047,False,1494
GB-027048,True,1081
GB-027049,True,1126
GB-027050,True,1102
GB-027051,False,623
GB-027052,True,267
GB-027053,False,427
GB-027054,False,1454
GB-027055,True,544
GB-027056,False,1182
GB-027057,False,843
GB-027058,True,699
GB-027059,False,1425
GB-027060,False,1480
GB-027061,False,1268
GB-027062,True,845
GB-027063,False,1025
GB-027064,False,1026
GB-027065,True,1022
GB-027066,False,616
GB-027067,True,637
GB-027068,True,825
GB-027069,False,1145
GB-027070,False,16
GB-027071,True,648
GB-027072,False,829
GB-027073,False,160
GB-027074,False,1086
GB-027075,False,459
GB-027076,False,161
GB-027077,False,292
GB-027078,False,415
GB-027079,False,892
GB-027080,False,335
GB-027081,True,714
GB-027082,True,1313
GB-027083,True,775
GB-027084,False,564
GB-027085,True,90
GB-027086,True,336
GB-027087,False,16
GB-027088,False,721
GB-027089,False,882
GB-027090,True,1092
GB-027091,False,335
GB-027092,False,184
GB-027093,False,1292
GB-027094,True,1197
GB-027095,True,250
GB-027096,True,186
GB-027097,False,24
GB-027098,True,347
GB-027099,True,529
GB-027100,False,265
GB-027101,True,1294
GB-027102,True,734
GB-027103,True,1027
GB-027104,False,391
GB-027105,True,1258
GB-027106,True,1418
GB-027107,True,823
GB-027108,True,558
GB-027109,False,64
GB-027110,True,1408
GB-027111,True,1161
GB-027112,True,610
GB-027113,True,469
GB-027114,True,727
GB-027115,True,30
GB-027116,True,1275
GB-027117,False,602
GB-027118,False,750
GB-027119,False,460
GB-027120,False,700
GB-027121,False,750
GB-027122,False,528
GB-027123,True,1105
GB-027124,False,165
GB-027125,False,228
GB-027126,False,587
GB-027127,False,742
GB-027128,False,861
GB-027129,False,1283
GB-027130,False,710
GB-027131,True,406
GB-027132,True,89
GB-027133,False,230
GB-027134,False,718
GB-027135,False,209
GB-027136,True,95
GB-027137,False,723
GB-027138,True,1091
GB-027139,False,219
GB-027140,False,1443
GB-027141,False,1315
GB-027142,False,1264
GB-027143,True,1391
GB-027144,True,1038
GB-027145,True,1479
GB-027146,True,769
GB-027147,False,1021
GB-027148,True,422
GB-027149,False,963
GB-027150,False,1366
GB-027151,True,115
GB-027152,False,677
GB-027153,True,203
GB-027154,True,297
GB-027155,True,1301
GB-027156,False,1336
GB-027157,False,1275
GB-027158,False,536
GB-027159,False,1114
GB-027160,True,734
GB-027161,True,821
GB-027162,True,1412
GB-027163,True,83
GB-027164,False,713
GB-027165,True,1019
GB-027166,False,100
GB-027167,True,465
GB-027168,False,696
GB-027169,False,1051
GB-027170,False,272
GB-027171,False,951
GB-027172,False,1339
GB-027173,False,39
GB-027174,True,1381
GB-027175,True,115
GB-027176,False,404
GB-027177,False,875
GB-027178,True,1320
GB-027179,False,599
GB-027180,False,1262
GB-027181,False,96
GB-027182,False,222
GB-027183,True,405
GB-027184,True,1225
GB-027185,False,409
GB-027186,False,739
GB-027187,True,357
GB-027188,False,216
GB-027189,False,729
GB-027190,True,1205
GB-027191,False,227
GB-027192,False,1011
GB-027193,False,1144
GB-027194,False,1032
GB-027195,True,686
GB-027196,True,228
GB-027197,False,788
GB-027198,False,959
GB-027199,False,840
GB-027200,False,1358
GB-027201,True,1182
GB-027202,True,532
GB-027203,False,46
GB-027204,False,1225
GB-027205,False,469
GB-027206,False,563
GB-027207,False,1211
GB-027208,False,512
GB-027209,True,830
GB-027210,False,1257
GB-027211,False,1246
GB-027212,False,840
GB-027213,False,571
GB-027214,True,325
GB-027215,False,1435
GB-027216,False,881
GB-027217,True,69
GB-027218,False,1254
GB-027219,False,900
GB-027220,False,263
GB-027221,False,781
GB-027222,False,378
GB-027223,False,1062
GB-027224,True,1010
GB-027225,False,1452
GB-027226,True,133
GB-027227,False,71
GB-027228,False,578
GB-027229,False,1229
GB-027230,True,1298
GB-027231,True,256
GB-027232,True,13
GB-027233,False,378
GB-027234,False,218
GB-027235,False,377
GB-027236,False,1128
GB-027237,True,959
GB-027238,False,664
GB-027239,False,178
GB-027240,False,1010
GB-027241,False,1245
GB-027242,False,920
GB-027243,False,1347
GB-027244,False,484
GB-027245,True,415
GB-027246,True,1204
GB-027247,False,342
GB-027248,True,201
GB-027249,True,11
GB-027250,False,293
GB-027251,False,347
GB-027252,False,1439
GB-027253,False,939
GB-027254,True,932
GB-027255,False,344
GB-027256,False,267
GB-027257,True,1212
GB-027258,False,367
GB-027259,True,677
GB-027260,False,1183
GB-027261,False,1379
GB-027262,True,469
GB-027263,False,232
GB-027264,True,364
GB-027265,True,605
GB-027266,True,522
GB-027267,False,1024
GB-027268,True,1291
GB-027269,False,1463
GB-027270,True,164
GB-027271,True,1367
GB-027272,False,742
GB-027273,True,1221
GB-027274,False,1376
GB-027275,False,1120
GB-027276,True,688
GB-027277,True,514
GB-027278,True,1315
GB-027279,False,550
GB-027280,False,972
GB-027281,False,1381
GB-027282,False,185
GB-027283,False,968
GB-027284,True,1367
GB-027285,False,494
GB-027286,True,535
GB-027287,True,416
GB-027288,True,522
GB-027289,False,886
GB-027290,True,887
GB-027291,True,1281
GB-027292,True,999
GB-027293,False,381
GB-027294,False,955
GB-027295,True,44
GB-027296,True,788
GB-027297,True,1280
GB-027298,True,1020
GB-027299,True,1102
GB-027300,False,1230
GB-027301,True,218
GB-027302,False,1412
GB-027303,True,270
GB-027304,False,290
GB-027305,True,655
GB-027306,False,751
GB-027307,False,304
GB-027308,True,997
GB-027309,True,801
GB-027310,False,884
GB-027311,False,664
GB-027312,True,1071
GB-027313,False,513
GB-027314,True,245
GB-027315,True,954
GB-027316,False,801
GB-027317,False,530
GB-027318,False,1317
GB-027319,True,1135
GB-027320,True,1153
GB-027321,False,15
GB-027322,False,996
GB-027323,True,1068
GB-027324,True,1377
GB-027325,True,877
GB-027326,False,555
GB-027327,False,113
GB-027328,True,894
GB-027329,False,881
GB-027330,False,301
GB-027331,True,1472
GB-027332,True,1092
GB-027333,False,781
GB-027334,False,1355
GB-027335,True,953
GB-027336,True,667
GB-027337,False,1491
GB-027338,False,1216
GB-027339,False,1174
GB-027340,False,1409
GB-027341,False,39
GB-027342,False,1317
GB-027343,True,454
GB-027344,True,189
GB-027345,True,1194
GB-027346,False,1053
GB-027347,False,1157
GB-027348,True,1096
GB-027349,False,51
GB-027350,False,168
GB-027351,False,1036
GB-027352,False,1052
GB-027353,True,295
GB-027354,False,918
GB-027355,True,1055
GB-027356,True,254
GB-027357,True,106
GB-027358,False,915
GB-027359,False,741
GB-027360,False,316
GB-027361,True,805
GB-027362,False,1488
GB-027363,False,780
GB-027364,False,671
GB-027365,True,35
GB-027366,True,543
GB-027367,True,77
GB-027368,True,1060
GB-027369,False,687
GB-027370,False,1028
GB-027371,False,304
GB-027372,False,1302
GB-027373,False,148
GB-027374,False,632
GB-027375,False,198
GB-027376,False,1298
GB-027377,True,495
GB-027378,False,61
GB-027379,True,28
GB-027380,True,1
GB-027381,True,43
GB-027382,False,1478
GB-027383,False,225
GB-027384,True,354
GB-027385,False,285
GB-027386,False,908
GB-027387,True,629
GB-027388,False,919
GB-027389,True,120
GB-027390,True,656
GB-027391,False,736
GB-027392,True,852
GB-027393,True,822
GB-027394,True,109
GB-027395,False,288
GB-027396,True,1349
GB-027397,False,674
GB-027398,False,118
GB-027399,False,1129
GB-027400,True,341
GB-027401,False,742
GB-027402,False,730
GB-027403,False,994
GB-027404,True,1178
GB-027405,True,617
GB-027406,True,528
GB-027407,False,176
GB-027408,False,897
GB-027409,True,1352
GB-027410,False,957
GB-027411,True,38
GB-027412,False,761
GB-027413,True,1035
GB-027414,False,357
GB-027415,False,416
GB-027416,False,1039
GB-027417,False,620
GB-027418,True,1443
GB-027419,False,1317
GB-027420,False,1019
GB-027421,False,190
GB-027422,False,1074
GB-027423,False,695
GB-027424,False,1015
GB-027425,False,56
GB-027426,True,8
GB-027427,False,951
GB-027428,False,329
GB-027429,False,1059
GB-027430,False,1269
GB-027431,True,1071
GB-027432,False,338
GB-027433,True,176
GB-027434,True,745
GB-027435,False,973
GB-027436,False,278
GB-027437,True,1225
GB-027438,False,705
GB-027439,False,146
GB-027440,True,216
GB-027441,False,1013
GB-027442,False,240
GB-027443,True,16
GB-027444,False,221
GB-027445,False,1075
GB-027446,True,1335
GB-027447,True,420
GB-027448,False,6
GB-027449,True,358
GB-027450,False,1220
GB-027451,True,135
GB-027452,False,769
GB-027453,True,119
GB-027454,False,1068
GB-027455,True,1423
GB-027456,False,1186
GB-027457,False,48
GB-027458,False,540
GB-027459,True,298
GB-027460,False,505
GB-027461,True,459
GB-027462,False,338
GB-027463,False,28
GB-027464,False,267
GB-027465,True,851
GB-027466,False,693
GB-027467,False,609
GB-027468,False,433
GB-027469,False,1444
GB-027470,False,88
GB-027471,False,124
GB-027472,False,848
GB-027473,True,934
GB-027474,False,124
GB-027475,True,388
GB-027476,True,696
GB-027477,False,371
GB-027478,False,1474
GB-027479,True,1365
GB-027480,False,16
GB-027481,True,123
GB-027482,True,1071
GB-027483,True,479
GB-027484,False,1471
GB-027485,True,1234
GB-027486,False,378
GB-027487,False,928
GB-027488,False,241
GB-027489,False,769
GB-027490,True,117
GB-027491,False,992
GB-027492,True,3
GB-027493,False,1196
GB-027494,True,156
GB-027495,False,596
GB-027496,True,23
GB-027497,False,252
GB-027498,True,1456
GB-027499,True,980
GB-027500,True,405
GB-027501,False,384
GB-027502,False,390
GB-027503,False,1266
GB-027504,False,626
GB-027505,False,1090
GB-027506,False,1163
GB-027507,False,573
GB-027508,True,331
GB-027509,True,261
GB-027510,False,779
GB-027511,False,247
GB-027512,False,1293
GB-027513,False,754
GB-027514,True,1256
GB-027515,False,1026
GB-027516,False,1227
GB-027517,False,851
GB-027518,True,1297
GB-027519,False,970
GB-027520,False,536
GB-027521,True,787
GB-027522,True,1091
GB-027523,False,1457
GB-027524,True,1239
GB-027525,False,829
GB-027526,False,1070
GB-027527,True,1395
GB-027528,True,710
GB-027529,False,87
GB-027530,False,1159
GB-027531,False,292
GB-027532,True,775
GB-027533,False,944
GB-027534,False,1346
GB-027535,False,88
GB-027536,False,253
GB-027537,True,513
GB-027538,True,325
GB-027539,False,175
GB-027540,False,465
GB-027541,False,952
GB-027542,True,714
GB-027543,False,1497
GB-027544,False,257
GB-027545,False,973
GB-027546,True,950
GB-027547,True,1333
GB-027548,True,1378
GB-027549,False,586
GB-027550,False,475
GB-027551,False,101
GB-027552,False,936
GB-027553,False,446
GB-027554,False,617
GB-027555,True,1152
GB-027556,True,707
GB-027557,False,944
GB-027558,True,779
GB-027559,False,751
GB-027560,True,109
GB-027561,True,70
GB-027562,False,1325
GB-027563,True,1181
GB-027564,False,1439
GB-027565,True,919
GB-027566,True,1065
GB-027567,True,1184
GB-027568,True,1407
GB-027569,False,515
GB-027570,True,1435
GB-027571,False,96
GB-027572,True,825
GB-027573,True,1077
GB-027574,False,300
GB-027575,True,646
GB-027576,True,1354
GB-027577,True,973
GB-027578,False,1390
GB-027579,True,886
GB-027580,True,389
GB-027581,False,585
GB-027582,False,1288
GB-027583,False,1038
GB-027584,False,820
GB-027585,False,1305
GB-027586,False,103
GB-027587,False,799
GB-027588,False,1334
GB-027589,False,904
GB-027590,False,873
GB-027591,True,678
GB-027592,True,587
GB-027593,False,528
GB-027594,False,344
GB-027595,False,1335
GB-027596,True,43
GB-027597,False,250
GB-027598,False,192
GB-027599,True,346
GB-027600,True,1260
GB-027601,True,626
GB-027602,False,72
GB-027603,False,564
GB-027604,True,69
GB-027605,False,1398
GB-027606,False,1268
GB-027607,True,1014
GB-027608,True,628
GB-027609,False,1115
GB-027610,True,550
GB-027611,False,417
GB-027612,False,157
GB-027613,False,1161
GB-027614,True,1337
GB-027615,True,666
GB-027616,False,1301
GB-027617,True,432
GB-027618,False,361
GB-027619,False,36
GB-027620,False,1048
GB-027621,False,891
GB-027622,True,158
GB-027623,True,383
GB-027624,True,758
GB-027625,True,755
GB-027626,True,519
GB-027627,False,887
GB-027628,False,397
GB-027629,True,791
GB-027630,True,679
GB-027631,True,1266
GB-027632,False,1278
GB-027633,False,1112
GB-027634,False,513
GB-027635,False,917
GB-027636,True,361
GB-027637,True,330
GB-027638,False,871
GB-027639,False,1365
GB-027640,True,435
GB-027641,False,156
GB-027642,False,383
GB-027643,True,1347
GB-027644,True,161
GB-027645,False,794
GB-027646,False,1106
GB-027647,False,1238
GB-027648,False,83
GB-027649,False,241
GB-027650,False,753
GB-027651,True,742
GB-027652,True,634
GB-027653,True,1006
GB-027654,False,1450
GB-027655,True,738
GB-027656,True,383
GB-027657,False,1258
GB-027658,False,1143
GB-027659,False,56
GB-027660,False,1128
GB-027661,True,1080
GB-027662,False,497
GB-027663,False,490
GB-027664,True,62
GB-027665,False,649
GB-027666,True,1173
GB-027667,False,1443
GB-027668,True,389
GB-027669,True,70
GB-027670,False,353
GB-027671,False,365
GB-027672,False,1108
GB-027673,False,1112
GB-027674,False,112
GB-027675,False,915
GB-027676,False,62
GB-027677,True,1078
GB-027678,False,706
GB-027679,False,1182
GB-027680,True,1291
GB-027681,False,972
GB-027682,True,123
GB-027683,True,285
GB-027684,False,1403
GB-027685,False,1221
GB-027686,True,1410
GB-027687,False,171
GB-027688,False,293
GB-027689,False,44
GB-027690,False,858
GB-027691,True,976
GB-027692,True,1019
GB-027693,False,242
GB-027694,True,989
GB-027695,False,624
GB-027696,True,897
GB-027697,False,1096
GB-027698,False,336
GB-027699,True,1125
GB-027700,True,864
GB-027701,True,150
GB-027702,False,679
GB-027703,True,397
GB-027704,True,719
GB-027705,False,1247
GB-027706,True,884
GB-027707,False,1070
GB-027708,False,1273
GB-027709,False,623
GB-027710,False,790
GB-027711,False,128
GB-027712,False,661
GB-027713,False,890
GB-027714,True,732
GB-027715,True,142
GB-027716,False,1031
GB-027717,False,649
GB-027718,True,985
GB-027719,False,782
GB-027720,True,925
GB-027721,False,515
GB-027722,True,1342
GB-027723,False,121
GB-027724,True,358
GB-027725,False,668
GB-027726,False,346
GB-027727,False,766
GB-027728,False,1033
GB-027729,False,819
GB-027730,False,1188
GB-027731,True,1461
GB-027732,True,1451
GB-027733,False,980
GB-027734,False,233
GB-027735,False,378
GB-027736,True,1211
GB-027737,False,1432
GB-027738,True,719
GB-027739,False,21
GB-027740,True,1014
GB-027741,False,747
GB-027742,True,1309
GB-027743,True,1183
GB-027744,False,53
GB-027745,False,1016
GB-027746,False,1474
GB-027747,False,1107
GB-027748,True,83
GB-027749,True,685
GB-027750,False,849
GB-027751,True,337
GB-027752,False,746
GB-027753,False,440
GB-027754,False,879
GB-027755,True,621
GB-027756,False,1463
GB-027757,False,901
GB-027758,True,42
GB-027759,False,583
GB-027760,False,38
GB-027761,True,1154
GB-027762,True,1364
GB-027763,False,102
GB-027764,False,1201
GB-027765,False,308
GB-027766,True,155
GB-027767,False,877
GB-027768,False,1495
GB-027769,True,1020
GB-027770,False,1237
GB-027771,False,901
GB-027772,False,894
GB-027773,False,530
GB-027774,True,834
GB-027775,False,1408
GB-027776,True,1483
GB-027777,True,1203
GB-027778,False,980
GB-027779,False,1290
GB-027780,False,986
GB-027781,False,817
GB-027782,False,1106
GB-027783,False,695
GB-027784,True,896
GB-027785,False,498
GB-027786,False,601
GB-027787,True,1276
GB-027788,True,433
GB-027789,True,537
GB-027790,False,294
GB-027791,False,1017
GB-027792,False,1022
GB-027793,False,1278
GB-027794,False,960
GB-027795,False,746
GB-027796,False,445
GB-027797,False,892
GB-027798,False,1044
GB-027799,True,83
GB-027800,False,1213
GB-027801,True,449
GB-027802,False,696
GB-027803,False,1166
GB-027804,False,997
GB-027805,True,1360
GB-027806,False,759
GB-027807,False,1404
GB-027808,False,778
GB-027809,True,1325
GB-027810,False,977
GB-027811,False,1443
GB-027812,False,798
GB-027813,True,860
GB-027814,False,106
GB-027815,False,260
GB-027816,False,634
GB-027817,True,1219
GB-027818,True,334
GB-027819,True,608
GB-027820,False,884
GB-027821,False,1492
GB-027822,False,950
GB-027823,True,1372
GB-027824,True,197
GB-027825,True,1366
GB-027826,False,965
GB-027827,False,1041
GB-027828,False,9
GB-027829,False,1330
GB-027830,False,443
GB-027831,False,1015
GB-027832,False,796
GB-027833,False,527
GB-027834,False,698
GB-027835,False,337
GB-027836,False,1016
GB-027837,True,1374
GB-027838,True,294
GB-027839,True,1255
GB-027840,False,1068
GB-027841,True,608
GB-027842,False,242
GB-027843,True,372
GB-027844,True,1001
GB-027845,False,769
GB-027846,True,74
GB-027847,False,1185
GB-027848,False,390
GB-027849,False,514
GB-027850,True,153
GB-027851,False,1433
GB-027852,False,1022
GB-027853,False,350
GB-027854,True,280
GB-027855,False,902
GB-027856,True,1039
GB-027857,True,790
GB-027858,False,1033
GB-027859,True,501
GB-027860,False,986
GB-027861,True,1398
GB-027862,True,948
GB-027863,False,758
GB-027864,True,399
GB-027865,False,274
GB-027866,True,766
GB-027867,False,1414
GB-027868,False,1478
GB-027869,False,361
GB-027870,False,1119
GB-027871,False,368
GB-027872,False,1070
GB-027873,True,1024
GB-027874,False,96
GB-027875,False,651
GB-027876,True,849
GB-027877,False,1466
GB-027878,True,329
GB-027879,True,957
GB-027880,False,1046
GB-027881,True,1443
GB-027882,True,179
GB-027883,True,1042
GB-027884,False,1258
GB-027885,True,579
GB-027886,True,75
GB-027887,False,37
GB-027888,False,392
GB-027889,True,960
GB-027890,False,326
GB-027891,True,1433
GB-027892,True,921
GB-027893,False,440
GB-027894,True,1329
GB-027895,True,564
GB-027896,True,907
GB-027897,False,1269
GB-027898,True,371
GB-027899,False,123
GB-027900,False,285
GB-027901,False,1075
GB-027902,False,1382
GB-027903,False,175
GB-027904,False,485
GB-027905,True,154
GB-027906,False,1135
GB-027907,False,1063
GB-027908,False,1021
GB-027909,False,1174
GB-027910,True,101
GB-027911,False,624
GB-027912,True,771
GB-027913,False,464
GB-027914,True,426
GB-027915,True,74
GB-027916,True,561
GB-027917,True,1449
GB-027918,True,1259
GB-027919,False,428
GB-027920,False,1490
GB-027921,True,1459
GB-027922,False,695
GB-027923,False,484
GB-027924,False,1185
GB-027925,False,607
GB-027926,False,945
GB-027927,True,1008
GB-027928,True,1452
GB-027929,True,1161
GB-027930,False,879
GB-027931,False,723
GB-027932,False,115
GB-027933,True,352
GB-027934,False,616
GB-027935,False,1275
GB-027936,True,1375
GB-027937,True,1219
GB-027938,False,452
GB-027939,True,95
GB-027940,False,1291
GB-027941,False,946
GB-027942,False,425
GB-027943,False,931
GB-027944,True,317
GB-027945,False,39
GB-027946,False,308
GB-027947,False,1099
GB-027948,True,1154
GB-027949,False,190
GB-027950,False,551
GB-027951,False,200
GB-027952,False,1421
GB-027953,False,1165
GB-027954,False,1085
GB-027955,False,1109
GB-027956,False,772
GB-027957,False,11
GB-027958,True,217
GB-027959,False,770
GB-027960,False,492
GB-027961,True,225
GB-027962,False,204
GB-027963,False,408
GB-027964,False,506
GB-027965,True,834
GB-027966,False,96
GB-027967,True,1487
GB-027968,True,592
GB-027969,True,457
GB-027970,False,179
GB-027971,False,695
GB-027972,True,606
GB-027973,False,149
GB-027974,False,2
GB-027975,False,646
GB-027976,False,1046
GB-027977,True,1161
GB-027978,False,42
GB-027979,False,812
GB-027980,True,987
GB-027981,False,1317
GB-027982,True,758
GB-027983,False,1126
GB-027984,True,927
GB-027985,False,1192
GB-027986,False,487
GB-027987,True,1286
GB-027988,True,875
GB-027989,False,915
GB-027990,False,11
GB-027991,False,387
GB-027992,False,689
GB-027993,False,1098
GB-027994,False,201
GB-027995,False,893
GB-027996,False,707
GB-027997,True,949
GB-027998,False,78
GB-027999,False,471
GB-028000,True,435
GB-028001,False,312
GB-028002,True,1296
GB-028003,True,606
GB-028004,False,275
GB-028005,False,910
GB-028006,False,1443
GB-028007,True,999
GB-028008,True,722
GB-028009,False,858
GB-028010,False,841
GB-028011,False,393
GB-028012,False,785
GB-028013,False,1436
GB-028014,False,185
GB-028015,False,66
GB-028016,False,825
GB-028017,False,824
GB-028018,False,343
GB-028019,True,362
GB-028020,True,49
GB-028021,True,447
GB-028022,True,338
GB-028023,True,322
GB-028024,False,1421
GB-028025,True,76
GB-028026,False,597
GB-028027,True,109
GB-028028,False,1415
GB-028029,True,1385
GB-028030,True,111
GB-028031,True,876
GB-028032,False,355
GB-028033,True,77
GB-028034,True,204
GB-028035,True,33
GB-028036,False,552
GB-028037,False,754
GB-028038,False,1003
GB-028039,False,1098
GB-028040,True,312
GB-028041,False,1003
GB-028042,False,1213
GB-028043,False,1452
GB-028044,False,341
GB-028045,False,49
GB-028046,False,1463
GB-028047,False,1392
GB-028048,False,1248
GB-028049,True,123
GB-028050,False,715
GB-028051,True,115
GB-028052,False,928
GB-028053,False,931
GB-028054,False,755
GB-028055,True,155
GB-028056,False,1447
GB-028057,False,1014
GB-028058,False,252
GB-028059,True,1328
GB-028060,True,1198
GB-028061,False,392
GB-028062,False,932
GB-028063,False,171
GB-028064,True,195
GB-028065,False,980
GB-028066,True,374
GB-028067,False,135
GB-028068,False,599
GB-028069,False,508
GB-028070,False,285
GB-028071,True,679
GB-028072,True,129
GB-028073,True,837
GB-028074,False,964
GB-028075,False,128
GB-028076,True,1145
GB-028077,True,1097
GB-028078,True,577
GB-028079,False,153
GB-028080,False,1152
GB-028081,True,474
GB-028082,True,1283
GB-028083,False,1241
GB-028084,False,1457
GB-028085,True,571
GB-028086,False,1317
GB-028087,False,1403
GB-028088,True,1193
GB-028089,False,1194
GB-028090,False,291
GB-028091,False,1095
GB-028092,True,1481
GB-028093,False,585
GB-028094,False,1114
GB-028095,False,783
GB-028096,False,327
GB-028097,False,1150
GB-028098,False,84
GB-028099,False,872
GB-028100,False,694
GB-028101,False,730
GB-028102,True,1126
GB-028103,True,1035
GB-028104,True,283
GB-028105,True,866
GB-028106,False,487
GB-028107,True,225
GB-028108,False,354
GB-028109,True,334
GB-028110,False,409
GB-028111,False,780
GB-028112,True,944
GB-028113,False,79
GB-028114,False,850
GB-028115,False,905
GB-028116,False,1377
GB-028117,True,905
GB-028118,True,284
GB-028119,True,948
GB-028120,False,874
GB-028121,True,405
GB-028122,False,1414
GB-028123,False,4
GB-028124,False,1280
GB-028125,True,1466
GB-028126,False,102
GB-028127,True,500
GB-028128,False,63
GB-028129,False,1473
GB-028130,True,953
GB-028131,False,1251
GB-028132,False,545
GB-028133,False,1337
GB-028134,False,1011
GB-028135,False,1374
GB-028136,False,578
GB-028137,False,614
GB-028138,False,140
GB-028139,False,60
GB-028140,False,378
GB-028141,True,872
GB-028142,True,142
GB-028143,True,1447
GB-028144,False,900
GB-028145,True,83
GB-028146,True,86
GB-028147,True,1178
GB-028148,True,799
GB-028149,True,401
GB-028150,True,866
GB-028151,True,781
GB-028152,False,94
GB-028153,False,949
GB-028154,False,1472
GB-028155,True,669
GB-028156,False,1125
GB-028157,True,260
GB-028158,True,68
GB-028159,False,669
GB-028160,True,119
GB-028161,False,936
GB-028162,False,402
GB-028163,False,847
GB-028164,False,352
GB-028165,True,1351
GB-028166,True,516
GB-028167,False,120
GB-028168,False,1082
GB-028169,False,1163
GB-028170,True,1190
GB-028171,True,1111
GB-028172,True,975
GB-028173,True,868
GB-028174,False,127
GB-028175,True,246
GB-028176,False,794
GB-028177,True,1158
GB-028178,False,506
GB-028179,False,1011
GB-028180,False,529
GB-028181,False,1029
GB-028182,True,608
GB-028183,True,206
GB-028184,False,1105
GB-028185,True,519
GB-028186,True,1167
GB-028187,True,1219
GB-028188,False,1403
GB-028189,False,1246
GB-028190,True,818
GB-028191,True,744
GB-028192,False,1121
GB-028193,False,755
GB-028194,True,1298
GB-028195,True,1016
GB-028196,True,234
GB-028197,True,417
GB-028198,False,1377
GB-028199,False,1079
GB-028200,False,709
GB-028201,False,1328
GB-028202,False,1292
GB-028203,False,323
GB-028204,False,1467
GB-028205,True,920
GB-028206,True,210
GB-028207,False,551
GB-028208,True,109
GB-028209,True,1198
GB-028210,True,249
GB-028211,True,443
GB-028212,False,971
GB-028213,False,1278
GB-028214,True,169
GB-028215,False,878
GB-028216,False,1203
GB-028217,False,846
GB-028218,False,878
GB-028219,False,426
GB-028220,False,115
GB-028221,False,246
GB-028222,False,1495
GB-028223,False,1061
GB-028224,False,735
GB-028225,False,634
GB-028226,True,710
GB-028227,True,1258
GB-028228,True,221
GB-028229,False,779
GB-028230,False,1315
GB-028231,False,419
GB-028232,False,257
GB-028233,False,536
GB-028234,True,840
GB-028235,False,367
GB-028236,False,1199
GB-028237,True,840
GB-028238,False,830
GB-028239,False,465
GB-028240,False,1349
GB-028241,True,574
GB-028242,True,1424
GB-028243,True,235
GB-028244,True,1085
GB-028245,False,768
GB-028246,True,1023
GB-028247,False,214
GB-028248,False,126
GB-028249,True,60
GB-028250,True,368
GB-028251,True,1250
GB-028252,False,1134
GB-028253,True,1038
GB-028254,True,720
GB-028255,True,419
GB-028256,True,726
GB-028257,False,976
GB-028258,False,153
GB-028259,False,1280
GB-028260,False,422
GB-028261,False,935
GB-028262,False,783
GB-028263,False,1269
GB-028264,False,1057
GB-028265,True,1150
GB-028266,False,1380
GB-028267,False,1097
GB-028268,True,1149
GB-028269,False,1248
GB-028270,False,527
GB-028271,True,903
GB-028272,False,221
GB-028273,True,891
GB-028274,True,271
GB-028275,False,1144
GB-028276,False,1167
GB-028277,True,1076
GB-028278,True,666
GB-028279,False,834
GB-028280,False,449
GB-028281,True,1191
GB-028282,False,1121
GB-028283,True,39
GB-028284,False,1436
GB-028285,False,1395
GB-028286,True,1279
GB-028287,False,704
GB-028288,False,506
GB-028289,False,859
GB-028290,True,1155
GB-028291,True,181
GB-028292,True,309
GB-028293,False,146
GB-028294,False,982
GB-028295,False,1089
GB-028296,True,439
GB-028297,False,1160
GB-028298,False,911
GB-028299,False,754
GB-028300,True,182
GB-028301,False,813
GB-028302,True,990
GB-028303,False,493
GB-028304,True,839
GB-028305,False,792
GB-028306,True,454
GB-028307,False,129
GB-028308,True,168
GB-028309,False,203
GB-028310,True,700
GB-028311,False,75
GB-028312,False,702
GB-028313,False,389
GB-028314,False,1466
GB-028315,False,682
GB-028316,True,1349
GB-028317,False,885
GB-028318,False,1252
GB-028319,False,610
GB-028320,False,1135
GB-028321,False,369
GB-028322,False,574
GB-028323,True,1104
GB-028324,True,886
GB-028325,False,4
GB-028326,False,1402
GB-028327,True,42
GB-028328,True,1355
GB-028329,False,895
GB-028330,True,194
GB-028331,False,549
GB-028332,True,964
GB-028333,False,1241
GB-028334,True,381
GB-028335,True,888
GB-028336,True,695
GB-028337,True,383
GB-028338,False,660
GB-028339,False,402
GB-028340,False,633
GB-028341,False,1238
GB-028342,False,673
GB-028343,False,787
GB-028344,False,1038
GB-028345,False,188
GB-028346,False,843
GB-028347,True,820
GB-028348,False,888
GB-028349,True,233
GB-028350,False,1211
GB-028351,False,1233
GB-028352,True,854
GB-028353,False,422
GB-028354,False,23
GB-028355,True,268
GB-028356,False,1024
GB-028357,False,1166
GB-028358,False,936
GB-028359,True,863
GB-028360,True,83
GB-028361,True,871
GB-028362,True,748
GB-028363,False,174
GB-028364,False,1499
GB-028365,False,1428
GB-028366,True,253
GB-028367,False,133
GB-028368,False,769
GB-028369,False,911
GB-028370,False,842
GB-028371,True,623
GB-028372,False,1464
GB-028373,False,396
GB-028374,False,601
GB-028375,False,732
GB-028376,True,1026
GB-028377,True,1350
GB-028378,False,910
GB-028379,True,266
GB-028380,False,893
GB-028381,False,578
GB-028382,False,359
GB-028383,False,1031
GB-028384,False,852
GB-028385,True,525
GB-028386,True,1255
GB-028387,False,88
GB-028388,False,706
GB-028389,False,10
GB-028390,False,1348
GB-028391,False,78
GB-028392,True,1355
GB-028393,False,1029
GB-028394,True,1096
GB-028395,False,1153
GB-028396,False,882
GB-028397,True,552
GB-028398,False,1186
GB-028399,False,269
GB-028400,False,455
GB-028401,False,1050
GB-028402,False,1280
GB-028403,False,1403
GB-028404,False,1162
GB-028405,True,763
GB-028406,True,553
GB-028407,False,1021
GB-028408,False,327
GB-028409,True,1126
GB-028410,True,1237
GB-028411,False,821
GB-028412,False,780
GB-028413,True,1212
GB-028414,False,302
GB-028415,False,637
GB-028416,True,298
GB-028417,True,1109
GB-028418,True,1321
GB-028419,False,1293
GB-028420,True,782
GB-028421,True,1230
GB-028422,False,666
GB-028423,False,1009
GB-028424,True,681
GB-028425,False,699
GB-028426,True,337
GB-028427,False,354
GB-028428,False,1103
GB-028429,False,686
GB-028430,True,360
GB-028431,False,1150
GB-028432,True,447
GB-028433,False,968
GB-028434,False,1489
GB-028435,False,736
GB-028436,False,424
GB-028437,True,65
GB-028438,True,1218
GB-028439,False,1441
GB-028440,True,932
GB-028441,True,1422
GB-028442,False,289
GB-028443,False,1111
GB-028444,False,243
GB-028445,True,67
GB-028446,True,188
GB-028447,False,1019
GB-028448,False,1319
GB-028449,True,1439
GB-028450,True,365
GB-028451,False,830
GB-028452,True,133
GB-028453,True,303
GB-028454,True,261
GB-028455,True,423
GB-028456,False,138
GB-028457,False,136
GB-028458,True,1168
GB-028459,False,1001
GB-028460,True,554
GB-028461,True,1185
GB-028462,True,1279
GB-028463,False,478
GB-028464,True,735
GB-028465,True,623
GB-028466,False,680
GB-028467,True,412
GB-028468,False,610
GB-028469,True,1120
GB-028470,False,718
GB-028471,False,438
GB-028472,False,1370
GB-028473,True,687
GB-028474,False,1026
GB-028475,False,115
GB-028476,False,521
GB-028477,True,1411
GB-028478,True,475
GB-028479,True,1211
GB-028480,True,259
GB-028481,False,1258
GB-028482,True,591
GB-028483,False,486
GB-028484,False,361
GB-028485,True,647
GB-028486,False,239
GB-028487,True,352
GB-028488,False,782
GB-028489,True,1071
GB-028490,False,1496
GB-028491,False,291
GB-028492,True,418
GB-028493,True,586
GB-028494,True,1423
GB-028495,True,979
GB-028496,False,1001
GB-028497,False,1213
GB-028498,True,16
GB-028499,False,1018
GB-028500,False,224
GB-028501,True,293
GB-028502,False,971
GB-028503,True,560
GB-028504,True,1217
GB-028505,True,902
GB-028506,False,1249
GB-028507,False,643
GB-028508,False,439
GB-028509,True,1455
GB-028510,False,703
GB-028511,True,1351
GB-028512,False,705
GB-028513,False,510
GB-028514,False,315
GB-028515,False,1277
GB-028516,False,514
GB-028517,False,467
GB-028518,True,310
GB-028519,True,900
GB-028520,False,1145
GB-028521,True,1017
GB-028522,False,666
GB-028523,False,1089
GB-028524,True,554
GB-028525,False,469
GB-028526,False,1262
GB-028527,False,411
GB-028528,True,136
GB-028529,False,455
GB-028530,False,1043
GB-028531,True,1213
GB-028532,False,496
GB-028533,False,1441
GB-028534,False,846
GB-028535,True,759
GB-028536,True,220
GB-028537,False,1288
GB-028538,True,627
GB-028539,False,817
GB-028540,True,1353
GB-028541,True,1273
GB-028542,False,1244
GB-028543,False,1102
GB-028544,False,550
GB-028545,True,122
GB-028546,True,301
GB-028547,False,448
GB-028548,True,1187
GB-028549,True,1372
GB-028550,False,809
GB-028551,False,781
GB-028552,True,308
GB-028553,True,896
GB-028554,False,504
GB-028555,False,578
GB-028556,True,1050
GB-028557,True,337
GB-028558,False,1084
GB-028559,True,867
GB-028560,True,579
GB-028561,True,891
GB-028562,True,978
GB-028563,False,747
GB-028564,False,1125
GB-028565,True,475
GB-028566,False,605
GB-028567,False,341
GB-028568,False,981
GB-028569,False,1307
GB-028570,False,986
GB-028571,False,471
GB-028572,True,815
GB-028573,True,29
GB-028574,False,61
GB-028575,True,1275
GB-028576,False,1082
GB-028577,True,676
GB-028578,True,440
GB-028579,False,980
GB-028580,False,355
GB-028581,False,860
GB-028582,True,189
GB-028583,False,1378
GB-028584,True,1282
GB-028585,False,710
GB-028586,False,1236
GB-028587,True,1019
GB-028588,False,1047
GB-028589,False,976
GB-028590,True,1123
GB-028591,True,1251
GB-028592,True,1330
GB-028593,True,1321
GB-028594,True,150
GB-028595,False,969
GB-028596,True,518
GB-028597,False,1145
GB-028598,False,857
GB-028599,False,1080
GB-028600,True,1261
GB-028601,False,1146
GB-028602,False,707
GB-028603,True,1065
GB-028604,False,1256
GB-028605,True,884
GB-028606,False,163
GB-028607,False,516
GB-028608,False,747
GB-028609,False,441
GB-028610,False,146
GB-028611,False,1281
GB-028612,True,1132
GB-028613,True,178
GB-028614,False,617
GB-028615,False,338
GB-028616,True,891
GB-028617,False,1285
GB-028618,True,1009
GB-028619,True,1432
GB-028620,True,850
GB-028621,True,804
GB-028622,False,1481
GB-028623,True,1475
GB-028624,False,1079
GB-028625,True,47
GB-028626,True,297
GB-028627,True,1348
GB-028628,False,882
GB-028629,False,781
GB-028630,False,1440
GB-028631,False,1053
GB-028632,False,292
GB-028633,False,1407
GB-028634,True,411
GB-028635,False,30
GB-028636,False,639
GB-028637,True,1147
GB-028638,True,101
GB-028639,True,1439
GB-028640,False,1130
GB-028641,True,614
GB-028642,True,955
GB-028643,False,1452
GB-028644,False,584
GB-028645,False,1476
GB-028646,False,441
GB-028647,True,1001
GB-028648,False,452
GB-028649,False,1029
GB-028650,False,1403
GB-028651,False,997
GB-028652,False,221
GB-028653,False,597
GB-028654,True,502
GB-028655,False,1443
GB-028656,True,512
GB-028657,False,1422
GB-028658,False,165
GB-028659,False,403
GB-028660,False,570
GB-028661,False,995
GB-028662,False,861
GB-028663,True,863
GB-028664,True,1058
GB-028665,True,1331
GB-028666,True,175
GB-028667,False,1420
GB-028668,False,1216
GB-028669,True,184
GB-028670,False,367
GB-028671,True,778
GB-028672,True,363
GB-028673,True,988
GB-028674,False,559
GB-028675,False,96
GB-028676,False,1475
GB-028677,False,714
GB-028678,True,1277
GB-028679,False,1335
GB-028680,False,133
GB-028681,True,250
GB-028682,False,1281
GB-028683,False,789
GB-028684,False,1022
GB-028685,False,817
GB-028686,False,368
GB-028687,False,777
GB-028688,True,1254
GB-028689,False,425
GB-028690,True,200
GB-028691,False,57
GB-028692,True,967
GB-028693,False,1227
GB-028694,True,616
GB-028695,False,348
GB-028696,True,981
GB-028697,False,1335
GB-028698,True,453
GB-028699,True,40
GB-028700,False,580
GB-028701,False,996
GB-028702,True,631
GB-028703,False,81
GB-028704,False,579
GB-028705,False,348
GB-028706,True,9
GB-028707,False,227
GB-028708,False,260
GB-028709,False,141
GB-028710,False,483
GB-028711,False,243
GB-028712,False,1381
GB-028713,True,736
GB-028714,False,1350
GB-028715,False,619
GB-028716,True,1420
GB-028717,False,735
GB-028718,False,148
GB-028719,True,1041
GB-028720,True,290
GB-028721,True,1325
GB-028722,True,580
GB-028723,False,1140
GB-028724,False,694
GB-028725,False,715
GB-028726,True,903
GB-028727,False,1105
GB-028728,False,1018
GB-028729,False,674
GB-028730,False,1295
GB-028731,True,1495
GB-028732,True,276
GB-028733,True,350
GB-028734,False,548
GB-028735,False,1054
GB-028736,True,1461
GB-028737,True,93
GB-028738,False,472
GB-028739,False,620
GB-028740,True,816
GB-028741,True,1260
GB-028742,False,1066
GB-028743,False,686
GB-028744,False,1475
GB-028745,False,1252
GB-028746,False,944
GB-028747,False,982
GB-028748,True,1428
GB-028749,False,727
GB-028750,True,1358
GB-028751,False,389
GB-028752,False,547
GB-028753,False,123
GB-028754,False,1037
GB-028755,False,1283
GB-028756,False,1124
GB-028757,False,453
GB-028758,False,1000
GB-028759,False,161
GB-028760,False,369
GB-028761,True,398
GB-028762,True,446
GB-028763,False,899
GB-028764,True,356
GB-028765,False,1277
GB-028766,False,1018
GB-028767,False,93
GB-028768,True,1377
GB-028769,False,408
GB-028770,False,1334
GB-028771,False,926
GB-028772,False,1314
GB-028773,False,1460
GB-028774,False,1380
GB-028775,False,1433
GB-028776,False,646
GB-028777,True,479
GB-028778,True,673
GB-028779,False,545
GB-028780,False,819
GB-028781,False,990
GB-028782,False,985
GB-028783,True,1062
GB-028784,False,600
GB-028785,False,1445
GB-028786,True,1284
GB-028787,False,481
GB-028788,False,1184
GB-028789,False,436
GB-028790,False,405
GB-028791,True,520
GB-028792,False,496
GB-028793,False,1111
GB-028794,False,1032
GB-028795,False,448
GB-028796,True,1242
GB-028797,False,617
GB-028798,True,214
GB-028799,False,586
GB-028800,True,316
GB-028801,False,930
GB-028802,True,1357
GB-028803,True,691
GB-028804,True,477
GB-028805,False,818
GB-028806,False,851
GB-028807,True,1111
GB-028808,False,1170
GB-028809,False,918
GB-028810,False,1072
GB-028811,False,699
GB-028812,False,274
GB-028813,True,492
GB-028814,True,102
GB-028815,False,312
GB-028816,False,1349
GB-028817,False,760
GB-028818,True,217
GB-028819,False,972
GB-028820,True,602
GB-028821,True,543
GB-028822,True,1036
GB-028823,True,1180
GB-028824,False,1289
GB-028825,False,330
GB-028826,False,968
GB-028827,False,1038
GB-028828,True,852
GB-028829,False,970
GB-028830,False,1018
GB-028831,True,61
GB-028832,False,245
GB-028833,False,49
GB-028834,False,198
GB-028835,True,840
GB-028836,False,516
GB-028837,True,1308
GB-028838,False,46
GB-028839,True,360
GB-028840,False,1321
GB-028841,False,439
GB-028842,True,1317
GB-028843,True,288
GB-028844,False,584
GB-028845,False,125
GB-028846,False,1351
GB-028847,False,1466
GB-028848,False,598
GB-028849,False,1186
GB-028850,True,1322
GB-028851,False,285
GB-028852,False,1238
GB-028853,True,2
GB-028854,False,160
GB-028855,True,720
GB-028856,True,760
GB-028857,True,307
GB-028858,False,1187
GB-028859,True,1214
GB-028860,True,926
GB-028861,True,670
GB-028862,False,568
GB-028863,False,1442
GB-028864,False,260
GB-028865,True,1060
GB-028866,True,1005
GB-028867,False,1375
GB-028868,True,1358
GB-028869,False,816
GB-028870,False,791
GB-028871,True,1153
GB-028872,False,734
GB-028873,True,842
GB-028874,True,32
GB-028875,False,1158
GB-028876,True,421
GB-028877,True,1394
GB-028878,False,609
GB-028879,False,992
GB-028880,True,626
GB-028881,True,339
GB-028882,True,13
GB-028883,False,565
GB-028884,False,1483
GB-028885,True,605
GB-028886,False,867
GB-028887,False,889
GB-028888,False,867
GB-028889,False,1234
GB-028890,True,1451
GB-028891,True,612
GB-028892,False,118
GB-028893,False,1030
GB-028894,False,782
GB-028895,True,1094
GB-028896,True,549
GB-028897,False,875
GB-028898,False,895
GB-028899,False,1455
GB-028900,False,182
GB-028901,True,531
GB-028902,True,1405
GB-028903,False,215
GB-028904,False,1210
GB-028905,True,899
GB-028906,True,1366
GB-028907,True,1457
GB-028908,False,647
GB-028909,False,905
GB-028910,False,331
GB-028911,False,1380
GB-028912,True,944
GB-028913,True,1292
GB-028914,False,1206
GB-028915,False,464
GB-028916,False,770
GB-028917,False,826
GB-028918,True,1485
GB-028919,True,29
GB-028920,False,201
GB-028921,False,1115
GB-028922,False,91
GB-028923,True,694
GB-028924,False,1135
GB-028925,True,540
GB-028926,False,1336
GB-028927,False,633
GB-028928,False,36
GB-028929,True,1044
GB-028930,True,1288
GB-028931,False,28
GB-028932,False,679
GB-028933,False,552
GB-028934,True,283
GB-028935,False,527
GB-028936,False,797
GB-028937,True,204
GB-028938,False,1119
GB-028939,False,548
GB-028940,False,1318
GB-028941,True,684
GB-028942,False,159
GB-028943,False,263
GB-028944,False,96
GB-028945,False,1001
GB-028946,False,566
GB-028947,True,285
GB-028948,False,1097
GB-028949,True,702
GB-028950,False,1132
GB-028951,True,139
GB-028952,True,1420
GB-028953,False,937
GB-028954,False,1237
GB-028955,False,1499
GB-028956,True,1411
GB-028957,True,891
GB-028958,False,1320
GB-028959,False,469
GB-028960,True,1112
GB-028961,True,501
GB-028962,True,658
GB-028963,False,913
GB-028964,False,7
GB-028965,True,1184
GB-028966,False,871
GB-028967,True,1438
GB-028968,True,636
GB-028969,True,491
GB-028970,False,577
GB-028971,True,798
GB-028972,True,1402
GB-028973,True,311
GB-028974,True,723
GB-028975,True,1267
GB-028976,False,1468
GB-028977,False,368
GB-028978,False,148
GB-028979,False,912
GB-028980,True,855
GB-028981,True,1306
GB-028982,True,281
GB-028983,False,396
GB-028984,False,1147
GB-028985,False,279
GB-028986,False,1206
GB-028987,True,343
GB-028988,False,696
GB-028989,False,1164
GB-028990,False,719
GB-028991,True,1075
GB-028992,False,24
GB-028993,True,754
GB-028994,False,174
GB-028995,False,802
GB-028996,True,1394
GB-028997,False,1068
GB-028998,True,444
GB-028999,False,911
GB-029000,False,1164
GB-029001,True,1186
GB-029002,True,746
GB-029003,False,460
GB-029004,False,43
GB-029005,False,516
GB-029006,True,447
GB-029007,False,232
GB-029008,False,823
GB-029009,False,952
GB-029010,False,1330
GB-029011,False,1026
GB-029012,False,740
GB-029013,True,535
GB-029014,True,464
GB-029015,False,1403
GB-029016,False,300
GB-029017,False,446
GB-029018,True,1155
GB-029019,True,494
GB-029020,True,1267
GB-029021,False,1438
GB-029022,False,706
GB-029023,True,114
GB-029024,False,970
GB-029025,False,309
GB-029026,True,1403
GB-029027,True,1124
GB-029028,True,662
GB-029029,False,1277
GB-029030,True,1208
GB-029031,False,1005
GB-029032,True,131
GB-029033,False,910
GB-029034,False,977
GB-029035,False,791
GB-029036,True,931
GB-029037,False,468
GB-029038,True,786
GB-029039,False,672
GB-029040,False,439
GB-029041,False,1089
GB-029042,True,294
GB-029043,False,385
GB-029044,True,105
GB-029045,False,941
GB-029046,False,578
GB-029047,False,447
GB-029048,False,134
GB-029049,False,1278
GB-029050,True,652
GB-029051,True,47
GB-029052,False,989
GB-029053,False,452
GB-029054,False,441
GB-029055,False,747
GB-029056,False,397
GB-029057,True,357
GB-029058,False,318
GB-029059,False,676
GB-029060,False,162
GB-029061,False,238
GB-029062,True,100
GB-029063,False,361
GB-029064,False,1406
GB-029065,True,994
GB-029066,False,737
GB-029067,True,1014
GB-029068,True,1223
GB-029069,True,1303
GB-029070,True,964
GB-029071,True,911
GB-029072,False,632
GB-029073,True,1144
GB-029074,False,591
GB-029075,False,455
GB-029076,True,1231
GB-029077,False,92
GB-029078,True,580
GB-029079,True,677
GB-029080,False,1487
GB-029081,True,1093
GB-029082,False,1392
GB-029083,True,212
GB-029084,True,1189
GB-029085,False,565
GB-029086,False,1250
GB-029087,False,1327
GB-029088,False,739
GB-029089,False,841
GB-029090,True,1363
GB-029091,False,719
GB-029092,False,63
GB-029093,False,319
GB-029094,False,731
GB-029095,True,64
GB-029096,False,217
GB-029097,True,952
GB-029098,True,211
GB-029099,True,1109
GB-029100,False,1181
GB-029101,True,785
GB-029102,True,1463
GB-029103,True,621
GB-029104,True,554
GB-029105,True,102
GB-029106,False,194
GB-029107,False,239
GB-029108,True,1284
GB-029109,False,1079
GB-029110,True,89
GB-029111,True,786
GB-029112,False,457
GB-029113,True,960
GB-029114,True,642
GB-029115,False,1063
GB-029116,False,1227
GB-029117,True,317
GB-029118,False,990
GB-029119,False,658
GB-029120,True,1320
GB-029121,True,1348
GB-029122,False,337
GB-029123,True,1351
GB-029124,False,366
GB-029125,False,1063
GB-029126,False,554
GB-029127,False,108
GB-029128,True,247
GB-029129,True,763
GB-029130,True,1084
GB-029131,False,38
GB-029132,False,455
GB-029133,False,227
GB-029134,False,478
GB-029135,True,424
GB-029136,False,521
GB-029137,True,349
GB-029138,False,1248
GB-029139,True,882
GB-029140,False,1087
GB-029141,True,916
GB-029142,False,130
GB-029143,False,1470
GB-029144,False,1065
GB-029145,False,1121
GB-029146,False,274
GB-029147,True,790
GB-029148,True,957
GB-029149,False,1028
GB-029150,False,74
GB-029151,False,384
GB-029152,False,896
GB-029153,False,1056
GB-029154,False,174
GB-029155,True,498
GB-029156,False,1262
GB-029157,False,721
GB-029158,False,1127
GB-029159,False,700
GB-029160,True,1288
GB-029161,False,1040
GB-029162,False,618
GB-029163,True,421
GB-029164,True,631
GB-029165,False,1129
GB-029166,False,1396
GB-029167,True,865
GB-029168,True,78
GB-029169,False,1463
GB-029170,True,205
GB-029171,False,296
GB-029172,False,60
GB-029173,False,794
GB-029174,True,772
GB-029175,False,1169
GB-029176,False,1479
GB-029177,False,63
GB-029178,False,748
GB-029179,True,208
GB-029180,True,770
GB-029181,False,1106
GB-029182,False,365
GB-029183,True,1306
GB-029184,False,119
GB-029185,True,398
GB-029186,True,1063
GB-029187,True,275
GB-029188,False,1011
GB-029189,False,1226
GB-029190,False,418
GB-029191,True,161
GB-029192,False,1220
GB-029193,False,373
GB-029194,True,385
GB-029195,False,523
GB-029196,False,1155
GB-029197,False,430
GB-029198,False,1107
GB-029199,False,110
GB-029200,False,232
GB-029201,True,1333
GB-029202,True,453
GB-029203,True,1452
GB-029204,False,15
GB-029205,True,805
GB-029206,False,539
GB-029207,False,1211
GB-029208,False,18
GB-029209,False,389
GB-029210,False,320
GB-029211,True,117
GB-029212,False,1207
GB-029213,False,942
GB-029214,True,1016
GB-029215,True,123
GB-029216,True,49
GB-029217,True,339
GB-029218,True,875
GB-029219,False,524
GB-029220,False,441
GB-029221,False,1282
GB-029222,True,425
GB-029223,True,44
GB-029224,True,195
GB-029225,False,308
GB-029226,True,1458
GB-029227,True,1415
GB-029228,False,965
GB-029229,True,159
GB-029230,False,1236
GB-029231,False,477
GB-029232,True,1325
GB-029233,False,139
GB-029234,True,696
GB-029235,False,1481
GB-029236,False,1398
GB-029237,True,1275
GB-029238,False,554
GB-029239,False,1372
GB-029240,False,535
GB-029241,True,158
GB-029242,True,448
GB-029243,False,1055
GB-029244,False,354
GB-029245,False,254
GB-029246,True,501
GB-029247,False,249
GB-029248,True,365
GB-029249,True,670
GB-029250,True,108
GB-029251,True,768
GB-029252,True,420
GB-029253,False,101
GB-029254,False,751
GB-029255,False,1260
GB-029256,False,1015
GB-029257,True,836
GB-029258,True,1261
GB-029259,False,1177
GB-029260,False,296
GB-029261,True,493
GB-029262,True,1396
GB-029263,False,1333
GB-029264,False,662
GB-029265,True,1421
GB-029266,True,1071
GB-029267,False,272
GB-029268,True,1103
GB-029269,True,1362
GB-029270,True,1349
GB-029271,False,549
GB-029272,True,1133
GB-029273,False,956
GB-029274,False,235
GB-029275,False,1112
GB-029276,False,405
GB-029277,True,739
GB-029278,True,1391
GB-029279,True,1482
GB-029280,False,709
GB-029281,True,1207
GB-029282,False,1161
GB-029283,True,897
GB-029284,False,1
GB-029285,False,829
GB-029286,False,870
GB-029287,False,539
GB-029288,False,1148
GB-029289,True,1068
GB-029290,False,405
GB-029291,False,414
GB-029292,True,367
GB-029293,False,274
GB-029294,True,1157
GB-029295,False,787
GB-029296,False,122
GB-029297,True,113
GB-029298,False,827
GB-029299,False,1447
GB-029300,False,854
GB-029301,False,238
GB-029302,False,376
GB-029303,True,1444
GB-029304,False,127
GB-029305,False,62
GB-029306,False,188
GB-029307,True,1424
GB-029308,False,407
GB-029309,False,777
GB-029310,False,781
GB-029311,True,1477
GB-029312,False,804
GB-029313,False,138
GB-029314,True,1080
GB-029315,True,1018
GB-029316,False,599
GB-029317,True,216
GB-029318,True,990
GB-029319,False,697
GB-029320,True,909
GB-029321,True,1220
GB-029322,False,1484
GB-029323,True,20
GB-029324,False,1480
GB-029325,False,733
GB-029326,False,715
GB-029327,False,1233
GB-029328,False,832
GB-029329,True,632
GB-029330,False,901
GB-029331,False,1230
GB-029332,True,486
GB-029333,False,656
GB-029334,True,235
GB-029335,False,402
GB-029336,False,632
GB-029337,True,1219
GB-029338,True,1084
GB-029339,False,379
GB-029340,False,1062
GB-029341,False,632
GB-029342,False,1058
GB-029343,True,844
GB-029344,False,232
GB-029345,False,656
GB-029346,True,556
GB-029347,False,851
GB-029348,False,948
GB-029349,True,42
GB-029350,True,679
GB-029351,False,986
GB-029352,False,6
GB-029353,True,333
GB-029354,True,992
GB-029355,False,1031
GB-029356,False,469
GB-029357,True,802
GB-029358,True,381
GB-029359,True,552
GB-029360,False,1086
GB-029361,True,635
GB-029362,False,1275
GB-029363,False,1049
GB-029364,True,560
GB-029365,True,409
GB-029366,False,463
GB-029367,True,884
GB-029368,False,420
GB-029369,False,652
GB-029370,True,696
GB-029371,False,652
GB-029372,False,798
GB-029373,True,1037
GB-029374,True,26
GB-029375,False,795
GB-029376,False,1207
GB-029377,False,573
GB-029378,True,1448
GB-029379,True,757
GB-029380,False,815
GB-029381,False,1358
GB-029382,False,1380
GB-029383,True,618
GB-029384,True,1379
GB-029385,False,232
GB-029386,False,570
GB-029387,False,1123
GB-029388,False,828
GB-029389,False,103
GB-029390,True,779
GB-029391,False,237
GB-029392,False,1116
GB-029393,True,111
GB-029394,False,186
GB-029395,False,28
GB-029396,False,512
GB-029397,True,877
GB-029398,False,903
GB-029399,False,371
GB-029400,False,213
GB-029401,True,574
GB-029402,False,127
GB-029403,False,879
GB-029404,True,1150
GB-029405,False,561
GB-029406,True,704
GB-029407,True,612
GB-029408,True,182
GB-029409,True,1066
GB-029410,True,1261
GB-029411,True,700
GB-029412,False,1156
GB-029413,True,80
GB-029414,False,695
GB-029415,True,754
GB-029416,False,119
GB-029417,False,1385
GB-029418,True,119
GB-029419,True,1216
GB-029420,False,69
GB-029421,False,29
GB-029422,False,1188
GB-029423,False,244
GB-029424,True,1373
GB-029425,False,148
GB-029426,True,740
GB-029427,False,981
GB-029428,False,809
GB-029429,True,626
GB-029430,False,630
GB-029431,True,495
GB-029432,False,32
GB-029433,True,1351
GB-029434,False,990
GB-029435,False,644
GB-029436,False,1108
GB-029437,False,224
GB-029438,True,913
GB-029439,True,189
GB-029440,True,1236
GB-029441,False,1347
GB-029442,False,357
GB-029443,True,390
GB-029444,True,11
GB-029445,False,827
GB-029446,True,518
GB-029447,True,174
GB-029448,False,1366
GB-029449,False,994
GB-029450,True,35
GB-029451,False,998
GB-029452,False,1375
GB-029453,True,517
GB-029454,True,703
GB-029455,False,596
GB-029456,False,416
GB-029457,False,310
GB-029458,False,640
GB-029459,True,1192
GB-029460,False,337
GB-029461,False,1444
GB-029462,True,776
GB-029463,False,968
GB-029464,True,759
GB-029465,False,13
GB-029466,False,533
GB-029467,False,244
GB-029468,False,1067
GB-029469,False,212
GB-029470,True,1221
GB-029471,True,342
GB-029472,True,779
GB-029473,False,861
GB-029474,False,964
GB-029475,False,703
GB-029476,True,1387
GB-029477,True,546
GB-029478,True,396
GB-029479,True,247
GB-029480,False,1315
GB-029481,False,902
GB-029482,True,1002
GB-029483,False,673
GB-029484,False,772
GB-029485,False,830
GB-029486,True,1257
GB-029487,True,1098
GB-029488,False,641
GB-029489,False,1243
GB-029490,True,340
GB-029491,False,717
GB-029492,True,122
GB-029493,True,1388
GB-029494,False,1341
GB-029495,False,126
GB-029496,True,538
GB-029497,True,1199
GB-029498,True,1243
GB-029499,False,271
GB-029500,False,1239
GB-029501,True,418
GB-029502,False,1394
GB-029503,False,356
GB-029504,False,1498
GB-029505,True,150
GB-029506,True,678
GB-029507,False,1303
GB-029508,False,185
GB-029509,False,474
GB-029510,False,90
GB-029511,True,1073
GB-029512,True,55
GB-029513,True,962
GB-029514,True,1010
GB-029515,False,456
GB-029516,False,979
GB-029517,False,1459
GB-029518,False,165
GB-029519,False,60
GB-029520,False,441
GB-029521,True,468
GB-029522,True,617
GB-029523,True,239
GB-029524,True,703
GB-029525,False,12
GB-029526,False,1285
GB-029527,False,974
GB-029528,False,603
GB-029529,True,587
GB-029530,False,100
GB-029531,False,242
GB-029532,False,1312
GB-029533,True,530
GB-029534,False,1316
GB-029535,True,1402
GB-029536,True,297
GB-029537,True,407
GB-029538,False,423
GB-029539,False,1143
GB-029540,False,712
GB-029541,False,356
GB-029542,False,825
GB-029543,False,720
GB-029544,True,856
GB-029545,True,1462
GB-029546,False,1339
GB-029547,False,115
GB-029548,True,849
GB-029549,True,1084
GB-029550,False,705
GB-029551,False,91
GB-029552,False,78
GB-029553,True,204
GB-029554,False,1257
GB-029555,True,390
GB-029556,False,741
GB-029557,True,1412
GB-029558,True,304
GB-029559,True,1483
GB-029560,True,959
GB-029561,False,1083
GB-029562,False,1371
GB-029563,False,1139
GB-029564,False,901
GB-029565,False,197
GB-029566,True,1008
GB-029567,False,1047
GB-029568,False,1155
GB-029569,True,940
GB-029570,False,511
GB-029571,False,386
GB-029572,True,1063
GB-029573,True,1401
GB-029574,False,1455
GB-029575,True,213
GB-029576,False,1119
GB-029577,True,1348
GB-029578,True,98
GB-029579,False,1161
GB-029580,False,1052
GB-029581,True,1201
GB-029582,False,353
GB-029583,False,569
GB-029584,False,469
GB-029585,True,928
GB-029586,False,78
GB-029587,True,1299
GB-029588,False,1307
GB-029589,True,346
GB-029590,True,1032
GB-029591,True,538
GB-029592,False,689
GB-029593,True,1195
GB-029594,False,980
GB-029595,True,1168
GB-029596,False,1193
GB-029597,False,1145
GB-029598,False,135
GB-029599,False,1062
GB-029600,False,168
GB-029601,True,1114
GB-029602,True,692
GB-029603,False,660
GB-029604,False,283
GB-029605,False,842
GB-029606,False,67
GB-029607,True,674
GB-029608,False,553
GB-029609,True,1485
GB-029610,True,558
GB-029611,False,667
GB-029612,True,1304
GB-029613,True,1363
GB-029614,True,633
GB-029615,False,599
GB-029616,True,1392
GB-029617,True,571
GB-029618,False,959
GB-029619,False,92
GB-029620,True,659
GB-029621,True,628
GB-029622,True,1352
GB-029623,False,399
GB-029624,True,205
GB-029625,True,277
GB-029626,False,1431
GB-029627,False,418
GB-029628,True,1254
GB-029629,True,877
GB-029630,False,1037
GB-029631,True,327
GB-029632,False,65
GB-029633,True,338
GB-029634,False,374
GB-029635,False,961
GB-029636,False,343
GB-029637,False,1385
GB-029638,False,301
GB-029639,False,589
GB-029640,True,797
GB-029641,False,121
GB-029642,False,862
GB-029643,True,1267
GB-029644,False,1482
GB-029645,False,750
GB-029646,True,25
GB-029647,True,590
GB-029648,False,1118
GB-029649,False,242
GB-029650,True,1265
GB-029651,False,116
GB-029652,True,1423
GB-029653,False,204
GB-029654,False,468
GB-029655,False,1107
GB-029656,False,608
GB-029657,True,1499
GB-029658,True,698
GB-029659,False,6
GB-029660,True,1030
GB-029661,True,413
GB-029662,False,729
GB-029663,False,693
GB-029664,True,472
GB-029665,False,867
GB-029666,False,708
GB-029667,False,1446
GB-029668,False,1384
GB-029669,False,594
GB-029670,False,298
GB-029671,False,1134
GB-029672,True,738
GB-029673,True,982
GB-029674,False,842
GB-029675,True,178
GB-029676,True,1365
GB-029677,False,808
GB-029678,False,40
GB-029679,True,1129
GB-029680,False,151
GB-029681,False,805
GB-029682,False,1430
GB-029683,True,606
GB-029684,True,685
GB-029685,True,1295
GB-029686,True,834
GB-029687,False,635
GB-029688,False,347
GB-029689,False,1137
GB-029690,True,1498
GB-029691,True,903
GB-029692,False,814
GB-029693,False,1359
GB-029694,True,1049
GB-029695,True,901
GB-029696,False,1408
GB-029697,False,64
GB-029698,False,217
GB-029699,False,622
GB-029700,True,1262
GB-029701,True,1339
GB-029702,False,373
GB-029703,False,715
GB-029704,False,316
GB-029705,False,650
GB-029706,True,1005
GB-029707,False,1449
GB-029708,False,623
GB-029709,False,26
GB-029710,True,600
GB-029711,False,343
GB-029712,False,553
GB-029713,False,901
GB-029714,True,664
GB-029715,True,744
GB-029716,True,810
GB-029717,False,492
GB-029718,False,539
GB-029719,False,1297
GB-029720,True,1094
GB-029721,True,167
GB-029722,False,673
GB-029723,False,1460
GB-029724,False,1310
GB-029725,True,350
GB-029726,False,1418
GB-029727,True,651
GB-029728,False,936
GB-029729,False,1092
GB-029730,True,376
GB-029731,True,8
GB-029732,False,1154
GB-029733,False,193
GB-029734,True,1109
GB-029735,False,877
GB-029736,False,233
GB-029737,True,118
GB-029738,True,1499
GB-029739,True,1241
GB-029740,False,1039
GB-029741,False,1274
GB-029742,False,1329
GB-029743,False,820
GB-029744,False,1324
GB-029745,False,812
GB-029746,False,201
GB-029747,False,1176
GB-029748,False,1122
GB-029749,True,601
GB-029750,False,483
GB-029751,True,389
GB-029752,True,657
GB-029753,False,1184
GB-029754,False,1071
GB-029755,False,605
GB-029756,True,1272
GB-029757,True,815
GB-029758,True,465
GB-029759,False,434
GB-029760,False,531
GB-029761,True,71
GB-029762,True,838
GB-029763,True,252
GB-029764,True,94
GB-029765,False,1492
GB-029766,False,441
GB-029767,False,540
GB-029768,False,606
GB-029769,False,805
GB-029770,False,196
GB-029771,True,650
GB-029772,True,1190
GB-029773,False,134
GB-029774,False,617
GB-029775,False,1484
GB-029776,False,210
GB-029777,False,454
GB-029778,True,1157
GB-029779,False,200
GB-029780,False,493
GB-029781,False,329
GB-029782,False,630
GB-029783,False,84
GB-029784,False,1114
GB-029785,True,819
GB-029786,False,1049
GB-029787,True,899
GB-029788,False,551
GB-029789,False,556
GB-029790,False,22
GB-029791,False,1160
GB-029792,True,1489
GB-029793,False,651
GB-029794,True,27
GB-029795,True,1228
GB-029796,True,286
GB-029797,False,1158
GB-029798,False,305
GB-029799,False,635
GB-029800,False,1103
GB-029801,False,243
GB-029802,False,545
GB-029803,False,229
GB-029804,False,1460
GB-029805,True,732
GB-029806,False,887
GB-029807,False,1401
GB-029808,True,1417
GB-029809,False,231
GB-029810,False,863
GB-029811,True,69
GB-029812,True,1229
GB-029813,False,372
GB-029814,False,1494
GB-029815,False,1153
GB-029816,True,118
GB-029817,False,362
GB-029818,True,814
GB-029819,False,744
GB-029820,False,391
GB-029821,False,83
GB-029822,True,192
GB-029823,False,394
GB-029824,False,796
GB-029825,False,166
GB-029826,False,188
GB-029827,True,1270
GB-029828,True,1067
GB-029829,True,525
GB-029830,True,1350
GB-029831,False,1322
GB-029832,False,257
GB-029833,False,937
GB-029834,True,840
GB-029835,False,608
GB-029836,False,615
GB-029837,True,1436
GB-029838,False,1401
GB-029839,False,188
GB-029840,True,607
GB-029841,True,910
GB-029842,True,1318
GB-029843,False,279
GB-029844,False,1281
GB-029845,False,372
GB-029846,True,1310
GB-029847,False,171
GB-029848,False,580
GB-029849,True,379
GB-029850,False,1076
GB-029851,True,617
GB-029852,False,784
GB-029853,False,145
GB-029854,False,141
GB-029855,True,323
GB-029856,False,1134
GB-029857,True,952
GB-029858,True,461
GB-029859,False,153
GB-029860,True,177
GB-029861,False,1276
GB-029862,False,1381
GB-029863,True,1227
GB-029864,True,946
GB-029865,True,1309
GB-029866,True,44
GB-029867,True,428
GB-029868,False,559
GB-029869,False,199
GB-029870,True,1411
GB-029871,False,1205
GB-029872,True,913
GB-029873,False,313
GB-029874,False,1448
GB-029875,True,797
GB-029876,False,11
GB-029877,False,404
GB-029878,True,152
GB-029879,True,866
GB-029880,True,1330
GB-029881,True,129
GB-029882,False,650
GB-029883,False,328
GB-029884,False,1157
GB-029885,True,1214
GB-029886,True,778
GB-029887,False,1265
GB-029888,False,722
GB-029889,False,569
GB-029890,False,422
GB-029891,False,1071
GB-029892,False,16
GB-029893,False,401
GB-029894,False,1418
GB-029895,True,373
GB-029896,False,750
GB-029897,False,1489
GB-029898,False,565
GB-029899,False,996
GB-029900,False,474
GB-029901,False,84
GB-029902,False,854
GB-029903,True,1106
GB-029904,False,319
GB-029905,False,1373
GB-029906,True,724
GB-029907,False,1451
GB-029908,False,775
GB-029909,True,82
GB-029910,True,56
GB-029911,False,467
GB-029912,True,248
GB-029913,False,1237
GB-029914,False,984
GB-029915,False,1421
GB-029916,True,1018
GB-029917,False,73
GB-029918,True,875
GB-029919,False,1401
GB-029920,False,775
GB-029921,False,806
GB-029922,False,906
GB-029923,True,1140
GB-029924,False,283
GB-029925,False,1198
GB-029926,False,1361
GB-029927,False,117
GB-029928,True,936
GB-029929,False,1254
GB-029930,False,1345
GB-029931,False,81
GB-029932,False,716
GB-029933,True,742
GB-029934,False,91
GB-029935,True,1225
GB-029936,False,114
GB-029937,False,593
GB-029938,False,832
GB-029939,True,1239
GB-029940,False,235
GB-029941,True,1466
GB-029942,True,816
GB-029943,True,892
GB-029944,False,245
GB-029945,False,479
GB-029946,False,293
GB-029947,False,440
GB-029948,False,1071
GB-029949,False,164
GB-029950,False,267
GB-029951,False,1137
GB-029952,True,437
GB-029953,False,1385
GB-029954,False,556
GB-029955,False,701
GB-029956,False,141
GB-029957,False,1197
GB-029958,True,150
GB-029959,False,147
GB-029960,True,230
GB-029961,True,1236
GB-029962,False,1203
GB-029963,False,1006
GB-029964,False,483
GB-029965,False,531
GB-029966,False,105
GB-029967,False,1023
GB-029968,True,421
GB-029969,True,678
GB-029970,True,398
GB-029971,False,709
GB-029972,True,1419
GB-029973,True,1141
GB-029974,False,1144
GB-029975,False,345
GB-029976,True,717
GB-029977,True,818
GB-029978,False,1146
GB-029979,False,1284
GB-029980,False,784
GB-029981,True,867
GB-029982,True,458
GB-029983,False,642
GB-029984,True,1264
GB-029985,False,1069
GB-029986,False,913
GB-029987,False,227
GB-029988,False,1275
GB-029989,True,266
GB-029990,False,1090
GB-029991,False,350
GB-029992,True,37
GB-029993,True,568
GB-029994,False,314
GB-029995,True,1276
GB-029996,True,624
GB-029997,False,1324
GB-029998,False,1396
GB-029999,True,1251
GB-030000,False,1456
GB-030001,True,1184
GB-030002,False,1080
GB-030003,True,482
GB-030004,False,858
GB-030005,True,926
GB-030006,True,1226
GB-030007,True,1005
GB-030008,True,141
GB-030009,False,908
GB-030010,True,192
GB-030011,False,723
GB-030012,False,469
GB-030013,False,739
GB-030014,True,1315
GB-030015,False,1107
GB-030016,False,628
GB-030017,True,682
GB-030018,False,1474
GB-030019,True,80
GB-030020,False,751
GB-030021,False,1109
GB-030022,True,896
GB-030023,True,1084
GB-030024,True,1395
GB-030025,False,246
GB-030026,True,251
GB-030027,True,28
GB-030028,False,5
GB-030029,True,1439
GB-030030,False,172
GB-030031,False,665
GB-030032,False,1341
GB-030033,False,1443
GB-030034,False,29
GB-030035,True,1036
GB-030036,False,225
GB-030037,True,84
GB-030038,True,559
GB-030039,True,414
GB-030040,False,1284
GB-030041,False,140
GB-030042,False,864
GB-030043,False,730
GB-030044,False,179
GB-030045,True,57
GB-030046,True,1335
GB-030047,False,1193
GB-030048,True,343
GB-030049,False,304
GB-030050,False,1185
GB-030051,False,977
GB-030052,False,562
GB-030053,False,1408
GB-030054,False,28
GB-030055,False,1373
GB-030056,True,323
GB-030057,False,255
GB-030058,False,763
GB-030059,False,1288
GB-030060,True,230
GB-030061,False,3
GB-030062,True,803
GB-030063,False,550
GB-030064,False,16
GB-030065,False,482
GB-030066,True,1183
GB-030067,True,1168
GB-030068,False,1247
GB-030069,False,1191
GB-030070,True,410
GB-030071,False,325
GB-030072,False,709
GB-030073,False,319
GB-030074,False,1267
GB-030075,False,1353
GB-030076,True,216
GB-030077,True,641
GB-030078,False,1288
GB-030079,False,1446
GB-030080,False,70
GB-030081,False,303
GB-030082,True,771
GB-030083,False,1357
GB-030084,False,1476
GB-030085,True,1379
GB-030086,False,1443
GB-030087,False,564
GB-030088,False,679
GB-030089,False,1129
GB-030090,True,403
GB-030091,True,466
GB-030092,True,424
GB-030093,False,527
GB-030094,True,614
GB-030095,False,230
GB-030096,True,130
GB-030097,False,468
GB-030098,False,1049
GB-030099,False,627
GB-030100,True,1355
GB-030101,True,1284
GB-030102,False,1042
GB-030103,True,340
GB-030104,False,353
GB-030105,False,1269
GB-030106,False,202
GB-030107,False,359
GB-030108,False,155
GB-030109,False,372
GB-030110,False,188
GB-030111,False,1378
GB-030112,False,745
GB-030113,True,865
GB-030114,False,1239
GB-030115,True,844
GB-030116,False,836
GB-030117,True,1485
GB-030118,False,1228
GB-030119,False,1408
GB-030120,False,1029
GB-030121,False,1032
GB-030122,False,276
GB-030123,False,621
GB-030124,False,710
GB-030125,False,36
GB-030126,False,1117
GB-030127,True,894
GB-030128,True,321
GB-030129,False,738
GB-030130,False,220
GB-030131,True,765
GB-030132,False,8
GB-030133,False,286
GB-030134,False,1204
GB-030135,True,1078
GB-030136,True,1078
GB-030137,True,1370
GB-030138,False,355
GB-030139,False,968
GB-030140,False,1451
GB-030141,False,952
GB-030142,False,1432
GB-030143,True,1291
GB-030144,False,588
GB-030145,False,171
GB-030146,True,1456
GB-030147,True,10
GB-030148,False,305
GB-030149,True,455
GB-030150,False,1105
GB-030151,True,137
GB-030152,False,343
GB-030153,True,297
GB-030154,True,256
GB-030155,True,171
GB-030156,True,1249
GB-030157,False,347
GB-030158,True,666
GB-030159,False,1355
GB-030160,False,1172
GB-030161,False,701
GB-030162,False,1185
GB-030163,False,59
GB-030164,True,431
GB-030165,True,1315
GB-030166,False,1469
GB-030167,False,793
GB-030168,True,1116
GB-030169,False,1328
GB-030170,False,695
GB-030171,False,424
GB-030172,False,1054
GB-030173,False,578
GB-030174,True,712
GB-030175,True,583
GB-030176,False,1207
GB-030177,True,386
GB-030178,False,629
GB-030179,False,940
GB-030180,False,711
GB-030181,False,508
GB-030182,False,1202
GB-030183,False,189
GB-030184,False,814
GB-030185,False,368
GB-030186,False,1299
GB-030187,True,169
GB-030188,True,213
GB-030189,True,1096
GB-030190,False,1448
GB-030191,True,685
GB-030192,False,168
GB-030193,True,765
GB-030194,False,1360
GB-030195,False,709
GB-030196,False,1010
GB-030197,False,1080
GB-030198,False,781
GB-030199,False,562
GB-030200,False,737
GB-030201,True,484
GB-030202,False,868
GB-030203,True,1127
GB-030204,False,646
GB-030205,False,1239
GB-030206,True,901
GB-030207,True,1462
GB-030208,True,609
GB-030209,True,46
GB-030210,True,708
GB-030211,False,1196
GB-030212,True,981
GB-030213,False,1061
GB-030214,True,216
GB-030215,True,476
GB-030216,True,1247
GB-030217,False,1233
GB-030218,True,1399
GB-030219,False,668
GB-030220,True,931
GB-030221,False,419
GB-030222,True,854
GB-030223,False,259
GB-030224,False,3
GB-030225,False,1274
GB-030226,False,1487
GB-030227,True,913
GB-030228,False,537
GB-030229,False,348
GB-030230,False,1035
GB-030231,True,1121
GB-030232,False,1221
GB-030233,False,178
GB-030234,True,1450
GB-030235,True,739
GB-030236,True,196
GB-030237,True,987
GB-030238,False,380
GB-030239,False,1361
GB-030240,False,406
GB-030241,False,1275
GB-030242,False,1273
GB-030243,False,208
GB-030244,False,842
GB-030245,False,1136
GB-030246,True,424
GB-030247,False,1341
GB-030248,False,1033
GB-030249,True,133
GB-030250,True,1419
GB-030251,False,112
GB-030252,True,1109
GB-030253,False,1319
GB-030254,False,1181
GB-030255,False,134
GB-030256,False,332
GB-030257,False,829
GB-030258,False,1069
GB-030259,False,88
GB-030260,True,259
GB-030261,False,39
GB-030262,False,1377
GB-030263,True,985
GB-030264,True,990
GB-030265,True,19
GB-030266,True,1423
GB-030267,False,1385
GB-030268,False,73
GB-030269,False,520
GB-030270,True,1271
GB-030271,False,819
GB-030272,False,214
GB-030273,False,302
GB-030274,True,1489
GB-030275,False,604
GB-030276,False,1366
GB-030277,True,138
GB-030278,False,955
GB-030279,True,925
GB-030280,False,461
GB-030281,True,1393
GB-030282,True,447
GB-030283,False,266
GB-030284,False,372
GB-030285,False,474
GB-030286,True,928
GB-030287,False,680
GB-030288,True,938
GB-030289,False,907
GB-030290,True,778
GB-030291,True,1072
GB-030292,False,1069
GB-030293,True,106
GB-030294,True,1182
GB-030295,False,863
GB-030296,False,132
GB-030297,False,334
GB-030298,True,552
GB-030299,False,85
GB-030300,False,272
GB-030301,True,880
GB-030302,False,1244
GB-030303,True,181
GB-030304,True,1380
GB-030305,False,319
GB-030306,True,491
GB-030307,False,951
GB-030308,False,1067
GB-030309,True,1294
GB-030310,False,1352
GB-030311,True,1270
GB-030312,True,1107
GB-030313,False,664
GB-030314,False,1323
GB-030315,True,616
GB-030316,True,932
GB-030317,False,1385
GB-030318,True,867
GB-030319,False,138
GB-030320,False,1413
GB-030321,False,977
GB-030322,False,734
GB-030323,True,1070
GB-030324,False,1132
GB-030325,True,350
GB-030326,False,416
GB-030327,False,399
GB-030328,True,252
GB-030329,False,213
GB-030330,True,477
GB-030331,False,188
GB-030332,False,1306
GB-030333,False,1397
GB-030334,True,135
GB-030335,False,1451
GB-030336,False,66
GB-030337,False,791
GB-030338,True,1299
GB-030339,False,362
GB-030340,True,1006
GB-030341,False,635
GB-030342,True,175
GB-030343,True,1446
GB-030344,False,674
GB-030345,False,1193
GB-030346,False,335
GB-030347,False,209
GB-030348,False,513
GB-030349,False,1095
GB-030350,False,727
GB-030351,False,985
GB-030352,True,348
GB-030353,False,922
GB-030354,False,277
GB-030355,True,494
GB-030356,False,769
GB-030357,False,448
GB-030358,False,587
GB-030359,False,1039
GB-030360,False,1047
GB-030361,False,825
GB-030362,False,1040
GB-030363,False,1382
GB-030364,True,462
GB-030365,False,503
GB-030366,False,1092
GB-030367,False,44
GB-030368,False,548
GB-030369,False,47
GB-030370,False,777
GB-030371,True,400
GB-030372,False,1178
GB-030373,False,1402
GB-030374,False,1341
GB-030375,False,1104
GB-030376,False,1284
GB-030377,False,112
GB-030378,True,588
GB-030379,False,877
GB-030380,False,1273
GB-030381,False,789
GB-030382,False,1346
GB-030383,False,190
GB-030384,False,1477
GB-030385,True,790
GB-030386,True,1278
GB-030387,True,834
GB-030388,False,1042
GB-030389,False,1140
GB-030390,False,835
GB-030391,False,1061
GB-030392,True,833
GB-030393,False,1236
GB-030394,False,154
GB-030395,False,106
GB-030396,True,470
GB-030397,True,425
GB-030398,True,1194
GB-030399,False,940
GB-030400,False,1177
GB-030401,True,709
GB-030402,False,1149
GB-030403,False,259
GB-030404,False,1415
GB-030405,True,298
GB-030406,False,414
GB-030407,True,1141
GB-030408,False,1098
GB-030409,False,462
GB-030410,False,1082
GB-030411,True,888
GB-030412,False,1288
GB-030413,False,552
GB-030414,False,779
GB-030415,False,1403
GB-030416,False,416
GB-030417,True,680
GB-030418,False,26
GB-030419,False,606
GB-030420,True,211
GB-030421,True,552
GB-030422,False,990
GB-030423,True,904
GB-030424,True,1443
GB-030425,False,1400
GB-030426,True,239
GB-030427,True,532
GB-030428,False,67
GB-030429,False,778
GB-030430,False,770
GB-030431,False,218
GB-030432,True,12
GB-030433,True,1247
GB-030434,False,541
GB-030435,False,1316
GB-030436,False,1060
GB-030437,True,253
GB-030438,False,1461
GB-030439,True,1024
GB-030440,True,1194
GB-030441,False,183
GB-030442,False,1205
GB-030443,False,493
GB-030444,False,1422
GB-030445,False,1162
GB-030446,False,359
GB-030447,False,1021
GB-030448,False,1434
GB-030449,False,940
GB-030450,True,821
GB-030451,True,757
GB-030452,False,657
GB-030453,True,1437
GB-030454,False,663
GB-030455,True,127
GB-030456,False,87
GB-030457,True,21
GB-030458,False,812
GB-030459,True,855
GB-030460,False,217
GB-030461,False,1359
GB-030462,True,1271
GB-030463,False,1325
GB-030464,False,945
GB-030465,False,1248
GB-030466,False,354
GB-030467,False,974
GB-030468,True,326
GB-030469,True,1083
GB-030470,False,138
GB-030471,False,874
GB-030472,True,935
GB-030473,True,1156
GB-030474,False,804
GB-030475,False,906
GB-030476,True,1450
GB-030477,False,78
GB-030478,False,666
GB-030479,True,294
GB-030480,False,974
GB-030481,False,535
GB-030482,False,277
GB-030483,False,1459
GB-030484,False,1280
GB-030485,False,591
GB-030486,True,652
GB-030487,True,853
GB-030488,True,276
GB-030489,False,704
GB-030490,False,1491
GB-030491,False,938
GB-030492,False,175
GB-030493,True,345
GB-030494,False,1274
GB-030495,True,313
GB-030496,True,400
GB-030497,False,1162
GB-030498,True,1489
GB-030499,False,1455
GB-030500,True,285
GB-030501,True,1190
GB-030502,False,1320
GB-030503,False,1301
GB-030504,False,635
GB-030505,False,312
GB-030506,True,1052
GB-030507,False,1204
GB-030508,True,247
GB-030509,True,192
GB-030510,True,723
GB-030511,False,1428
GB-030512,False,1028
GB-030513,False,876
GB-030514,False,340
GB-030515,True,1209
GB-030516,False,283
GB-030517,False,1335
GB-030518,True,730
GB-030519,False,1483
GB-030520,True,1377
GB-030521,True,301
GB-030522,False,140
GB-030523,False,1144
GB-030524,False,767
GB-030525,False,930
GB-030526,True,638
GB-030527,False,918
GB-030528,True,1265
GB-030529,True,760
GB-030530,False,580
GB-030531,False,400
GB-030532,False,745
GB-030533,False,622
GB-030534,False,1149
GB-030535,False,447
GB-030536,False,1043
GB-030537,False,1159
GB-030538,False,849
GB-030539,False,1257
GB-030540,False,107
GB-030541,True,981
GB-030542,False,663
GB-030543,True,1362
GB-030544,True,624
GB-030545,True,631
GB-030546,True,484
GB-030547,True,599
GB-030548,False,160
GB-030549,False,225
GB-030550,False,1242
GB-030551,True,512
GB-030552,False,167
GB-030553,False,948
GB-030554,True,401
GB-030555,False,340
GB-030556,False,1296
GB-030557,False,297
GB-030558,False,68
GB-030559,False,1132
GB-030560,True,813
GB-030561,False,386
GB-030562,False,234
GB-030563,False,761
GB-030564,False,498
GB-030565,True,185
GB-030566,False,871
GB-030567,False,82
GB-030568,False,1147
GB-030569,True,958
GB-030570,True,1299
GB-030571,False,1101
GB-030572,False,1196
GB-030573,False,888
GB-030574,False,885
GB-030575,False,1056
GB-030576,True,1073
GB-030577,False,194
GB-030578,False,630
GB-030579,True,849
GB-030580,True,751
GB-030581,False,1189
GB-030582,True,16
GB-030583,False,25
GB-030584,False,248
GB-030585,False,1373
GB-030586,True,283
GB-030587,False,752
GB-030588,True,1021
GB-030589,True,159
GB-030590,False,1428
GB-030591,False,524
GB-030592,False,323
GB-030593,False,210
GB-030594,False,202
GB-030595,True,965
GB-030596,True,570
GB-030597,False,1382
GB-030598,True,1393
GB-030599,True,1029
GB-030600,False,443
GB-030601,False,3
GB-030602,True,709
GB-030603,False,1390
GB-030604,False,1441
GB-030605,False,21
GB-030606,False,322
GB-030607,False,1266
GB-030608,True,1411
GB-030609,True,1413
GB-030610,True,249
GB-030611,False,238
GB-030612,True,361
GB-030613,True,949
GB-030614,False,16
GB-030615,False,1179
GB-030616,True,1256
GB-030617,False,589
GB-030618,False,1117
GB-030619,False,1333
GB-030620,False,461
GB-030621,True,1202
GB-030622,False,596
GB-030623,False,42
GB-030624,True,1330
GB-030625,False,308
GB-030626,False,1135
GB-030627,False,1017
GB-030628,True,1269
GB-030629,False,936
GB-030630,False,703
GB-030631,False,1475
GB-030632,True,471
GB-030633,True,554
GB-030634,False,960
GB-030635,False,704
GB-030636,False,1074
GB-030637,True,1063
GB-030638,False,179
GB-030639,False,1222
GB-030640,True,1181
GB-030641,False,1330
GB-030642,True,164
GB-030643,False,336
GB-030644,False,1448
GB-030645,True,435
GB-030646,False,141
GB-030647,False,1466
GB-030648,False,661
GB-030649,False,347
GB-030650,True,1373
GB-030651,False,1010
GB-030652,False,1253
GB-030653,False,1154
GB-030654,False,1393
GB-030655,True,1038
GB-030656,True,1364
GB-030657,True,1352
GB-030658,False,1058
GB-030659,True,1028
GB-030660,True,1035
GB-030661,True,1400
GB-030662,True,285
GB-030663,False,1180
GB-030664,True,815
GB-030665,True,764
GB-030666,False,237
GB-030667,True,331
GB-030668,False,151
GB-030669,True,876
GB-030670,False,869
GB-030671,False,485
GB-030672,True,1127
GB-030673,False,383
GB-030674,True,30
GB-030675,False,919
GB-030676,False,1071
GB-030677,True,1420
GB-030678,True,1314
GB-030679,False,1338
GB-030680,True,5
GB-030681,True,597
GB-030682,True,721
GB-030683,True,325
GB-030684,True,909
GB-030685,False,1385
GB-030686,False,1080
GB-030687,True,716
GB-030688,False,43
GB-030689,False,1415
GB-030690,False,1255
GB-030691,False,964
GB-030692,True,903
GB-030693,False,1316
GB-030694,False,1227
GB-030695,False,1036
GB-030696,False,962
GB-030697,False,341
GB-030698,True,1078
GB-030699,False,1040
GB-030700,False,1244
GB-030701,True,842
GB-030702,False,874
GB-030703,False,1432
GB-030704,False,988
GB-030705,False,908
GB-030706,False,1439
GB-030707,False,273
GB-030708,True,920
GB-030709,False,684
GB-030710,False,58
GB-030711,False,935
GB-030712,False,524
GB-030713,True,213
GB-030714,False,388
GB-030715,False,1385
GB-030716,True,536
GB-030717,True,59
GB-030718,False,1320
GB-030719,True,14
GB-030720,False,884
GB-030721,False,607
GB-030722,True,215
GB-030723,False,469
GB-030724,True,268
GB-030725,False,256
GB-030726,True,492
GB-030727,True,997
GB-030728,True,237
GB-030729,False,1179
GB-030730,False,564
GB-030731,True,482
GB-030732,True,1106
GB-030733,True,1167
GB-030734,False,957
GB-030735,True,212
GB-030736,True,1313
GB-030737,False,1346
GB-030738,True,1118
GB-030739,False,429
GB-030740,True,1486
GB-030741,False,731
GB-030742,True,385
GB-030743,True,152
GB-030744,False,1148
GB-030745,False,464
GB-030746,True,897
GB-030747,False,289
GB-030748,False,65
GB-030749,True,133
GB-030750,False,173
GB-030751,False,1398
GB-030752,False,1004
GB-030753,False,553
GB-030754,True,374
GB-030755,True,1063
GB-030756,True,673
GB-030757,True,132
GB-030758,True,1226
GB-030759,True,348
GB-030760,False,742
GB-030761,True,139
GB-030762,True,698
GB-030763,False,1070
GB-030764,False,563
GB-030765,True,473
GB-030766,True,815
GB-030767,False,665
GB-030768,True,243
GB-030769,False,575
GB-030770,False,618
GB-030771,True,1473
GB-030772,False,1301
GB-030773,False,418
GB-030774,False,4
GB-030775,False,6
GB-030776,False,255
GB-030777,True,1380
GB-030778,True,1249
GB-030779,True,926
GB-030780,True,205
GB-030781,False,1329
GB-030782,False,74
GB-030783,False,514
GB-030784,False,1066
GB-030785,False,616
GB-030786,False,932
GB-030787,True,261
GB-030788,False,1220
GB-030789,False,1059
GB-030790,True,1243
GB-030791,True,1180
GB-030792,True,797
GB-030793,False,902
GB-030794,False,1403
GB-030795,True,1200
GB-030796,False,938
GB-030797,False,1300
GB-030798,True,929
GB-030799,True,1430
GB-030800,True,429
GB-030801,False,749
GB-030802,False,1359
GB-030803,False,1220
GB-030804,False,455
GB-030805,False,284
GB-030806,False,310
GB-030807,False,1372
GB-030808,True,186
GB-030809,False,112
GB-030810,False,1431
GB-030811,False,1303
GB-030812,False,1462
GB-030813,False,718
GB-030814,False,1186
GB-030815,False,781
GB-030816,False,1148
GB-030817,True,363
GB-030818,True,445
GB-030819,False,1334
GB-030820,True,1160
GB-030821,False,1097
GB-030822,True,132
GB-030823,False,747
GB-030824,False,1110
GB-030825,False,297
GB-030826,False,338
GB-030827,False,328
GB-030828,True,33
GB-030829,False,1253
GB-030830,True,556
GB-030831,True,908
GB-030832,False,1006
GB-030833,False,1058
GB-030834,True,539
GB-030835,False,946
GB-030836,True,886
GB-030837,True,1385
GB-030838,True,784
GB-030839,False,607
GB-030840,True,493
GB-030841,False,176
GB-030842,False,98
GB-030843,False,976
GB-030844,True,1448
GB-030845,False,760
GB-030846,False,484
GB-030847,False,796
GB-030848,True,1475
GB-030849,False,397
GB-030850,False,1181
GB-030851,False,460
GB-030852,True,353
GB-030853,False,927
GB-030854,True,947
GB-030855,True,1356
GB-030856,True,1289
GB-030857,False,829
GB-030858,False,1262
GB-030859,False,871
GB-030860,False,1096
GB-030861,False,1492
GB-030862,True,1354
GB-030863,False,1200
GB-030864,True,169
GB-030865,False,1116
GB-030866,False,130
GB-030867,False,1016
GB-030868,False,407
GB-030869,False,861
GB-030870,True,504
GB-030871,True,15
GB-030872,True,1031
GB-030873,True,1053
GB-030874,False,999
GB-030875,False,494
GB-030876,False,1205
GB-030877,True,1203
GB-030878,False,1273
GB-030879,True,640
GB-030880,False,610
GB-030881,True,447
GB-030882,True,856
GB-030883,True,527
GB-030884,False,749
GB-030885,False,610
GB-030886,False,1176
GB-030887,True,1051
GB-030888,True,869
GB-030889,False,1279
GB-030890,False,1487
GB-030891,True,132
GB-030892,True,1296
GB-030893,True,692
GB-030894,True,1211
GB-030895,False,854
GB-030896,True,1226
GB-030897,False,1327
GB-030898,False,84
GB-030899,True,755
GB-030900,False,774
GB-030901,False,363
GB-030902,True,430
GB-030903,False,212
GB-030904,False,759
GB-030905,False,615
GB-030906,True,255
GB-030907,False,1223
GB-030908,False,790
GB-030909,False,1175
GB-030910,True,107
GB-030911,False,717
GB-030912,True,682
GB-030913,False,806
GB-030914,False,499
GB-030915,False,1434
GB-030916,False,725
GB-030917,False,455
GB-030918,True,1352
GB-030919,False,105
GB-030920,True,1062
GB-030921,False,1443
GB-030922,False,986
GB-030923,False,1098
GB-030924,False,1201
GB-030925,False,1169
GB-030926,False,752
GB-030927,True,984
GB-030928,True,546
GB-030929,False,556
GB-030930,False,827
GB-030931,False,389
GB-030932,False,511
GB-030933,True,1237
GB-030934,False,993
GB-030935,True,978
GB-030936,False,1035
GB-030937,False,561
GB-030938,False,1065
GB-030939,False,108
GB-030940,False,964
GB-030941,False,1386
GB-030942,False,188
GB-030943,False,1235
GB-030944,False,127
GB-030945,False,1182
GB-030946,False,1277
GB-030947,True,190
GB-030948,True,773
GB-030949,True,1458
GB-030950,False,703
GB-030951,False,898
GB-030952,False,680
GB-030953,True,317
GB-030954,True,1197
GB-030955,False,511
GB-030956,True,850
GB-030957,True,182
GB-030958,False,1099
GB-030959,False,695
GB-030960,False,332
GB-030961,True,1157
GB-030962,True,258
GB-030963,True,659
GB-030964,False,42
GB-030965,False,1472
GB-030966,True,757
GB-030967,False,367
GB-030968,True,1268
GB-030969,True,401
GB-030970,False,747
GB-030971,True,273
GB-030972,False,1493
GB-030973,False,888
GB-030974,False,461
GB-030975,False,1320
GB-030976,False,264
GB-030977,True,948
GB-030978,False,16
GB-030979,True,694
GB-030980,True,202
GB-030981,False,1389
GB-030982,False,116
GB-030983,False,878
GB-030984,False,821
GB-030985,False,819
GB-030986,False,821
GB-030987,False,663
GB-030988,False,1018
GB-030989,False,1185
GB-030990,True,544
GB-030991,True,694
GB-030992,False,1107
GB-030993,True,984
GB-030994,True,1017
GB-030995,True,1077
GB-030996,False,763
GB-030997,True,457
GB-030998,False,484
GB-030999,True,186
GB-031000,False,1141
GB-031001,False,193
GB-031002,False,1231
GB-031003,False,777
GB-031004,False,544
GB-031005,False,51
GB-031006,False,155
GB-031007,True,589
GB-031008,False,1467
GB-031009,False,536
GB-031010,False,798
GB-031011,True,577
GB-031012,False,755
GB-031013,True,1423
GB-031014,True,319
GB-031015,False,1371
GB-031016,True,281
GB-031017,False,1046
GB-031018,True,700
GB-031019,False,203
GB-031020,False,927
GB-031021,False,1069
GB-031022,True,1480
GB-031023,True,1049
GB-031024,False,818
GB-031025,False,465
GB-031026,True,543
GB-031027,False,371
GB-031028,False,1333
GB-031029,False,850
GB-031030,True,1414
GB-031031,False,1392
GB-031032,False,1414
GB-031033,False,942
GB-031034,True,1113
GB-031035,False,1154
GB-031036,False,573
GB-031037,False,1295
GB-031038,False,519
GB-031039,False,660
GB-031040,False,1269
GB-031041,False,686
GB-031042,False,977
GB-031043,True,139
GB-031044,False,486
GB-031045,False,636
GB-031046,False,629
GB-031047,True,299
GB-031048,True,1247
GB-031049,False,450
GB-031050,True,580
GB-031051,False,554
GB-031052,False,896
GB-031053,False,639
GB-031054,False,5
GB-031055,True,1018
GB-031056,False,1173
GB-031057,True,220
GB-031058,False,1400
GB-031059,False,765
GB-031060,True,424
GB-031061,False,771
GB-031062,False,750
GB-031063,True,82
GB-031064,True,359
GB-031065,False,903
GB-031066,True,345
GB-031067,True,334
GB-031068,False,1478
GB-031069,False,520
GB-031070,False,831
GB-031071,False,44
GB-031072,False,1092
GB-031073,False,278
GB-031074,False,179
GB-031075,False,542
GB-031076,False,632
GB-031077,True,1385
GB-031078,True,1070
GB-031079,True,1116
GB-031080,True,9
GB-031081,False,2
GB-031082,False,563
GB-031083,True,908
GB-031084,False,942
GB-031085,True,1279
GB-031086,False,31
GB-031087,True,210
GB-031088,False,1086
GB-031089,True,241
GB-031090,False,309
GB-031091,True,659
GB-031092,True,1273
GB-031093,True,93
GB-031094,True,562
GB-031095,True,1213
GB-031096,False,685
GB-031097,False,985
GB-031098,False,552
GB-031099,False,772
GB-031100,False,479
GB-031101,False,578
GB-031102,True,149
GB-031103,False,1162
GB-031104,True,428
GB-031105,True,923
GB-031106,True,1398
GB-031107,False,501
GB-031108,False,930
GB-031109,False,1126
GB-031110,False,711
GB-031111,False,223
GB-031112,True,950
GB-031113,True,560
GB-031114,True,431
GB-031115,True,711
GB-031116,False,566
GB-031117,False,1129
GB-031118,False,35
GB-031119,False,1376
GB-031120,False,1299
GB-031121,False,847
GB-031122,False,1342
GB-031123,False,342
GB-031124,True,592
GB-031125,False,591
GB-031126,False,5
GB-031127,False,900
GB-031128,True,998
GB-031129,False,912
GB-031130,False,471
GB-031131,False,855
GB-031132,False,530
GB-031133,True,71
GB-031134,False,132
GB-031135,False,1152
GB-031136,False,1027
GB-031137,False,119
GB-031138,False,960
GB-031139,False,265
GB-031140,True,387
GB-031141,False,928
GB-031142,True,1165
GB-031143,False,1105
GB-031144,True,754
GB-031145,True,1255
GB-031146,False,24
GB-031147,False,1113
GB-031148,True,142
GB-031149,True,1466
GB-031150,False,412
GB-031151,True,731
GB-031152,True,714
GB-031153,False,632
GB-031154,False,1420
GB-031155,False,338
GB-031156,False,673
GB-031157,True,1204
GB-031158,False,869
GB-031159,True,804
GB-031160,False,1151
GB-031161,True,1384
GB-031162,True,720
GB-031163,True,731
GB-031164,True,81
GB-031165,True,1334
GB-031166,True,1042
GB-031167,True,105
GB-031168,False,613
GB-031169,False,789
GB-031170,False,1170
GB-031171,True,709
GB-031172,False,9
GB-031173,True,1452
GB-031174,False,424
GB-031175,True,478
GB-031176,False,892
GB-031177,True,763
GB-031178,True,1485
GB-031179,True,1322
GB-031180,False,1163
GB-031181,True,359
GB-031182,True,153
GB-031183,False,1270
GB-031184,False,252
GB-031185,False,475
GB-031186,True,181
GB-031187,True,1148
GB-031188,False,1094
GB-031189,False,670
GB-031190,True,546
GB-031191,False,297
GB-031192,False,194
GB-031193,False,572
GB-031194,False,1100
GB-031195,True,185
GB-031196,True,302
GB-031197,False,565
GB-031198,True,860
GB-031199,True,1290
GB-031200,False,894
GB-031201,True,800
GB-031202,False,1111
GB-031203,True,1015
GB-031204,False,456
GB-031205,False,209
GB-031206,False,429
GB-031207,False,199
GB-031208,False,876
GB-031209,False,788
GB-031210,False,18
GB-031211,False,1445
GB-031212,False,1211
GB-031213,False,1096
GB-031214,False,407
GB-031215,False,7
GB-031216,False,1279
GB-031217,True,139
GB-031218,True,866
GB-031219,False,569
GB-031220,False,244
GB-031221,True,1188
GB-031222,False,554
GB-031223,False,1147
GB-031224,False,1044
GB-031225,True,1300
GB-031226,False,35
GB-031227,True,775
GB-031228,True,1302
GB-031229,False,1181
GB-031230,False,409
GB-031231,False,193
GB-031232,True,1245
GB-031233,False,826
GB-031234,True,1155
GB-031235,False,664
GB-031236,False,757
GB-031237,True,999
GB-031238,True,217
GB-031239,False,757
GB-031240,False,681
GB-031241,True,945
GB-031242,True,1465
GB-031243,False,239
GB-031244,False,530
GB-031245,True,1460
GB-031246,True,971
GB-031247,True,911
GB-031248,False,1165
GB-031249,False,455
GB-031250,True,1033
GB-031251,True,876
GB-031252,False,407
GB-031253,False,1282
GB-031254,False,444
GB-031255,False,704
GB-031256,False,688
GB-031257,True,127
GB-031258,True,995
GB-031259,True,1416
GB-031260,True,886
GB-031261,False,720
GB-031262,True,112
GB-031263,False,1183
GB-031264,False,117
GB-031265,False,1116
GB-031266,False,129
GB-031267,False,890
GB-031268,False,1360
GB-031269,True,683
GB-031270,False,347
GB-031271,False,96
GB-031272,False,1406
GB-031273,True,499
GB-031274,False,409
GB-031275,True,623
GB-031276,True,1012
GB-031277,True,815
GB-031278,True,377
GB-031279,False,1388
GB-031280,False,614
GB-031281,False,538
GB-031282,True,613
GB-031283,False,1154
GB-031284,True,189
GB-031285,False,1053
GB-031286,True,1403
GB-031287,True,293
GB-031288,False,1120
GB-031289,True,758
GB-031290,False,509
GB-031291,True,832
GB-031292,True,1297
GB-031293,True,864
GB-031294,True,1272
GB-031295,False,900
GB-031296,False,233
GB-031297,True,1339
GB-031298,False,65
GB-031299,False,1293
GB-031300,True,1080
GB-031301,False,468
GB-031302,False,1395
GB-031303,True,756
GB-031304,False,762
GB-031305,False,610
GB-031306,True,1228
GB-031307,True,818
GB-031308,False,292
GB-031309,True,94
GB-031310,True,1085
GB-031311,True,34
GB-031312,False,61
GB-031313,False,976
GB-031314,False,543
GB-031315,True,516
GB-031316,True,491
GB-031317,False,736
GB-031318,True,610
GB-031319,False,652
GB-031320,False,1314
GB-031321,False,1323
GB-031322,True,1477
GB-031323,True,567
GB-031324,False,293
GB-031325,True,1351
GB-031326,False,1425
GB-031327,False,680
GB-031328,False,483
GB-031329,False,143
GB-031330,True,808
GB-031331,True,343
GB-031332,False,392
GB-031333,False,770
GB-031334,False,36
GB-031335,False,376
GB-031336,True,405
GB-031337,False,1488
GB-031338,False,390
GB-031339,False,8
GB-031340,False,1248
GB-031341,True,143
GB-031342,False,387
GB-031343,True,1357
GB-031344,False,1287
GB-031345,False,452
GB-031346,True,219
GB-031347,False,963
GB-031348,True,147
GB-031349,False,866
GB-031350,False,926
GB-031351,False,1097
GB-031352,False,817
GB-031353,False,453
GB-031354,True,747
GB-031355,False,80
GB-031356,True,992
GB-031357,False,701
GB-031358,True,172
GB-031359,False,671
GB-031360,True,212
GB-031361,False,1229
GB-031362,True,562
GB-031363,False,831
GB-031364,True,238
GB-031365,False,1165
GB-031366,False,659
GB-031367,False,728
GB-031368,False,1426
GB-031369,True,1388
GB-031370,False,507
GB-031371,False,1169
GB-031372,False,313
GB-031373,False,195
GB-031374,False,1128
GB-031375,False,755
GB-031376,False,1437
GB-031377,False,1039
GB-031378,True,1290
GB-031379,False,576
GB-031380,False,882
GB-031381,False,551
GB-031382,False,223
GB-031383,True,871
GB-031384,True,18
GB-031385,True,27
GB-031386,True,295
GB-031387,True,1067
GB-031388,False,628
GB-031389,False,1443
GB-031390,False,626
GB-031391,True,289
GB-031392,False,1208
GB-031393,True,712
GB-031394,True,977
GB-031395,True,588
GB-031396,True,1080
GB-031397,False,61
GB-031398,False,1006
GB-031399,True,772
GB-031400,True,99
GB-031401,True,1076
GB-031402,True,1316
GB-031403,False,350
GB-031404,True,1168
GB-031405,False,301
GB-031406,True,274
GB-031407,False,930
GB-031408,False,880
GB-031409,True,1383
GB-031410,True,315
GB-031411,False,1080
GB-031412,False,969
GB-031413,True,1484
GB-031414,False,1286
GB-031415,False,409
GB-031416,True,1190
GB-031417,False,984
GB-031418,False,966
GB-031419,True,1365
GB-031420,False,590
GB-031421,False,374
GB-031422,False,503
GB-031423,False,446
GB-031424,False,693
GB-031425,True,128
GB-031426,False,711
GB-031427,False,172
GB-031428,True,672
GB-031429,False,950
GB-031430,True,1261
GB-031431,False,976
GB-031432,True,616
GB-031433,False,1414
GB-031434,False,680
GB-031435,False,319
GB-031436,True,427
GB-031437,False,1259
GB-031438,True,1310
GB-031439,True,609
GB-031440,True,787
GB-031441,True,135
GB-031442,True,50
GB-031443,True,877
GB-031444,False,883
GB-031445,True,1469
GB-031446,False,1190
GB-031447,False,1468
GB-031448,True,1029
GB-031449,True,453
GB-031450,True,932
GB-031451,False,202
GB-031452,True,1185
GB-031453,False,70
GB-031454,False,352
GB-031455,False,1394
GB-031456,False,593
GB-031457,False,742
GB-031458,False,1217
GB-031459,True,1496
GB-031460,True,1062
GB-031461,True,545
GB-031462,True,1465
GB-031463,False,206
GB-031464,True,1341
GB-031465,False,119
GB-031466,False,275
GB-031467,True,140
GB-031468,False,338
GB-031469,False,1303
GB-031470,True,415
GB-031471,True,381
GB-031472,False,1494
GB-031473,False,1419
GB-031474,True,882
GB-031475,False,1052
GB-031476,False,1240
GB-031477,False,735
GB-031478,False,1354
GB-031479,False,371
GB-031480,False,708
GB-031481,False,1255
GB-031482,True,879
GB-031483,False,947
GB-031484,False,1398
GB-031485,False,769
GB-031486,True,1357
GB-031487,False,227
GB-031488,True,828
GB-031489,True,427
GB-031490,False,101
GB-031491,False,586
GB-031492,True,390
GB-031493,False,239
GB-031494,False,771
GB-031495,False,50
GB-031496,False,269
GB-031497,False,1123
GB-031498,False,958
GB-031499,True,1203
GB-031500,False,24
GB-031501,False,345
GB-031502,True,129
GB-031503,True,43
GB-031504,False,131
GB-031505,True,340
GB-031506,False,423
GB-031507,False,1141
GB-031508,True,1302
GB-031509,False,824
GB-031510,False,286
GB-031511,True,1069
GB-031512,False,112
GB-031513,True,771
GB-031514,True,5
GB-031515,False,1212
GB-031516,False,1086
GB-031517,False,480
GB-031518,False,451
GB-031519,False,1394
GB-031520,False,703
GB-031521,False,357
GB-031522,False,305
GB-031523,True,1446
GB-031524,False,787
GB-031525,False,789
GB-031526,True,499
GB-031527,True,702
GB-031528,False,1327
GB-031529,True,132
GB-031530,False,748
GB-031531,False,586
GB-031532,False,69
GB-031533,False,968
GB-031534,False,59
GB-031535,False,654
GB-031536,True,1329
GB-031537,True,556
GB-031538,True,643
GB-031539,False,1365
GB-031540,False,816
GB-031541,False,896
GB-031542,False,972
GB-031543,False,669
GB-031544,True,220
GB-031545,True,1190
GB-031546,False,1421
GB-031547,False,481
GB-031548,False,593
GB-031549,False,243
GB-031550,True,1225
GB-031551,False,651
GB-031552,True,1230
GB-031553,True,1207
GB-031554,False,1318
GB-031555,True,108
GB-031556,True,293
GB-031557,True,817
GB-031558,False,606
GB-031559,False,1272
GB-031560,True,144
GB-031561,False,471
GB-031562,True,765
GB-031563,False,727
GB-031564,True,1276
GB-031565,True,556
GB-031566,False,659
GB-031567,False,880
GB-031568,False,1097
GB-031569,False,258
GB-031570,False,423
GB-031571,False,178
GB-031572,False,103
GB-031573,False,324
GB-031574,False,392
GB-031575,True,308
GB-031576,True,145
GB-031577,False,403
GB-031578,False,1085
GB-031579,False,399
GB-031580,True,526
GB-031581,False,155
GB-031582,False,305
GB-031583,True,1396
GB-031584,True,657
GB-031585,False,493
GB-031586,False,1190
GB-031587,True,1384
GB-031588,True,284
GB-031589,False,283
GB-031590,False,744
GB-031591,True,1193
GB-031592,False,147
GB-031593,False,1027
GB-031594,False,516
GB-031595,False,1222
GB-031596,False,1346
GB-031597,False,1010
GB-031598,False,1214
GB-031599,True,1141
GB-031600,True,1276
GB-031601,False,901
GB-031602,False,707
GB-031603,False,908
GB-031604,False,276
GB-031605,False,1300
GB-031606,False,548
GB-031607,False,1258
GB-031608,True,440
GB-031609,False,1425
GB-031610,False,1268
GB-031611,False,492
GB-031612,False,425
GB-031613,False,911
GB-031614,True,1156
GB-031615,True,852
GB-031616,False,1116
GB-031617,False,826
GB-031618,False,1094
GB-031619,True,676
GB-031620,True,21
GB-031621,False,1291
GB-031622,False,690
GB-031623,False,78
GB-031624,True,1046
GB-031625,False,336
GB-031626,False,1396
GB-031627,False,1057
GB-031628,False,828
GB-031629,True,452
GB-031630,False,1106
GB-031631,False,903
GB-031632,True,1315
GB-031633,False,1379
GB-031634,False,536
GB-031635,False,299
GB-031636,True,602
GB-031637,False,307
GB-031638,True,635
GB-031639,False,367
GB-031640,True,1150
GB-031641,True,1168
GB-031642,False,387
GB-031643,False,1296
GB-031644,False,445
GB-031645,True,358
GB-031646,False,140
GB-031647,False,453
GB-031648,False,801
GB-031649,True,192
GB-031650,False,1410
GB-031651,False,662
GB-031652,True,1072
GB-031653,False,1205
GB-031654,False,1217
GB-031655,False,706
GB-031656,False,58
GB-031657,True,861
GB-031658,False,582
GB-031659,True,879
GB-031660,True,32
GB-031661,True,420
GB-031662,False,777
GB-031663,True,1062
GB-031664,False,1333
GB-031665,True,1334
GB-031666,True,811
GB-031667,False,1153
GB-031668,False,15
GB-031669,True,781
GB-031670,False,1004
GB-031671,True,903
GB-031672,False,1351
GB-031673,True,14
GB-031674,True,909
GB-031675,True,58
GB-031676,True,1415
GB-031677,True,234
GB-031678,False,178
GB-031679,True,989
GB-031680,True,19
GB-031681,True,290
GB-031682,True,1274
GB-031683,False,208
GB-031684,True,1401
GB-031685,True,1399
GB-031686,False,1126
GB-031687,False,1490
GB-031688,True,852
GB-031689,False,877
GB-031690,True,496
GB-031691,True,1198
GB-031692,False,50
GB-031693,False,135
GB-031694,True,463
GB-031695,False,111
GB-031696,False,1457
GB-031697,False,70
GB-031698,False,1186
GB-031699,False,257
GB-031700,False,1472
GB-031701,True,553
GB-031702,False,50
GB-031703,True,484
GB-031704,False,1023
GB-031705,True,423
GB-031706,False,766
GB-031707,False,1107
GB-031708,True,637
GB-031709,True,427
GB-031710,False,366
GB-031711,False,266
GB-031712,True,1359
GB-031713,True,1386
GB-031714,True,1204
GB-031715,False,611
GB-031716,True,977
GB-031717,False,923
GB-031718,False,1247
GB-031719,False,357
GB-031720,False,747
GB-031721,True,142
GB-031722,True,229
GB-031723,False,306
GB-031724,False,1244
GB-031725,False,1032
GB-031726,False,1086
GB-031727,True,949
GB-031728,False,205
GB-031729,True,1355
GB-031730,True,109
GB-031731,False,425
GB-031732,False,1350
GB-031733,False,1101
GB-031734,True,13
GB-031735,False,845
GB-031736,False,1013
GB-031737,True,1470
GB-031738,False,823
GB-031739,True,721
GB-031740,True,1120
GB-031741,True,1399
GB-031742,False,894
GB-031743,True,562
GB-031744,True,1444
GB-031745,True,478
GB-031746,False,54
GB-031747,False,854
GB-031748,True,161
GB-031749,False,276
GB-031750,False,1313
GB-031751,False,124
GB-031752,False,1059
GB-031753,False,1041
GB-031754,False,1328
GB-031755,True,943
GB-031756,False,734
GB-031757,True,955
GB-031758,False,47
GB-031759,False,669
GB-031760,False,1416
GB-031761,True,1028
GB-031762,False,1463
GB-031763,False,676
GB-031764,False,1039
GB-031765,True,378
GB-031766,False,444
GB-031767,False,584
GB-031768,False,802
GB-031769,True,1424
GB-031770,False,797
GB-031771,False,11
GB-031772,False,687
GB-031773,True,427
GB-031774,False,374
GB-031775,False,1046
GB-031776,True,823
GB-031777,True,370
GB-031778,True,319
GB-031779,False,896
GB-031780,False,138
GB-031781,False,353
GB-031782,False,188
GB-031783,True,1020
GB-031784,False,555
GB-031785,True,396
GB-031786,False,322
GB-031787,True,1436
GB-031788,False,312
GB-031789,True,136
GB-031790,False,1117
GB-031791,False,421
GB-031792,False,107
GB-031793,True,320
GB-031794,False,1333
GB-031795,False,1281
GB-031796,False,92
GB-031797,True,358
GB-031798,False,1241
GB-031799,False,1348
GB-031800,True,1184
GB-031801,False,1362
GB-031802,True,777
GB-031803,True,81
GB-031804,True,487
GB-031805,False,292
GB-031806,False,795
GB-031807,True,444
GB-031808,False,957
GB-031809,False,370
GB-031810,True,895
GB-031811,False,675
GB-031812,True,41
GB-031813,True,929
GB-031814,False,763
GB-031815,False,279
GB-031816,True,222
GB-031817,False,251
GB-031818,True,338
GB-031819,False,1047
GB-031820,True,1055
GB-031821,True,539
GB-031822,False,939
GB-031823,False,800
GB-031824,False,1465
GB-031825,False,1261
GB-031826,False,1296
GB-031827,True,761
GB-031828,False,1059
GB-031829,False,530
GB-031830,True,1212
GB-031831,True,1048
GB-031832,False,1365
GB-031833,True,764
GB-031834,True,705
GB-031835,False,1068
GB-031836,False,730
GB-031837,True,633
GB-031838,False,713
GB-031839,True,1219
GB-031840,False,886
GB-031841,False,12
GB-031842,False,1142
GB-031843,True,169
GB-031844,True,1018
GB-031845,False,108
GB-031846,False,517
GB-031847,False,1395
GB-031848,True,657
GB-031849,True,470
GB-031850,False,134
GB-031851,False,154
GB-031852,True,1265
GB-031853,False,885
GB-031854,True,43
GB-031855,False,293
GB-031856,False,509
GB-031857,False,1442
GB-031858,False,750
GB-031859,False,1123
GB-031860,False,1340
GB-031861,False,968
GB-031862,True,711
GB-031863,True,950
GB-031864,False,1042
GB-031865,True,1248
GB-031866,False,863
GB-031867,False,1048
GB-031868,True,1488
GB-031869,False,153
GB-031870,False,793
GB-031871,True,589
GB-031872,False,1474
GB-031873,True,1199
GB-031874,False,426
GB-031875,False,541
GB-031876,False,1333
GB-031877,True,642
GB-031878,True,640
GB-031879,False,258
GB-031880,False,80
GB-031881,True,161
GB-031882,False,1191
GB-031883,False,672
GB-031884,False,1014
GB-031885,True,488
GB-031886,True,310
GB-031887,False,23
GB-031888,True,1176
GB-031889,False,527
GB-031890,True,872
GB-031891,False,187
GB-031892,True,1384
GB-031893,True,849
GB-031894,True,1351
GB-031895,False,271
GB-031896,False,989
GB-031897,False,1444
GB-031898,False,1018
GB-031899,False,315
GB-031900,True,669
GB-031901,True,677
GB-031902,False,610
GB-031903,False,243
GB-031904,True,890
GB-031905,False,800
GB-031906,False,762
GB-031907,False,575
GB-031908,False,1238
GB-031909,True,996
GB-031910,False,4
GB-031911,True,849
GB-031912,False,1473
GB-031913,False,365
GB-031914,False,884
GB-031915,False,959
GB-031916,False,189
GB-031917,False,1326
GB-031918,False,692
GB-031919,False,605
GB-031920,False,976
GB-031921,False,1158
GB-031922,True,1063
GB-031923,False,335
GB-031924,True,10
GB-031925,False,797
GB-031926,False,1148
GB-031927,False,163
GB-031928,True,1133
GB-031929,True,1160
GB-031930,False,326
GB-031931,False,1389
GB-031932,False,688
GB-031933,False,21
GB-031934,False,968
GB-031935,False,221
GB-031936,False,66
GB-031937,False,281
GB-031938,True,946
GB-031939,False,260
GB-031940,False,1316
GB-031941,False,1194
GB-031942,False,989
GB-031943,False,348
GB-031944,True,914
GB-031945,False,1287
GB-031946,False,1092
GB-031947,False,709
GB-031948,False,1107
GB-031949,True,989
GB-031950,False,279
GB-031951,False,1075
GB-031952,False,748
GB-031953,False,231
GB-031954,False,595
GB-031955,False,1098
GB-031956,True,146
GB-031957,False,113
GB-031958,False,1255
GB-031959,False,1058
GB-031960,False,1120
GB-031961,False,13
GB-031962,True,197
GB-031963,False,372
GB-031964,False,1269
GB-031965,True,397
GB-031966,False,202
GB-031967,True,46
GB-031968,True,121
GB-031969,False,1153
GB-031970,False,950
GB-031971,True,89
GB-031972,False,383
GB-031973,False,498
GB-031974,False,215
GB-031975,False,270
GB-031976,True,197
GB-031977,False,399
GB-031978,False,984
GB-031979,True,1404
GB-031980,False,473
GB-031981,False,1488
GB-031982,False,1499
GB-031983,False,1351
GB-031984,False,832
GB-031985,False,653
GB-031986,False,1150
GB-031987,True,126
GB-031988,False,254
GB-031989,False,330
GB-031990,True,546
GB-031991,False,444
GB-031992,True,347
GB-031993,True,375
GB-031994,False,510
GB-031995,False,58
GB-031996,False,594
GB-031997,False,1246
GB-031998,False,1184
GB-031999,True,1338
GB-032000,False,651
GB-032001,True,1281
GB-032002,True,1030
GB-032003,True,187
GB-032004,False,549
GB-032005,False,1167
GB-032006,False,686
GB-032007,True,458
GB-032008,False,1229
GB-032009,True,574
GB-032010,True,620
GB-032011,False,278
GB-032012,False,521
GB-032013,False,242
GB-032014,False,940
GB-032015,False,473
GB-032016,False,1135
GB-032017,False,263
GB-032018,False,1423
GB-032019,False,1083
GB-032020,True,1032
GB-032021,True,572
GB-032022,True,595
GB-032023,False,1222
GB-032024,False,541
GB-032025,False,92
GB-032026,True,130
GB-032027,False,274
GB-032028,True,234
GB-032029,False,1440
GB-032030,True,876
GB-032031,True,1138
GB-032032,True,1282
GB-032033,False,744
GB-032034,True,1143
GB-032035,False,1056
GB-032036,False,87
GB-032037,True,1318
GB-032038,False,386
GB-032039,False,962
GB-032040,False,938
GB-032041,True,1403
GB-032042,False,201
GB-032043,False,101
GB-032044,False,424
GB-032045,True,728
GB-032046,False,843
GB-032047,True,1478
GB-032048,False,841
GB-032049,False,538
GB-032050,False,1024
GB-032051,False,713
GB-032052,True,245
GB-032053,False,1210
GB-032054,False,1083
GB-032055,False,778
GB-032056,True,1116
GB-032057,False,1385
GB-032058,False,1394
GB-032059,False,718
GB-032060,True,170
GB-032061,False,412
GB-032062,False,1408
GB-032063,False,460
GB-032064,False,1497
GB-032065,True,761
GB-032066,False,815
GB-032067,False,1413
GB-032068,True,118
GB-032069,False,270
GB-032070,False,1436
GB-032071,False,601
GB-032072,False,965
GB-032073,False,1411
GB-032074,False,511
GB-032075,False,1075
GB-032076,False,11
GB-032077,False,907
GB-032078,True,816
GB-032079,True,1353
GB-032080,False,223
GB-032081,True,1475
GB-032082,False,548
GB-032083,False,201
GB-032084,False,569
GB-032085,False,272
GB-032086,False,772
GB-032087,True,1332
GB-032088,False,774
GB-032089,False,1247
GB-032090,False,392
GB-032091,False,568
GB-032092,True,961
GB-032093,True,656
GB-032094,True,529
GB-032095,False,197
GB-032096,True,293
GB-032097,False,786
GB-032098,True,109
GB-032099,False,1494
GB-032100,False,365
GB-032101,True,603
GB-032102,False,1453
GB-032103,False,1005
GB-032104,False,1495
GB-032105,False,539
GB-032106,True,426
GB-032107,False,1486
GB-032108,False,668
GB-032109,False,981
GB-032110,False,667
GB-032111,True,812
GB-032112,False,1078
GB-032113,True,557
GB-032114,True,1054
GB-032115,True,202
GB-032116,True,1026
GB-032117,False,671
GB-032118,False,1074
GB-032119,True,564
GB-032120,False,467
GB-032121,True,1073
GB-032122,True,1180
GB-032123,False,1387
GB-032124,True,670
GB-032125,False,727
GB-032126,True,57
GB-032127,False,1464
GB-032128,True,442
GB-032129,False,1083
GB-032130,False,1151
GB-032131,False,263
GB-032132,False,1459
GB-032133,True,600
GB-032134,True,909
GB-032135,True,952
GB-032136,False,1175
GB-032137,True,1387
GB-032138,True,257
GB-032139,True,1294
GB-032140,False,899
GB-032141,True,1023
GB-032142,False,1199
GB-032143,False,262
GB-032144,False,183
GB-032145,False,400
GB-032146,True,917
GB-032147,False,1275
GB-032148,True,875
GB-032149,False,1433
GB-032150,False,1135
GB-032151,True,405
GB-032152,False,1195
GB-032153,True,76
GB-032154,False,528
GB-032155,False,339
GB-032156,False,83
GB-032157,False,255
GB-032158,True,689
GB-032159,True,1253
GB-032160,False,838
GB-032161,True,934
GB-032162,True,926
GB-032163,False,868
GB-032164,False,781
GB-032165,True,1246
GB-032166,True,198
GB-032167,False,1024
GB-032168,True,149
GB-032169,True,1024
GB-032170,False,1405
GB-032171,True,617
GB-032172,False,478
GB-032173,False,1329
GB-032174,False,1454
GB-032175,False,1256
GB-032176,True,1469
GB-032177,True,1436
GB-032178,False,1400
GB-032179,False,299
GB-032180,False,1104
GB-032181,False,1489
GB-032182,True,905
GB-032183,True,96
GB-032184,False,1095
GB-032185,False,662
GB-032186,False,744
GB-032187,True,582
GB-032188,False,1382
GB-032189,False,785
GB-032190,True,107
GB-032191,True,581
GB-032192,True,1103
GB-032193,True,902
GB-032194,False,873
GB-032195,True,1223
GB-032196,False,500
GB-032197,False,262
GB-032198,False,64
GB-032199,False,1393
GB-032200,False,1125
GB-032201,True,1492
GB-032202,False,687
GB-032203,False,1339
GB-032204,False,506
GB-032205,False,71
GB-032206,True,763
GB-032207,True,806
GB-032208,False,1399
GB-032209,False,6
GB-032210,False,1286
GB-032211,False,331
GB-032212,True,1177
GB-032213,False,752
GB-032214,True,1307
GB-032215,False,284
GB-032216,False,929
GB-032217,True,642
GB-032218,False,1345
GB-032219,False,926
GB-032220,False,1431
GB-032221,True,894
GB-032222,False,893
GB-032223,False,373
GB-032224,True,459
GB-032225,True,139
GB-032226,True,1246
GB-032227,False,1309
GB-032228,True,942
GB-032229,False,510
GB-032230,True,688
GB-032231,True,860
GB-032232,False,603
GB-032233,True,161
GB-032234,False,799
GB-032235,True,359
GB-032236,True,749
GB-032237,False,704
GB-032238,True,184
GB-032239,True,1276
GB-032240,False,791
GB-032241,False,339
GB-032242,True,732
GB-032243,True,1233
GB-032244,False,479
GB-032245,False,72
GB-032246,True,1178
GB-032247,False,665
GB-032248,False,224
GB-032249,False,626
GB-032250,False,1047
GB-032251,False,819
GB-032252,True,1038
GB-032253,False,1274
GB-032254,False,1044
GB-032255,False,951
GB-032256,True,1347
GB-032257,True,1227
GB-032258,True,1072
GB-032259,False,464
GB-032260,True,51
GB-032261,True,161
GB-032262,False,119
GB-032263,False,362
GB-032264,False,778
GB-032265,True,1020
GB-032266,True,883
GB-032267,True,1072
GB-032268,False,660
GB-032269,True,307
GB-032270,True,587
GB-032271,True,800
GB-032272,True,995
GB-032273,True,160
GB-032274,True,888
GB-032275,False,535
GB-032276,False,758
GB-032277,True,318
GB-032278,True,304
GB-032279,False,1483
GB-032280,False,355
GB-032281,False,615
GB-032282,True,1063
GB-032283,False,112
GB-032284,False,1230
GB-032285,True,13
GB-032286,False,1471
GB-032287,False,464
GB-032288,True,49
GB-032289,False,346
GB-032290,False,1424
GB-032291,True,1056
GB-032292,True,1448
GB-032293,False,1352
GB-032294,False,1141
GB-032295,True,662
GB-032296,False,676
GB-032297,False,718
GB-032298,True,279
GB-032299,False,917
GB-032300,False,297
GB-032301,False,995
GB-032302,False,553
GB-032303,False,761
GB-032304,True,1487
GB-032305,False,956
GB-032306,False,233
GB-032307,True,1306
GB-032308,False,992
GB-032309,True,1024
GB-032310,True,206
GB-032311,True,130
GB-032312,True,928
GB-032313,False,1483
GB-032314,False,1232
GB-032315,False,1102
GB-032316,False,132
GB-032317,True,190
GB-032318,False,376
GB-032319,False,595
GB-032320,True,443
GB-032321,False,447
GB-032322,False,601
GB-032323,False,1073
GB-032324,True,942
GB-032325,False,1061
GB-032326,True,481
GB-032327,False,1
GB-032328,False,1499
GB-032329,True,1446
GB-032330,False,923
GB-032331,False,984
GB-032332,False,15
GB-032333,True,609
GB-032334,False,185
GB-032335,True,1114
GB-032336,True,399
GB-032337,False,1166
GB-032338,False,1298
GB-032339,False,626
GB-032340,True,641
GB-032341,False,520
GB-032342,True,144
GB-032343,False,876
GB-032344,False,111
GB-032345,False,25
GB-032346,True,80
GB-032347,True,535
GB-032348,True,630
GB-032349,False,1137
GB-032350,True,1350
GB-032351,True,953
GB-032352,True,1344
GB-032353,False,1458
GB-032354,False,1263
GB-032355,False,30
GB-032356,False,18
GB-032357,True,890
GB-032358,False,440
GB-032359,True,1298
GB-032360,False,413
GB-032361,False,1013
GB-032362,True,830
GB-032363,True,66
GB-032364,True,1171
GB-032365,False,197
GB-032366,False,814
GB-032367,False,358
GB-032368,True,644
GB-032369,False,439
GB-032370,True,805
GB-032371,False,1047
GB-032372,False,552
GB-032373,False,620
GB-032374,False,1110
GB-032375,True,1243
GB-032376,True,362
GB-032377,False,90
GB-032378,False,1171
GB-032379,False,1315
GB-032380,True,74
GB-032381,True,1127
GB-032382,False,673
GB-032383,False,688
GB-032384,True,1242
GB-032385,True,1171
GB-032386,False,906
GB-032387,False,578
GB-032388,False,308
GB-032389,True,1145
GB-032390,True,1116
GB-032391,True,635
GB-032392,False,1327
GB-032393,False,547
GB-032394,False,477
GB-032395,True,1060
GB-032396,True,908
GB-032397,False,742
GB-032398,True,99
GB-032399,False,108
GB-032400,True,964
GB-032401,False,1169
GB-032402,False,773
GB-032403,True,1207
GB-032404,False,1280
GB-032405,True,1357
GB-032406,True,1289
GB-032407,False,20
GB-032408,False,1380
GB-032409,False,173
GB-032410,False,1327
GB-032411,False,371
GB-032412,False,123
GB-032413,False,22
GB-032414,True,732
GB-032415,False,1355
GB-032416,True,1007
GB-032417,False,835
GB-032418,True,466
GB-032419,True,382
GB-032420,True,502
GB-032421,True,1379
GB-032422,True,1193
GB-032423,False,925
GB-032424,False,342
GB-032425,False,1276
GB-032426,False,1451
GB-032427,False,1461
GB-032428,False,252
GB-032429,True,1365
GB-032430,False,1157
GB-032431,False,950
GB-032432,False,312
GB-032433,False,371
GB-032434,False,1185
GB-032435,True,26
GB-032436,True,1230
GB-032437,True,430
GB-032438,True,1383
GB-032439,False,534
GB-032440,False,447
GB-032441,True,1028
GB-032442,False,1280
GB-032443,False,384
GB-032444,True,867
GB-032445,True,445
GB-032446,False,576
GB-032447,False,110
GB-032448,False,951
GB-032449,False,1170
GB-032450,True,1256
GB-032451,False,911
GB-032452,True,632
GB-032453,False,565
GB-032454,True,39
GB-032455,False,595
GB-032456,False,1169
GB-032457,True,1332
GB-032458,False,1475
GB-032459,True,1323
GB-032460,False,1348
GB-032461,False,111
GB-032462,False,1032
GB-032463,True,476
GB-032464,False,453
GB-032465,True,1489
GB-032466,False,3
GB-032467,False,909
GB-032468,True,623
GB-032469,False,1151
GB-032470,False,1198
GB-032471,False,1060
GB-032472,False,235
GB-032473,True,1044
GB-032474,True,231
GB-032475,False,1296
GB-032476,True,1471
GB-032477,True,1091
GB-032478,True,1286
GB-032479,True,1043
GB-032480,True,1342
GB-032481,False,1108
GB-032482,False,605
GB-032483,True,1031
GB-032484,True,276
GB-032485,False,1499
GB-032486,False,100
GB-032487,False,1183
GB-032488,False,863
GB-032489,True,251
GB-032490,False,1015
GB-032491,False,308
GB-032492,False,1142
GB-032493,False,275
GB-032494,True,378
GB-032495,True,197
GB-032496,True,1273
GB-032497,True,1223
GB-032498,False,62
GB-032499,True,276
GB-032500,True,1138
GB-032501,False,1094
GB-032502,False,243
GB-032503,True,538
GB-032504,False,1165
GB-032505,False,287
GB-032506,True,1368
GB-032507,False,636
GB-032508,False,1046
GB-032509,False,382
GB-032510,True,192
GB-032511,False,782
GB-032512,True,1364
GB-032513,True,905
GB-032514,True,912
GB-032515,True,775
GB-032516,True,1400
GB-032517,False,1141
GB-032518,False,551
GB-032519,False,588
GB-032520,True,491
GB-032521,False,155
GB-032522,False,459
GB-032523,True,1059
GB-032524,True,521
GB-032525,False,586
GB-032526,True,1058
GB-032527,False,206
GB-032528,True,402
GB-032529,True,1091
GB-032530,False,306
GB-032531,False,1388
GB-032532,True,1025
GB-032533,True,1088
GB-032534,True,447
GB-032535,False,435
GB-032536,False,1261
GB-032537,False,686
GB-032538,False,1064
GB-032539,False,487
GB-032540,True,430
GB-032541,False,769
GB-032542,False,1441
GB-032543,False,1058
GB-032544,False,577
GB-032545,False,133
GB-032546,False,326
GB-032547,False,361
GB-032548,False,394
GB-032549,True,367
GB-032550,False,145
GB-032551,False,1249
GB-032552,True,275
GB-032553,False,13
GB-032554,False,887
GB-032555,True,383
GB-032556,False,669
GB-032557,True,99
GB-032558,True,1271
GB-032559,True,345
GB-032560,True,1227
GB-032561,True,478
GB-032562,True,1287
GB-032563,False,281
GB-032564,False,460
GB-032565,False,1035
GB-032566,False,825
GB-032567,False,979
GB-032568,False,643
GB-032569,True,71
GB-032570,False,877
GB-032571,False,726
GB-032572,True,634
GB-032573,True,309
GB-032574,False,735
GB-032575,True,442
GB-032576,False,925
GB-032577,False,157
GB-032578,False,1291
GB-032579,False,866
GB-032580,True,1235
GB-032581,True,1115
GB-032582,True,113
GB-032583,False,1114
GB-032584,False,411
GB-032585,False,540
GB-032586,False,939
GB-032587,False,1341
GB-032588,False,289
GB-032589,True,1215
GB-032590,False,97
GB-032591,False,1034
GB-032592,False,1238
GB-032593,False,543
GB-032594,False,514
GB-032595,False,803
GB-032596,False,67
GB-032597,True,274
GB-032598,False,128
GB-032599,True,751
GB-032600,False,1277
GB-032601,True,638
GB-032602,False,1186
GB-032603,True,229
GB-032604,False,1004
GB-032605,False,1383
GB-032606,False,194
GB-032607,True,996
GB-032608,False,280
GB-032609,False,1424
GB-032610,False,992
GB-032611,True,135
GB-032612,True,1169
GB-032613,True,1063
GB-032614,False,829
GB-032615,False,562
GB-032616,False,913
GB-032617,False,1132
GB-032618,False,1236
GB-032619,False,1036
GB-032620,False,1301
GB-032621,False,1456
GB-032622,True,280
GB-032623,False,1403
GB-032624,False,349
GB-032625,False,424
GB-032626,False,105
GB-032627,False,436
GB-032628,True,18
GB-032629,True,129
GB-032630,False,678
GB-032631,True,1020
GB-032632,False,509
GB-032633,True,1232
GB-032634,False,1064
GB-032635,False,141
GB-032636,False,670
GB-032637,False,219
GB-032638,True,471
GB-032639,False,352
GB-032640,False,1080
GB-032641,True,444
GB-032642,False,1028
GB-032643,False,475
GB-032644,True,43
GB-032645,False,1262
GB-032646,False,630
GB-032647,False,519
GB-032648,True,1118
GB-032649,False,45
GB-032650,False,124
GB-032651,False,227
GB-032652,False,1459
GB-032653,False,242
GB-032654,False,527
GB-032655,False,1487
GB-032656,False,879
GB-032657,False,688
GB-032658,False,384
GB-032659,False,198
GB-032660,True,441
GB-032661,False,740
GB-032662,True,891
GB-032663,True,171
GB-032664,True,587
GB-032665,False,1422
GB-032666,False,120
GB-032667,False,664
GB-032668,False,1137
GB-032669,False,498
GB-032670,False,188
GB-032671,True,982
GB-032672,False,990
GB-032673,False,283
GB-032674,True,222
GB-032675,True,88
GB-032676,False,314
GB-032677,True,617
GB-032678,False,1177
GB-032679,False,880
GB-032680,True,1252
GB-032681,True,190
GB-032682,True,653
GB-032683,False,416
GB-032684,False,1085
GB-032685,False,470
GB-032686,True,685
GB-032687,False,791
GB-032688,True,374
GB-032689,False,59
GB-032690,True,462
GB-032691,True,1145
GB-032692,False,818
GB-032693,True,1374
GB-032694,False,798
GB-032695,False,1087
GB-032696,False,1143
GB-032697,True,435
GB-032698,False,926
GB-032699,False,780
GB-032700,True,704
GB-032701,False,244
GB-032702,False,1090
GB-032703,False,1237
GB-032704,False,1432
GB-032705,False,316
GB-032706,False,1170
GB-032707,False,1114
GB-032708,False,1471
GB-032709,False,891
GB-032710,False,1071
GB-032711,False,1014
GB-032712,False,868
GB-032713,True,809
GB-032714,False,776
GB-032715,False,375
GB-032716,True,888
GB-032717,True,1374
GB-032718,False,336
GB-032719,True,635
GB-032720,False,577
GB-032721,False,1350
GB-032722,False,482
GB-032723,False,538
GB-032724,False,45
GB-032725,False,1192
GB-032726,False,779
GB-032727,False,1192
GB-032728,False,1308
GB-032729,False,1146
GB-032730,True,1107
GB-032731,False,93
GB-032732,True,1373
GB-032733,False,129
GB-032734,False,367
GB-032735,False,1308
GB-032736,False,1379
GB-032737,False,606
GB-032738,False,1300
GB-032739,False,948
GB-032740,False,838
GB-032741,True,1169
GB-032742,True,700
GB-032743,False,1235
GB-032744,True,1004
GB-032745,False,850
GB-032746,False,401
GB-032747,True,183
GB-032748,False,283
GB-032749,True,4
GB-032750,False,1152
GB-032751,False,784
GB-032752,True,620
GB-032753,False,1194
GB-032754,True,1243
GB-032755,True,1419
GB-032756,False,1393
GB-032757,False,518
GB-032758,False,1108
GB-032759,True,745
GB-032760,False,144
GB-032761,True,1291
GB-032762,False,1024
GB-032763,False,896
GB-032764,False,393
GB-032765,False,1361
GB-032766,False,779
GB-032767,False,127
GB-032768,False,587
GB-032769,False,1278
GB-032770,False,1293
GB-032771,False,1319
GB-032772,True,1148
GB-032773,False,579
GB-032774,False,800
GB-032775,False,1138
GB-032776,True,1064
GB-032777,False,1290
GB-032778,True,1293
GB-032779,False,640
GB-032780,True,1310
GB-032781,False,817
GB-032782,True,1426
GB-032783,True,982
GB-032784,True,747
GB-032785,False,997
GB-032786,False,1
GB-032787,True,638
GB-032788,False,1471
GB-032789,False,915
GB-032790,True,1156
GB-032791,True,1122
GB-032792,True,861
GB-032793,True,625
GB-032794,True,187
GB-032795,False,1084
GB-032796,False,711
GB-032797,False,411
GB-032798,False,164
GB-032799,True,1161
GB-032800,True,846
GB-032801,False,732
GB-032802,False,738
GB-032803,True,575
GB-032804,True,1061
GB-032805,False,130
GB-032806,True,132
GB-032807,False,785
GB-032808,True,658
GB-032809,False,408
GB-032810,True,157
GB-032811,False,975
GB-032812,False,1204
GB-032813,True,201
GB-032814,True,1255
GB-032815,True,926
GB-032816,True,780
GB-032817,False,419
GB-032818,True,1361
GB-032819,False,1369
GB-032820,False,198
GB-032821,True,719
GB-032822,True,1085
GB-032823,True,1034
GB-032824,True,1169
GB-032825,False,220
GB-032826,False,807
GB-032827,False,95
GB-032828,False,65
GB-032829,True,111
GB-032830,True,891
GB-032831,True,176
GB-032832,True,1478
GB-032833,True,325
GB-032834,True,396
GB-032835,False,349
GB-032836,False,548
GB-032837,False,428
GB-032838,True,539
GB-032839,True,1480
GB-032840,False,460
GB-032841,True,1144
GB-032842,True,169
GB-032843,True,808
GB-032844,False,601
GB-032845,False,1279
GB-032846,True,938
GB-032847,True,1342
GB-032848,False,355
GB-032849,True,1149
GB-032850,False,552
GB-032851,True,174
GB-032852,False,621
GB-032853,False,1135
GB-032854,True,584
GB-032855,False,683
GB-032856,False,682
GB-032857,False,1325
GB-032858,False,1013
GB-032859,False,1412
GB-032860,False,183
GB-032861,True,1249
GB-032862,True,1027
GB-032863,False,354
GB-032864,True,404
GB-032865,True,656
GB-032866,False,209
GB-032867,False,807
GB-032868,True,1201
GB-032869,True,1338
GB-032870,False,570
GB-032871,False,194
GB-032872,True,110
GB-032873,False,1264
GB-032874,True,925
GB-032875,False,1104
GB-032876,True,586
GB-032877,True,319
GB-032878,False,746
GB-032879,True,1187
GB-032880,False,8
GB-032881,False,402
GB-032882,True,679
GB-032883,True,661
GB-032884,False,715
GB-032885,False,1398
GB-032886,False,1420
GB-032887,False,1221
GB-032888,True,1495
GB-032889,True,1455
GB-032890,True,1033
GB-032891,False,1191
GB-032892,True,1487
GB-032893,False,376
GB-032894,True,1433
GB-032895,False,1068
GB-032896,False,297
GB-032897,False,1331
GB-032898,False,203
GB-032899,False,447
GB-032900,False,1422
GB-032901,True,1369
GB-032902,True,615
GB-032903,False,1077
GB-032904,False,1190
GB-032905,True,488
GB-032906,False,1312
GB-032907,False,1360
GB-032908,False,678
GB-032909,False,526
GB-032910,True,178
GB-032911,False,244
GB-032912,False,444
GB-032913,True,759
GB-032914,True,807
GB-032915,False,844
GB-032916,True,1010
GB-032917,False,1284
GB-032918,True,639
GB-032919,True,1289
GB-032920,False,118
GB-032921,True,207
GB-032922,True,1283
GB-032923,False,587
GB-032924,False,1227
GB-032925,False,1439
GB-032926,False,502
GB-032927,False,642
GB-032928,False,49
GB-032929,True,865
GB-032930,True,298
GB-032931,True,1218
GB-032932,True,29
GB-032933,True,26
GB-032934,True,604
GB-032935,False,912
GB-032936,True,1419
GB-032937,False,173
GB-032938,True,586
GB-032939,True,1183
GB-032940,False,628
GB-032941,True,858
GB-032942,False,105
GB-032943,True,1288
GB-032944,False,61
GB-032945,False,834
GB-032946,False,1110
GB-032947,True,1441
GB-032948,True,1006
GB-032949,False,552
GB-032950,False,1184
GB-032951,False,897
GB-032952,True,419
GB-032953,False,1109
GB-032954,True,347
GB-032955,False,708
GB-032956,False,774
GB-032957,False,1483
GB-032958,False,126
GB-032959,False,501
GB-032960,False,116
GB-032961,False,396
GB-032962,True,790
GB-032963,False,915
GB-032964,False,1145
GB-032965,False,414
GB-032966,True,1089
GB-032967,True,721
GB-032968,False,1380
GB-032969,False,857
GB-032970,False,912
GB-032971,False,470
GB-032972,True,394
GB-032973,False,407
GB-032974,True,389
GB-032975,True,653
GB-032976,False,494
GB-032977,False,1380
GB-032978,False,1231
GB-032979,False,679
GB-032980,False,414
GB-032981,False,346
GB-032982,False,548
GB-032983,True,837
GB-032984,False,1093
GB-032985,True,1238
GB-032986,True,211
GB-032987,True,1329
GB-032988,False,597
GB-032989,False,1439
GB-032990,False,1420
GB-032991,False,1255
GB-032992,True,1224
GB-032993,True,967
GB-032994,True,1267
GB-032995,False,803
GB-032996,True,246
GB-032997,False,989
GB-032998,True,243
GB-032999,False,670
GB-033000,False,309
GB-033001,False,699
GB-033002,True,740
GB-033003,True,609
GB-033004,False,937
GB-033005,False,77
GB-033006,False,855
GB-033007,False,851
GB-033008,True,1287
GB-033009,True,457
GB-033010,False,1100
GB-033011,True,1319
GB-033012,False,1358
GB-033013,False,1047
GB-033014,True,171
GB-033015,False,13
GB-033016,False,1468
GB-033017,False,724
GB-033018,False,1425
GB-033019,True,993
GB-033020,True,904
GB-033021,True,830
GB-033022,False,365
GB-033023,False,357
GB-033024,False,211
GB-033025,True,1158
GB-033026,False,1479
GB-033027,False,1382
GB-033028,False,1179
GB-033029,True,1268
GB-033030,True,579
GB-033031,True,63
GB-033032,False,937
GB-033033,True,651
GB-033034,False,514
GB-033035,False,52
GB-033036,False,826
GB-033037,False,893
GB-033038,False,673
GB-033039,False,609
GB-033040,False,220
GB-033041,False,565
GB-033042,False,1085
GB-033043,False,579
GB-033044,True,206
GB-033045,False,211
GB-033046,True,781
GB-033047,False,493
GB-033048,True,1086
GB-033049,True,317
GB-033050,False,1485
GB-033051,True,1000
GB-033052,False,1102
GB-033053,False,1486
GB-033054,True,333
GB-033055,True,253
GB-033056,True,1466
GB-033057,True,778
GB-033058,False,1264
GB-033059,True,1117
GB-033060,True,1383
GB-033061,False,145
GB-033062,False,801
GB-033063,False,249
GB-033064,False,640
GB-033065,False,1482
GB-033066,False,302
GB-033067,False,527
GB-033068,True,694
GB-033069,False,427
GB-033070,False,482
GB-033071,False,1131
GB-033072,True,1066
GB-033073,False,428
GB-033074,False,173
GB-033075,False,447
GB-033076,True,790
GB-033077,False,655
GB-033078,True,852
GB-033079,False,119
GB-033080,True,1494
GB-033081,True,1337
GB-033082,True,528
GB-033083,True,1387
GB-033084,True,734
GB-033085,False,614
GB-033086,False,693
GB-033087,False,422
GB-033088,False,334
GB-033089,True,1195
GB-033090,True,1259
GB-033091,True,1016
GB-033092,False,1268
GB-033093,False,321
GB-033094,False,1202
GB-033095,True,279
GB-033096,True,1141
GB-033097,False,613
GB-033098,False,881
GB-033099,False,1350
GB-033100,False,1334
GB-033101,True,587
GB-033102,False,1002
GB-033103,False,1164
GB-033104,False,1082
GB-033105,False,66
GB-033106,False,539
GB-033107,False,783
GB-033108,True,371
GB-033109,True,198
GB-033110,False,416
GB-033111,False,1433
GB-033112,True,700
GB-033113,False,1155
GB-033114,False,924
GB-033115,True,440
GB-033116,True,1289
GB-033117,False,932
GB-033118,False,105
GB-033119,True,1045
GB-033120,True,398
GB-033121,False,1491
GB-033122,False,65
GB-033123,True,706
GB-033124,True,472
GB-033125,False,315
GB-033126,True,485
GB-033127,True,1247
GB-033128,False,1237
GB-033129,False,186
GB-033130,True,695
GB-033131,False,383
GB-033132,True,1220
GB-033133,False,1089
GB-033134,True,890
GB-033135,False,277
GB-033136,False,860
GB-033137,True,1344
GB-033138,False,1270
GB-033139,True,698
GB-033140,False,767
GB-033141,False,1435
GB-033142,True,109
GB-033143,True,117
GB-033144,False,450
GB-033145,False,225
GB-033146,True,437
GB-033147,True,507
GB-033148,True,683
GB-033149,True,1482
GB-033150,False,541
GB-033151,False,1477
GB-033152,False,1080
GB-033153,True,855
GB-033154,False,568
GB-033155,True,1050
GB-033156,False,1057
GB-033157,False,1043
GB-033158,True,551
GB-033159,False,1456
GB-033160,True,962
GB-033161,False,769
GB-033162,False,761
GB-033163,False,1410
GB-033164,False,681
GB-033165,False,73
GB-033166,False,30
GB-033167,False,1080
GB-033168,False,299
GB-033169,True,1267
GB-033170,True,925
GB-033171,False,673
GB-033172,True,297
GB-033173,False,1405
GB-033174,False,1416
GB-033175,False,421
GB-033176,False,995
GB-033177,False,458
GB-033178,False,1347
GB-033179,False,868
GB-033180,False,406
GB-033181,False,1088
GB-033182,True,1005
GB-033183,False,806
GB-033184,False,856
GB-033185,False,349
GB-033186,True,293
GB-033187,False,1093
GB-033188,True,890
GB-033189,True,957
GB-033190,True,762
GB-033191,False,673
GB-033192,False,710
GB-033193,False,673
GB-033194,True,1378
GB-033195,False,73
GB-033196,True,536
GB-033197,False,842
GB-033198,True,579
GB-033199,True,1043
GB-033200,False,24
GB-033201,True,1484
GB-033202,False,1065
GB-033203,True,1212
GB-033204,True,114
GB-033205,True,101
GB-033206,True,1198
GB-033207,False,1407
GB-033208,False,347
GB-033209,False,38
GB-033210,False,1369
GB-033211,True,631
GB-033212,False,406
GB-033213,False,1007
GB-033214,False,288
GB-033215,True,1140
GB-033216,True,320
GB-033217,False,605
GB-033218,False,248
GB-033219,True,612
GB-033220,False,286
GB-033221,True,614
GB-033222,True,120
GB-033223,True,1452
GB-033224,False,1124
GB-033225,True,726
GB-033226,True,60
GB-033227,False,588
GB-033228,True,1315
GB-033229,False,40
GB-033230,False,1108
GB-033231,True,233
GB-033232,False,673
GB-033233,True,1080
GB-033234,True,131
GB-033235,False,495
GB-033236,False,505
GB-033237,False,596
GB-033238,True,996
GB-033239,True,238
GB-033240,False,817
GB-033241,False,52
GB-033242,True,1388
GB-033243,False,711
GB-033244,True,146
GB-033245,False,1259
GB-033246,False,1069
GB-033247,False,1453
GB-033248,False,976
GB-033249,False,1057
GB-033250,False,61
GB-033251,True,1085
GB-033252,False,23
GB-033253,False,1227
GB-033254,False,511
GB-033255,False,400
GB-033256,True,135
GB-033257,False,302
GB-033258,False,1343
GB-033259,True,1336
GB-033260,False,227
GB-033261,True,1146
GB-033262,False,59
GB-033263,False,594
GB-033264,False,171
GB-033265,True,774
GB-033266,True,913
GB-033267,True,577
GB-033268,True,1188
GB-033269,True,1028
GB-033270,False,420
GB-033271,True,895
GB-033272,False,510
GB-033273,True,1400
GB-033274,True,211
GB-033275,True,1112
GB-033276,True,526
GB-033277,False,1320
GB-033278,True,152
GB-033279,False,557
GB-033280,False,1496
GB-033281,True,1011
GB-033282,False,95
GB-033283,True,44
GB-033284,True,58
GB-033285,False,1276
GB-033286,False,1489
GB-033287,False,1353
GB-033288,True,946
GB-033289,True,873
GB-033290,False,1102
GB-033291,True,526
GB-033292,False,1445
GB-033293,False,1309
GB-033294,False,1025
GB-033295,True,35
GB-033296,False,79
GB-033297,False,1391
GB-033298,False,946
GB-033299,False,420
GB-033300,False,1272
GB-033301,False,1116
GB-033302,False,727
GB-033303,True,1335
GB-033304,True,29
GB-033305,True,91
GB-033306,False,83
GB-033307,False,337
GB-033308,False,962
GB-033309,True,955
GB-033310,False,205
GB-033311,True,529
GB-033312,False,321
GB-033313,False,357
GB-033314,False,798
GB-033315,False,731
GB-033316,False,1301
GB-033317,False,151
GB-033318,True,756
GB-033319,False,1100
GB-033320,False,381
GB-033321,True,909
GB-033322,False,106
GB-033323,False,261
GB-033324,True,1487
GB-033325,False,983
GB-033326,False,1409
GB-033327,True,603
GB-033328,False,284
GB-033329,False,1264
GB-033330,False,687
GB-033331,False,1397
GB-033332,False,1025
GB-033333,False,1118
GB-033334,False,1169
GB-033335,False,696
GB-033336,False,1421
GB-033337,False,152
GB-033338,False,983
GB-033339,True,957
GB-033340,True,873
GB-033341,False,433
GB-033342,True,1086
GB-033343,True,142
GB-033344,True,425
GB-033345,False,793
GB-033346,False,541
GB-033347,False,557
GB-033348,True,69
GB-033349,False,315
GB-033350,True,928
GB-033351,False,1164
GB-033352,False,580
GB-033353,True,1065
GB-033354,True,530
GB-033355,False,1376
GB-033356,True,34
GB-033357,True,1175
GB-033358,True,617
GB-033359,False,1296
GB-033360,True,1295
GB-033361,True,1428
GB-033362,False,249
GB-033363,True,595
GB-033364,True,1046
GB-033365,True,350
GB-033366,False,90
GB-033367,False,1101
GB-033368,False,1362
GB-033369,True,1285
GB-033370,False,237
GB-033371,False,903
GB-033372,False,1215
GB-033373,False,829
GB-033374,False,632
GB-033375,False,977
GB-033376,False,133
GB-033377,True,567
GB-033378,True,369
GB-033379,False,560
GB-033380,True,375
GB-033381,False,508
GB-033382,True,306
GB-033383,False,517
GB-033384,False,547
GB-033385,False,1084
GB-033386,False,719
GB-033387,True,657
GB-033388,False,897
GB-033389,False,67
GB-033390,False,33
GB-033391,False,236
GB-033392,False,697
GB-033393,False,814
GB-033394,False,866
GB-033395,False,17
GB-033396,False,339
GB-033397,True,213
GB-033398,False,154
GB-033399,False,549
GB-033400,False,164
GB-033401,True,785
GB-033402,False,1253
GB-033403,False,1204
GB-033404,False,658
GB-033405,False,1226
GB-033406,False,1074
GB-033407,True,375
GB-033408,True,995
GB-033409,False,1338
GB-033410,True,1407
GB-033411,True,1452
GB-033412,False,365
GB-033413,False,1059
GB-033414,True,1328
GB-033415,False,1470
GB-033416,True,100
GB-033417,False,285
GB-033418,True,755
GB-033419,False,675
GB-033420,True,418
GB-033421,False,1366
GB-033422,True,823
GB-033423,True,1220
GB-033424,False,132
GB-033425,False,363
GB-033426,False,228
GB-033427,True,647
GB-033428,False,764
GB-033429,False,1298
GB-033430,True,16
GB-033431,True,126
GB-033432,True,266
GB-033433,False,1026
GB-033434,True,757
GB-033435,True,69
GB-033436,True,318
GB-033437,False,1161
GB-033438,False,1190
GB-033439,False,1039
GB-033440,False,650
GB-033441,False,508
GB-033442,False,1252
GB-033443,False,786
GB-033444,False,1035
GB-033445,False,53
GB-033446,False,938
GB-033447,False,65
GB-033448,False,427
GB-033449,False,1423
GB-033450,True,638
GB-033451,False,1338
GB-033452,True,573
GB-033453,True,494
GB-033454,True,761
GB-033455,True,43
GB-033456,False,1073
GB-033457,True,498
GB-033458,True,1060
GB-033459,True,1424
GB-033460,True,1064
GB-033461,False,940
GB-033462,True,1337
GB-033463,False,22
GB-033464,False,1332
GB-033465,False,90
GB-033466,True,209
GB-033467,False,851
GB-033468,False,10
GB-033469,True,1414
GB-033470,False,72
GB-033471,False,65
GB-033472,False,324
GB-033473,False,834
GB-033474,False,708
GB-033475,False,262
GB-033476,False,971
GB-033477,False,1271
GB-033478,True,1444
GB-033479,True,826
GB-033480,False,435
GB-033481,True,1244
GB-033482,True,1323
GB-033483,False,701
GB-033484,False,790
GB-033485,False,1084
GB-033486,False,448
GB-033487,False,1185
GB-033488,True,1309
GB-033489,False,1056
GB-033490,True,1212
GB-033491,False,241
GB-033492,False,1078
GB-033493,False,757
GB-033494,True,492
GB-033495,False,523
GB-033496,False,824
GB-033497,False,683
GB-033498,False,1177
GB-033499,False,345
GB-033500,True,1007
GB-033501,False,534
GB-033502,False,1262
GB-033503,False,301
GB-033504,False,1084
GB-033505,False,1239
GB-033506,True,1047
GB-033507,False,702
GB-033508,False,953
GB-033509,False,1205
GB-033510,True,662
GB-033511,False,1346
GB-033512,False,1488
GB-033513,False,451
GB-033514,True,932
GB-033515,False,398
GB-033516,False,721
GB-033517,False,138
GB-033518,True,450
GB-033519,True,883
GB-033520,False,1135
GB-033521,False,232
GB-033522,True,70
GB-033523,True,359
GB-033524,True,985
GB-033525,False,1074
GB-033526,True,742
GB-033527,True,1294
GB-033528,True,1360
GB-033529,False,1020
GB-033530,False,114
GB-033531,True,64
GB-033532,False,538
GB-033533,False,1161
GB-033534,True,891
GB-033535,False,242
GB-033536,False,680
GB-033537,False,657
GB-033538,False,1196
GB-033539,True,395
GB-033540,False,1069
GB-033541,False,1036
GB-033542,False,1101
GB-033543,False,1142
GB-033544,False,896
GB-033545,True,1496
GB-033546,False,620
GB-033547,False,856
GB-033548,False,143
GB-033549,False,93
GB-033550,True,984
GB-033551,False,964
GB-033552,True,105
GB-033553,False,1405
GB-033554,False,518
GB-033555,False,368
GB-033556,True,860
GB-033557,True,580
GB-033558,True,1468
GB-033559,False,303
GB-033560,False,939
GB-033561,False,472
GB-033562,True,736
GB-033563,True,196
GB-033564,True,364
GB-033565,False,878
GB-033566,False,102
GB-033567,True,1413
GB-033568,False,470
GB-033569,True,6
GB-033570,False,151
GB-033571,True,768
GB-033572,True,1074
GB-033573,False,86
GB-033574,True,1187
GB-033575,False,458
GB-033576,False,436
GB-033577,False,589
GB-033578,False,1326
GB-033579,False,221
GB-033580,False,1391
GB-033581,False,343
GB-033582,True,729
GB-033583,False,376
GB-033584,True,193
GB-033585,True,487
GB-033586,False,1432
GB-033587,True,409
GB-033588,False,1040
GB-033589,True,232
GB-033590,False,214
GB-033591,False,840
GB-033592,True,10
GB-033593,True,1344
GB-033594,True,802
GB-033595,False,377
GB-033596,False,724
GB-033597,True,445
GB-033598,False,1099
GB-033599,False,282
GB-033600,False,955
GB-033601,True,95
GB-033602,False,51
GB-033603,True,431
GB-033604,False,808
GB-033605,False,1391
GB-033606,False,117
GB-033607,True,799
GB-033608,False,139
GB-033609,False,376
GB-033610,True,1258
GB-033611,True,751
GB-033612,True,1018
GB-033613,False,393
GB-033614,False,1243
GB-033615,False,1419
GB-033616,False,1450
GB-033617,True,838
GB-033618,True,1316
GB-033619,False,1228
GB-033620,False,192
GB-033621,True,413
GB-033622,True,69
GB-033623,False,58
GB-033624,False,185
GB-033625,True,1314
GB-033626,False,1119
GB-033627,True,755
GB-033628,False,1017
GB-033629,False,1376
GB-033630,True,698
GB-033631,True,483
GB-033632,False,833
GB-033633,False,1062
GB-033634,False,94
GB-033635,False,1080
GB-033636,True,412
GB-033637,False,722
GB-033638,False,1419
GB-033639,True,802
GB-033640,True,1159
GB-033641,False,924
GB-033642,False,1353
GB-033643,True,373
GB-033644,True,317
GB-033645,False,871
GB-033646,False,221
GB-033647,False,375
GB-033648,True,1418
GB-033649,True,202
GB-033650,True,546
GB-033651,True,1247
GB-033652,True,443
GB-033653,True,478
GB-033654,False,155
GB-033655,True,144
GB-033656,False,419
GB-033657,False,1493
GB-033658,True,435
GB-033659,False,321
GB-033660,False,782
GB-033661,False,864
GB-033662,False,1040
GB-033663,False,1027
GB-033664,False,1239
GB-033665,True,361
GB-033666,False,999
GB-033667,True,635
GB-033668,False,1064
GB-033669,False,409
GB-033670,False,1355
GB-033671,False,655
GB-033672,True,44
GB-033673,False,841
GB-033674,True,282
GB-033675,False,360
GB-033676,False,752
GB-033677,False,1227
GB-033678,False,433
GB-033679,False,433
GB-033680,False,1094
GB-033681,False,116
GB-033682,False,654
GB-033683,False,701
GB-033684,False,1098
GB-033685,True,1382
GB-033686,False,941
GB-033687,False,1183
GB-033688,False,1228
GB-033689,False,902
GB-033690,False,613
GB-033691,False,1481
GB-033692,False,595
GB-033693,False,1361
GB-033694,True,293
GB-033695,False,442
GB-033696,True,1258
GB-033697,False,269
GB-033698,True,434
GB-033699,True,95
GB-033700,False,1365
GB-033701,False,545
GB-033702,True,1132
GB-033703,False,1313
GB-033704,False,517
GB-033705,False,269
GB-033706,False,997
GB-033707,False,117
GB-033708,True,1043
GB-033709,True,461
GB-033710,False,168
GB-033711,True,572
GB-033712,False,553
GB-033713,False,1397
GB-033714,True,181
GB-033715,True,653
GB-033716,False,1214
GB-033717,False,1488
GB-033718,False,261
GB-033719,False,1206
GB-033720,False,1114
GB-033721,False,656
GB-033722,False,260
GB-033723,False,213
GB-033724,False,85
GB-033725,False,1201
GB-033726,True,499
GB-033727,True,1151
GB-033728,False,321
GB-033729,False,274
GB-033730,False,881
GB-033731,False,815
GB-033732,True,1484
GB-033733,False,88
GB-033734,False,474
GB-033735,False,598
GB-033736,False,182
GB-033737,True,1297
GB-033738,True,443
GB-033739,False,919
GB-033740,False,149
GB-033741,False,1003
GB-033742,True,337
GB-033743,True,699
GB-033744,False,1417
GB-033745,False,222
GB-033746,True,1355
GB-033747,False,780
GB-033748,False,611
GB-033749,False,167
GB-033750,False,1452
GB-033751,False,179
GB-033752,True,1413
GB-033753,False,46
GB-033754,False,1143
GB-033755,True,801
GB-033756,False,451
GB-033757,True,900
GB-033758,False,251
GB-033759,False,1219
GB-033760,False,918
GB-033761,True,1192
GB-033762,True,1348
GB-033763,True,921
GB-033764,True,283
GB-033765,False,48
GB-033766,False,539
GB-033767,True,863
GB-033768,False,1005
GB-033769,True,726
GB-033770,True,1139
GB-033771,False,1087
GB-033772,False,342
GB-033773,True,1123
GB-033774,False,1160
GB-033775,False,16
GB-033776,True,599
GB-033777,False,1150
GB-033778,True,923
GB-033779,False,658
GB-033780,False,541
GB-033781,False,805
GB-033782,False,614
GB-033783,True,875
GB-033784,False,206
GB-033785,False,733
GB-033786,False,334
GB-033787,False,821
GB-033788,False,139
GB-033789,False,597
GB-033790,True,661
GB-033791,False,850
GB-033792,False,4
GB-033793,True,187
GB-033794,True,740
GB-033795,True,335
GB-033796,False,713
GB-033797,True,1320
GB-033798,False,838
GB-033799,True,1035
GB-033800,False,230
GB-033801,True,844
GB-033802,False,406
GB-033803,False,211
GB-033804,False,1382
GB-033805,False,1128
GB-033806,False,338
GB-033807,False,116
GB-033808,True,909
GB-033809,False,457
GB-033810,False,1446
GB-033811,False,1433
GB-033812,False,705
GB-033813,True,49
GB-033814,False,1420
GB-033815,False,251
GB-033816,True,39
GB-033817,False,147
GB-033818,False,1402
GB-033819,False,778
GB-033820,False,1413
GB-033821,True,1219
GB-033822,True,136
GB-033823,False,858
GB-033824,False,217
GB-033825,False,1410
GB-033826,True,1142
GB-033827,False,792
GB-033828,False,1048
GB-033829,True,600
GB-033830,True,1118
GB-033831,True,823
GB-033832,False,1158
GB-033833,False,1142
GB-033834,True,501
GB-033835,False,93
GB-033836,True,732
GB-033837,True,124
GB-033838,False,1438
GB-033839,True,962
GB-033840,True,1079
GB-033841,True,452
GB-033842,False,986
GB-033843,False,752
GB-033844,True,617
GB-033845,False,471
GB-033846,False,293
GB-033847,True,477
GB-033848,True,1199
GB-033849,False,1213
GB-033850,True,1149
GB-033851,False,526
GB-033852,True,1353
GB-033853,True,1397
GB-033854,True,970
GB-033855,True,1204
GB-033856,False,118
GB-033857,False,617
GB-033858,True,561
GB-033859,False,1475
GB-033860,False,729
GB-033861,False,275
GB-033862,True,1079
GB-033863,False,44
GB-033864,False,1179
GB-033865,False,699
GB-033866,False,941
GB-033867,True,1
GB-033868,False,1297
GB-033869,True,627
GB-033870,False,624
GB-033871,True,309
GB-033872,False,195
GB-033873,False,261
GB-033874,True,498
GB-033875,True,1325
GB-033876,True,1035
GB-033877,True,956
GB-033878,True,814
GB-033879,False,1073
GB-033880,False,591
GB-033881,False,1304
GB-033882,False,1018
GB-033883,False,111
GB-033884,False,924
GB-033885,False,1080
GB-033886,True,1465
GB-033887,True,1221
GB-033888,True,1259
GB-033889,False,847
GB-033890,False,1337
GB-033891,False,802
GB-033892,False,1493
GB-033893,False,1227
GB-033894,True,735
GB-033895,False,1216
GB-033896,True,12
GB-033897,False,629
GB-033898,False,579
GB-033899,False,712
GB-033900,False,795
GB-033901,False,952
GB-033902,False,1407
GB-033903,False,7
GB-033904,True,569
GB-033905,True,610
GB-033906,False,406
GB-033907,False,1291
GB-033908,True,87
GB-033909,False,550
GB-033910,False,415
GB-033911,False,1198
GB-033912,False,325
GB-033913,True,789
GB-033914,True,735
GB-033915,True,500
GB-033916,False,470
GB-033917,True,103
GB-033918,True,50
GB-033919,True,397
GB-033920,False,1180
GB-033921,True,1228
GB-033922,False,641
GB-033923,False,1275
GB-033924,True,1445
GB-033925,True,817
GB-033926,False,1159
GB-033927,False,677
GB-033928,False,1091
GB-033929,True,1206
GB-033930,True,1472
GB-033931,False,432
GB-033932,True,909
GB-033933,True,772
GB-033934,False,1272
GB-033935,True,1471
GB-033936,False,633
GB-033937,True,50
GB-033938,True,1384
GB-033939,False,1279
GB-033940,False,741
GB-033941,False,300
GB-033942,True,284
GB-033943,True,563
GB-033944,False,384
GB-033945,True,497
GB-033946,False,943
GB-033947,True,645
GB-033948,False,1118
GB-033949,False,1318
GB-033950,True,1040
GB-033951,True,299
GB-033952,False,950
GB-033953,True,670
GB-033954,True,124
GB-033955,True,641
GB-033956,False,1296
GB-033957,False,184
GB-033958,False,2
GB-033959,True,1160
GB-033960,False,366
GB-033961,False,1478
GB-033962,False,1176
GB-033963,False,300
GB-033964,True,182
GB-033965,True,1060
GB-033966,False,445
GB-033967,False,209
GB-033968,False,1303
GB-033969,True,1292
GB-033970,True,1066
GB-033971,False,620
GB-033972,True,1123
GB-033973,False,164
GB-033974,False,817
GB-033975,True,835
GB-033976,True,573
GB-033977,False,141
GB-033978,False,892
GB-033979,False,537
GB-033980,False,908
GB-033981,True,1463
GB-033982,True,534
GB-033983,False,955
GB-033984,False,1489
GB-033985,True,680
GB-033986,False,1428
GB-033987,False,949
GB-033988,False,1189
GB-033989,True,1364
GB-033990,False,1264
GB-033991,True,1119
GB-033992,True,754
GB-033993,False,688
GB-033994,True,776
GB-033995,False,199
GB-033996,True,1470
GB-033997,False,1430
GB-033998,False,1423
GB-033999,False,273
GB-034000,False,42
GB-034001,False,460
GB-034002,False,49
GB-034003,True,967
GB-034004,True,1185
GB-034005,False,559
GB-034006,False,152
GB-034007,True,108
GB-034008,False,1043
GB-034009,False,120
GB-034010,True,1275
GB-034011,True,20
GB-034012,False,77
GB-034013,False,788
GB-034014,False,1001
GB-034015,True,1222
GB-034016,True,248
GB-034017,False,511
GB-034018,False,22
GB-034019,False,890
GB-034020,False,553
GB-034021,True,5
GB-034022,False,232
GB-034023,False,1322
GB-034024,True,1190
GB-034025,True,503
GB-034026,True,14
GB-034027,True,1126
GB-034028,False,1105
GB-034029,True,1053
GB-034030,True,782
GB-034031,False,1116
GB-034032,False,885
GB-034033,True,1424
GB-034034,True,908
GB-034035,True,1383
GB-034036,True,1113
GB-034037,False,1242
GB-034038,False,353
GB-034039,False,863
GB-034040,False,1495
GB-034041,True,1336
GB-034042,False,196
GB-034043,False,1089
GB-034044,True,281
GB-034045,False,721
GB-034046,True,684
GB-034047,True,67
GB-034048,False,704
GB-034049,True,1237
GB-034050,True,1301
GB-034051,True,412
GB-034052,False,564
GB-034053,True,462
GB-034054,True,1303
GB-034055,True,288
GB-034056,False,1145
GB-034057,True,1316
GB-034058,False,1167
GB-034059,False,978
GB-034060,False,551
GB-034061,True,360
GB-034062,False,595
GB-034063,False,360
GB-034064,False,129
GB-034065,True,744
GB-034066,False,1180
GB-034067,True,577
GB-034068,False,809
GB-034069,False,332
GB-034070,True,478
GB-034071,False,150
GB-034072,True,850
GB-034073,False,272
GB-034074,False,138
GB-034075,False,82
GB-034076,True,1291
GB-034077,False,902
GB-034078,True,790
GB-034079,False,594
GB-034080,True,809
GB-034081,True,714
GB-034082,False,1289
GB-034083,False,1325
GB-034084,False,640
GB-034085,True,1374
GB-034086,True,1151
GB-034087,True,1403
GB-034088,True,488
GB-034089,False,889
GB-034090,True,958
GB-034091,True,1410
GB-034092,False,1466
GB-034093,True,1070
GB-034094,True,356
GB-034095,True,555
GB-034096,False,92
GB-034097,False,151
GB-034098,False,960
GB-034099,True,618
GB-034100,False,1015
GB-034101,False,642
GB-034102,False,448
GB-034103,False,595
GB-034104,False,779
GB-034105,False,1350
GB-034106,False,1220
GB-034107,False,473
GB-034108,False,553
GB-034109,False,140
GB-034110,True,485
GB-034111,True,1454
GB-034112,False,717
GB-034113,False,576
GB-034114,False,622
GB-034115,True,965
GB-034116,False,443
GB-034117,False,66
GB-034118,True,167
GB-034119,False,241
GB-034120,False,616
GB-034121,False,791
GB-034122,False,75
GB-034123,False,539
GB-034124,True,267
GB-034125,False,791
GB-034126,True,123
GB-034127,True,392
GB-034128,False,1046
GB-034129,False,88
GB-034130,True,269
GB-034131,False,309
GB-034132,False,797
GB-034133,False,1126
GB-034134,False,930
GB-034135,False,502
GB-034136,True,1289
GB-034137,False,160
GB-034138,False,1217
GB-034139,True,1095
GB-034140,True,1324
GB-034141,False,426
GB-034142,False,1121
GB-034143,True,1254
GB-034144,True,182
GB-034145,True,41
GB-034146,False,140
GB-034147,False,747
GB-034148,False,233
GB-034149,False,1376
GB-034150,False,951
GB-034151,True,932
GB-034152,True,811
GB-034153,False,364
GB-034154,False,1148
GB-034155,False,1354
GB-034156,False,701
GB-034157,True,1195
GB-034158,True,1498
GB-034159,False,396
GB-034160,False,789
GB-034161,False,511
GB-034162,False,153
GB-034163,False,526
GB-034164,True,142
GB-034165,False,35
GB-034166,False,660
GB-034167,True,888
GB-034168,True,481
GB-034169,True,774
GB-034170,True,656
GB-034171,True,1298
GB-034172,False,1043
GB-034173,True,1447
GB-034174,False,883
GB-034175,False,1399
GB-034176,False,1370
GB-034177,True,1364
GB-034178,False,281
GB-034179,True,41
GB-034180,False,1270
GB-034181,False,1056
GB-034182,True,165
GB-034183,True,785
GB-034184,False,1417
GB-034185,False,1198
GB-034186,False,1002
GB-034187,False,912
GB-034188,True,584
GB-034189,False,508
GB-034190,True,1417
GB-034191,True,733
GB-034192,True,230
GB-034193,True,1327
GB-034194,False,1167
GB-034195,True,651
GB-034196,False,939
GB-034197,False,431
GB-034198,False,1143
GB-034199,False,222
GB-034200,False,1034
GB-034201,True,337
GB-034202,False,1414
GB-034203,False,871
GB-034204,False,131
GB-034205,False,661
GB-034206,False,749
GB-034207,False,188
GB-034208,False,348
GB-034209,False,405
GB-034210,False,43
GB-034211,False,141
GB-034212,False,1093
GB-034213,False,1281
GB-034214,True,1280
GB-034215,False,1298
GB-034216,False,1403
GB-034217,False,1414
GB-034218,False,77
GB-034219,False,565
GB-034220,True,1421
GB-034221,True,591
GB-034222,False,1481
GB-034223,False,413
GB-034224,False,1035
GB-034225,True,741
GB-034226,False,809
GB-034227,False,150
GB-034228,False,865
GB-034229,True,1184
GB-034230,False,1074
GB-034231,True,1067
GB-034232,False,890
GB-034233,False,884
GB-034234,True,962
GB-034235,True,810
GB-034236,True,834
GB-034237,True,976
GB-034238,True,1353
GB-034239,True,725
GB-034240,False,787
GB-034241,True,347
GB-034242,False,41
GB-034243,True,1487
GB-034244,True,17
GB-034245,False,1460
GB-034246,False,1366
GB-034247,False,498
GB-034248,False,1056
GB-034249,False,962
GB-034250,False,421
GB-034251,False,662
GB-034252,False,312
GB-034253,False,1328
GB-034254,False,1074
GB-034255,False,1238
GB-034256,True,432
GB-034257,False,521
GB-034258,True,44
GB-034259,False,196
GB-034260,False,24
GB-034261,False,613
GB-034262,False,250
GB-034263,True,972
GB-034264,True,1462
GB-034265,False,208
GB-034266,False,1381
GB-034267,True,255
GB-034268,False,882
GB-034269,True,671
GB-034270,False,263
GB-034271,False,219
GB-034272,False,1394
GB-034273,True,320
GB-034274,False,179
GB-034275,False,869
GB-034276,False,218
GB-034277,False,346
GB-034278,True,279
GB-034279,False,528
GB-034280,False,324
GB-034281,False,1415
GB-034282,False,561
GB-034283,True,1282
GB-034284,False,1437
GB-034285,False,1125
GB-034286,True,183
GB-034287,True,124
GB-034288,False,114
GB-034289,True,166
GB-034290,True,856
GB-034291,False,1073
GB-034292,True,553
GB-034293,False,875
GB-034294,False,857
GB-034295,True,1357
GB-034296,False,552
GB-034297,True,1206
GB-034298,False,582
GB-034299,True,222
GB-034300,False,273
GB-034301,False,364
GB-034302,False,891
GB-034303,False,1046
GB-034304,True,359
GB-034305,True,1143
GB-034306,True,1120
GB-034307,True,852
GB-034308,False,228
GB-034309,False,946
GB-034310,False,831
GB-034311,False,927
GB-034312,False,1062
GB-034313,False,564
GB-034314,True,1340
GB-034315,False,872
GB-034316,False,327
GB-034317,True,135
GB-034318,True,482
GB-034319,True,1068
GB-034320,False,694
GB-034321,False,664
GB-034322,False,181
GB-034323,True,1361
GB-034324,False,1250
GB-034325,True,76
GB-034326,False,1212
GB-034327,True,166
GB-034328,True,484
GB-034329,False,748
GB-034330,False,1040
GB-034331,True,49
GB-034332,False,52
GB-034333,False,854
GB-034334,True,478
GB-034335,False,660
GB-034336,False,924
GB-034337,False,989
GB-034338,True,1376
GB-034339,True,516
GB-034340,False,383
GB-034341,True,552
GB-034342,True,476
GB-034343,False,641
GB-034344,False,540
GB-034345,False,1114
GB-034346,False,677
GB-034347,False,1343
GB-034348,True,1484
GB-034349,True,518
GB-034350,True,396
GB-034351,False,340
GB-034352,True,24
GB-034353,True,1432
GB-034354,True,317
GB-034355,False,1312
GB-034356,True,546
GB-034357,False,404
GB-034358,False,883
GB-034359,True,1250
GB-034360,False,848
GB-034361,False,1477
GB-034362,False,267
GB-034363,False,852
GB-034364,False,1088
GB-034365,True,1032
GB-034366,False,263
GB-034367,True,120
GB-034368,True,1451
GB-034369,False,790
GB-034370,True,893
GB-034371,False,215
GB-034372,False,1281
GB-034373,False,853
GB-034374,False,1243
GB-034375,False,113
GB-034376,False,511
GB-034377,True,404
GB-034378,False,1352
GB-034379,False,472
GB-034380,False,489
GB-034381,False,422
GB-034382,True,1142
GB-034383,True,1183
GB-034384,True,1034
GB-034385,True,37
GB-034386,False,1093
GB-034387,True,927
GB-034388,False,1357
GB-034389,False,639
GB-034390,True,513
GB-034391,False,975
GB-034392,False,929
GB-034393,False,1056
GB-034394,True,1045
GB-034395,True,378
GB-034396,False,744
GB-034397,False,866
GB-034398,False,278
GB-034399,False,1260
GB-034400,False,350
GB-034401,True,1378
GB-034402,False,847
GB-034403,True,788
GB-034404,False,92
GB-034405,False,1030
GB-034406,True,1438
GB-034407,False,66
GB-034408,True,1111
GB-034409,False,92
GB-034410,False,494
GB-034411,True,267
GB-034412,False,1244
GB-034413,True,107
GB-034414,False,510
GB-034415,True,306
GB-034416,True,311
GB-034417,False,899
GB-034418,False,363
GB-034419,False,237
GB-034420,True,679
GB-034421,False,175
GB-034422,True,975
GB-034423,False,1259
GB-034424,False,770
GB-034425,False,1348
GB-034426,True,1221
GB-034427,True,826
GB-034428,False,28
GB-034429,True,587
GB-034430,True,369
GB-034431,True,885
GB-034432,False,1143
GB-034433,True,588
GB-034434,False,1388
GB-034435,True,705
GB-034436,False,1176
GB-034437,True,230
GB-034438,True,709
GB-034439,True,388
GB-034440,True,915
GB-034441,True,51
GB-034442,True,1311
GB-034443,True,1304
GB-034444,True,943
GB-034445,False,310
GB-034446,False,1215
GB-034447,False,1088
GB-034448,False,173
GB-034449,True,537
GB-034450,False,576
GB-034451,False,1209
GB-034452,True,331
GB-034453,False,752
GB-034454,True,1084
GB-034455,False,829
GB-034456,True,467
GB-034457,True,662
GB-034458,True,151
GB-034459,True,235
GB-034460,False,1086
GB-034461,False,494
GB-034462,False,602
GB-034463,True,1078
GB-034464,False,825
GB-034465,False,1082
GB-034466,False,855
GB-034467,True,756
GB-034468,False,598
GB-034469,True,1017
GB-034470,True,485
GB-034471,False,1049
GB-034472,True,1218
GB-034473,False,281
GB-034474,False,970
GB-034475,False,141
GB-034476,True,288
GB-034477,False,535
GB-034478,False,1032
GB-034479,True,612
GB-034480,True,993
GB-034481,True,1300
GB-034482,False,1250
GB-034483,True,267
GB-034484,False,646
GB-034485,False,690
GB-034486,False,1190
GB-034487,False,1024
GB-034488,True,409
GB-034489,False,1055
GB-034490,False,22
GB-034491,False,326
GB-034492,False,815
GB-034493,True,1400
GB-034494,False,1347
GB-034495,False,731
GB-034496,False,422
GB-034497,False,36
GB-034498,True,992
GB-034499,False,1499
GB-034500,False,542
GB-034501,False,807
GB-034502,True,378
GB-034503,True,1050
GB-034504,False,809
GB-034505,False,1353
GB-034506,True,995
GB-034507,False,28
GB-034508,True,224
GB-034509,False,216
GB-034510,False,1189
GB-034511,False,1452
GB-034512,False,838
GB-034513,True,171
GB-034514,False,1416
GB-034515,False,339
GB-034516,True,492
GB-034517,True,271
GB-034518,False,1449
GB-034519,True,1060
GB-034520,False,351
GB-034521,False,883
GB-034522,True,519
GB-034523,False,368
GB-034524,False,548
GB-034525,False,807
GB-034526,False,192
GB-034527,True,1124
GB-034528,False,31
GB-034529,False,97
GB-034530,True,713
GB-034531,False,642
GB-034532,True,200
GB-034533,True,3
GB-034534,False,1259
GB-034535,False,1421
GB-034536,False,99
GB-034537,False,392
GB-034538,False,720
GB-034539,False,1022
GB-034540,False,14
GB-034541,False,356
GB-034542,True,1130
GB-034543,True,397
GB-034544,True,63
GB-034545,False,541
GB-034546,False,764
GB-034547,False,287
GB-034548,False,637
GB-034549,False,1484
GB-034550,False,1455
GB-034551,True,1230
GB-034552,False,806
GB-034553,False,112
GB-034554,False,1242
GB-034555,True,1098
GB-034556,True,647
GB-034557,False,1378
GB-034558,False,1057
GB-034559,False,747
GB-034560,False,566
GB-034561,False,875
GB-034562,True,720
GB-034563,True,1394
GB-034564,True,38
GB-034565,True,486
GB-034566,False,1495
GB-034567,True,398
GB-034568,True,1173
GB-034569,True,947
GB-034570,False,84
GB-034571,False,916
GB-034572,True,608
GB-034573,True,76
GB-034574,True,1070
GB-034575,True,436
GB-034576,False,1491
GB-034577,False,702
GB-034578,False,1331
GB-034579,True,1049
GB-034580,False,593
GB-034581,True,503
GB-034582,True,124
GB-034583,False,1130
GB-034584,False,1461
GB-034585,False,802
GB-034586,True,797
GB-034587,True,1463
GB-034588,True,496
GB-034589,True,65
GB-034590,True,306
GB-034591,True,949
GB-034592,True,292
GB-034593,False,1301
GB-034594,False,460
GB-034595,True,892
GB-034596,False,883
GB-034597,False,603
GB-034598,False,633
GB-034599,True,390
GB-034600,True,513
GB-034601,False,1128
GB-034602,True,134
GB-034603,True,1181
GB-034604,True,959
GB-034605,False,952
GB-034606,False,182
GB-034607,False,1270
GB-034608,False,897
GB-034609,False,649
GB-034610,False,644
GB-034611,False,680
GB-034612,False,841
GB-034613,True,866
GB-034614,True,994
GB-034615,True,495
GB-034616,False,990
GB-034617,True,1367
GB-034618,False,1165
GB-034619,True,910
GB-034620,False,443
GB-034621,False,850
GB-034622,True,749
GB-034623,True,395
GB-034624,False,685
GB-034625,True,382
GB-034626,False,292
GB-034627,False,393
GB-034628,False,1273
GB-034629,True,889
GB-034630,True,278
GB-034631,False,859
GB-034632,False,757
GB-034633,False,89
GB-034634,True,625
GB-034635,True,401
GB-034636,False,1462
GB-034637,True,75
GB-034638,True,1371
GB-034639,False,447
GB-034640,True,1043
GB-034641,False,60
GB-034642,True,1395
GB-034643,False,770
GB-034644,True,559
GB-034645,False,737
GB-034646,True,862
GB-034647,False,669
GB-034648,False,730
GB-034649,True,264
GB-034650,True,434
GB-034651,False,1102
GB-034652,False,781
GB-034653,False,562
GB-034654,False,505
GB-034655,True,871
GB-034656,False,420
GB-034657,False,1384
GB-034658,False,647
GB-034659,False,323
GB-034660,True,986
GB-034661,True,1356
GB-034662,True,1310
GB-034663,False,152
GB-034664,False,341
GB-034665,True,603
GB-034666,True,257
GB-034667,True,454
GB-034668,False,1402
GB-034669,True,1017
GB-034670,False,98
GB-034671,False,712
GB-034672,True,304
GB-034673,True,1183
GB-034674,True,1229
GB-034675,False,1314
GB-034676,True,19
GB-034677,False,1466
GB-034678,False,695
GB-034679,True,1428
GB-034680,True,452
GB-034681,True,868
GB-034682,True,468
GB-034683,True,1383
GB-034684,True,1470
GB-034685,False,48
GB-034686,False,352
GB-034687,False,139
GB-034688,False,1278
GB-034689,False,905
GB-034690,True,324
GB-034691,True,591
GB-034692,True,82
GB-034693,True,863
GB-034694,True,698
GB-034695,True,701
GB-034696,False,742
GB-034697,True,1159
GB-034698,False,220
GB-034699,False,698
GB-034700,True,612
GB-034701,False,979
GB-034702,True,1158
GB-034703,False,965
GB-034704,False,625
GB-034705,False,872
GB-034706,False,694
GB-034707,False,275
GB-034708,True,99
GB-034709,False,253
GB-034710,False,394
GB-034711,True,1424
GB-034712,True,186
GB-034713,True,563
GB-034714,False,102
GB-034715,True,901
GB-034716,False,1001
GB-034717,False,123
GB-034718,True,833
GB-034719,False,349
GB-034720,False,1013
GB-034721,True,1260
GB-034722,True,44
GB-034723,False,277
GB-034724,False,85
GB-034725,False,1202
GB-034726,False,198
GB-034727,False,1323
GB-034728,True,1305
GB-034729,False,429
GB-034730,False,22
GB-034731,False,338
GB-034732,False,100
GB-034733,True,1460
GB-034734,False,842
GB-034735,False,864
GB-034736,True,631
GB-034737,False,1262
GB-034738,False,61
GB-034739,True,979
GB-034740,True,1047
GB-034741,False,436
GB-034742,False,994
GB-034743,True,270
GB-034744,False,1014
GB-034745,False,755
GB-034746,False,822
GB-034747,False,669
GB-034748,True,59
GB-034749,False,205
GB-034750,True,1183
GB-034751,False,1107
GB-034752,True,1007
GB-034753,False,456
GB-034754,True,833
GB-034755,False,1065
GB-034756,False,652
GB-034757,True,433
GB-034758,False,650
GB-034759,True,739
GB-034760,False,1291
GB-034761,True,610
GB-034762,True,1317
GB-034763,True,1075
GB-034764,True,1368
GB-034765,False,594
GB-034766,False,358
GB-034767,False,133
GB-034768,True,76
GB-034769,True,479
GB-034770,False,514
GB-034771,False,503
GB-034772,False,962
GB-034773,False,562
GB-034774,False,975
GB-034775,True,835
GB-034776,False,798
GB-034777,True,234
GB-034778,False,1314
GB-034779,False,1350
GB-034780,False,376
GB-034781,True,104
GB-034782,False,1178
GB-034783,True,946
GB-034784,False,552
GB-034785,False,1331
GB-034786,False,446
GB-034787,False,854
GB-034788,True,5
GB-034789,False,2
GB-034790,False,532
GB-034791,False,667
GB-034792,True,1046
GB-034793,False,470
GB-034794,False,323
GB-034795,False,259
GB-034796,False,279
GB-034797,True,900
GB-034798,True,411
GB-034799,True,878
GB-034800,False,640
GB-034801,True,267
GB-034802,False,730
GB-034803,True,1068
GB-034804,False,1023
GB-034805,False,927
GB-034806,True,1022
GB-034807,False,536
GB-034808,True,401
GB-034809,False,1234
GB-034810,True,982
GB-034811,False,463
GB-034812,False,584
GB-034813,False,556
GB-034814,False,869
GB-034815,True,547
GB-034816,True,1058
GB-034817,True,1210
GB-034818,False,872
GB-034819,False,510
GB-034820,False,1125
GB-034821,True,1206
GB-034822,True,383
GB-034823,True,197
GB-034824,False,280
GB-034825,False,864
GB-034826,True,208
GB-034827,True,298
GB-034828,False,1070
GB-034829,False,320
GB-034830,False,1374
GB-034831,False,358
GB-034832,False,1224
GB-034833,False,99
GB-034834,False,245
GB-034835,False,500
GB-034836,False,1288
GB-034837,True,545
GB-034838,True,939
GB-034839,False,587
GB-034840,False,605
GB-034841,False,882
GB-034842,True,1351
GB-034843,True,1001
GB-034844,True,1339
GB-034845,False,252
GB-034846,False,808
GB-034847,False,170
GB-034848,False,161
GB-034849,True,627
GB-034850,False,56
GB-034851,False,753
GB-034852,False,699
GB-034853,False,933
GB-034854,True,978
GB-034855,False,1118
GB-034856,True,1092
GB-034857,True,1374
GB-034858,False,886
GB-034859,False,62
GB-034860,True,1161
GB-034861,False,1339
GB-034862,False,663
GB-034863,False,324
GB-034864,False,357
GB-034865,True,723
GB-034866,False,1107
GB-034867,False,1354
GB-034868,False,1398
GB-034869,True,419
GB-034870,False,228
GB-034871,True,98
GB-034872,False,917
GB-034873,True,1155
GB-034874,True,1075
GB-034875,True,1065
GB-034876,False,246
GB-034877,False,306
GB-034878,True,1372
GB-034879,False,606
GB-034880,False,1311
GB-034881,False,797
GB-034882,True,830
GB-034883,False,1114
GB-034884,True,53
GB-034885,True,248
GB-034886,False,409
GB-034887,True,90
GB-034888,False,698
GB-034889,False,1425
GB-034890,True,205
GB-034891,False,1336
GB-034892,True,438
GB-034893,False,865
GB-034894,False,861
GB-034895,False,935
GB-034896,True,1044
GB-034897,False,643
GB-034898,True,1183
GB-034899,False,1321
GB-034900,False,867
GB-034901,False,575
GB-034902,False,797
GB-034903,False,1261
GB-034904,True,1235
GB-034905,True,1260
GB-034906,False,619
GB-034907,True,1433
GB-034908,True,755
GB-034909,True,890
GB-034910,True,394
GB-034911,True,793
GB-034912,False,649
GB-034913,True,304
GB-034914,True,974
GB-034915,True,258
GB-034916,False,1322
GB-034917,False,621
GB-034918,True,195
GB-034919,True,695
GB-034920,False,257
GB-034921,False,952
GB-034922,False,151
GB-034923,False,846
GB-034924,False,1263
GB-034925,True,535
GB-034926,True,1487
GB-034927,False,800
GB-034928,True,856
GB-034929,True,1139
GB-034930,False,653
GB-034931,True,1222
GB-034932,False,1384
GB-034933,True,317
GB-034934,True,1394
GB-034935,False,908
GB-034936,False,1135
GB-034937,False,529
GB-034938,True,1493
GB-034939,False,1366
GB-034940,True,1106
GB-034941,True,1162
GB-034942,True,1116
GB-034943,True,740
GB-034944,True,888
GB-034945,False,39
GB-034946,False,1329
GB-034947,False,879
GB-034948,False,14
GB-034949,True,520
GB-034950,True,1461
GB-034951,True,1333
GB-034952,True,481
GB-034953,False,711
GB-034954,True,104
GB-034955,False,1321
GB-034956,False,1313
GB-034957,False,1049
GB-034958,False,531
GB-034959,False,1036
GB-034960,False,929
GB-034961,False,342
GB-034962,False,421
GB-034963,True,1302
GB-034964,True,1048
GB-034965,False,925
GB-034966,True,791
GB-034967,False,963
GB-034968,False,962
GB-034969,False,1471
GB-034970,True,630
GB-034971,True,40
GB-034972,False,603
GB-034973,False,1227
GB-034974,True,1091
GB-034975,False,1062
GB-034976,False,1123
GB-034977,True,871
GB-034978,False,1123
GB-034979,False,1150
GB-034980,True,402
GB-034981,True,852
GB-034982,False,1065
GB-034983,False,166
GB-034984,False,802
GB-034985,True,166
GB-034986,False,1387
GB-034987,False,984
GB-034988,False,1254
GB-034989,False,382
GB-034990,True,939
GB-034991,True,722
GB-034992,False,783
GB-034993,False,141
GB-034994,False,43
GB-034995,False,1082
GB-034996,True,1114
GB-034997,False,1383
GB-034998,True,56
GB-034999,False,338
GB-035000,True,1377
GB-035001,False,1012
GB-035002,False,1255
GB-035003,False,1003
GB-035004,False,242
GB-035005,False,937
GB-035006,False,1177
GB-035007,True,1369
GB-035008,True,266
GB-035009,False,915
GB-035010,True,709
GB-035011,True,479
GB-035012,False,906
GB-035013,True,638
GB-035014,False,101
GB-035015,False,345
GB-035016,False,862
GB-035017,False,1325
GB-035018,False,1201
GB-035019,True,517
GB-035020,True,1453
GB-035021,False,1018
GB-035022,False,1293
GB-035023,False,461
GB-035024,True,252
GB-035025,False,714
GB-035026,False,1423
GB-035027,False,759
GB-035028,False,181
GB-035029,True,336
GB-035030,False,248
GB-035031,True,1022
GB-035032,True,1279
GB-035033,True,1280
GB-035034,True,1046
GB-035035,False,976
GB-035036,False,1356
GB-035037,False,232
GB-035038,False,1179
GB-035039,True,1124
GB-035040,True,319
GB-035041,True,522
GB-035042,False,867
GB-035043,False,899
GB-035044,True,450
GB-035045,True,279
GB-035046,True,1110
GB-035047,False,633
GB-035048,False,24
GB-035049,False,1012
GB-035050,False,627
GB-035051,False,602
GB-035052,False,41
GB-035053,True,1229
GB-035054,True,1356
GB-035055,False,436
GB-035056,False,1218
GB-035057,False,755
GB-035058,True,202
GB-035059,True,1015
GB-035060,False,663
GB-035061,True,350
GB-035062,True,85
GB-035063,True,293
GB-035064,False,349
GB-035065,True,1223
GB-035066,False,1035
GB-035067,True,1145
GB-035068,True,1073
GB-035069,False,602
GB-035070,False,1340
GB-035071,False,988
GB-035072,True,1108
GB-035073,True,237
GB-035074,False,187
GB-035075,False,1244
GB-035076,False,1235
GB-035077,True,1155
GB-035078,False,800
GB-035079,False,1169
GB-035080,False,332
GB-035081,True,928
GB-035082,True,412
GB-035083,False,401
GB-035084,False,320
GB-035085,False,1127
GB-035086,True,421
GB-035087,False,234
GB-035088,False,649
GB-035089,True,272
GB-035090,False,1118
GB-035091,True,950
GB-035092,True,714
GB-035093,True,257
GB-035094,True,879
GB-035095,False,685
GB-035096,True,447
GB-035097,True,727
GB-035098,False,1349
GB-035099,False,745
GB-035100,False,1251
GB-035101,True,322
GB-035102,True,220
GB-035103,False,1364
GB-035104,True,1156
GB-035105,True,1494
GB-035106,False,475
GB-035107,True,640
GB-035108,False,972
GB-035109,False,636
GB-035110,False,1426
GB-035111,True,771
GB-035112,True,807
GB-035113,False,562
GB-035114,True,1006
GB-035115,False,1081
GB-035116,False,1272
GB-035117,False,795
GB-035118,False,21
GB-035119,False,467
GB-035120,True,988
GB-035121,False,1157
GB-035122,False,726
GB-035123,False,298
GB-035124,False,206
GB-035125,True,1378
GB-035126,True,1446
GB-035127,False,836
GB-035128,True,1221
GB-035129,False,669
GB-035130,False,575
GB-035131,False,665
GB-035132,True,18
GB-035133,False,375
GB-035134,False,60
GB-035135,True,1302
GB-035136,False,1187
GB-035137,True,250
GB-035138,False,58
GB-035139,False,883
GB-035140,True,609
GB-035141,False,2
GB-035142,True,1275
GB-035143,False,25
GB-035144,False,492
GB-035145,False,190
GB-035146,False,863
GB-035147,False,1143
GB-035148,True,505
GB-035149,False,888
GB-035150,False,73
GB-035151,True,1350
GB-035152,True,1125
GB-035153,True,1122
GB-035154,False,1365
GB-035155,False,1233
GB-035156,False,1286
GB-035157,False,529
GB-035158,False,312
GB-035159,True,403
GB-035160,False,1338
GB-035161,False,1409
GB-035162,False,71
GB-035163,False,854
GB-035164,False,1124
GB-035165,False,618
GB-035166,True,832
GB-035167,True,724
GB-035168,True,1355
GB-035169,True,370
GB-035170,True,105
GB-035171,False,594
GB-035172,False,151
GB-035173,True,105
GB-035174,True,134
GB-035175,False,1367
GB-035176,True,1295
GB-035177,True,1080
GB-035178,False,46
GB-035179,False,683
GB-035180,True,279
GB-035181,True,691
GB-035182,True,650
GB-035183,True,408
GB-035184,True,495
GB-035185,False,1438
GB-035186,False,222
GB-035187,False,607
GB-035188,False,1408
GB-035189,False,220
GB-035190,False,1149
GB-035191,False,1191
GB-035192,False,978
GB-035193,False,1039
GB-035194,False,642
GB-035195,True,710
GB-035196,True,627
GB-035197,False,585
GB-035198,True,455
GB-035199,False,246
GB-035200,False,890
GB-035201,True,89
GB-035202,True,1069
GB-035203,True,1059
GB-035204,False,1399
GB-035205,False,533
GB-035206,False,553
GB-035207,False,1363
GB-035208,False,1029
GB-035209,True,780
GB-035210,True,1212
GB-035211,False,215
GB-035212,True,471
GB-035213,False,767
GB-035214,False,969
GB-035215,True,824
GB-035216,False,1174
GB-035217,True,1435
GB-035218,False,457
GB-035219,True,1055
GB-035220,False,425
GB-035221,False,658
GB-035222,False,299
GB-035223,False,1200
GB-035224,False,267
GB-035225,False,353
GB-035226,False,255
GB-035227,False,468
GB-035228,False,1324
GB-035229,False,886
GB-035230,False,397
GB-035231,False,882
GB-035232,False,616
GB-035233,False,499
GB-035234,True,305
GB-035235,False,750
GB-035236,True,783
GB-035237,True,736
GB-035238,False,908
GB-035239,False,83
GB-035240,False,913
GB-035241,True,145
GB-035242,True,1068
GB-035243,False,971
GB-035244,True,1318
GB-035245,False,717
GB-035246,False,1123
GB-035247,True,270
GB-035248,False,401
GB-035249,False,708
GB-035250,True,980
GB-035251,False,678
GB-035252,False,484
GB-035253,False,907
GB-035254,True,1376
GB-035255,True,329
GB-035256,False,1048
GB-035257,False,477
GB-035258,True,1007
GB-035259,True,656
GB-035260,True,1118
GB-035261,False,459
GB-035262,True,646
GB-035263,False,618
GB-035264,True,30
GB-035265,True,1195
GB-035266,True,176
GB-035267,False,946
GB-035268,False,330
GB-035269,True,1029
GB-035270,False,16
GB-035271,False,723
GB-035272,False,10
GB-035273,True,1433
GB-035274,False,281
GB-035275,False,1373
GB-035276,True,939
GB-035277,False,1278
GB-035278,True,654
GB-035279,True,1453
GB-035280,False,1236
GB-035281,False,675
GB-035282,False,484
GB-035283,True,66
GB-035284,False,1436
GB-035285,True,389
GB-035286,False,1347
GB-035287,True,894
GB-035288,False,877
GB-035289,True,355
GB-035290,True,1072
GB-035291,False,71
GB-035292,True,85
GB-035293,False,502
GB-035294,False,693
GB-035295,False,1361
GB-035296,False,895
GB-035297,True,990
GB-035298,True,1073
GB-035299,False,257
GB-035300,True,484
GB-035301,True,589
GB-035302,True,1034
GB-035303,False,1368
GB-035304,True,304
GB-035305,True,258
GB-035306,False,378
GB-035307,False,1425
GB-035308,False,1174
GB-035309,False,349
GB-035310,True,1318
GB-035311,False,282
GB-035312,False,53
GB-035313,False,332
GB-035314,False,1040
GB-035315,True,1372
GB-035316,False,548
GB-035317,False,280
GB-035318,False,1308
GB-035319,False,219
GB-035320,True,969
GB-035321,False,141
GB-035322,True,331
GB-035323,False,1268
GB-035324,True,134
GB-035325,False,541
GB-035326,False,872
GB-035327,True,1410
GB-035328,False,857
GB-035329,True,63
GB-035330,True,1035
GB-035331,False,763
GB-035332,False,455
GB-035333,False,252
GB-035334,False,691
GB-035335,False,812
GB-035336,True,691
GB-035337,True,337
GB-035338,True,1226
GB-035339,True,824
GB-035340,True,180
GB-035341,False,1236
GB-035342,False,758
GB-035343,False,1228
GB-035344,True,1000
GB-035345,True,69
GB-035346,False,1029
GB-035347,True,917
GB-035348,True,409
GB-035349,True,547
GB-035350,False,327
GB-035351,False,1136
GB-035352,True,369
GB-035353,True,264
GB-035354,False,1199
GB-035355,False,1422
GB-035356,True,1331
GB-035357,False,321
GB-035358,True,227
GB-035359,False,1381
GB-035360,False,929
GB-035361,True,190
GB-035362,False,630
GB-035363,False,137
GB-035364,False,461
GB-035365,False,1028
GB-035366,False,751
GB-035367,False,169
GB-035368,False,1158
GB-035369,False,310
GB-035370,False,268
GB-035371,False,290
GB-035372,True,410
GB-035373,False,1437
GB-035374,False,117
GB-035375,False,874
GB-035376,False,810
GB-035377,False,1352
GB-035378,False,244
GB-035379,False,274
GB-035380,False,84
GB-035381,False,685
GB-035382,False,546
GB-035383,False,107
GB-035384,False,183
GB-035385,True,1089
GB-035386,True,1279
GB-035387,False,546
GB-035388,True,321
GB-035389,False,436
GB-035390,False,510
GB-035391,True,1006
GB-035392,False,712
GB-035393,False,593
GB-035394,False,631
GB-035395,False,1166
GB-035396,True,1445
GB-035397,False,1080
GB-035398,False,275
GB-035399,False,293
GB-035400,False,837
GB-035401,False,51
GB-035402,False,1283
GB-035403,False,1042
GB-035404,False,403
GB-035405,True,168
GB-035406,True,222
GB-035407,True,75
GB-035408,False,415
GB-035409,True,1307
GB-035410,False,1182
GB-035411,False,1402
GB-035412,False,81
GB-035413,True,449
GB-035414,False,1306
GB-035415,False,693
GB-035416,True,1079
GB-035417,True,678
GB-035418,False,400
GB-035419,False,1228
GB-035420,False,1329
GB-035421,True,1481
GB-035422,False,278
GB-035423,False,1045
GB-035424,False,522
GB-035425,True,850
GB-035426,False,1014
GB-035427,False,1402
GB-035428,True,1392
GB-035429,True,1272
GB-035430,True,210
GB-035431,False,1470
GB-035432,False,1460
GB-035433,False,1218
GB-035434,False,1484
GB-035435,True,1196
GB-035436,False,152
GB-035437,False,1473
GB-035438,False,707
GB-035439,True,650
GB-035440,False,510
GB-035441,False,845
GB-035442,True,515
GB-035443,True,440
GB-035444,True,1305
GB-035445,True,956
GB-035446,True,1286
GB-035447,False,920
GB-035448,False,686
GB-035449,True,1188
GB-035450,True,918
GB-035451,False,1147
GB-035452,False,26
GB-035453,False,433
GB-035454,False,1100
GB-035455,False,18
GB-035456,True,1238
GB-035457,False,980
GB-035458,False,1144
GB-035459,True,1216
GB-035460,True,187
GB-035461,False,764
GB-035462,False,1259
GB-035463,True,456
GB-035464,False,1485
GB-035465,False,946
GB-035466,False,796
GB-035467,False,799
GB-035468,True,567
GB-035469,False,1158
GB-035470,False,1047
GB-035471,True,1486
GB-035472,False,205
GB-035473,False,898
GB-035474,False,250
GB-035475,False,1227
GB-035476,False,83
GB-035477,True,1239
GB-035478,True,1044
GB-035479,True,524
GB-035480,False,1034
GB-035481,False,87
GB-035482,False,1320
GB-035483,False,1128
GB-035484,False,125
GB-035485,False,624
GB-035486,False,557
GB-035487,False,1203
GB-035488,False,617
GB-035489,True,1320
GB-035490,True,1216
GB-035491,False,698
GB-035492,True,1217
GB-035493,False,1042
GB-035494,False,553
GB-035495,False,1276
GB-035496,False,1439
GB-035497,True,139
GB-035498,False,710
GB-035499,False,984
GB-035500,True,952
GB-035501,False,1274
GB-035502,True,358
GB-035503,True,917
GB-035504,False,1434
GB-035505,False,845
GB-035506,False,1121
GB-035507,False,1393
GB-035508,True,1049
GB-035509,True,638
GB-035510,True,629
GB-035511,False,528
GB-035512,False,273
GB-035513,False,239
GB-035514,True,811
GB-035515,False,1356
GB-035516,True,1173
GB-035517,False,716
GB-035518,True,991
GB-035519,False,125
GB-035520,False,1434
GB-035521,True,1255
GB-035522,True,1023
GB-035523,True,32
GB-035524,True,98
GB-035525,True,716
GB-035526,True,441
GB-035527,True,14
GB-035528,False,801
GB-035529,True,449
GB-035530,False,777
GB-035531,True,1291
GB-035532,False,373
GB-035533,True,81
GB-035534,True,537
GB-035535,False,1284
GB-035536,False,935
GB-035537,True,654
GB-035538,False,414
GB-035539,False,776
GB-035540,False,1415
GB-035541,True,1110
GB-035542,True,889
GB-035543,False,907
GB-035544,False,1291
GB-035545,False,175
GB-035546,False,1463
GB-035547,True,100
GB-035548,False,122
GB-035549,False,452
GB-035550,False,422
GB-035551,False,648
GB-035552,False,264
GB-035553,False,592
GB-035554,False,1070
GB-035555,False,1261
GB-035556,False,463
GB-035557,False,386
GB-035558,True,1018
GB-035559,True,223
GB-035560,True,825
GB-035561,True,129
GB-035562,False,233
GB-035563,True,636
GB-035564,True,809
GB-035565,False,842
GB-035566,False,1356
GB-035567,False,451
GB-035568,True,1049
GB-035569,False,845
GB-035570,True,533
GB-035571,False,969
GB-035572,False,901
GB-035573,False,358
GB-035574,True,1114
GB-035575,False,1212
GB-035576,True,515
GB-035577,False,57
GB-035578,False,1367
GB-035579,True,377
GB-035580,False,1035
GB-035581,False,512
GB-035582,True,1008
GB-035583,False,962
GB-035584,False,1281
GB-035585,True,1016
GB-035586,True,211
GB-035587,True,595
GB-035588,False,915
GB-035589,False,728
GB-035590,False,201
GB-035591,False,1055
GB-035592,False,987
GB-035593,False,1381
GB-035594,True,1306
GB-035595,False,308
GB-035596,True,554
GB-035597,False,681
GB-035598,False,677
GB-035599,False,1065
GB-035600,False,238
GB-035601,False,33
GB-035602,False,554
GB-035603,True,1092
GB-035604,True,965
GB-035605,True,683
GB-035606,False,402
GB-035607,False,1410
GB-035608,False,902
GB-035609,True,229
GB-035610,False,1027
GB-035611,False,539
GB-035612,True,643
GB-035613,True,102
GB-035614,False,780
GB-035615,False,1249
GB-035616,True,619
GB-035617,False,1187
GB-035618,True,69
GB-035619,False,913
GB-035620,True,1257
GB-035621,False,216
GB-035622,False,184
GB-035623,False,794
GB-035624,True,806
GB-035625,False,261
GB-035626,True,1099
GB-035627,False,457
GB-035628,False,943
GB-035629,True,934
GB-035630,False,388
GB-035631,True,871
GB-035632,False,1374
GB-035633,True,141
GB-035634,True,1274
GB-035635,False,1332
GB-035636,True,729
GB-035637,True,894
GB-035638,False,1145
GB-035639,False,1068
GB-035640,False,502
GB-035641,False,69
GB-035642,False,650
GB-035643,False,285
GB-035644,True,54
GB-035645,False,1265
GB-035646,False,506
GB-035647,True,1147
GB-035648,False,1012
GB-035649,True,773
GB-035650,True,1437
GB-035651,False,404
GB-035652,False,1046
GB-035653,False,347
GB-035654,False,1013
GB-035655,True,902
GB-035656,True,1110
GB-035657,False,737
GB-035658,False,848
GB-035659,False,597
GB-035660,False,360
GB-035661,True,896
GB-035662,False,291
GB-035663,True,277
GB-035664,True,1366
GB-035665,False,408
GB-035666,False,1448
GB-035667,True,192
GB-035668,False,1308
GB-035669,False,1267
GB-035670,True,1372
GB-035671,True,1073
GB-035672,False,531
GB-035673,True,435
GB-035674,False,1026
GB-035675,False,1446
GB-035676,False,983
GB-035677,False,29
GB-035678,False,326
GB-035679,True,641
GB-035680,False,822
GB-035681,False,449
GB-035682,False,1109
GB-035683,False,162
GB-035684,False,1444
GB-035685,False,531
GB-035686,True,436
GB-035687,False,979
GB-035688,True,1252
GB-035689,False,1183
GB-035690,False,502
GB-035691,False,457
GB-035692,True,596
GB-035693,False,14
GB-035694,True,728
GB-035695,False,1196
GB-035696,False,992
GB-035697,True,1417
GB-035698,False,1138
GB-035699,False,1287
GB-035700,True,44
GB-035701,False,90
GB-035702,False,1188
GB-035703,True,340
GB-035704,True,800
GB-035705,True,1471
GB-035706,False,1240
GB-035707,False,456
GB-035708,False,41
GB-035709,True,1097
GB-035710,False,515
GB-035711,False,1116
GB-035712,False,1159
GB-035713,True,959
GB-035714,False,275
GB-035715,True,331
GB-035716,True,379
GB-035717,False,222
GB-035718,False,1451
GB-035719,True,1371
GB-035720,False,88
GB-035721,False,595
GB-035722,False,971
GB-035723,False,1020
GB-035724,False,1265
GB-035725,False,1306
GB-035726,True,510
GB-035727,False,212
GB-035728,True,1268
GB-035729,False,523
GB-035730,False,492
GB-035731,False,317
GB-035732,True,53
GB-035733,True,470
GB-035734,False,1172
GB-035735,False,622
GB-035736,True,203
GB-035737,True,1341
GB-035738,False,1282
GB-035739,False,817
GB-035740,False,725
GB-035741,False,517
GB-035742,True,994
GB-035743,True,991
GB-035744,True,1016
GB-035745,False,113
GB-035746,False,622
GB-035747,True,792
GB-035748,True,684
GB-035749,False,389
GB-035750,True,829
GB-035751,True,194
GB-035752,True,779
GB-035753,False,610
GB-035754,False,251
GB-035755,False,241
GB-035756,False,463
GB-035757,True,176
GB-035758,True,1282
GB-035759,False,1148
GB-035760,False,966
GB-035761,False,1231
GB-035762,False,20
GB-035763,True,66
GB-035764,False,1189
GB-035765,False,478
GB-035766,False,353
GB-035767,False,1034
GB-035768,False,248
GB-035769,True,609
GB-035770,True,889
GB-035771,False,141
GB-035772,False,437
GB-035773,True,1001
GB-035774,False,1070
GB-035775,False,491
GB-035776,True,1216
GB-035777,True,1441
GB-035778,False,434
GB-035779,True,1456
GB-035780,False,438
GB-035781,True,1031
GB-035782,True,921
GB-035783,False,972
GB-035784,True,674
GB-035785,False,712
GB-035786,True,980
GB-035787,False,95
GB-035788,False,1101
GB-035789,True,871
GB-035790,True,1347
GB-035791,True,1288
GB-035792,False,1007
GB-035793,True,1436
GB-035794,False,1161
GB-035795,False,511
GB-035796,False,785
GB-035797,False,628
GB-035798,False,950
GB-035799,True,1241
GB-035800,False,181
GB-035801,False,1162
GB-035802,True,388
GB-035803,True,1116
GB-035804,False,190
GB-035805,False,737
GB-035806,False,546
GB-035807,True,977
GB-035808,False,877
GB-035809,True,216
GB-035810,False,178
GB-035811,False,738
GB-035812,False,524
GB-035813,False,1082
GB-035814,False,782
GB-035815,False,110
GB-035816,False,580
GB-035817,False,138
GB-035818,False,417
GB-035819,False,677
GB-035820,False,936
GB-035821,True,1217
GB-035822,True,1219
GB-035823,False,1031
GB-035824,False,111
GB-035825,True,1203
GB-035826,False,1292
GB-035827,True,502
GB-035828,False,955
GB-035829,False,705
GB-035830,True,871
GB-035831,False,255
GB-035832,True,557
GB-035833,False,170
GB-035834,True,1172
GB-035835,True,123
GB-035836,False,1336
GB-035837,False,879
GB-035838,False,453
GB-035839,False,392
GB-035840,False,1299
GB-035841,False,512
GB-035842,True,783
GB-035843,True,490
GB-035844,False,713
GB-035845,False,1274
GB-035846,False,986
GB-035847,False,453
GB-035848,False,688
GB-035849,False,880
GB-035850,False,1006
GB-035851,True,191
GB-035852,False,262
GB-035853,False,1204
GB-035854,False,1487
GB-035855,False,20
GB-035856,False,1475
GB-035857,False,713
GB-035858,True,590
GB-035859,False,242
GB-035860,False,1414
GB-035861,False,531
GB-035862,False,1462
GB-035863,False,1362
GB-035864,False,1343
GB-035865,True,1440
GB-035866,True,426
GB-035867,True,364
GB-035868,False,220
GB-035869,False,1340
GB-035870,False,295
GB-035871,False,719
GB-035872,False,634
GB-035873,True,637
GB-035874,False,1059
GB-035875,False,427
GB-035876,False,670
GB-035877,True,65
GB-035878,True,1489
GB-035879,True,1346
GB-035880,False,1410
GB-035881,False,582
GB-035882,False,313
GB-035883,False,356
GB-035884,False,35
GB-035885,True,54
GB-035886,False,529
GB-035887,False,463
GB-035888,True,338
GB-035889,True,572
GB-035890,False,1203
GB-035891,False,456
GB-035892,False,113
GB-035893,True,708
GB-035894,False,475
GB-035895,True,704
GB-035896,True,1003
GB-035897,False,346
GB-035898,True,1178
GB-035899,True,386
GB-035900,False,1425
GB-035901,True,1334
GB-035902,False,1485
GB-035903,True,834
GB-035904,True,618
GB-035905,False,1235
GB-035906,False,698
GB-035907,False,1408
GB-035908,False,947
GB-035909,False,140
GB-035910,True,977
GB-035911,False,1196
GB-035912,False,379
GB-035913,True,766
GB-035914,False,989
GB-035915,False,1305
GB-035916,False,369
GB-035917,False,539
GB-035918,True,296
GB-035919,False,514
GB-035920,False,297
GB-035921,False,582
GB-035922,True,518
GB-035923,False,1497
GB-035924,False,1416
GB-035925,False,717
GB-035926,True,582
GB-035927,True,831
GB-035928,False,1339
GB-035929,False,343
GB-035930,True,754
GB-035931,False,917
GB-035932,False,818
GB-035933,False,118
GB-035934,False,1044
GB-035935,True,1411
GB-035936,True,688
GB-035937,False,560
GB-035938,False,254
GB-035939,False,760
GB-035940,False,1041
GB-035941,False,717
GB-035942,False,926
GB-035943,False,1219
GB-035944,False,757
GB-035945,False,1125
GB-035946,False,735
GB-035947,True,1433
GB-035948,True,304
GB-035949,False,1201
GB-035950,True,1265
GB-035951,False,758
GB-035952,True,1162
GB-035953,False,1475
GB-035954,False,1346
GB-035955,True,142
GB-035956,False,1019
GB-035957,False,553
GB-035958,False,629
GB-035959,True,1471
GB-035960,False,949
GB-035961,False,1495
GB-035962,False,645
GB-035963,False,360
GB-035964,False,491
GB-035965,True,940
GB-035966,True,1176
GB-035967,True,1054
GB-035968,False,1344
GB-035969,False,1377
GB-035970,True,103
GB-035971,True,1438
GB-035972,False,194
GB-035973,False,468
GB-035974,False,1306
GB-035975,True,981
GB-035976,False,365
GB-035977,True,834
GB-035978,True,943
GB-035979,True,755
GB-035980,True,846
GB-035981,True,406
GB-035982,False,311
GB-035983,False,1395
GB-035984,False,1142
GB-035985,False,925
GB-035986,True,219
GB-035987,False,204
GB-035988,True,215
GB-035989,False,1145
GB-035990,False,1304
GB-035991,False,663
GB-035992,False,794
GB-035993,False,1433
GB-035994,False,1417
GB-035995,True,1342
GB-035996,False,1243
GB-035997,False,886
GB-035998,False,866
GB-035999,True,1173
GB-036000,False,1074
GB-036001,True,347
GB-036002,True,843
GB-036003,True,1058
GB-036004,False,1315
GB-036005,False,1119
GB-036006,False,79
GB-036007,False,676
GB-036008,False,1354
GB-036009,True,1389
GB-036010,False,1441
GB-036011,True,1002
GB-036012,False,1269
GB-036013,True,1373
GB-036014,True,1232
GB-036015,True,82
GB-036016,True,1360
GB-036017,True,647
GB-036018,True,547
GB-036019,False,348
GB-036020,False,1363
GB-036021,False,931
GB-036022,False,1461
GB-036023,True,251
GB-036024,False,1477
GB-036025,False,1395
GB-036026,True,573
GB-036027,False,1326
GB-036028,False,569
GB-036029,False,992
GB-036030,True,1118
GB-036031,False,608
GB-036032,False,317
GB-036033,False,1250
GB-036034,False,982
GB-036035,True,165
GB-036036,False,353
GB-036037,False,513
GB-036038,True,1407
GB-036039,True,655
GB-036040,False,1285
GB-036041,True,75
GB-036042,False,335
GB-036043,True,438
GB-036044,False,753
GB-036045,False,1411
GB-036046,False,641
GB-036047,False,1192
GB-036048,False,770
GB-036049,False,451
GB-036050,False,1431
GB-036051,False,1346
GB-036052,False,823
GB-036053,False,95
GB-036054,False,140
GB-036055,False,1076
GB-036056,False,582
GB-036057,True,928
GB-036058,False,1
GB-036059,False,451
GB-036060,False,727
GB-036061,False,656
GB-036062,True,336
GB-036063,False,228
GB-036064,False,227
GB-036065,False,640
GB-036066,False,763
GB-036067,False,1220
GB-036068,True,595
GB-036069,False,980
GB-036070,True,1123
GB-036071,True,129
GB-036072,False,340
GB-036073,False,145
GB-036074,True,424
GB-036075,False,804
GB-036076,False,1417
GB-036077,False,782
GB-036078,False,1365
GB-036079,False,1284
GB-036080,False,488
GB-036081,False,1231
GB-036082,False,1498
GB-036083,False,160
GB-036084,False,1352
GB-036085,False,570
GB-036086,False,575
GB-036087,True,1247
GB-036088,False,766
GB-036089,True,692
GB-036090,False,1074
GB-036091,True,1084
GB-036092,False,875
GB-036093,False,763
GB-036094,False,238
GB-036095,True,763
GB-036096,False,1130
GB-036097,False,174
GB-036098,False,98
GB-036099,False,435
GB-036100,True,1317
GB-036101,False,1074
GB-036102,False,602
GB-036103,False,848
GB-036104,False,189
GB-036105,True,357
GB-036106,False,102
GB-036107,True,73
GB-036108,True,732
GB-036109,False,220
GB-036110,True,1316
GB-036111,False,512
GB-036112,True,254
GB-036113,False,1160
GB-036114,True,387
GB-036115,True,1030
GB-036116,False,151
GB-036117,True,920
GB-036118,True,517
GB-036119,False,1085
GB-036120,False,1336
GB-036121,True,79
GB-036122,False,413
GB-036123,False,392
GB-036124,True,959
GB-036125,True,1145
GB-036126,False,833
GB-036127,False,1332
GB-036128,False,978
GB-036129,False,300
GB-036130,True,1476
GB-036131,True,340
GB-036132,True,1385
GB-036133,False,303
GB-036134,False,33
GB-036135,False,1337
GB-036136,True,988
GB-036137,False,587
GB-036138,False,387
GB-036139,False,1367
GB-036140,False,941
GB-036141,False,591
GB-036142,True,178
GB-036143,False,991
GB-036144,True,432
GB-036145,False,30
GB-036146,True,928
GB-036147,False,638
GB-036148,False,869
GB-036149,True,271
GB-036150,False,374
GB-036151,False,574
GB-036152,True,658
GB-036153,False,1009
GB-036154,False,68
GB-036155,True,243
GB-036156,False,485
GB-036157,False,1245
GB-036158,True,894
GB-036159,False,641
GB-036160,False,1485
GB-036161,False,686
GB-036162,False,1039
GB-036163,True,638
GB-036164,False,749
GB-036165,False,979
GB-036166,False,86
GB-036167,True,950
GB-036168,True,112
GB-036169,False,493
GB-036170,True,836
GB-036171,True,1371
GB-036172,False,1005
GB-036173,False,1053
GB-036174,True,239
GB-036175,False,303
GB-036176,False,1462
GB-036177,False,183
GB-036178,False,476
GB-036179,True,1214
GB-036180,False,295
GB-036181,True,495
GB-036182,True,235
GB-036183,False,1395
GB-036184,False,312
GB-036185,False,1064
GB-036186,False,1213
GB-036187,False,673
GB-036188,False,861
GB-036189,True,859
GB-036190,False,257
GB-036191,True,1290
GB-036192,False,608
GB-036193,False,1206
GB-036194,False,1196
GB-036195,True,938
GB-036196,False,1405
GB-036197,False,1007
GB-036198,False,322
GB-036199,True,1382
GB-036200,False,644
GB-036201,False,758
GB-036202,False,1303
GB-036203,False,1366
GB-036204,True,1182
GB-036205,True,719
GB-036206,False,1116
GB-036207,False,380
GB-036208,True,1432
GB-036209,True,1156
GB-036210,False,479
GB-036211,False,56
GB-036212,True,1058
GB-036213,False,54
GB-036214,False,82
GB-036215,False,742
GB-036216,True,843
GB-036217,False,686
GB-036218,False,461
GB-036219,False,1188
GB-036220,False,349
GB-036221,False,1041
GB-036222,True,1237
GB-036223,False,324
GB-036224,False,187
GB-036225,True,91
GB-036226,False,420
GB-036227,True,299
GB-036228,False,70
GB-036229,True,1383
GB-036230,True,289
GB-036231,False,800
GB-036232,False,555
GB-036233,False,1290
GB-036234,True,658
GB-036235,False,956
GB-036236,True,221
GB-036237,False,13
GB-036238,True,1436
GB-036239,False,324
GB-036240,True,128
GB-036241,True,1079
GB-036242,True,818
GB-036243,False,759
GB-036244,False,449
GB-036245,False,269
GB-036246,False,1188
GB-036247,False,695
GB-036248,False,18
GB-036249,False,1482
GB-036250,True,978
GB-036251,True,732
GB-036252,False,114
GB-036253,False,617
GB-036254,False,255
GB-036255,False,1325
GB-036256,True,1363
GB-036257,False,1241
GB-036258,False,208
GB-036259,False,1417
GB-036260,True,134
GB-036261,True,1479
GB-036262,False,127
GB-036263,True,1352
GB-036264,True,28
GB-036265,True,1193
GB-036266,True,658
GB-036267,False,888
GB-036268,False,640
GB-036269,False,150
GB-036270,False,582
GB-036271,False,1386
GB-036272,True,743
GB-036273,True,802
GB-036274,False,1218
GB-036275,False,892
GB-036276,True,1401
GB-036277,False,659
GB-036278,True,949
GB-036279,True,975
GB-036280,False,846
GB-036281,True,770
GB-036282,True,411
GB-036283,True,16
GB-036284,False,1328
GB-036285,True,704
GB-036286,False,912
GB-036287,True,870
GB-036288,True,1037
GB-036289,False,20
GB-036290,False,1206
GB-036291,False,1387
GB-036292,True,1216
GB-036293,False,1444
GB-036294,True,1047
GB-036295,True,1407
GB-036296,False,93
GB-036297,False,309
GB-036298,True,560
GB-036299,False,429
GB-036300,False,18
GB-036301,False,939
GB-036302,False,384
GB-036303,False,600
GB-036304,False,971
GB-036305,False,483
GB-036306,False,1444
GB-036307,True,1160
GB-036308,False,1270
GB-036309,False,528
GB-036310,True,193
GB-036311,False,825
GB-036312,True,947
GB-036313,True,74
GB-036314,False,70
GB-036315,True,1384
GB-036316,False,280
GB-036317,False,449
GB-036318,True,458
GB-036319,False,692
GB-036320,False,1347
GB-036321,False,503
GB-036322,False,515
GB-036323,True,763
GB-036324,False,680
GB-036325,False,512
GB-036326,True,1250
GB-036327,False,315
GB-036328,False,976
GB-036329,True,276
GB-036330,False,336
GB-036331,False,354
GB-036332,True,261
GB-036333,False,914
GB-036334,True,1496
GB-036335,False,281
GB-036336,False,962
GB-036337,True,961
GB-036338,False,412
GB-036339,True,185
GB-036340,True,1093
GB-036341,False,776
GB-036342,True,10
GB-036343,False,1480
GB-036344,False,1262
GB-036345,False,144
GB-036346,True,556
GB-036347,False,453
GB-036348,True,8
GB-036349,True,286
GB-036350,False,1384
GB-036351,False,329
GB-036352,False,1152
GB-036353,True,1156
GB-036354,True,206
GB-036355,True,1257
GB-036356,False,1149
GB-036357,False,49
GB-036358,False,616
GB-036359,False,1420
GB-036360,False,96
GB-036361,True,672
GB-036362,False,1255
GB-036363,False,340
GB-036364,False,667
GB-036365,False,425
GB-036366,False,1128
GB-036367,False,1216
GB-036368,False,123
GB-036369,True,98
GB-036370,False,310
GB-036371,False,690
GB-036372,False,493
GB-036373,False,1185
GB-036374,True,1424
GB-036375,True,101
GB-036376,False,1251
GB-036377,False,1313
GB-036378,False,960
GB-036379,True,121
GB-036380,False,613
GB-036381,True,245
GB-036382,False,573
GB-036383,False,221
GB-036384,True,754
GB-036385,True,1038
GB-036386,False,1315
GB-036387,True,1303
GB-036388,False,1325
GB-036389,True,274
GB-036390,False,435
GB-036391,False,1491
GB-036392,False,820
GB-036393,True,1023
GB-036394,False,538
GB-036395,False,1240
GB-036396,False,213
GB-036397,True,287
GB-036398,False,313
GB-036399,True,1455
GB-036400,False,181
GB-036401,True,1363
GB-036402,False,790
GB-036403,True,493
GB-036404,True,702
GB-036405,False,705
GB-036406,False,1437
GB-036407,True,28
GB-036408,False,870
GB-036409,False,947
GB-036410,True,547
GB-036411,False,736
GB-036412,True,994
GB-036413,False,289
GB-036414,True,1409
GB-036415,False,389
GB-036416,False,73
GB-036417,False,854
GB-036418,True,1083
GB-036419,False,611
GB-036420,False,839
GB-036421,False,1468
GB-036422,True,606
GB-036423,False,1106
GB-036424,True,995
GB-036425,True,800
GB-036426,False,1261
GB-036427,True,535
GB-036428,True,1219
GB-036429,False,125
GB-036430,True,282
GB-036431,False,36
GB-036432,False,762
GB-036433,False,687
GB-036434,True,885
GB-036435,True,1083
GB-036436,False,1216
GB-036437,True,1247
GB-036438,False,1418
GB-036439,False,961
GB-036440,False,562
GB-036441,False,1420
GB-036442,False,1273
GB-036443,False,544
GB-036444,False,1325
GB-036445,False,1274
GB-036446,True,683
GB-036447,False,436
GB-036448,False,700
GB-036449,False,784
GB-036450,True,30
GB-036451,False,966
GB-036452,False,231
GB-036453,False,857
GB-036454,True,528
GB-036455,False,1094
GB-036456,True,1161
GB-036457,True,627
GB-036458,False,1488
GB-036459,True,929
GB-036460,True,1134
GB-036461,True,616
GB-036462,True,860
GB-036463,False,1469
GB-036464,True,1162
GB-036465,True,757
GB-036466,True,16
GB-036467,True,889
GB-036468,False,780
GB-036469,False,1473
GB-036470,True,432
GB-036471,True,1042
GB-036472,False,1209
GB-036473,False,1235
GB-036474,True,642
GB-036475,False,1094
GB-036476,True,1402
GB-036477,False,1466
GB-036478,False,1148
GB-036479,True,975
GB-036480,False,1191
GB-036481,True,1443
GB-036482,False,701
GB-036483,True,1032
GB-036484,False,766
GB-036485,True,1216
GB-036486,False,1399
GB-036487,False,1085
GB-036488,False,746
GB-036489,False,1363
GB-036490,False,1417
GB-036491,False,1277
GB-036492,True,475
GB-036493,False,262
GB-036494,False,417
GB-036495,False,316
GB-036496,True,409
GB-036497,False,590
GB-036498,False,960
GB-036499,False,301
GB-036500,True,875
GB-036501,False,86
GB-036502,True,1382
GB-036503,False,818
GB-036504,True,402
GB-036505,True,716
GB-036506,False,1160
GB-036507,True,1150
GB-036508,False,1161
GB-036509,False,1322
GB-036510,False,1482
GB-036511,True,1240
GB-036512,False,1170
GB-036513,True,1033
GB-036514,False,115
GB-036515,False,1467
GB-036516,True,781
GB-036517,True,1260
GB-036518,False,682
GB-036519,False,1025
GB-036520,False,1312
GB-036521,False,162
GB-036522,False,1471
GB-036523,False,607
GB-036524,True,182
GB-036525,False,36
GB-036526,False,1492
GB-036527,False,79
GB-036528,False,578
GB-036529,False,443
GB-036530,False,1160
GB-036531,False,1487
GB-036532,False,1186
GB-036533,False,1300
GB-036534,True,410
GB-036535,False,942
GB-036536,False,45
GB-036537,False,791
GB-036538,False,1490
GB-036539,False,734
GB-036540,False,560
GB-036541,True,450
GB-036542,False,589
GB-036543,True,1459
GB-036544,False,933
GB-036545,False,1043
GB-036546,False,478
GB-036547,True,1034
GB-036548,True,930
GB-036549,False,591
GB-036550,False,377
GB-036551,False,1282
GB-036552,True,872
GB-036553,True,832
GB-036554,False,852
GB-036555,False,1108
GB-036556,False,1254
GB-036557,True,980
GB-036558,False,161
GB-036559,True,158
GB-036560,False,21
GB-036561,False,965
GB-036562,False,1271
GB-036563,False,1228
GB-036564,True,402
GB-036565,False,1384
GB-036566,True,976
GB-036567,True,1493
GB-036568,False,851
GB-036569,False,315
GB-036570,False,559
GB-036571,False,535
GB-036572,True,473
GB-036573,True,974
GB-036574,False,1089
GB-036575,False,1237
GB-036576,False,932
GB-036577,False,142
GB-036578,False,1316
GB-036579,True,205
GB-036580,False,585
GB-036581,True,803
GB-036582,True,450
GB-036583,False,1235
GB-036584,False,45
GB-036585,True,1468
GB-036586,False,734
GB-036587,False,927
GB-036588,True,183
GB-036589,False,266
GB-036590,True,461
GB-036591,False,1413
GB-036592,False,568
GB-036593,True,31
GB-036594,True,684
GB-036595,True,1368
GB-036596,True,1311
GB-036597,False,639
GB-036598,False,142
GB-036599,False,1386
GB-036600,False,571
GB-036601,False,948
GB-036602,False,811
GB-036603,False,1355
GB-036604,True,159
GB-036605,True,467
GB-036606,True,867
GB-036607,False,161
GB-036608,False,202
GB-036609,True,275
GB-036610,False,1058
GB-036611,True,424
GB-036612,False,662
GB-036613,False,498
GB-036614,False,525
GB-036615,False,1300
GB-036616,True,307
GB-036617,False,820
GB-036618,False,1097
GB-036619,False,726
GB-036620,False,908
GB-036621,True,1341
GB-036622,True,1195
GB-036623,True,1325
GB-036624,True,1401
GB-036625,True,1049
GB-036626,False,632
GB-036627,True,1405
GB-036628,True,276
GB-036629,False,359
GB-036630,False,970
GB-036631,False,1173
GB-036632,False,1468
GB-036633,True,1210
GB-036634,True,1430
GB-036635,True,1167
GB-036636,True,473
GB-036637,True,1244
GB-036638,False,1207
GB-036639,False,1400
GB-036640,False,719
GB-036641,False,870
GB-036642,False,12
GB-036643,False,717
GB-036644,True,858
GB-036645,False,791
GB-036646,False,1457
GB-036647,False,508
GB-036648,True,176
GB-036649,False,825
GB-036650,False,1401
GB-036651,False,639
GB-036652,True,1361
GB-036653,False,73
GB-036654,False,394
GB-036655,False,886
GB-036656,False,1311
GB-036657,False,85
GB-036658,True,1416
GB-036659,False,63
GB-036660,False,1397
GB-036661,False,1436
GB-036662,True,1010
GB-036663,False,421
GB-036664,False,1118
GB-036665,False,379
GB-036666,True,594
GB-036667,False,957
GB-036668,True,519
GB-036669,False,794
GB-036670,False,1288
GB-036671,False,1021
GB-036672,False,45
GB-036673,True,462
GB-036674,False,496
GB-036675,False,376
GB-036676,True,274
GB-036677,False,726
GB-036678,False,1109
GB-036679,False,730
GB-036680,True,458
GB-036681,False,437
GB-036682,False,1471
GB-036683,True,1161
GB-036684,False,378
GB-036685,True,1234
GB-036686,True,746
GB-036687,False,800
GB-036688,False,289
GB-036689,False,717
GB-036690,False,1240
GB-036691,False,194
GB-036692,False,854
GB-036693,True,789
GB-036694,True,1340
GB-036695,True,16
GB-036696,True,754
GB-036697,False,45
GB-036698,False,825
GB-036699,True,1259
GB-036700,True,87
GB-036701,False,574
GB-036702,False,1165
GB-036703,True,1392
GB-036704,True,802
GB-036705,False,452
GB-036706,False,1096
GB-036707,False,682
GB-036708,False,324
GB-036709,True,1411
GB-036710,True,969
GB-036711,False,690
GB-036712,False,361
GB-036713,True,943
GB-036714,True,878
GB-036715,False,448
GB-036716,False,598
GB-036717,True,342
GB-036718,False,411
GB-036719,False,1426
GB-036720,False,256
GB-036721,False,782
GB-036722,True,923
GB-036723,False,345
GB-036724,True,1029
GB-036725,True,1172
GB-036726,False,545
GB-036727,False,881
GB-036728,False,1195
GB-036729,True,942
GB-036730,True,475
GB-036731,False,663
GB-036732,True,42
GB-036733,False,1461
GB-036734,False,326
GB-036735,False,497
GB-036736,False,338
GB-036737,False,971
GB-036738,False,1343
GB-036739,False,1212
GB-036740,False,724
GB-036741,True,2
GB-036742,True,501
GB-036743,False,553
GB-036744,False,1432
GB-036745,False,605
GB-036746,False,1395
GB-036747,False,1470
GB-036748,False,1176
GB-036749,False,583
GB-036750,False,1121
GB-036751,True,1176
GB-036752,False,27
GB-036753,False,1045
GB-036754,False,816
GB-036755,True,173
GB-036756,True,935
GB-036757,True,875
GB-036758,False,1027
GB-036759,False,19
GB-036760,False,1176
GB-036761,False,783
GB-036762,True,1491
GB-036763,True,801
GB-036764,True,708
GB-036765,True,1199
GB-036766,True,415
GB-036767,False,417
GB-036768,True,1167
GB-036769,True,763
GB-036770,False,1233
GB-036771,False,362
GB-036772,False,1252
GB-036773,False,1246
GB-036774,False,436
GB-036775,False,1375
GB-036776,True,845
GB-036777,False,179
GB-036778,True,294
GB-036779,True,950
GB-036780,False,282
GB-036781,False,36
GB-036782,False,1414
GB-036783,False,283
GB-036784,False,951
GB-036785,False,794
GB-036786,True,425
GB-036787,True,357
GB-036788,False,1136
GB-036789,True,1251
GB-036790,True,814
GB-036791,False,88
GB-036792,False,710
GB-036793,True,842
GB-036794,False,302
GB-036795,False,254
GB-036796,False,867
GB-036797,False,51
GB-036798,True,287
GB-036799,True,1492
GB-036800,True,795
GB-036801,True,533
GB-036802,False,1194
GB-036803,True,1228
GB-036804,False,123
GB-036805,True,1004
GB-036806,True,468
GB-036807,False,204
GB-036808,False,470
GB-036809,True,838
GB-036810,False,105
GB-036811,True,635
GB-036812,False,618
GB-036813,False,964
GB-036814,False,964
GB-036815,True,1325
GB-036816,True,277
GB-036817,False,935
GB-036818,True,919
GB-036819,False,1232
GB-036820,False,1200
GB-036821,True,253
GB-036822,False,486
GB-036823,True,1463
GB-036824,False,144
GB-036825,False,320
GB-036826,False,786
GB-036827,False,754
GB-036828,False,721
GB-036829,False,834
GB-036830,False,47
GB-036831,True,25
GB-036832,True,890
GB-036833,True,387
GB-036834,False,790
GB-036835,True,380
GB-036836,False,1264
GB-036837,True,975
GB-036838,True,581
GB-036839,False,784
GB-036840,False,1067
GB-036841,True,1395
GB-036842,True,585
GB-036843,False,1456
GB-036844,False,1379
GB-036845,True,7
GB-036846,False,25
GB-036847,False,910
GB-036848,False,619
GB-036849,True,1134
GB-036850,True,218
GB-036851,True,983
GB-036852,True,562
GB-036853,False,984
GB-036854,False,412
GB-036855,True,485
GB-036856,False,367
GB-036857,False,439
GB-036858,False,703
GB-036859,False,1291
GB-036860,False,1253
GB-036861,False,593
GB-036862,True,67
GB-036863,False,1083
GB-036864,True,290
GB-036865,False,266
GB-036866,False,911
GB-036867,True,102
GB-036868,False,43
GB-036869,True,770
GB-036870,False,1268
GB-036871,True,1156
GB-036872,True,463
GB-036873,True,1272
GB-036874,False,1057
GB-036875,False,313
GB-036876,True,215
GB-036877,True,697
GB-036878,False,430
GB-036879,False,893
GB-036880,False,1361
GB-036881,False,922
GB-036882,True,538
GB-036883,True,1415
GB-036884,True,217
GB-036885,False,852
GB-036886,False,544
GB-036887,True,1159
GB-036888,True,488
GB-036889,True,260
GB-036890,True,670
GB-036891,False,201
GB-036892,False,79
GB-036893,True,1461
GB-036894,False,1434
GB-036895,True,1156
GB-036896,False,1298
GB-036897,False,588
GB-036898,True,52
GB-036899,False,442
GB-036900,False,324
GB-036901,False,794
GB-036902,True,193
GB-036903,False,413
GB-036904,False,806
GB-036905,True,1384
GB-036906,True,59
GB-036907,False,311
GB-036908,False,1032
GB-036909,True,229
GB-036910,False,329
GB-036911,False,923
GB-036912,False,632
GB-036913,True,550
GB-036914,False,1277
GB-036915,True,1007
GB-036916,False,1357
GB-036917,False,227
GB-036918,False,287
GB-036919,False,1098
GB-036920,True,537
GB-036921,False,458
GB-036922,False,715
GB-036923,True,572
GB-036924,True,1321
GB-036925,True,1335
GB-036926,False,1483
GB-036927,False,273
GB-036928,True,644
GB-036929,False,528
GB-036930,True,1270
GB-036931,True,1088
GB-036932,True,1042
GB-036933,False,1449
GB-036934,True,156
GB-036935,False,462
GB-036936,False,1106
GB-036937,False,574
GB-036938,False,92
GB-036939,False,822
GB-036940,True,432
GB-036941,False,59
GB-036942,False,272
GB-036943,True,874
GB-036944,True,153
GB-036945,True,296
GB-036946,True,518
GB-036947,True,56
GB-036948,False,464
GB-036949,False,197
GB-036950,False,1285
GB-036951,True,99
GB-036952,False,42
GB-036953,False,1374
GB-036954,False,375
GB-036955,True,665
GB-036956,False,871
GB-036957,True,1432
GB-036958,False,1124
GB-036959,False,773
GB-036960,True,1197
GB-036961,True,408
GB-036962,False,399
GB-036963,True,269
GB-036964,False,230
GB-036965,False,660
GB-036966,False,1348
GB-036967,False,805
GB-036968,False,226
GB-036969,False,227
GB-036970,False,37
GB-036971,True,1018
GB-036972,False,901
GB-036973,True,575
GB-036974,True,924
GB-036975,False,1303
GB-036976,False,668
GB-036977,False,477
GB-036978,False,65
GB-036979,False,1347
GB-036980,False,1370
GB-036981,False,59
GB-036982,False,935
GB-036983,True,773
GB-036984,True,36
GB-036985,False,377
GB-036986,True,20
GB-036987,True,617
GB-036988,True,585
GB-036989,False,434
GB-036990,False,889
GB-036991,False,95
GB-036992,False,1328
GB-036993,True,916
GB-036994,False,1304
GB-036995,False,623
GB-036996,False,1317
GB-036997,True,1436
GB-036998,True,651
GB-036999,False,1142
GB-037000,True,253
GB-037001,True,870
GB-037002,False,1065
GB-037003,False,914
GB-037004,False,1323
GB-037005,True,862
GB-037006,True,519
GB-037007,False,432
GB-037008,True,1126
GB-037009,False,1485
GB-037010,False,595
GB-037011,False,541
GB-037012,True,61
GB-037013,False,836
GB-037014,False,1289
GB-037015,True,1109
GB-037016,False,649
GB-037017,False,426
GB-037018,False,824
GB-037019,True,527
GB-037020,False,475
GB-037021,False,289
GB-037022,False,1080
GB-037023,True,1287
GB-037024,True,1294
GB-037025,False,546
GB-037026,False,2
GB-037027,False,998
GB-037028,False,1090
GB-037029,False,123
GB-037030,False,54
GB-037031,False,1078
GB-037032,False,653
GB-037033,False,842
GB-037034,False,600
GB-037035,True,248
GB-037036,True,638
GB-037037,True,1352
GB-037038,True,107
GB-037039,False,50
GB-037040,True,638
GB-037041,False,68
GB-037042,True,175
GB-037043,True,258
GB-037044,True,222
GB-037045,False,1247
GB-037046,False,236
GB-037047,True,395
GB-037048,False,1206
GB-037049,True,606
GB-037050,False,994
GB-037051,True,506
GB-037052,False,667
GB-037053,True,348
GB-037054,True,323
GB-037055,True,1129
GB-037056,False,385
GB-037057,False,1225
GB-037058,False,287
GB-037059,True,1274
GB-037060,False,1072
GB-037061,True,125
GB-037062,True,542
GB-037063,False,1048
GB-037064,True,1405
GB-037065,False,1366
GB-037066,False,925
GB-037067,False,519
GB-037068,False,1013
GB-037069,False,1237
GB-037070,False,1342
GB-037071,False,459
GB-037072,False,902
GB-037073,False,1007
GB-037074,False,759
GB-037075,False,466
GB-037076,False,830
GB-037077,True,114
GB-037078,False,908
GB-037079,True,154
GB-037080,False,286
GB-037081,True,1003
GB-037082,True,103
GB-037083,True,1156
GB-037084,False,268
GB-037085,True,967
GB-037086,False,72
GB-037087,False,1074
GB-037088,True,663
GB-037089,True,14
GB-037090,False,709
GB-037091,False,243
GB-037092,False,917
GB-037093,False,1446
GB-037094,True,206
GB-037095,False,1265
GB-037096,False,618
GB-037097,False,1403
GB-037098,True,995
GB-037099,False,938
GB-037100,True,1332
GB-037101,False,120
GB-037102,False,195
GB-037103,True,1480
GB-037104,False,405
GB-037105,True,454
GB-037106,False,147
GB-037107,True,197
GB-037108,True,1445
GB-037109,False,494
GB-037110,False,793
GB-037111,True,984
GB-037112,False,1451
GB-037113,False,1323
GB-037114,False,1271
GB-037115,True,1098
GB-037116,False,378
GB-037117,True,203
GB-037118,True,551
GB-037119,True,752
GB-037120,False,27
GB-037121,False,917
GB-037122,False,962
GB-037123,False,16
GB-037124,False,988
GB-037125,True,1073
GB-037126,False,166
GB-037127,True,299
GB-037128,True,502
GB-037129,False,810
GB-037130,True,207
GB-037131,False,185
GB-037132,False,183
GB-037133,False,1304
GB-037134,False,720
GB-037135,False,66
GB-037136,True,365
GB-037137,False,581
GB-037138,False,1472
GB-037139,False,974
GB-037140,False,538
GB-037141,True,786
GB-037142,False,880
GB-037143,False,176
GB-037144,True,1
GB-037145,True,71
GB-037146,False,855
GB-037147,False,407
GB-037148,True,882
GB-037149,False,896
GB-037150,False,1164
GB-037151,False,257
GB-037152,False,513
GB-037153,True,972
GB-037154,False,578
GB-037155,False,184
GB-037156,False,436
GB-037157,True,425
GB-037158,False,353
GB-037159,True,1439
GB-037160,False,777
GB-037161,False,87
GB-037162,False,1439
GB-037163,False,569
GB-037164,False,646
GB-037165,True,547
GB-037166,False,526
GB-037167,True,935
GB-037168,True,1417
GB-037169,True,295
GB-037170,True,1147
GB-037171,False,665
GB-037172,False,1237
GB-037173,False,1121
GB-037174,False,153
GB-037175,True,1226
GB-037176,True,1044
GB-037177,False,6
GB-037178,False,1404
GB-037179,False,1242
GB-037180,False,564
GB-037181,False,833
GB-037182,True,1482
GB-037183,True,323
GB-037184,False,907
GB-037185,False,572
GB-037186,True,744
GB-037187,False,236
GB-037188,False,21
GB-037189,False,829
GB-037190,False,139
GB-037191,True,1191
GB-037192,False,64
GB-037193,True,1044
GB-037194,False,417
GB-037195,False,869
GB-037196,True,1310
GB-037197,False,953
GB-037198,False,1213
GB-037199,False,898
GB-037200,True,387
GB-037201,True,340
GB-037202,False,409
GB-037203,False,358
GB-037204,False,1255
GB-037205,True,442
GB-037206,False,1367
GB-037207,True,1083
GB-037208,False,1092
GB-037209,False,248
GB-037210,True,585
GB-037211,False,1014
GB-037212,False,270
GB-037213,True,1332
GB-037214,True,797
GB-037215,False,829
GB-037216,True,1098
GB-037217,False,829
GB-037218,False,42
GB-037219,False,306
GB-037220,False,2
GB-037221,True,9
GB-037222,False,1348
GB-037223,False,331
GB-037224,False,1427
GB-037225,False,1248
GB-037226,True,396
GB-037227,False,1053
GB-037228,False,1362
GB-037229,True,1188
GB-037230,False,1216
GB-037231,False,847
GB-037232,True,1376
GB-037233,True,1492
GB-037234,False,1281
GB-037235,False,997
GB-037236,False,116
GB-037237,False,1447
GB-037238,False,579
GB-037239,True,817
GB-037240,False,1350
GB-037241,True,682
GB-037242,True,548
GB-037243,False,6
GB-037244,False,1420
GB-037245,False,447
GB-037246,True,360
GB-037247,False,868
GB-037248,True,991
GB-037249,True,1402
GB-037250,False,621
GB-037251,False,991
GB-037252,False,1017
GB-037253,True,796
GB-037254,True,1477
GB-037255,False,1057
GB-037256,False,458
GB-037257,True,1077
GB-037258,True,58
GB-037259,True,86
GB-037260,False,779
GB-037261,True,868
GB-037262,False,1474
GB-037263,True,135
GB-037264,False,1365
GB-037265,True,1180
GB-037266,False,1249
GB-037267,False,542
GB-037268,False,992
GB-037269,False,1011
GB-037270,True,197
GB-037271,False,967
GB-037272,False,1395
GB-037273,False,162
GB-037274,False,460
GB-037275,False,1395
GB-037276,True,1402
GB-037277,False,1302
GB-037278,True,819
GB-037279,True,1497
GB-037280,False,551
GB-037281,True,937
GB-037282,True,672
GB-037283,False,1163
GB-037284,True,552
GB-037285,True,851
GB-037286,False,796
GB-037287,False,138
GB-037288,False,1098
GB-037289,True,11
GB-037290,False,331
GB-037291,True,624
GB-037292,False,581
GB-037293,True,15
GB-037294,True,754
GB-037295,False,483
GB-037296,False,513
GB-037297,True,365
GB-037298,False,1298
GB-037299,True,932
GB-037300,True,363
GB-037301,False,645
GB-037302,False,1337
GB-037303,False,455
GB-037304,True,654
GB-037305,True,373
GB-037306,False,1292
GB-037307,False,270
GB-037308,False,799
GB-037309,False,362
GB-037310,True,65
GB-037311,False,442
GB-037312,False,637
GB-037313,True,749
GB-037314,False,650
GB-037315,True,1400
GB-037316,False,882
GB-037317,False,172
GB-037318,False,818
GB-037319,True,861
GB-037320,False,1143
GB-037321,False,351
GB-037322,False,823
GB-037323,False,1142
GB-037324,True,72
GB-037325,True,1328
GB-037326,True,654
GB-037327,True,743
GB-037328,False,48
GB-037329,True,1411
GB-037330,False,1070
GB-037331,False,1484
GB-037332,False,501
GB-037333,False,149
GB-037334,False,504
GB-037335,False,499
GB-037336,False,1325
GB-037337,False,261
GB-037338,False,444
GB-037339,False,1414
GB-037340,False,1307
GB-037341,False,1428
GB-037342,False,964
GB-037343,False,1367
GB-037344,False,384
GB-037345,True,1045
GB-037346,False,1493
GB-037347,False,1092
GB-037348,False,990
GB-037349,True,349
GB-037350,True,333
GB-037351,False,1191
GB-037352,True,136
GB-037353,True,1199
GB-037354,True,312
GB-037355,True,1089
GB-037356,False,404
GB-037357,False,609
GB-037358,True,160
GB-037359,False,648
GB-037360,False,1467
GB-037361,True,272
GB-037362,True,226
GB-037363,False,1014
GB-037364,True,955
GB-037365,False,316
GB-037366,True,750
GB-037367,True,1118
GB-037368,False,425
GB-037369,False,1330
GB-037370,False,881
GB-037371,True,1413
GB-037372,True,1354
GB-037373,False,79
GB-037374,True,1017
GB-037375,True,778
GB-037376,False,943
GB-037377,False,761
GB-037378,False,377
GB-037379,True,1088
GB-037380,False,233
GB-037381,False,1332
GB-037382,True,1087
GB-037383,True,59
GB-037384,False,1187
GB-037385,False,100
GB-037386,False,831
GB-037387,True,442
GB-037388,False,1207
GB-037389,False,403
GB-037390,False,907
GB-037391,False,943
GB-037392,False,836
GB-037393,True,999
GB-037394,False,596
GB-037395,False,715
GB-037396,True,530
GB-037397,False,80
GB-037398,False,1242
GB-037399,False,1464
GB-037400,True,628
GB-037401,False,1316
GB-037402,True,79
GB-037403,False,1235
GB-037404,False,10
GB-037405,False,936
GB-037406,False,1050
GB-037407,True,57
GB-037408,True,638
GB-037409,False,116
GB-037410,True,545
GB-037411,True,1388
GB-037412,False,734
GB-037413,False,427
GB-037414,False,109
GB-037415,False,800
GB-037416,False,237
GB-037417,True,1343
GB-037418,True,467
GB-037419,False,530
GB-037420,False,765
GB-037421,False,947
GB-037422,False,49
GB-037423,False,794
GB-037424,True,5
GB-037425,False,488
GB-037426,False,250
GB-037427,True,902
GB-037428,True,532
GB-037429,False,301
GB-037430,False,59
GB-037431,False,2
GB-037432,False,241
GB-037433,False,753
GB-037434,True,58
GB-037435,True,242
GB-037436,False,242
GB-037437,False,654
GB-037438,False,1043
GB-037439,True,189
GB-037440,False,337
GB-037441,False,1344
GB-037442,True,331
GB-037443,False,2
GB-037444,True,72
GB-037445,False,931
GB-037446,False,1437
GB-037447,True,1287
GB-037448,True,541
GB-037449,False,17
GB-037450,True,1178
GB-037451,True,180
GB-037452,False,1475
GB-037453,False,82
GB-037454,False,1209
GB-037455,True,911
GB-037456,False,55
GB-037457,False,1172
GB-037458,False,1253
GB-037459,True,75
GB-037460,True,965
GB-037461,True,797
GB-037462,False,1193
GB-037463,False,1494
GB-037464,True,667
GB-037465,False,1098
GB-037466,True,399
GB-037467,True,216
GB-037468,False,1355
GB-037469,False,724
GB-037470,True,309
GB-037471,True,64
GB-037472,False,1355
GB-037473,False,393
GB-037474,True,550
GB-037475,False,684
GB-037476,True,1493
GB-037477,False,414
GB-037478,True,905
GB-037479,False,1036
GB-037480,True,1292
GB-037481,False,397
GB-037482,False,504
GB-037483,False,388
GB-037484,True,1114
GB-037485,False,529
GB-037486,True,490
GB-037487,True,983
GB-037488,False,563
GB-037489,True,1220
GB-037490,False,851
GB-037491,False,490
GB-037492,False,187
GB-037493,False,358
GB-037494,False,168
GB-037495,False,238
GB-037496,False,1377
GB-037497,False,114
GB-037498,False,1467
GB-037499,False,1239
GB-037500,True,1391
GB-037501,False,219
GB-037502,True,968
GB-037503,False,224
GB-037504,True,859
GB-037505,False,536
GB-037506,False,675
GB-037507,False,624
GB-037508,True,515
GB-037509,False,1465
GB-037510,True,970
GB-037511,False,1390
GB-037512,True,1171
GB-037513,False,190
GB-037514,False,595
GB-037515,False,870
GB-037516,False,463
GB-037517,False,1228
GB-037518,True,596
GB-037519,True,1418
GB-037520,True,547
GB-037521,False,51
GB-037522,False,647
GB-037523,True,734
GB-037524,False,209
GB-037525,True,1252
GB-037526,False,311
GB-037527,False,423
GB-037528,True,169
GB-037529,False,574
GB-037530,False,1141
GB-037531,False,281
GB-037532,True,934
GB-037533,False,1302
GB-037534,False,347
GB-037535,True,100
GB-037536,False,595
GB-037537,False,655
GB-037538,False,475
GB-037539,False,621
GB-037540,False,847
GB-037541,False,869
GB-037542,False,1436
GB-037543,True,663
GB-037544,False,785
GB-037545,True,1188
GB-037546,False,1425
GB-037547,False,74
GB-037548,False,1057
GB-037549,False,1449
GB-037550,False,853
GB-037551,False,1481
GB-037552,False,1083
GB-037553,True,702
GB-037554,False,1343
GB-037555,False,27
GB-037556,False,1358
GB-037557,False,356
GB-037558,False,417
GB-037559,False,1272
GB-037560,False,543
GB-037561,True,172
GB-037562,False,1028
GB-037563,False,51
GB-037564,False,966
GB-037565,False,928
GB-037566,True,845
GB-037567,False,176
GB-037568,True,491
GB-037569,False,444
GB-037570,False,1209
GB-037571,True,1023
GB-037572,True,1145
GB-037573,False,397
GB-037574,False,707
GB-037575,False,1385
GB-037576,False,342
GB-037577,False,449
GB-037578,True,563
GB-037579,False,593
GB-037580,True,231
GB-037581,False,372
GB-037582,True,1019
GB-037583,False,417
GB-037584,True,951
GB-037585,False,548
GB-037586,True,1386
GB-037587,True,178
GB-037588,False,1378
GB-037589,False,433
GB-037590,True,721
GB-037591,True,322
GB-037592,True,1467
GB-037593,False,21
GB-037594,False,421
GB-037595,False,663
GB-037596,True,1357
GB-037597,False,161
GB-037598,True,1321
GB-037599,False,1355
GB-037600,True,1107
GB-037601,False,771
GB-037602,False,955
GB-037603,False,178
GB-037604,True,411
GB-037605,True,726
GB-037606,True,434
GB-037607,False,1323
GB-037608,False,1213
GB-037609,False,1169
GB-037610,True,216
GB-037611,True,1153
GB-037612,True,359
GB-037613,False,827
GB-037614,True,1364
GB-037615,False,55
GB-037616,True,1412
GB-037617,False,242
GB-037618,True,179
GB-037619,False,1335
GB-037620,True,1388
GB-037621,True,579
GB-037622,False,810
GB-037623,False,606
GB-037624,False,100
GB-037625,True,1176
GB-037626,False,266
GB-037627,False,734
GB-037628,False,891
GB-037629,True,479
GB-037630,True,881
GB-037631,True,997
GB-037632,False,912
GB-037633,True,1116
GB-037634,False,1340
GB-037635,True,1053
GB-037636,False,1022
GB-037637,False,956
GB-037638,False,1252
GB-037639,False,356
GB-037640,False,1272
GB-037641,False,540
GB-037642,False,303
GB-037643,False,466
GB-037644,False,228
GB-037645,False,1019
GB-037646,False,710
GB-037647,False,760
GB-037648,True,1462
GB-037649,False,931
GB-037650,True,256
GB-037651,True,909
GB-037652,False,1038
GB-037653,False,1073
GB-037654,True,913
GB-037655,True,780
GB-037656,False,1127
GB-037657,False,1128
GB-037658,False,602
GB-037659,False,366
GB-037660,True,87
GB-037661,False,1355
GB-037662,False,618
GB-037663,True,220
GB-037664,False,150
GB-037665,False,1461
GB-037666,False,885
GB-037667,False,1331
GB-037668,True,1470
GB-037669,True,1208
GB-037670,True,1465
GB-037671,False,1103
GB-037672,True,672
GB-037673,True,347
GB-037674,True,809
GB-037675,False,10
GB-037676,True,1096
GB-037677,False,1227
GB-037678,False,195
GB-037679,False,977
GB-037680,True,1193
GB-037681,False,998
GB-037682,True,270
GB-037683,True,83
GB-037684,True,203
GB-037685,True,315
GB-037686,False,1370
GB-037687,True,144
GB-037688,False,1273
GB-037689,True,84
GB-037690,False,1284
GB-037691,True,1464
GB-037692,False,1270
GB-037693,True,1262
GB-037694,False,839
GB-037695,True,585
GB-037696,False,142
GB-037697,False,1080
GB-037698,False,42
GB-037699,True,771
GB-037700,True,1217
GB-037701,False,392
GB-037702,False,1138
GB-037703,False,192
GB-037704,False,7
GB-037705,False,553
GB-037706,False,674
GB-037707,True,1308
GB-037708,False,714
GB-037709,False,370
GB-037710,False,1468
GB-037711,True,541
GB-037712,False,1119
GB-037713,False,1325
GB-037714,False,444
GB-037715,False,948
GB-037716,True,1316
GB-037717,False,870
GB-037718,True,1368
GB-037719,False,211
GB-037720,False,338
GB-037721,False,1161
GB-037722,True,865
GB-037723,False,1337
GB-037724,True,958
GB-037725,False,678
GB-037726,False,1315
GB-037727,False,1346
GB-037728,True,706
GB-037729,False,577
GB-037730,False,779
GB-037731,True,1071
GB-037732,False,472
GB-037733,False,13
GB-037734,True,898
GB-037735,True,325
GB-037736,False,898
GB-037737,True,933
GB-037738,False,1086
GB-037739,False,1458
GB-037740,False,1279
GB-037741,True,75
GB-037742,True,454
GB-037743,False,238
GB-037744,True,36
GB-037745,True,1119
GB-037746,False,201
GB-037747,False,874
GB-037748,False,28
GB-037749,True,1430
GB-037750,False,798
GB-037751,False,60
GB-037752,False,11
GB-037753,True,1059
GB-037754,False,698
GB-037755,True,1333
GB-037756,False,593
GB-037757,True,1018
GB-037758,False,701
GB-037759,True,1188
GB-037760,False,868
GB-037761,False,356
GB-037762,True,793
GB-037763,False,958
GB-037764,False,24
GB-037765,False,415
GB-037766,True,201
GB-037767,True,246
GB-037768,True,865
GB-037769,False,938
GB-037770,True,921
GB-037771,True,461
GB-037772,False,1100
GB-037773,True,577
GB-037774,False,317
GB-037775,True,856
GB-037776,True,556
GB-037777,False,656
GB-037778,False,594
GB-037779,False,1271
GB-037780,False,275
GB-037781,False,104
GB-037782,False,1478
GB-037783,False,301
GB-037784,False,1100
GB-037785,False,1141
GB-037786,False,1481
GB-037787,False,522
GB-037788,True,1051
GB-037789,True,1158
GB-037790,False,1234
GB-037791,True,366
GB-037792,False,1302
GB-037793,False,1460
GB-037794,True,151
GB-037795,False,951
GB-037796,True,826
GB-037797,False,498
GB-037798,True,1245
GB-037799,True,1172
GB-037800,True,972
GB-037801,False,1310
GB-037802,False,438
GB-037803,True,1248
GB-037804,False,1394
GB-037805,True,774
GB-037806,True,1134
GB-037807,True,793
GB-037808,True,1442
GB-037809,False,1047
GB-037810,False,1033
GB-037811,False,1401
GB-037812,False,219
GB-037813,False,1423
GB-037814,True,656
GB-037815,True,209
GB-037816,False,155
GB-037817,False,1287
GB-037818,False,249
GB-037819,True,366
GB-037820,True,952
GB-037821,True,73
GB-037822,False,219
GB-037823,False,915
GB-037824,False,1101
GB-037825,False,1118
GB-037826,False,1229
GB-037827,True,887
GB-037828,False,562
GB-037829,False,197
GB-037830,False,547
GB-037831,True,233
GB-037832,False,1262
GB-037833,False,869
GB-037834,True,739
GB-037835,True,269
GB-037836,False,720
GB-037837,True,163
GB-037838,True,165
GB-037839,True,257
GB-037840,False,931
GB-037841,False,404
GB-037842,False,49
GB-037843,False,286
GB-037844,False,93
GB-037845,True,830
GB-037846,True,1042
GB-037847,False,39
GB-037848,False,149
GB-037849,False,74
GB-037850,False,964
GB-037851,False,1016
GB-037852,False,778
GB-037853,False,853
GB-037854,False,391
GB-037855,False,1298
GB-037856,True,929
GB-037857,False,1340
GB-037858,False,1163
GB-037859,True,917
GB-037860,False,973
GB-037861,False,281
GB-037862,True,683
GB-037863,False,477
GB-037864,False,1147
GB-037865,True,635
GB-037866,True,1305
GB-037867,True,372
GB-037868,False,777
GB-037869,False,547
GB-037870,False,1438
GB-037871,False,1173
GB-037872,False,959
GB-037873,True,844
GB-037874,False,333
GB-037875,False,574
GB-037876,False,233
GB-037877,False,90
GB-037878,False,841
GB-037879,True,121
GB-037880,False,1061
GB-037881,False,543
GB-037882,True,349
GB-037883,False,7
GB-037884,True,859
GB-037885,False,265
GB-037886,True,114
GB-037887,True,788
GB-037888,False,893
GB-037889,True,1457
GB-037890,False,503
GB-037891,False,923
GB-037892,False,691
GB-037893,False,913
GB-037894,True,791
GB-037895,False,436
GB-037896,False,1279
GB-037897,False,297
GB-037898,False,513
GB-037899,False,644
GB-037900,False,268
GB-037901,False,997
GB-037902,False,500
GB-037903,False,787
GB-037904,False,72
GB-037905,False,51
GB-037906,False,871
GB-037907,True,280
GB-037908,True,303
GB-037909,False,1028
GB-037910,True,1493
GB-037911,True,815
GB-037912,True,1188
GB-037913,False,385
GB-037914,False,323
GB-037915,True,1104
GB-037916,True,1191
GB-037917,True,571
GB-037918,True,774
GB-037919,True,722
GB-037920,False,461
GB-037921,True,1204
GB-037922,False,888
GB-037923,True,831
GB-037924,False,1361
GB-037925,False,1014
GB-037926,False,1315
GB-037927,False,395
GB-037928,False,564
GB-037929,True,448
GB-037930,False,423
GB-037931,True,571
GB-037932,True,1204
GB-037933,True,192
GB-037934,False,568
GB-037935,True,836
GB-037936,False,660
GB-037937,True,681
GB-037938,False,448
GB-037939,False,591
GB-037940,False,934
GB-037941,False,1142
GB-037942,True,1491
GB-037943,False,278
GB-037944,True,743
GB-037945,False,1039
GB-037946,False,614
GB-037947,True,789
GB-037948,True,1252
GB-037949,False,423
GB-037950,True,769
GB-037951,True,1100
GB-037952,False,745
GB-037953,False,281
GB-037954,False,606
GB-037955,False,560
GB-037956,False,1357
GB-037957,True,1093
GB-037958,False,1288
GB-037959,False,1380
GB-037960,True,689
GB-037961,False,1057
GB-037962,False,1260
GB-037963,True,419
GB-037964,False,289
GB-037965,True,188
GB-037966,False,913
GB-037967,False,765
GB-037968,True,814
GB-037969,False,343
GB-037970,False,1079
GB-037971,True,1428
GB-037972,False,325
GB-037973,False,657
GB-037974,False,1276
GB-037975,False,656
GB-037976,False,842
GB-037977,True,703
GB-037978,True,562
GB-037979,True,360
GB-037980,False,1496
GB-037981,True,980
GB-037982,False,535
GB-037983,False,306
GB-037984,True,279
GB-037985,False,607
GB-037986,True,15
GB-037987,False,1301
GB-037988,False,539
GB-037989,False,1260
GB-037990,True,117
GB-037991,False,536
GB-037992,False,561
GB-037993,True,474
GB-037994,False,562
GB-037995,False,194
GB-037996,False,121
GB-037997,False,1031
GB-037998,True,570
GB-037999,True,278
GB-038000,False,1245
GB-038001,False,239
GB-038002,True,540
GB-038003,False,479
GB-038004,True,579
GB-038005,False,521
GB-038006,True,496
GB-038007,False,1491
GB-038008,True,975
GB-038009,False,1112
GB-038010,True,744
GB-038011,False,26
GB-038012,False,81
GB-038013,True,221
GB-038014,True,622
GB-038015,True,54
GB-038016,False,1308
GB-038017,False,761
GB-038018,False,740
GB-038019,True,497
GB-038020,False,75
GB-038021,False,1457
GB-038022,False,414
GB-038023,False,645
GB-038024,True,647
GB-038025,False,1151
GB-038026,False,441
GB-038027,True,658
GB-038028,False,1072
GB-038029,True,377
GB-038030,False,375
GB-038031,False,988
GB-038032,True,33
GB-038033,True,187
GB-038034,False,314
GB-038035,True,575
GB-038036,True,1156
GB-038037,True,1241
GB-038038,True,836
GB-038039,False,306
GB-038040,True,854
GB-038041,False,257
GB-038042,False,1260
GB-038043,True,356
GB-038044,False,26
GB-038045,True,1429
GB-038046,False,929
GB-038047,False,986
GB-038048,False,360
GB-038049,False,408
GB-038050,True,57
GB-038051,True,1205
GB-038052,True,168
GB-038053,False,460
GB-038054,True,1348
GB-038055,False,494
GB-038056,False,1356
GB-038057,False,1040
GB-038058,False,545
GB-038059,False,1109
GB-038060,True,1464
GB-038061,False,686
GB-038062,False,681
GB-038063,True,778
GB-038064,True,615
GB-038065,False,286
GB-038066,False,125
GB-038067,True,374
GB-038068,False,223
GB-038069,False,550
GB-038070,False,165
GB-038071,True,191
GB-038072,False,1441
GB-038073,False,1172
GB-038074,False,524
GB-038075,True,666
GB-038076,False,750
GB-038077,True,1315
GB-038078,False,690
GB-038079,False,717
GB-038080,False,290
GB-038081,False,813
GB-038082,False,1208
GB-038083,False,739
GB-038084,True,409
GB-038085,True,384
GB-038086,False,1209
GB-038087,False,1435
GB-038088,True,400
GB-038089,True,828
GB-038090,True,1117
GB-038091,False,812
GB-038092,True,1418
GB-038093,True,1461
GB-038094,True,1005
GB-038095,True,268
GB-038096,False,1112
GB-038097,True,758
GB-038098,False,1166
GB-038099,False,100
GB-038100,True,246
GB-038101,False,214
GB-038102,False,13
GB-038103,False,433
GB-038104,False,965
GB-038105,True,249
GB-038106,False,705
GB-038107,False,1029
GB-038108,True,805
GB-038109,True,99
GB-038110,True,627
GB-038111,False,110
GB-038112,False,107
GB-038113,True,619
GB-038114,False,1244
GB-038115,False,1068
GB-038116,False,1300
GB-038117,True,1258
GB-038118,True,25
GB-038119,True,1042
GB-038120,False,386
GB-038121,False,639
GB-038122,True,1483
GB-038123,False,1389
GB-038124,True,810
GB-038125,False,68
GB-038126,False,1097
GB-038127,False,364
GB-038128,True,1168
GB-038129,False,593
GB-038130,False,1141
GB-038131,False,198
GB-038132,True,286
GB-038133,True,618
GB-038134,False,1310
GB-038135,True,171
GB-038136,False,653
GB-038137,False,181
GB-038138,False,1337
GB-038139,False,1148
GB-038140,True,1409
GB-038141,False,723
GB-038142,False,1338
GB-038143,False,706
GB-038144,False,192
GB-038145,False,560
GB-038146,False,296
GB-038147,False,955
GB-038148,True,392
GB-038149,False,774
GB-038150,False,496
GB-038151,False,939
GB-038152,True,321
GB-038153,True,1165
GB-038154,False,1035
GB-038155,True,276
GB-038156,True,777
GB-038157,False,1109
GB-038158,False,11
GB-038159,False,635
GB-038160,True,455
GB-038161,True,1219
GB-038162,True,1440
GB-038163,False,772
GB-038164,False,606
GB-038165,False,736
GB-038166,False,87
GB-038167,False,743
GB-038168,False,452
GB-038169,True,375
GB-038170,False,1163
GB-038171,True,282
GB-038172,False,1249
GB-038173,False,199
GB-038174,False,15
GB-038175,True,1311
GB-038176,False,641
GB-038177,False,3
GB-038178,True,207
GB-038179,False,1412
GB-038180,False,1449
GB-038181,False,898
GB-038182,False,628
GB-038183,False,1366
GB-038184,False,748
GB-038185,False,125
GB-038186,False,854
GB-038187,True,1105
GB-038188,False,544
GB-038189,False,1046
GB-038190,False,518
GB-038191,True,237
GB-038192,True,953
GB-038193,False,689
GB-038194,False,1358
GB-038195,True,715
GB-038196,False,1488
GB-038197,False,495
GB-038198,False,329
GB-038199,True,1268
GB-038200,False,915
GB-038201,True,1243
GB-038202,False,959
GB-038203,True,965
GB-038204,False,295
GB-038205,False,952
GB-038206,False,738
GB-038207,True,504
GB-038208,False,1274
GB-038209,True,1397
GB-038210,False,602
GB-038211,False,722
GB-038212,False,359
GB-038213,False,867
GB-038214,False,206
GB-038215,True,1245
GB-038216,False,253
GB-038217,True,472
GB-038218,True,18
GB-038219,True,1293
GB-038220,False,643
GB-038221,False,885
GB-038222,True,672
GB-038223,False,57
GB-038224,True,1325
GB-038225,False,570
GB-038226,True,1115
GB-038227,False,1027
GB-038228,True,156
GB-038229,False,122
GB-038230,False,386
GB-038231,False,1030
GB-038232,True,592
GB-038233,False,21
GB-038234,False,102
GB-038235,False,251
GB-038236,True,529
GB-038237,False,1324
GB-038238,False,67
GB-038239,False,460
GB-038240,True,961
GB-038241,False,1267
GB-038242,True,131
GB-038243,False,151
GB-038244,True,971
GB-038245,False,785
GB-038246,False,1470
GB-038247,True,803
GB-038248,False,1175
GB-038249,True,692
GB-038250,True,83
GB-038251,True,119
GB-038252,False,1173
GB-038253,True,1378
GB-038254,False,640
GB-038255,True,509
GB-038256,True,1054
GB-038257,True,1199
GB-038258,False,298
GB-038259,True,862
GB-038260,False,1496
GB-038261,False,619
GB-038262,False,559
GB-038263,False,1205
GB-038264,True,1281
GB-038265,True,107
GB-038266,False,925
GB-038267,False,1280
GB-038268,True,28
GB-038269,False,1317
GB-038270,True,195
GB-038271,True,1369
GB-038272,False,878
GB-038273,True,1221
GB-038274,False,1470
GB-038275,True,609
GB-038276,False,1484
GB-038277,True,670
GB-038278,True,872
GB-038279,False,301
GB-038280,False,92
GB-038281,True,507
GB-038282,False,15
GB-038283,False,923
GB-038284,False,923
GB-038285,False,348
GB-038286,True,1040
GB-038287,True,486
GB-038288,True,1101
GB-038289,False,1480
GB-038290,False,1101
GB-038291,False,571
GB-038292,True,265
GB-038293,False,817
GB-038294,False,601
GB-038295,True,294
GB-038296,False,1423
GB-038297,False,1078
GB-038298,True,183
GB-038299,True,1061
GB-038300,True,220
GB-038301,False,391
GB-038302,True,191
GB-038303,False,1316
GB-038304,True,611
GB-038305,True,433
GB-038306,False,1327
GB-038307,True,1276
GB-038308,False,1112
GB-038309,True,568
GB-038310,False,1233
GB-038311,False,1411
GB-038312,False,1272
GB-038313,False,615
GB-038314,False,60
GB-038315,True,1470
GB-038316,False,69
GB-038317,False,1218
GB-038318,False,990
GB-038319,False,733
GB-038320,False,1447
GB-038321,True,789
GB-038322,False,592
GB-038323,False,273
GB-038324,True,649
GB-038325,False,351
GB-038326,False,148
GB-038327,False,1373
GB-038328,True,1335
GB-038329,False,1357
GB-038330,False,67
GB-038331,False,267
GB-038332,False,1489
GB-038333,True,1176
GB-038334,False,1359
GB-038335,False,1132
GB-038336,False,1155
GB-038337,False,143
GB-038338,False,1148
GB-038339,False,644
GB-038340,False,823
GB-038341,False,490
GB-038342,False,467
GB-038343,False,608
GB-038344,False,14
GB-038345,True,1067
GB-038346,False,933
GB-038347,True,1085
GB-038348,False,1066
GB-038349,False,564
GB-038350,True,537
GB-038351,False,1047
GB-038352,True,687
GB-038353,True,953
GB-038354,True,908
GB-038355,True,324
GB-038356,False,1426
GB-038357,True,1056
GB-038358,True,1490
GB-038359,True,1221
GB-038360,True,501
GB-038361,False,868
GB-038362,True,1409
GB-038363,True,775
GB-038364,False,792
GB-038365,True,1166
GB-038366,True,1311
GB-038367,False,200
GB-038368,False,1432
GB-038369,False,314
GB-038370,True,191
GB-038371,False,736
GB-038372,False,1261
GB-038373,False,110
GB-038374,False,1472
GB-038375,False,537
GB-038376,True,1441
GB-038377,False,570
GB-038378,True,1249
GB-038379,True,126
GB-038380,False,28
GB-038381,True,746
GB-038382,False,228
GB-038383,False,1184
GB-038384,True,311
GB-038385,False,82
GB-038386,False,1356
GB-038387,True,1284
GB-038388,True,1068
GB-038389,True,590
GB-038390,True,1481
GB-038391,True,437
GB-038392,False,1215
GB-038393,False,296
GB-038394,False,299
GB-038395,False,1069
GB-038396,True,390
GB-038397,False,213
GB-038398,False,884
GB-038399,True,1079
GB-038400,True,453
GB-038401,False,425
GB-038402,False,1266
GB-038403,True,1270
GB-038404,True,688
GB-038405,True,657
GB-038406,True,1076
GB-038407,True,490
GB-038408,False,191
GB-038409,False,1340
GB-038410,False,882
GB-038411,False,891
GB-038412,False,329
GB-038413,False,1271
GB-038414,True,260
GB-038415,False,919
GB-038416,True,47
GB-038417,False,775
GB-038418,False,331
GB-038419,True,1410
GB-038420,True,105
GB-038421,False,42
GB-038422,True,96
GB-038423,True,256
GB-038424,False,1059
GB-038425,True,1208
GB-038426,False,1163
GB-038427,False,667
GB-038428,False,1407
GB-038429,False,849
GB-038430,True,756
GB-038431,False,1098
GB-038432,False,373
GB-038433,False,1188
GB-038434,False,1227
GB-038435,False,467
GB-038436,True,851
GB-038437,False,459
GB-038438,False,1363
GB-038439,False,491
GB-038440,False,470
GB-038441,False,663
GB-038442,True,735
GB-038443,False,473
GB-038444,False,1204
GB-038445,True,885
GB-038446,False,1215
GB-038447,False,881
GB-038448,True,285
GB-038449,True,351
GB-038450,False,1475
GB-038451,False,859
GB-038452,False,577
GB-038453,False,1294
GB-038454,False,802
GB-038455,False,184
GB-038456,False,48
GB-038457,True,1075
GB-038458,True,1266
GB-038459,False,524
GB-038460,False,369
GB-038461,False,409
GB-038462,True,804
GB-038463,False,471
GB-038464,False,1225
GB-038465,False,355
GB-038466,False,48
GB-038467,True,730
GB-038468,False,743
GB-038469,True,629
GB-038470,True,167
GB-038471,False,496
GB-038472,False,52
GB-038473,True,403
GB-038474,True,972
GB-038475,True,454
GB-038476,False,1041
GB-038477,False,737
GB-038478,False,118
GB-038479,False,747
GB-038480,False,875
GB-038481,False,1235
GB-038482,False,455
GB-038483,False,1252
GB-038484,True,801
GB-038485,False,49
GB-038486,False,1095
GB-038487,True,102
GB-038488,False,997
GB-038489,False,1405
GB-038490,True,1443
GB-038491,False,822
GB-038492,False,343
GB-038493,False,281
GB-038494,True,925
GB-038495,True,378
GB-038496,False,560
GB-038497,False,1006
GB-038498,True,1031
GB-038499,False,976
GB-038500,False,21
GB-038501,False,227
GB-038502,True,1129
GB-038503,False,935
GB-038504,False,974
GB-038505,False,1432
GB-038506,True,1357
GB-038507,False,145
GB-038508,True,812
GB-038509,True,1059
GB-038510,True,933
GB-038511,False,1087
GB-038512,True,230
GB-038513,False,734
GB-038514,False,721
GB-038515,True,628
GB-038516,True,1314
GB-038517,True,802
GB-038518,False,368
GB-038519,True,793
GB-038520,False,752
GB-038521,False,1137
GB-038522,True,1354
GB-038523,True,803
GB-038524,True,1091
GB-038525,True,682
GB-038526,False,1235
GB-038527,False,429
GB-038528,False,430
GB-038529,True,1426
GB-038530,False,714
GB-038531,True,1145
GB-038532,True,127
GB-038533,False,628
GB-038534,False,1161
GB-038535,False,1435
GB-038536,True,1116
GB-038537,False,700
GB-038538,False,237
GB-038539,True,134
GB-038540,False,1247
GB-038541,False,1053
GB-038542,False,396
GB-038543,False,1173
GB-038544,False,1329
GB-038545,False,1062
GB-038546,False,274
GB-038547,False,1215
GB-038548,False,1447
GB-038549,True,1484
GB-038550,True,843
GB-038551,False,229
GB-038552,False,106
GB-038553,True,1497
GB-038554,False,48
GB-038555,False,386
GB-038556,False,73
GB-038557,True,289
GB-038558,True,1103
GB-038559,False,714
GB-038560,False,638
GB-038561,False,660
GB-038562,False,264
GB-038563,False,514
GB-038564,False,621
GB-038565,False,367
GB-038566,False,881
GB-038567,True,750
GB-038568,False,131
GB-038569,False,929
GB-038570,True,755
GB-038571,True,1008
GB-038572,False,52
GB-038573,False,421
GB-038574,False,429
GB-038575,False,250
GB-038576,True,912
GB-038577,False,490
GB-038578,True,1462
GB-038579,True,1238
GB-038580,False,909
GB-038581,True,71
GB-038582,True,354
GB-038583,True,687
GB-038584,True,684
GB-038585,False,546
GB-038586,True,701
GB-038587,False,404
GB-038588,True,24
GB-038589,True,51
GB-038590,True,1019
GB-038591,False,942
GB-038592,False,132
GB-038593,True,1297
GB-038594,True,195
GB-038595,False,102
GB-038596,True,651
GB-038597,False,701
GB-038598,True,607
GB-038599,True,580
GB-038600,True,184
GB-038601,False,1079
GB-038602,True,729
GB-038603,False,1060
GB-038604,False,1210
GB-038605,False,1180
GB-038606,False,552
GB-038607,False,595
GB-038608,False,1096
GB-038609,True,208
GB-038610,True,407
GB-038611,True,1468
GB-038612,True,379
GB-038613,False,1376
GB-038614,False,493
GB-038615,False,1365
GB-038616,False,507
GB-038617,True,1439
GB-038618,False,461
GB-038619,True,798
GB-038620,True,924
GB-038621,True,1091
GB-038622,False,755
GB-038623,False,139
GB-038624,True,901
GB-038625,True,551
GB-038626,False,1142
GB-038627,False,1198
GB-038628,False,323
GB-038629,False,681
GB-038630,False,529
GB-038631,True,919
GB-038632,False,87
GB-038633,True,661
GB-038634,False,518
GB-038635,True,980
GB-038636,False,913
GB-038637,True,749
GB-038638,False,1077
GB-038639,False,751
GB-038640,False,1478
GB-038641,True,1022
GB-038642,True,758
GB-038643,False,751
GB-038644,False,847
GB-038645,False,1012
GB-038646,True,342
GB-038647,False,214
GB-038648,False,868
GB-038649,False,1170
GB-038650,False,331
GB-038651,False,1488
GB-038652,False,1052
GB-038653,True,274
GB-038654,False,347
GB-038655,False,1431
GB-038656,True,1437
GB-038657,True,982
GB-038658,False,160
GB-038659,True,810
GB-038660,False,983
GB-038661,False,486
GB-038662,False,427
GB-038663,True,1008
GB-038664,True,90
GB-038665,False,879
GB-038666,False,240
GB-038667,False,1084
GB-038668,True,1257
GB-038669,True,1000
GB-038670,False,120
GB-038671,False,345
GB-038672,True,1371
GB-038673,False,1073
GB-038674,True,1353
GB-038675,False,1146
GB-038676,False,696
GB-038677,True,706
GB-038678,False,1458
GB-038679,False,208
GB-038680,False,444
GB-038681,False,1126
GB-038682,True,1101
GB-038683,False,1151
GB-038684,True,171
GB-038685,True,972
GB-038686,False,195
GB-038687,False,249
GB-038688,True,77
GB-038689,True,1311
GB-038690,False,628
GB-038691,True,892
GB-038692,False,597
GB-038693,False,357
GB-038694,False,1294
GB-038695,False,1120
GB-038696,False,1210
GB-038697,False,744
GB-038698,False,261
GB-038699,False,1314
GB-038700,False,500
GB-038701,True,353
GB-038702,True,270
GB-038703,True,1298
GB-038704,False,110
GB-038705,False,688
GB-038706,True,630
GB-038707,False,812
GB-038708,True,458
GB-038709,True,1377
GB-038710,False,1351
GB-038711,False,447
GB-038712,True,320
GB-038713,True,1120
GB-038714,True,320
GB-038715,False,506
GB-038716,False,68
GB-038717,False,1353
GB-038718,True,1368
GB-038719,True,919
GB-038720,False,177
GB-038721,False,1215
GB-038722,True,314
GB-038723,True,554
GB-038724,False,875
GB-038725,True,715
GB-038726,False,1093
GB-038727,False,521
GB-038728,False,725
GB-038729,False,469
GB-038730,True,84
GB-038731,True,450
GB-038732,True,1120
GB-038733,True,155
GB-038734,True,949
GB-038735,True,5
GB-038736,False,319
GB-038737,True,143
GB-038738,True,1172
GB-038739,False,923
GB-038740,True,488
GB-038741,True,1486
GB-038742,False,298
GB-038743,False,10
GB-038744,False,330
GB-038745,False,1428
GB-038746,False,1263
GB-038747,False,999
GB-038748,False,634
GB-038749,False,638
GB-038750,False,445
GB-038751,False,568
GB-038752,False,962
GB-038753,True,831
GB-038754,True,1019
GB-038755,False,998
GB-038756,False,979
GB-038757,False,743
GB-038758,True,560
GB-038759,False,1048
GB-038760,True,201
GB-038761,True,314
GB-038762,False,521
GB-038763,False,1338
GB-038764,False,1082
GB-038765,False,733
GB-038766,True,1165
GB-038767,True,130
GB-038768,False,1171
GB-038769,True,111
GB-038770,False,81
GB-038771,False,671
GB-038772,True,274
GB-038773,True,1
GB-038774,True,877
GB-038775,True,1404
GB-038776,True,238
GB-038777,True,111
GB-038778,False,1256
GB-038779,True,608
GB-038780,False,1297
GB-038781,True,1242
GB-038782,False,825
GB-038783,True,832
GB-038784,True,149
GB-038785,False,1294
GB-038786,False,468
GB-038787,False,271
GB-038788,False,820
GB-038789,False,477
GB-038790,False,1082
GB-038791,False,1491
GB-038792,False,959
GB-038793,True,1115
GB-038794,True,1147
GB-038795,False,1431
GB-038796,False,463
GB-038797,False,171
GB-038798,True,1386
GB-038799,True,136
GB-038800,True,500
GB-038801,True,1497
GB-038802,False,648
GB-038803,False,1449
GB-038804,False,253
GB-038805,True,797
GB-038806,True,903
GB-038807,True,1427
GB-038808,True,132
GB-038809,True,1248
GB-038810,True,1056
GB-038811,False,1414
GB-038812,True,1165
GB-038813,True,1377
GB-038814,False,1324
GB-038815,False,394
GB-038816,True,117
GB-038817,True,984
GB-038818,True,1419
GB-038819,False,1071
GB-038820,True,1212
GB-038821,True,106
GB-038822,False,1285
GB-038823,False,1084
GB-038824,False,1221
GB-038825,True,301
GB-038826,False,1359
GB-038827,True,150
GB-038828,True,824
GB-038829,False,222
GB-038830,False,631
GB-038831,False,189
GB-038832,False,126
GB-038833,True,277
GB-038834,True,1043
GB-038835,True,510
GB-038836,False,268
GB-038837,True,1123
GB-038838,True,393
GB-038839,False,256
GB-038840,False,1326
GB-038841,False,373
GB-038842,True,1275
GB-038843,False,1268
GB-038844,True,51
GB-038845,False,1458
GB-038846,False,1464
GB-038847,False,1006
GB-038848,False,938
GB-038849,True,1321
GB-038850,False,80
GB-038851,True,1453
GB-038852,False,181
GB-038853,False,1189
GB-038854,True,377
GB-038855,False,483
GB-038856,False,1309
GB-038857,False,221
GB-038858,True,245
GB-038859,True,17
GB-038860,False,238
GB-038861,False,958
GB-038862,False,1231
GB-038863,False,690
GB-038864,True,1148
GB-038865,True,1094
GB-038866,False,1183
GB-038867,True,671
GB-038868,False,587
GB-038869,True,923
GB-038870,False,663
GB-038871,True,856
GB-038872,True,1200
GB-038873,False,393
GB-038874,True,1372
GB-038875,True,825
GB-038876,True,998
GB-038877,False,526
GB-038878,False,714
GB-038879,False,1101
GB-038880,False,904
GB-038881,False,937
GB-038882,False,814
GB-038883,False,511
GB-038884,False,311
GB-038885,False,411
GB-038886,True,1409
GB-038887,False,1272
GB-038888,False,920
GB-038889,False,431
GB-038890,True,596
GB-038891,False,1411
GB-038892,False,38
GB-038893,True,574
GB-038894,False,1492
GB-038895,True,223
GB-038896,True,986
GB-038897,True,40
GB-038898,False,1039
GB-038899,True,77
GB-038900,False,816
GB-038901,False,1224
GB-038902,False,982
GB-038903,False,120
GB-038904,False,98
GB-038905,False,430
GB-038906,False,817
GB-038907,False,32
GB-038908,True,789
GB-038909,True,582
GB-038910,False,127
GB-038911,True,1193
GB-038912,False,128
GB-038913,False,1051
GB-038914,True,821
GB-038915,False,28
GB-038916,False,616
GB-038917,True,404
GB-038918,False,598
GB-038919,True,144
GB-038920,False,522
GB-038921,True,597
GB-038922,True,881
GB-038923,False,486
GB-038924,False,1139
GB-038925,True,545
GB-038926,False,909
GB-038927,False,616
GB-038928,False,1387
GB-038929,False,468
GB-038930,False,935
GB-038931,False,630
GB-038932,False,743
GB-038933,False,205
GB-038934,False,668
GB-038935,False,704
GB-038936,True,356
GB-038937,True,1174
GB-038938,False,830
GB-038939,True,367
GB-038940,False,272
GB-038941,True,591
GB-038942,False,449
GB-038943,False,689
GB-038944,True,760
GB-038945,True,1410
GB-038946,False,1295
GB-038947,False,679
GB-038948,False,685
GB-038949,True,295
GB-038950,False,120
GB-038951,True,904
GB-038952,False,1144
GB-038953,True,174
GB-038954,True,1288
GB-038955,False,848
GB-038956,False,714
GB-038957,True,1410
GB-038958,True,992
GB-038959,True,1314
GB-038960,True,453
GB-038961,False,1181
GB-038962,False,360
GB-038963,False,314
GB-038964,False,577
GB-038965,False,163
GB-038966,False,1060
GB-038967,False,1278
GB-038968,True,1434
GB-038969,False,526
GB-038970,True,89
GB-038971,True,1235
GB-038972,True,321
GB-038973,True,441
GB-038974,False,685
GB-038975,True,1404
GB-038976,True,51
GB-038977,True,80
GB-038978,False,566
GB-038979,False,1048
GB-038980,False,1307
GB-038981,True,221
GB-038982,True,1215
GB-038983,False,289
GB-038984,False,199
GB-038985,False,53
GB-038986,False,868
GB-038987,True,307
GB-038988,False,1396
GB-038989,False,653
GB-038990,True,1092
GB-038991,False,1299
GB-038992,False,962
GB-038993,False,753
GB-038994,False,105
GB-038995,False,1246
GB-038996,True,1330
GB-038997,False,789
GB-038998,False,823
GB-038999,True,1172
GB-039000,False,798
GB-039001,False,1019
GB-039002,False,1319
GB-039003,False,965
GB-039004,False,367
GB-039005,False,439
GB-039006,False,1468
GB-039007,False,103
GB-039008,False,192
GB-039009,True,1029
GB-039010,True,680
GB-039011,False,191
GB-039012,True,763
GB-039013,True,488
GB-039014,False,699
GB-039015,True,988
GB-039016,False,640
GB-039017,True,1200
GB-039018,False,1178
GB-039019,False,799
GB-039020,False,875
GB-039021,False,960
GB-039022,True,528
GB-039023,True,852
GB-039024,False,310
GB-039025,True,442
GB-039026,False,1264
GB-039027,False,363
GB-039028,False,979
GB-039029,False,514
GB-039030,False,72
GB-039031,False,116
GB-039032,False,384
GB-039033,True,283
GB-039034,True,341
GB-039035,True,1493
GB-039036,False,1396
GB-039037,True,416
GB-039038,False,1397
GB-039039,False,728
GB-039040,True,1156
GB-039041,False,1130
GB-039042,True,792
GB-039043,False,1386
GB-039044,True,805
GB-039045,True,218
GB-039046,False,442
GB-039047,True,421
GB-039048,False,1467
GB-039049,False,899
GB-039050,True,555
GB-039051,True,342
GB-039052,True,57
GB-039053,False,749
GB-039054,True,745
GB-039055,True,645
GB-039056,True,646
GB-039057,False,207
GB-039058,True,912
GB-039059,False,755
GB-039060,False,1334
GB-039061,True,942
GB-039062,False,905
GB-039063,True,930
GB-039064,False,890
GB-039065,True,314
GB-039066,False,1019
GB-039067,True,843
GB-039068,True,1007
GB-039069,True,1138
GB-039070,True,471
GB-039071,False,521
GB-039072,False,1484
GB-039073,True,39
GB-039074,False,118
GB-039075,True,839
GB-039076,False,1253
GB-039077,False,777
GB-039078,True,5
GB-039079,True,917
GB-039080,False,1498
GB-039081,True,1133
GB-039082,True,929
GB-039083,False,1442
GB-039084,False,364
GB-039085,False,871
GB-039086,True,1264
GB-039087,True,1489
GB-039088,False,602
GB-039089,False,81
GB-039090,True,1484
GB-039091,False,1363
GB-039092,True,352
GB-039093,False,135
GB-039094,True,1478
GB-039095,False,1448
GB-039096,True,421
GB-039097,False,134
GB-039098,True,1434
GB-039099,False,1410
GB-039100,False,1047
GB-039101,True,1492
GB-039102,False,70
GB-039103,False,494
GB-039104,True,829
GB-039105,True,342
GB-039106,False,261
GB-039107,False,815
GB-039108,False,869
GB-039109,False,816
GB-039110,False,1458
GB-039111,False,881
GB-039112,True,863
GB-039113,True,636
GB-039114,True,149
GB-039115,True,302
GB-039116,False,669
GB-039117,False,194
GB-039118,True,1390
GB-039119,False,1444
GB-039120,False,514
GB-039121,False,1401
GB-039122,False,1081
GB-039123,False,223
GB-039124,False,1480
GB-039125,True,453
GB-039126,True,1083
GB-039127,False,645
GB-039128,False,191
GB-039129,False,718
GB-039130,True,500
GB-039131,False,1418
GB-039132,False,122
GB-039133,True,512
GB-039134,True,311
GB-039135,True,81
GB-039136,True,1101
GB-039137,False,853
GB-039138,False,927
GB-039139,True,1425
GB-039140,False,438
GB-039141,False,680
GB-039142,False,293
GB-039143,False,1460
GB-039144,False,1146
GB-039145,False,233
GB-039146,True,66
GB-039147,True,291
GB-039148,True,1478
GB-039149,True,71
GB-039150,True,268
GB-039151,False,687
GB-039152,False,791
GB-039153,True,1204
GB-039154,False,1360
GB-039155,False,174
GB-039156,False,674
GB-039157,False,377
GB-039158,True,1462
GB-039159,False,1186
GB-039160,False,533
GB-039161,True,864
GB-039162,False,69
GB-039163,True,302
GB-039164,False,442
GB-039165,False,1186
GB-039166,True,1115
GB-039167,True,599
GB-039168,False,908
GB-039169,False,84
GB-039170,False,1192
GB-039171,False,176
GB-039172,True,402
GB-039173,True,982
GB-039174,False,1042
GB-039175,True,574
GB-039176,True,301
GB-039177,False,512
GB-039178,True,1381
GB-039179,False,1259
GB-039180,False,753
GB-039181,True,489
GB-039182,True,984
GB-039183,False,9
GB-039184,False,744
GB-039185,False,614
GB-039186,True,1192
GB-039187,False,415
GB-039188,True,902
GB-039189,False,1065
GB-039190,True,382
GB-039191,True,1380
GB-039192,False,647
GB-039193,False,853
GB-039194,False,1017
GB-039195,False,111
GB-039196,True,1315
GB-039197,True,854
GB-039198,False,75
GB-039199,False,439
GB-039200,False,1400
GB-039201,True,450
GB-039202,True,406
GB-039203,False,876
GB-039204,False,1258
GB-039205,False,226
GB-039206,True,101
GB-039207,False,671
GB-039208,False,516
GB-039209,False,347
GB-039210,True,1062
GB-039211,False,1024
GB-039212,False,1235
GB-039213,False,1262
GB-039214,False,722
GB-039215,True,299
GB-039216,True,266
GB-039217,False,251
GB-039218,True,456
GB-039219,False,128
GB-039220,True,199
GB-039221,True,1332
GB-039222,False,1439
GB-039223,False,285
GB-039224,True,1257
GB-039225,False,446
GB-039226,True,597
GB-039227,False,232
GB-039228,False,1051
GB-039229,True,47
GB-039230,True,471
GB-039231,False,636
GB-039232,True,457
GB-039233,False,191
GB-039234,False,292
GB-039235,False,1344
GB-039236,True,251
GB-039237,True,905
GB-039238,True,738
GB-039239,False,409
GB-039240,True,80
GB-039241,False,783
GB-039242,True,88
GB-039243,True,1066
GB-039244,True,206
GB-039245,True,870
GB-039246,False,1026
GB-039247,False,691
GB-039248,True,691
GB-039249,True,500
GB-039250,True,13
GB-039251,False,565
GB-039252,False,847
GB-039253,True,441
GB-039254,False,1432
GB-039255,True,506
GB-039256,False,489
GB-039257,False,192
GB-039258,True,967
GB-039259,True,1173
GB-039260,False,843
GB-039261,False,528
GB-039262,False,294
GB-039263,False,1225
GB-039264,False,1260
GB-039265,False,886
GB-039266,False,931
GB-039267,False,133
GB-039268,False,1269
GB-039269,True,1146
GB-039270,True,75
GB-039271,True,931
GB-039272,True,698
GB-039273,True,1446
GB-039274,False,1444
GB-039275,False,1064
GB-039276,True,1083
GB-039277,True,85
GB-039278,True,713
GB-039279,False,1175
GB-039280,True,1239
GB-039281,False,471
GB-039282,True,655
GB-039283,False,969
GB-039284,False,1179
GB-039285,True,223
GB-039286,True,592
GB-039287,True,943
GB-039288,True,791
GB-039289,False,727
GB-039290,True,1193
GB-039291,False,878
GB-039292,False,300
GB-039293,True,1313
GB-039294,True,534
GB-039295,False,442
GB-039296,False,34
GB-039297,False,1438
GB-039298,False,205
GB-039299,True,1050
GB-039300,False,749
GB-039301,False,700
GB-039302,False,802
GB-039303,True,503
GB-039304,True,1082
GB-039305,True,922
GB-039306,True,196
GB-039307,False,836
GB-039308,False,758
GB-039309,True,1434
GB-039310,False,56
GB-039311,True,359
GB-039312,True,369
GB-039313,True,170
GB-039314,False,247
GB-039315,False,846
GB-039316,False,957
GB-039317,False,922
GB-039318,False,580
GB-039319,False,984
GB-039320,False,521
GB-039321,False,1153
GB-039322,False,1306
GB-039323,False,169
GB-039324,False,674
GB-039325,True,1361
GB-039326,False,472
GB-039327,True,254
GB-039328,False,282
GB-039329,False,687
GB-039330,False,18
GB-039331,True,532
GB-039332,True,1095
GB-039333,True,584
GB-039334,False,464
GB-039335,False,1310
GB-039336,True,1444
GB-039337,False,341
GB-039338,False,228
GB-039339,True,517
GB-039340,False,511
GB-039341,False,1228
GB-039342,False,277
GB-039343,True,424
GB-039344,True,86
GB-039345,True,377
GB-039346,True,1124
GB-039347,False,1096
GB-039348,False,1253
GB-039349,True,51
GB-039350,True,528
GB-039351,True,189
GB-039352,False,363
GB-039353,True,911
GB-039354,False,1231
GB-039355,False,386
GB-039356,True,114
GB-039357,False,862
GB-039358,False,818
GB-039359,False,615
GB-039360,False,674
GB-039361,True,52
GB-039362,False,270
GB-039363,False,80
GB-039364,False,1021
GB-039365,False,914
GB-039366,False,310
GB-039367,False,91
GB-039368,False,653
GB-039369,False,6
GB-039370,False,239
GB-039371,False,338
GB-039372,True,26
GB-039373,False,937
GB-039374,True,1030
GB-039375,False,1087
GB-039376,False,14
GB-039377,True,88
GB-039378,False,995
GB-039379,False,295
GB-039380,False,431
GB-039381,False,517
GB-039382,False,905
GB-039383,True,925
GB-039384,False,874
GB-039385,False,1272
GB-039386,False,68
GB-039387,False,132
GB-039388,False,1136
GB-039389,True,776
GB-039390,False,402
GB-039391,True,1174
GB-039392,False,590
GB-039393,False,920
GB-039394,False,12
GB-039395,False,123
GB-039396,False,1393
GB-039397,True,458
GB-039398,True,572
GB-039399,False,1321
GB-039400,True,1202
GB-039401,False,968
GB-039402,True,734
GB-039403,True,548
GB-039404,True,668
GB-039405,True,326
GB-039406,True,907
GB-039407,False,973
GB-039408,False,708
GB-039409,False,1064
GB-039410,False,961
GB-039411,True,393
GB-039412,True,220
GB-039413,False,710
GB-039414,False,159
GB-039415,True,634
GB-039416,True,788
GB-039417,False,662
GB-039418,False,397
GB-039419,False,1102
GB-039420,False,1261
GB-039421,False,71
GB-039422,False,584
GB-039423,False,702
GB-039424,False,699
GB-039425,True,71
GB-039426,False,660
GB-039427,False,494
GB-039428,True,850
GB-039429,True,1021
GB-039430,False,443
GB-039431,False,32
GB-039432,False,346
GB-039433,True,877
GB-039434,False,641
GB-039435,False,1434
GB-039436,True,948
GB-039437,False,1031
GB-039438,False,469
GB-039439,False,985
GB-039440,False,1486
GB-039441,False,53
GB-039442,False,1429
GB-039443,True,323
GB-039444,True,1369
GB-039445,False,704
GB-039446,True,1330
GB-039447,False,1385
GB-039448,True,1285
GB-039449,False,1008
GB-039450,True,943
GB-039451,True,1152
GB-039452,True,857
GB-039453,False,113
GB-039454,False,857
GB-039455,False,442
GB-039456,False,1203
GB-039457,False,226
GB-039458,False,660
GB-039459,False,482
GB-039460,True,1226
GB-039461,False,1252
GB-039462,False,443
GB-039463,False,1128
GB-039464,True,13
GB-039465,True,232
GB-039466,False,909
GB-039467,True,847
GB-039468,False,508
GB-039469,False,477
GB-039470,True,656
GB-039471,False,1425
GB-039472,False,109
GB-039473,False,60
GB-039474,False,358
GB-039475,True,115
GB-039476,True,1497
GB-039477,False,827
GB-039478,False,19
GB-039479,True,230
GB-039480,False,1010
GB-039481,True,479
GB-039482,True,845
GB-039483,True,1466
GB-039484,True,444
GB-039485,True,841
GB-039486,False,1348
GB-039487,True,196
GB-039488,False,762
GB-039489,True,1137
GB-039490,False,1387
GB-039491,False,230
GB-039492,False,608
GB-039493,False,473
GB-039494,True,90
GB-039495,False,1251
GB-039496,False,648
GB-039497,False,950
GB-039498,False,1072
GB-039499,True,589
GB-039500,True,278
GB-039501,False,1443
GB-039502,False,220
GB-039503,True,633
GB-039504,True,531
GB-039505,False,1010
GB-039506,False,199
GB-039507,False,548
GB-039508,False,158
GB-039509,False,476
GB-039510,True,325
GB-039511,False,780
GB-039512,False,1161
GB-039513,False,1463
GB-039514,True,1144
GB-039515,True,456
GB-039516,True,1373
GB-039517,True,30
GB-039518,False,913
GB-039519,False,601
GB-039520,False,321
GB-039521,False,1319
GB-039522,False,368
GB-039523,False,1163
GB-039524,False,45
GB-039525,False,807
GB-039526,False,503
GB-039527,False,993
GB-039528,True,1344
GB-039529,True,669
GB-039530,False,1295
GB-039531,False,1357
GB-039532,True,1390
GB-039533,True,613
GB-039534,False,1209
GB-039535,True,181
GB-039536,False,338
GB-039537,True,481
GB-039538,True,1046
GB-039539,False,285
GB-039540,True,162
GB-039541,False,676
GB-039542,False,187
GB-039543,True,1144
GB-039544,False,1378
GB-039545,False,1162
GB-039546,False,346
GB-039547,False,1176
GB-039548,False,850
GB-039549,False,134
GB-039550,False,72
GB-039551,True,1127
GB-039552,False,417
GB-039553,False,339
GB-039554,False,205
GB-039555,False,684
GB-039556,False,762
GB-039557,False,1223
GB-039558,False,277
GB-039559,False,742
GB-039560,False,1385
GB-039561,True,511
GB-039562,True,1495
GB-039563,False,1412
GB-039564,False,756
GB-039565,False,1258
GB-039566,True,164
GB-039567,True,826
GB-039568,False,1320
GB-039569,False,782
GB-039570,True,491
GB-039571,False,320
GB-039572,False,70
GB-039573,False,702
GB-039574,False,1030
GB-039575,False,333
GB-039576,False,523
GB-039577,False,900
GB-039578,True,1144
GB-039579,False,740
GB-039580,False,500
GB-039581,True,1479
GB-039582,True,1338
GB-039583,False,705
GB-039584,False,96
GB-039585,False,492
GB-039586,True,1383
GB-039587,False,433
GB-039588,False,544
GB-039589,False,621
GB-039590,False,27
GB-039591,True,414
GB-039592,False,758
GB-039593,True,687
GB-039594,True,368
GB-039595,False,1038
GB-039596,True,1216
GB-039597,True,796
GB-039598,False,1131
GB-039599,False,288
GB-039600,False,1212
GB-039601,True,260
GB-039602,False,1193
GB-039603,False,314
GB-039604,True,1334
GB-039605,False,230
GB-039606,True,419
GB-039607,True,408
GB-039608,True,1272
GB-039609,True,114
GB-039610,True,135
GB-039611,False,354
GB-039612,False,539
GB-039613,False,144
GB-039614,False,1018
GB-039615,True,262
GB-039616,False,1442
GB-039617,False,170
GB-039618,False,1424
GB-039619,False,448
GB-039620,True,362
GB-039621,True,714
GB-039622,False,434
GB-039623,True,686
GB-039624,False,671
GB-039625,False,879
GB-039626,True,1330
GB-039627,False,703
GB-039628,False,1159
GB-039629,True,787
GB-039630,True,871
GB-039631,True,429
GB-039632,True,979
GB-039633,False,20
GB-039634,True,54
GB-039635,False,669
GB-039636,True,618
GB-039637,False,857
GB-039638,False,1229
GB-039639,True,1014
GB-039640,False,684
GB-039641,True,980
GB-039642,False,627
GB-039643,False,175
GB-039644,True,32
GB-039645,True,800
GB-039646,True,666
GB-039647,True,997
GB-039648,False,1218
GB-039649,False,539
GB-039650,True,1269
GB-039651,False,99
GB-039652,True,485
GB-039653,False,1170
GB-039654,False,637
GB-039655,True,1206
GB-039656,True,335
GB-039657,True,613
GB-039658,True,788
GB-039659,False,1334
GB-039660,True,1396
GB-039661,False,632
GB-039662,False,44
GB-039663,False,423
GB-039664,False,509
GB-039665,False,1444
GB-039666,True,542
GB-039667,False,786
GB-039668,True,1288
GB-039669,True,530
GB-039670,False,643
GB-039671,False,203
GB-039672,False,941
GB-039673,False,199
GB-039674,True,1449
GB-039675,False,987
GB-039676,False,491
GB-039677,False,680
GB-039678,False,856
GB-039679,True,107
GB-039680,False,1284
GB-039681,False,160
GB-039682,False,999
GB-039683,False,1207
GB-039684,False,18
GB-039685,False,276
GB-039686,False,692
GB-039687,True,165
GB-039688,False,128
GB-039689,True,1448
GB-039690,False,218
GB-039691,False,97
GB-039692,False,991
GB-039693,True,1235
GB-039694,True,1428
GB-039695,False,1036
GB-039696,False,526
GB-039697,False,1259
GB-039698,True,913
GB-039699,False,1472
GB-039700,True,1393
GB-039701,True,205
GB-039702,True,937
GB-039703,False,1227
GB-039704,True,646
GB-039705,True,559
GB-039706,True,533
GB-039707,True,565
GB-039708,True,155
GB-039709,True,1171
GB-039710,True,1053
GB-039711,True,657
GB-039712,False,1272
GB-039713,False,1234
GB-039714,False,266
GB-039715,False,4
GB-039716,False,851
GB-039717,False,1036
GB-039718,True,468
GB-039719,False,1274
GB-039720,True,763
GB-039721,True,667
GB-039722,False,710
GB-039723,True,638
GB-039724,False,153
GB-039725,False,1260
GB-039726,False,1311
GB-039727,False,1248
GB-039728,True,246
GB-039729,True,121
GB-039730,True,1382
GB-039731,False,509
GB-039732,False,1116
GB-039733,False,636
GB-039734,False,661
GB-039735,False,583
GB-039736,False,573
GB-039737,False,1375
GB-039738,False,1417
GB-039739,True,132
GB-039740,True,439
GB-039741,False,179
GB-039742,False,716
GB-039743,True,598
GB-039744,True,1100
GB-039745,True,695
GB-039746,False,486
GB-039747,False,673
GB-039748,True,481
GB-039749,True,1223
GB-039750,True,53
GB-039751,False,1311
GB-039752,True,776
GB-039753,True,1467
GB-039754,False,33
GB-039755,True,483
GB-039756,True,1477
GB-039757,False,265
GB-039758,True,1328
GB-039759,False,31
GB-039760,False,610
GB-039761,True,43
GB-039762,True,1179
GB-039763,False,1126
GB-039764,False,789
GB-039765,True,1360
GB-039766,True,34
GB-039767,True,1236
GB-039768,False,433
GB-039769,False,460
GB-039770,True,989
GB-039771,False,374
GB-039772,False,1088
GB-039773,True,245
GB-039774,False,15
GB-039775,False,512
GB-039776,False,82
GB-039777,True,396
GB-039778,True,60
GB-039779,True,643
GB-039780,False,842
GB-039781,True,1058
GB-039782,False,986
GB-039783,True,1247
GB-039784,False,1379
GB-039785,True,596
GB-039786,False,1183
GB-039787,False,1061
GB-039788,True,324
GB-039789,False,490
GB-039790,True,949
GB-039791,False,262
GB-039792,False,763
GB-039793,False,515
GB-039794,False,277
GB-039795,True,463
GB-039796,False,316
GB-039797,False,396
GB-039798,False,540
GB-039799,False,496
GB-039800,False,474
GB-039801,True,1059
GB-039802,False,589
GB-039803,False,1475
GB-039804,False,1014
GB-039805,False,1446
GB-039806,False,475
GB-039807,True,233
GB-039808,False,687
GB-039809,True,675
GB-039810,False,715
GB-039811,False,1192
GB-039812,False,734
GB-039813,False,558
GB-039814,True,1187
GB-039815,False,155
GB-039816,False,482
GB-039817,True,1169
GB-039818,False,1368
GB-039819,False,364
GB-039820,True,547
GB-039821,True,285
GB-039822,False,397
GB-039823,True,295
GB-039824,False,828
GB-039825,False,990
GB-039826,False,606
GB-039827,True,1425
GB-039828,True,368
GB-039829,False,541
GB-039830,True,607
GB-039831,True,552
GB-039832,True,691
GB-039833,False,433
GB-039834,False,1369
GB-039835,False,175
GB-039836,False,1410
GB-039837,True,970
GB-039838,False,333
GB-039839,False,288
GB-039840,False,727
GB-039841,True,901
GB-039842,False,943
GB-039843,False,1071
GB-039844,True,368
GB-039845,True,401
GB-039846,True,626
GB-039847,True,314
GB-039848,True,1310
GB-039849,False,934
GB-039850,False,1063
GB-039851,False,466
GB-039852,True,1338
GB-039853,False,300
GB-039854,False,545
GB-039855,True,1457
GB-039856,False,412
GB-039857,False,1454
GB-039858,True,22
GB-039859,False,805
GB-039860,True,106
GB-039861,False,639
GB-039862,True,982
GB-039863,True,171
GB-039864,True,789
GB-039865,True,649
GB-039866,False,1006
GB-039867,False,830
GB-039868,False,304
GB-039869,True,1263
GB-039870,True,426
GB-039871,False,754
GB-039872,True,199
GB-039873,False,962
GB-039874,True,1229
GB-039875,False,218
GB-039876,True,1201
GB-039877,False,654
GB-039878,True,1120
GB-039879,False,1427
GB-039880,True,83
GB-039881,False,513
GB-039882,True,613
GB-039883,True,811
GB-039884,False,673
GB-039885,False,76
GB-039886,True,91
GB-039887,False,307
GB-039888,True,202
GB-039889,False,1384
GB-039890,False,662
GB-039891,False,1063
GB-039892,False,723
GB-039893,False,332
GB-039894,True,1089
GB-039895,True,892
GB-039896,False,61
GB-039897,False,286
GB-039898,True,157
GB-039899,False,681
GB-039900,False,755
GB-039901,True,693
GB-039902,True,975
GB-039903,False,727
GB-039904,True,1229
GB-039905,False,663
GB-039906,False,743
GB-039907,False,477
GB-039908,False,814
GB-039909,False,874
GB-039910,True,379
GB-039911,True,558
GB-039912,False,519
GB-039913,False,819
GB-039914,True,846
GB-039915,False,895
GB-039916,False,1459
GB-039917,False,999
GB-039918,True,7
GB-039919,False,341
GB-039920,True,5
GB-039921,False,578
GB-039922,False,98
GB-039923,True,405
GB-039924,False,433
GB-039925,False,690
GB-039926,True,381
GB-039927,False,824
GB-039928,False,1292
GB-039929,False,1366
GB-039930,True,935
GB-039931,True,307
GB-039932,False,1057
GB-039933,False,1226
GB-039934,False,1470
GB-039935,False,148
GB-039936,False,1116
GB-039937,True,130
GB-039938,False,1012
GB-039939,False,869
GB-039940,True,631
GB-039941,False,869
GB-039942,False,812
GB-039943,True,54
GB-039944,False,713
GB-039945,True,1039
GB-039946,True,350
GB-039947,False,1471
GB-039948,False,1174
GB-039949,True,1296
GB-039950,False,1046
GB-039951,True,1038
GB-039952,False,991
GB-039953,False,734
GB-039954,True,708
GB-039955,False,1347
GB-039956,False,706
GB-039957,False,174
GB-039958,True,731
GB-039959,True,1257
GB-039960,True,259
GB-039961,False,773
GB-039962,True,337
GB-039963,True,1025
GB-039964,False,920
GB-039965,False,1439
GB-039966,True,1214
GB-039967,True,1065
GB-039968,True,1469
GB-039969,False,399
GB-039970,False,1154
GB-039971,True,224
GB-039972,False,524
GB-039973,True,1346
GB-039974,True,784
GB-039975,False,1003
GB-039976,True,275
GB-039977,False,665
GB-039978,True,1458
GB-039979,True,55
GB-039980,False,9
GB-039981,False,411
GB-039982,False,265
GB-039983,False,16
GB-039984,False,1479
GB-039985,True,1380
GB-039986,False,1425
GB-039987,True,705
GB-039988,False,1224
GB-039989,False,1118
GB-039990,False,797
GB-039991,False,521
GB-039992,False,882
GB-039993,True,708
GB-039994,False,1347
GB-039995,False,388
GB-039996,False,1262
GB-039997,True,411
GB-039998,False,1087
GB-039999,True,4
GB-040000,False,1066
