merchant_id,merchant_name,cuisine_type,city
GF-00001,Resto GrabMantap 0,Seafood,Depok
GF-00002,Resto GrabMantap 1,Fast Food,Surabaya
GF-00003,Resto GrabMantap 2,Martabak,Tangerang
GF-00004,Resto GrabMantap 3,Martabak,Jakarta
GF-00005,Resto GrabMantap 4,Snacks,Bekasi
GF-00006,Resto GrabMantap 5,Ayam Geprek,Jakarta
GF-00007,Resto GrabMantap 6,Martabak,Bekasi
GF-00008,Resto GrabMantap 7,Seafood,Bekasi
GF-00009,Resto GrabMantap 8,Martabak,Medan
GF-00010,Resto GrabMantap 9,Beverages,Makassar
GF-00011,Resto GrabMantap 10,Snacks,Surabaya
GF-00012,Resto GrabMantap 11,Fast Food,Bogor
GF-00013,Resto GrabMantap 12,Martabak,Depok
GF-00014,Resto GrabMantap 13,Snacks,Bekasi
GF-00015,Resto GrabMantap 14,Fast Food,Bekasi
GF-00016,Resto GrabMantap 15,Martabak,Jakarta
GF-00017,Resto GrabMantap 16,Beverages,Tangerang
GF-00018,Resto GrabMantap 17,Fast Food,Medan
GF-00019,Resto GrabMantap 18,Fast Food,Jakarta
GF-00020,Resto GrabMantap 19,Beverages,Bali
GF-00021,Resto GrabMantap 20,Snacks,Tangerang
GF-00022,Resto GrabMantap 21,Martabak,Makassar
GF-00023,Resto GrabMantap 22,Martabak,Bandung
GF-00024,Resto GrabMantap 23,Snacks,Surabaya
GF-00025,Resto GrabMantap 24,Ayam Geprek,Bali
GF-00026,Resto GrabMantap 25,Fast Food,Bandung
GF-00027,Resto GrabMantap 26,Ayam Geprek,Bogor
GF-00028,Resto GrabMantap 27,Ayam Geprek,Tangerang
GF-00029,Resto GrabMantap 28,Snacks,Bandung
GF-00030,Resto GrabMantap 29,Seafood,Medan
GF-00031,Resto GrabMantap 30,Seafood,Jakarta
GF-00032,Resto GrabMantap 31,Seafood,Bandung
GF-00033,Resto GrabMantap 32,Fast Food,Jakarta
GF-00034,Resto GrabMantap 33,Martabak,Medan
GF-00035,Resto GrabMantap 34,Snacks,Surabaya
GF-00036,Resto GrabMantap 35,Martabak,Depok
GF-00037,Resto GrabMantap 36,Martabak,Tangerang
GF-00038,Resto GrabMantap 37,Snacks,Bekasi
GF-00039,Resto GrabMantap 38,Ayam Geprek,Depok
GF-00040,Resto GrabMantap 39,Beverages,Depok
GF-00041,Resto GrabMantap 40,Beverages,Bogor
GF-00042,Resto GrabMantap 41,Beverages,Tangerang
GF-00043,Resto GrabMantap 42,Snacks,Bogor
GF-00044,Resto GrabMantap 43,Fast Food,Bandung
GF-00045,Resto GrabMantap 44,Beverages,Bali
GF-00046,Resto GrabMantap 45,Fast Food,Makassar
GF-00047,Resto GrabMantap 46,Ayam Geprek,Tangerang
GF-00048,Resto GrabMantap 47,Beverages,Bandung
GF-00049,Resto GrabMantap 48,Ayam Geprek,Bandung
GF-00050,Resto GrabMantap 49,Beverages,Bali
GF-00051,Resto GrabMantap 50,Ayam Geprek,Bandung
GF-00052,Resto GrabMantap 51,Fast Food,Bandung
GF-00053,Resto GrabMantap 52,Fast Food,Jakarta
GF-00054,Resto GrabMantap 53,Fast Food,Jakarta
GF-00055,Resto GrabMantap 54,Fast Food,Makassar
GF-00056,Resto GrabMantap 55,Ayam Geprek,Bekasi
GF-00057,Resto GrabMantap 56,Fast Food,Makassar
GF-00058,Resto GrabMantap 57,Ayam Geprek,Bali
GF-00059,Resto GrabMantap 58,Martabak,Surabaya
GF-00060,Resto GrabMantap 59,Martabak,Jakarta
GF-00061,Resto GrabMantap 60,Ayam Geprek,Jakarta
GF-00062,Resto GrabMantap 61,Seafood,Bali
GF-00063,Resto GrabMantap 62,Beverages,Bandung
GF-00064,Resto GrabMantap 63,Snacks,Makassar
GF-00065,Resto GrabMantap 64,Snacks,Medan
GF-00066,Resto GrabMantap 65,Ayam Geprek,Makassar
GF-00067,Resto GrabMantap 66,Fast Food,Medan
GF-00068,Resto GrabMantap 67,Seafood,Bali
GF-00069,Resto GrabMantap 68,Beverages,Bali
GF-00070,Resto GrabMantap 69,Martabak,Bogor
GF-00071,Resto GrabMantap 70,Snacks,Bogor
GF-00072,Resto GrabMantap 71,Seafood,Jakarta
GF-00073,Resto GrabMantap 72,Fast Food,Bogor
GF-00074,Resto GrabMantap 73,Beverages,Bali
GF-00075,Resto GrabMantap 74,Beverages,Jakarta
GF-00076,Resto GrabMantap 75,Beverages,Bekasi
GF-00077,Resto GrabMantap 76,Ayam Geprek,Bali
GF-00078,Resto GrabMantap 77,Beverages,Makassar
GF-00079,Resto GrabMantap 78,Fast Food,Bandung
GF-00080,Resto GrabMantap 79,Ayam Geprek,Bandung
GF-00081,Resto GrabMantap 80,Snacks,Surabaya
GF-00082,Resto GrabMantap 81,Beverages,Bogor
GF-00083,Resto GrabMantap 82,Martabak,Medan
GF-00084,Resto GrabMantap 83,Seafood,Bali
GF-00085,Resto GrabMantap 84,Ayam Geprek,Jakarta
GF-00086,Resto GrabMantap 85,Ayam Geprek,Bali
GF-00087,Resto GrabMantap 86,Ayam Geprek,Bekasi
GF-00088,Resto GrabMantap 87,Beverages,Bekasi
GF-00089,Resto GrabMantap 88,Seafood,Tangerang
GF-00090,Resto GrabMantap 89,Snacks,Jakarta
GF-00091,Resto GrabMantap 90,Ayam Geprek,Surabaya
GF-00092,Resto GrabMantap 91,Ayam Geprek,Tangerang
GF-00093,Resto GrabMantap 92,Seafood,Jakarta
GF-00094,Resto GrabMantap 93,Snacks,Medan
GF-00095,Resto GrabMantap 94,Snacks,Depok
GF-00096,Resto GrabMantap 95,Snacks,Surabaya
GF-00097,Resto GrabMantap 96,Martabak,Medan
GF-00098,Resto GrabMantap 97,Fast Food,Medan
GF-00099,Resto GrabMantap 98,Fast Food,Bogor
GF-00100,Resto GrabMantap 99,Fast Food,Bogor
GF-00101,Resto GrabMantap 100,Martabak,Bandung
GF-00102,Resto GrabMantap 101,Ayam Geprek,Bali
GF-00103,Resto GrabMantap 102,Snacks,Surabaya
GF-00104,Resto GrabMantap 103,Snacks,Medan
GF-00105,Resto GrabMantap 104,Beverages,Jakarta
GF-00106,Resto GrabMantap 105,Ayam Geprek,Bali
GF-00107,Resto GrabMantap 106,Beverages,Makassar
GF-00108,Resto GrabMantap 107,Seafood,Bali
GF-00109,Resto GrabMantap 108,Beverages,Bekasi
GF-00110,Resto GrabMantap 109,Snacks,Bandung
GF-00111,Resto GrabMantap 110,Fast Food,Bekasi
GF-00112,Resto GrabMantap 111,Beverages,Tangerang
GF-00113,Resto GrabMantap 112,Martabak,Tangerang
GF-00114,Resto GrabMantap 113,Snacks,Bali
GF-00115,Resto GrabMantap 114,Martabak,Tangerang
GF-00116,Resto GrabMantap 115,Snacks,Tangerang
GF-00117,Resto GrabMantap 116,Snacks,Depok
GF-00118,Resto GrabMantap 117,Ayam Geprek,Makassar
GF-00119,Resto GrabMantap 118,Martabak,Bekasi
GF-00120,Resto GrabMantap 119,Fast Food,Medan
GF-00121,Resto GrabMantap 120,Beverages,Makassar
GF-00122,Resto GrabMantap 121,Snacks,Tangerang
GF-00123,Resto GrabMantap 122,Fast Food,Surabaya
GF-00124,Resto GrabMantap 123,Seafood,Medan
GF-00125,Resto GrabMantap 124,Snacks,Bekasi
GF-00126,Resto GrabMantap 125,Snacks,Depok
GF-00127,Resto GrabMantap 126,Ayam Geprek,Bekasi
GF-00128,Resto GrabMantap 127,Ayam Geprek,Surabaya
GF-00129,Resto GrabMantap 128,Beverages,Surabaya
GF-00130,Resto GrabMantap 129,Ayam Geprek,Medan
GF-00131,Resto GrabMantap 130,Seafood,Makassar
GF-00132,Resto GrabMantap 131,Fast Food,Bekasi
GF-00133,Resto GrabMantap 132,Ayam Geprek,Bandung
GF-00134,Resto GrabMantap 133,Snacks,Depok
GF-00135,Resto GrabMantap 134,Snacks,Bekasi
GF-00136,Resto GrabMantap 135,Martabak,Surabaya
GF-00137,Resto GrabMantap 136,Ayam Geprek,Bali
GF-00138,Resto GrabMantap 137,Seafood,Tangerang
GF-00139,Resto GrabMantap 138,Fast Food,Tangerang
GF-00140,Resto GrabMantap 139,Fast Food,Bogor
GF-00141,Resto GrabMantap 140,Snacks,Bandung
GF-00142,Resto GrabMantap 141,Seafood,Bali
GF-00143,Resto GrabMantap 142,Martabak,Jakarta
GF-00144,Resto GrabMantap 143,Fast Food,Tangerang
GF-00145,Resto GrabMantap 144,Seafood,Bandung
GF-00146,Resto GrabMantap 145,Ayam Geprek,Bogor
GF-00147,Resto GrabMantap 146,Fast Food,Depok
GF-00148,Resto GrabMantap 147,Snacks,Bekasi
GF-00149,Resto GrabMantap 148,Martabak,Jakarta
GF-00150,Resto GrabMantap 149,Ayam Geprek,Bogor
GF-00151,Resto GrabMantap 150,Ayam Geprek,Bekasi
GF-00152,Resto GrabMantap 151,Snacks,Bandung
GF-00153,Resto GrabMantap 152,Martabak,Jakarta
GF-00154,Resto GrabMantap 153,Martabak,Depok
GF-00155,Resto GrabMantap 154,Snacks,Bogor
GF-00156,Resto GrabMantap 155,Snacks,Bandung
GF-00157,Resto GrabMantap 156,Martabak,Bandung
GF-00158,Resto GrabMantap 157,Martabak,Bekasi
GF-00159,Resto GrabMantap 158,Martabak,Jakarta
GF-00160,Resto GrabMantap 159,Beverages,Depok
GF-00161,Resto GrabMantap 160,Beverages,Depok
GF-00162,Resto GrabMantap 161,Snacks,Jakarta
GF-00163,Resto GrabMantap 162,Martabak,Medan
GF-00164,Resto GrabMantap 163,Martabak,Bali
GF-00165,Resto GrabMantap 164,Beverages,Medan
GF-00166,Resto GrabMantap 165,Fast Food,Makassar
GF-00167,Resto GrabMantap 166,Fast Food,Tangerang
GF-00168,Resto GrabMantap 167,Snacks,Makassar
GF-00169,Resto GrabMantap 168,Seafood,Surabaya
GF-00170,Resto GrabMantap 169,Ayam Geprek,Bogor
GF-00171,Resto GrabMantap 170,Fast Food,Medan
GF-00172,Resto GrabMantap 171,Fast Food,Medan
GF-00173,Resto GrabMantap 172,Beverages,Surabaya
GF-00174,Resto GrabMantap 173,Beverages,Jakarta
GF-00175,Resto GrabMantap 174,Fast Food,Tangerang
GF-00176,Resto GrabMantap 175,Fast Food,Bekasi
GF-00177,Resto GrabMantap 176,Fast Food,Bogor
GF-00178,Resto GrabMantap 177,Fast Food,Tangerang
GF-00179,Resto GrabMantap 178,Fast Food,Bogor
GF-00180,Resto GrabMantap 179,Ayam Geprek,Bali
GF-00181,Resto GrabMantap 180,Ayam Geprek,Jakarta
GF-00182,Resto GrabMantap 181,Ayam Geprek,Bandung
GF-00183,Resto GrabMantap 182,Martabak,Bekasi
GF-00184,Resto GrabMantap 183,Martabak,Bali
GF-00185,Resto GrabMantap 184,Fast Food,Bogor
GF-00186,Resto GrabMantap 185,Ayam Geprek,Bali
GF-00187,Resto GrabMantap 186,Ayam Geprek,Tangerang
GF-00188,Resto GrabMantap 187,Seafood,Bali
GF-00189,Resto GrabMantap 188,Beverages,Surabaya
GF-00190,Resto GrabMantap 189,Martabak,Surabaya
GF-00191,Resto GrabMantap 190,Snacks,Bali
GF-00192,Resto GrabMantap 191,Fast Food,Jakarta
GF-00193,Resto GrabMantap 192,Snacks,Bogor
GF-00194,Resto GrabMantap 193,Seafood,Bandung
GF-00195,Resto GrabMantap 194,Fast Food,Bandung
GF-00196,Resto GrabMantap 195,Beverages,Tangerang
GF-00197,Resto GrabMantap 196,Beverages,Bogor
GF-00198,Resto GrabMantap 197,Beverages,Bali
GF-00199,Resto GrabMantap 198,Snacks,Medan
GF-00200,Resto GrabMantap 199,Snacks,Tangerang
GF-00201,Resto GrabMantap 200,Snacks,Medan
GF-00202,Resto GrabMantap 201,Snacks,Surabaya
GF-00203,Resto GrabMantap 202,Seafood,Bogor
GF-00204,Resto GrabMantap 203,Fast Food,Depok
GF-00205,Resto GrabMantap 204,Fast Food,Surabaya
GF-00206,Resto GrabMantap 205,Ayam Geprek,Jakarta
GF-00207,Resto GrabMantap 206,Snacks,Makassar
GF-00208,Resto GrabMantap 207,Snacks,Makassar
GF-00209,Resto GrabMantap 208,Fast Food,Bandung
GF-00210,Resto GrabMantap 209,Snacks,Bekasi
GF-00211,Resto GrabMantap 210,Martabak,Jakarta
GF-00212,Resto GrabMantap 211,Snacks,Bandung
GF-00213,Resto GrabMantap 212,Ayam Geprek,Bali
GF-00214,Resto GrabMantap 213,Seafood,Surabaya
GF-00215,Resto GrabMantap 214,Martabak,Makassar
GF-00216,Resto GrabMantap 215,Snacks,Jakarta
GF-00217,Resto GrabMantap 216,Snacks,Jakarta
GF-00218,Resto GrabMantap 217,Martabak,Bogor
GF-00219,Resto GrabMantap 218,Martabak,Depok
GF-00220,Resto GrabMantap 219,Fast Food,Jakarta
GF-00221,Resto GrabMantap 220,Fast Food,Depok
GF-00222,Resto GrabMantap 221,Snacks,Bogor
GF-00223,Resto GrabMantap 222,Beverages,Bali
GF-00224,Resto GrabMantap 223,Beverages,Medan
GF-00225,Resto GrabMantap 224,Ayam Geprek,Depok
GF-00226,Resto GrabMantap 225,Beverages,Makassar
GF-00227,Resto GrabMantap 226,Martabak,Jakarta
GF-00228,Resto GrabMantap 227,Martabak,Jakarta
GF-00229,Resto GrabMantap 228,Fast Food,Surabaya
GF-00230,Resto GrabMantap 229,Martabak,Bekasi
GF-00231,Resto GrabMantap 230,Martabak,Medan
GF-00232,Resto GrabMantap 231,Fast Food,Bekasi
GF-00233,Resto GrabMantap 232,Ayam Geprek,Medan
GF-00234,Resto GrabMantap 233,Fast Food,Bogor
GF-00235,Resto GrabMantap 234,Martabak,Jakarta
GF-00236,Resto GrabMantap 235,Fast Food,Bandung
GF-00237,Resto GrabMantap 236,Snacks,Jakarta
GF-00238,Resto GrabMantap 237,Seafood,Surabaya
GF-00239,Resto GrabMantap 238,Snacks,Surabaya
GF-00240,Resto GrabMantap 239,Fast Food,Depok
GF-00241,Resto GrabMantap 240,Ayam Geprek,Tangerang
GF-00242,Resto GrabMantap 241,Martabak,Bekasi
GF-00243,Resto GrabMantap 242,Beverages,Jakarta
GF-00244,Resto GrabMantap 243,Seafood,Medan
GF-00245,Resto GrabMantap 244,Snacks,Tangerang
GF-00246,Resto GrabMantap 245,Martabak,Bogor
GF-00247,Resto GrabMantap 246,Beverages,Depok
GF-00248,Resto GrabMantap 247,Beverages,Medan
GF-00249,Resto GrabMantap 248,Fast Food,Bogor
GF-00250,Resto GrabMantap 249,Fast Food,Bali
GF-00251,Resto GrabMantap 250,Ayam Geprek,Bali
GF-00252,Resto GrabMantap 251,Seafood,Surabaya
GF-00253,Resto GrabMantap 252,Martabak,Makassar
GF-00254,Resto GrabMantap 253,Beverages,Jakarta
GF-00255,Resto GrabMantap 254,Seafood,Tangerang
GF-00256,Resto GrabMantap 255,Snacks,Bali
GF-00257,Resto GrabMantap 256,Martabak,Bekasi
GF-00258,Resto GrabMantap 257,Ayam Geprek,Jakarta
GF-00259,Resto GrabMantap 258,Fast Food,Bogor
GF-00260,Resto GrabMantap 259,Ayam Geprek,Tangerang
GF-00261,Resto GrabMantap 260,Ayam Geprek,Depok
GF-00262,Resto GrabMantap 261,Martabak,Bandung
GF-00263,Resto GrabMantap 262,Seafood,Tangerang
GF-00264,Resto GrabMantap 263,Martabak,Depok
GF-00265,Resto GrabMantap 264,Martabak,Makassar
GF-00266,Resto GrabMantap 265,Beverages,Bogor
GF-00267,Resto GrabMantap 266,Seafood,Bandung
GF-00268,Resto GrabMantap 267,Martabak,Surabaya
GF-00269,Resto GrabMantap 268,Ayam Geprek,Bekasi
GF-00270,Resto GrabMantap 269,Seafood,Bali
GF-00271,Resto GrabMantap 270,Ayam Geprek,Bekasi
GF-00272,Resto GrabMantap 271,Martabak,Bogor
GF-00273,Resto GrabMantap 272,Martabak,Makassar
GF-00274,Resto GrabMantap 273,Martabak,Surabaya
GF-00275,Resto GrabMantap 274,Snacks,Bekasi
GF-00276,Resto GrabMantap 275,Ayam Geprek,Medan
GF-00277,Resto GrabMantap 276,Seafood,Bogor
GF-00278,Resto GrabMantap 277,Fast Food,Tangerang
GF-00279,Resto GrabMantap 278,Seafood,Depok
GF-00280,Resto GrabMantap 279,Martabak,Jakarta
GF-00281,Resto GrabMantap 280,Snacks,Bali
GF-00282,Resto GrabMantap 281,Martabak,Medan
GF-00283,Resto GrabMantap 282,Snacks,Tangerang
GF-00284,Resto GrabMantap 283,Fast Food,Tangerang
GF-00285,Resto GrabMantap 284,Ayam Geprek,Tangerang
GF-00286,Resto GrabMantap 285,Fast Food,Jakarta
GF-00287,Resto GrabMantap 286,Ayam Geprek,Depok
GF-00288,Resto GrabMantap 287,Seafood,Bali
GF-00289,Resto GrabMantap 288,Beverages,Bogor
GF-00290,Resto GrabMantap 289,Martabak,Tangerang
GF-00291,Resto GrabMantap 290,Snacks,Bali
GF-00292,Resto GrabMantap 291,Beverages,Bali
GF-00293,Resto GrabMantap 292,Snacks,Surabaya
GF-00294,Resto GrabMantap 293,Martabak,Tangerang
GF-00295,Resto GrabMantap 294,Martabak,Tangerang
GF-00296,Resto GrabMantap 295,Snacks,Surabaya
GF-00297,Resto GrabMantap 296,Beverages,Bekasi
GF-00298,Resto GrabMantap 297,Snacks,Bali
GF-00299,Resto GrabMantap 298,Seafood,Tangerang
GF-00300,Resto GrabMantap 299,Seafood,Surabaya
GF-00301,Resto GrabMantap 300,Snacks,Medan
GF-00302,Resto GrabMantap 301,Fast Food,Medan
GF-00303,Resto GrabMantap 302,Fast Food,Surabaya
GF-00304,Resto GrabMantap 303,Seafood,Medan
GF-00305,Resto GrabMantap 304,Beverages,Bekasi
GF-00306,Resto GrabMantap 305,Martabak,Medan
GF-00307,Resto GrabMantap 306,Fast Food,Bali
GF-00308,Resto GrabMantap 307,Ayam Geprek,Surabaya
GF-00309,Resto GrabMantap 308,Martabak,Bogor
GF-00310,Resto GrabMantap 309,Martabak,Bekasi
GF-00311,Resto GrabMantap 310,Seafood,Depok
GF-00312,Resto GrabMantap 311,Seafood,Surabaya
GF-00313,Resto GrabMantap 312,Snacks,Bandung
GF-00314,Resto GrabMantap 313,Fast Food,Bandung
GF-00315,Resto GrabMantap 314,Snacks,Makassar
GF-00316,Resto GrabMantap 315,Ayam Geprek,Jakarta
GF-00317,Resto GrabMantap 316,Seafood,Jakarta
GF-00318,Resto GrabMantap 317,Seafood,Depok
GF-00319,Resto GrabMantap 318,Martabak,Surabaya
GF-00320,Resto GrabMantap 319,Martabak,Surabaya
GF-00321,Resto GrabMantap 320,Ayam Geprek,Bekasi
GF-00322,Resto GrabMantap 321,Martabak,Medan
GF-00323,Resto GrabMantap 322,Seafood,Bogor
GF-00324,Resto GrabMantap 323,Ayam Geprek,Jakarta
GF-00325,Resto GrabMantap 324,Martabak,Bali
GF-00326,Resto GrabMantap 325,Beverages,Bogor
GF-00327,Resto GrabMantap 326,Fast Food,Medan
GF-00328,Resto GrabMantap 327,Beverages,Bandung
GF-00329,Resto GrabMantap 328,Seafood,Surabaya
GF-00330,Resto GrabMantap 329,Beverages,Bekasi
GF-00331,Resto GrabMantap 330,Ayam Geprek,Depok
GF-00332,Resto GrabMantap 331,Beverages,Bogor
GF-00333,Resto GrabMantap 332,Snacks,Bali
GF-00334,Resto GrabMantap 333,Fast Food,Makassar
GF-00335,Resto GrabMantap 334,Martabak,Bali
GF-00336,Resto GrabMantap 335,Fast Food,Bogor
GF-00337,Resto GrabMantap 336,Snacks,Bali
GF-00338,Resto GrabMantap 337,Fast Food,Bekasi
GF-00339,Resto GrabMantap 338,Snacks,Bogor
GF-00340,Resto GrabMantap 339,Beverages,Bekasi
GF-00341,Resto GrabMantap 340,Seafood,Depok
GF-00342,Resto GrabMantap 341,Fast Food,Jakarta
GF-00343,Resto GrabMantap 342,Seafood,Medan
GF-00344,Resto GrabMantap 343,Snacks,Surabaya
GF-00345,Resto GrabMantap 344,Ayam Geprek,Bogor
GF-00346,Resto GrabMantap 345,Snacks,Bogor
GF-00347,Resto GrabMantap 346,Ayam Geprek,Medan
GF-00348,Resto GrabMantap 347,Martabak,Makassar
GF-00349,Resto GrabMantap 348,Fast Food,Bekasi
GF-00350,Resto GrabMantap 349,Seafood,Tangerang
GF-00351,Resto GrabMantap 350,Fast Food,Bandung
GF-00352,Resto GrabMantap 351,Snacks,Tangerang
GF-00353,Resto GrabMantap 352,Seafood,Surabaya
GF-00354,Resto GrabMantap 353,Martabak,Bogor
GF-00355,Resto GrabMantap 354,Martabak,Depok
GF-00356,Resto GrabMantap 355,Ayam Geprek,Bandung
GF-00357,Resto GrabMantap 356,Seafood,Bekasi
GF-00358,Resto GrabMantap 357,Beverages,Bandung
GF-00359,Resto GrabMantap 358,Seafood,Makassar
GF-00360,Resto GrabMantap 359,Seafood,Medan
GF-00361,Resto GrabMantap 360,Beverages,Medan
GF-00362,Resto GrabMantap 361,Martabak,Bali
GF-00363,Resto GrabMantap 362,Snacks,Jakarta
GF-00364,Resto GrabMantap 363,Ayam Geprek,Jakarta
GF-00365,Resto GrabMantap 364,Ayam Geprek,Jakarta
GF-00366,Resto GrabMantap 365,Ayam Geprek,Makassar
GF-00367,Resto GrabMantap 366,Seafood,Makassar
GF-00368,Resto GrabMantap 367,Fast Food,Depok
GF-00369,Resto GrabMantap 368,Ayam Geprek,Tangerang
GF-00370,Resto GrabMantap 369,Fast Food,Makassar
GF-00371,Resto GrabMantap 370,Snacks,Makassar
GF-00372,Resto GrabMantap 371,Martabak,Bekasi
GF-00373,Resto GrabMantap 372,Beverages,Bekasi
GF-00374,Resto GrabMantap 373,Ayam Geprek,Bali
GF-00375,Resto GrabMantap 374,Beverages,Bekasi
GF-00376,Resto GrabMantap 375,Seafood,Bogor
GF-00377,Resto GrabMantap 376,Snacks,Bogor
GF-00378,Resto GrabMantap 377,Beverages,Bekasi
GF-00379,Resto GrabMantap 378,Seafood,Makassar
GF-00380,Resto GrabMantap 379,Ayam Geprek,Depok
GF-00381,Resto GrabMantap 380,Snacks,Makassar
GF-00382,Resto GrabMantap 381,Snacks,Surabaya
GF-00383,Resto GrabMantap 382,Fast Food,Bekasi
GF-00384,Resto GrabMantap 383,Beverages,Medan
GF-00385,Resto GrabMantap 384,Beverages,Makassar
GF-00386,Resto GrabMantap 385,Ayam Geprek,Depok
GF-00387,Resto GrabMantap 386,Beverages,Makassar
GF-00388,Resto GrabMantap 387,Seafood,Bali
GF-00389,Resto GrabMantap 388,Ayam Geprek,Surabaya
GF-00390,Resto GrabMantap 389,Ayam Geprek,Surabaya
GF-00391,Resto GrabMantap 390,Fast Food,Medan
GF-00392,Resto GrabMantap 391,Ayam Geprek,Depok
GF-00393,Resto GrabMantap 392,Beverages,Makassar
GF-00394,Resto GrabMantap 393,Ayam Geprek,Tangerang
GF-00395,Resto GrabMantap 394,Ayam Geprek,Bekasi
GF-00396,Resto GrabMantap 395,Snacks,Makassar
GF-00397,Resto GrabMantap 396,Beverages,Tangerang
GF-00398,Resto GrabMantap 397,Fast Food,Makassar
GF-00399,Resto GrabMantap 398,Seafood,Medan
GF-00400,Resto GrabMantap 399,Ayam Geprek,Jakarta
GF-00401,Resto GrabMantap 400,Fast Food,Surabaya
GF-00402,Resto GrabMantap 401,Fast Food,Bekasi
GF-00403,Resto GrabMantap 402,Ayam Geprek,Medan
GF-00404,Resto GrabMantap 403,Ayam Geprek,Jakarta
GF-00405,Resto GrabMantap 404,Ayam Geprek,Bekasi
GF-00406,Resto GrabMantap 405,Seafood,Tangerang
GF-00407,Resto GrabMantap 406,Seafood,Surabaya
GF-00408,Resto GrabMantap 407,Ayam Geprek,Medan
GF-00409,Resto GrabMantap 408,Seafood,Medan
GF-00410,Resto GrabMantap 409,Snacks,Bekasi
GF-00411,Resto GrabMantap 410,Martabak,Bali
GF-00412,Resto GrabMantap 411,Seafood,Bogor
GF-00413,Resto GrabMantap 412,Snacks,Bogor
GF-00414,Resto GrabMantap 413,Fast Food,Bali
GF-00415,Resto GrabMantap 414,Beverages,Medan
GF-00416,Resto GrabMantap 415,Seafood,Bekasi
GF-00417,Resto GrabMantap 416,Fast Food,Surabaya
GF-00418,Resto GrabMantap 417,Seafood,Medan
GF-00419,Resto GrabMantap 418,Snacks,Bandung
GF-00420,Resto GrabMantap 419,Martabak,Jakarta
GF-00421,Resto GrabMantap 420,Beverages,Bali
GF-00422,Resto GrabMantap 421,Martabak,Medan
GF-00423,Resto GrabMantap 422,Seafood,Bekasi
GF-00424,Resto GrabMantap 423,Ayam Geprek,Bali
GF-00425,Resto GrabMantap 424,Ayam Geprek,Medan
GF-00426,Resto GrabMantap 425,Seafood,Bogor
GF-00427,Resto GrabMantap 426,Ayam Geprek,Surabaya
GF-00428,Resto GrabMantap 427,Martabak,Medan
GF-00429,Resto GrabMantap 428,Ayam Geprek,Makassar
GF-00430,Resto GrabMantap 429,Ayam Geprek,Bekasi
GF-00431,Resto GrabMantap 430,Fast Food,Surabaya
GF-00432,Resto GrabMantap 431,Martabak,Bogor
GF-00433,Resto GrabMantap 432,Beverages,Bandung
GF-00434,Resto GrabMantap 433,Fast Food,Makassar
GF-00435,Resto GrabMantap 434,Beverages,Bandung
GF-00436,Resto GrabMantap 435,Snacks,Surabaya
GF-00437,Resto GrabMantap 436,Beverages,Surabaya
GF-00438,Resto GrabMantap 437,Fast Food,Bali
GF-00439,Resto GrabMantap 438,Snacks,Depok
GF-00440,Resto GrabMantap 439,Snacks,Medan
GF-00441,Resto GrabMantap 440,Fast Food,Surabaya
GF-00442,Resto GrabMantap 441,Seafood,Tangerang
GF-00443,Resto GrabMantap 442,Martabak,Tangerang
GF-00444,Resto GrabMantap 443,Ayam Geprek,Bekasi
GF-00445,Resto GrabMantap 444,Snacks,Bekasi
GF-00446,Resto GrabMantap 445,Snacks,Bandung
GF-00447,Resto GrabMantap 446,Snacks,Depok
GF-00448,Resto GrabMantap 447,Snacks,Jakarta
GF-00449,Resto GrabMantap 448,Seafood,Bandung
GF-00450,Resto GrabMantap 449,Seafood,Tangerang
GF-00451,Resto GrabMantap 450,Martabak,Bogor
GF-00452,Resto GrabMantap 451,Snacks,Bogor
GF-00453,Resto GrabMantap 452,Fast Food,Bandung
GF-00454,Resto GrabMantap 453,Seafood,Medan
GF-00455,Resto GrabMantap 454,Beverages,Medan
GF-00456,Resto GrabMantap 455,Fast Food,Bandung
GF-00457,Resto GrabMantap 456,Martabak,Tangerang
GF-00458,Resto GrabMantap 457,Fast Food,Makassar
GF-00459,Resto GrabMantap 458,Snacks,Bogor
GF-00460,Resto GrabMantap 459,Ayam Geprek,Bekasi
GF-00461,Resto GrabMantap 460,Beverages,Bali
GF-00462,Resto GrabMantap 461,Martabak,Bandung
GF-00463,Resto GrabMantap 462,Martabak,Tangerang
GF-00464,Resto GrabMantap 463,Ayam Geprek,Surabaya
GF-00465,Resto GrabMantap 464,Seafood,Tangerang
GF-00466,Resto GrabMantap 465,Ayam Geprek,Depok
GF-00467,Resto GrabMantap 466,Ayam Geprek,Bekasi
GF-00468,Resto GrabMantap 467,Snacks,Bekasi
GF-00469,Resto GrabMantap 468,Ayam Geprek,Medan
GF-00470,Resto GrabMantap 469,Snacks,Jakarta
GF-00471,Resto GrabMantap 470,Martabak,Makassar
GF-00472,Resto GrabMantap 471,Snacks,Bogor
GF-00473,Resto GrabMantap 472,Snacks,Bali
GF-00474,Resto GrabMantap 473,Fast Food,Tangerang
GF-00475,Resto GrabMantap 474,Fast Food,Depok
GF-00476,Resto GrabMantap 475,Martabak,Makassar
GF-00477,Resto GrabMantap 476,Ayam Geprek,Depok
GF-00478,Resto GrabMantap 477,Seafood,Bandung
GF-00479,Resto GrabMantap 478,Snacks,Bandung
GF-00480,Resto GrabMantap 479,Beverages,Jakarta
GF-00481,Resto GrabMantap 480,Fast Food,Medan
GF-00482,Resto GrabMantap 481,Fast Food,Surabaya
GF-00483,Resto GrabMantap 482,Seafood,Jakarta
GF-00484,Resto GrabMantap 483,Snacks,Bali
GF-00485,Resto GrabMantap 484,Seafood,Bandung
GF-00486,Resto GrabMantap 485,Beverages,Bandung
GF-00487,Resto GrabMantap 486,Fast Food,Depok
GF-00488,Resto GrabMantap 487,Martabak,Depok
GF-00489,Resto GrabMantap 488,Seafood,Bali
GF-00490,Resto GrabMantap 489,Snacks,Surabaya
GF-00491,Resto GrabMantap 490,Martabak,Bekasi
GF-00492,Resto GrabMantap 491,Ayam Geprek,Bogor
GF-00493,Resto GrabMantap 492,Fast Food,Bekasi
GF-00494,Resto GrabMantap 493,Ayam Geprek,Bekasi
GF-00495,Resto GrabMantap 494,Seafood,Makassar
GF-00496,Resto GrabMantap 495,Martabak,Jakarta
GF-00497,Resto GrabMantap 496,Ayam Geprek,Surabaya
GF-00498,Resto GrabMantap 497,Fast Food,Bogor
GF-00499,Resto GrabMantap 498,Beverages,Bandung
GF-00500,Resto GrabMantap 499,Seafood,Depok
GF-00501,Resto GrabMantap 500,Ayam Geprek,Medan
GF-00502,Resto GrabMantap 501,Snacks,Makassar
GF-00503,Resto GrabMantap 502,Snacks,Bogor
GF-00504,Resto GrabMantap 503,Seafood,Jakarta
GF-00505,Resto GrabMantap 504,Beverages,Medan
GF-00506,Resto GrabMantap 505,Seafood,Surabaya
GF-00507,Resto GrabMantap 506,Martabak,Bogor
GF-00508,Resto GrabMantap 507,Seafood,Bogor
GF-00509,Resto GrabMantap 508,Beverages,Jakarta
GF-00510,Resto GrabMantap 509,Martabak,Bekasi
GF-00511,Resto GrabMantap 510,Seafood,Depok
GF-00512,Resto GrabMantap 511,Martabak,Medan
GF-00513,Resto GrabMantap 512,Snacks,Depok
GF-00514,Resto GrabMantap 513,Ayam Geprek,Jakarta
GF-00515,Resto GrabMantap 514,Beverages,Surabaya
GF-00516,Resto GrabMantap 515,Ayam Geprek,Medan
GF-00517,Resto GrabMantap 516,Fast Food,Bogor
GF-00518,Resto GrabMantap 517,Fast Food,Tangerang
GF-00519,Resto GrabMantap 518,Ayam Geprek,Surabaya
GF-00520,Resto GrabMantap 519,Ayam Geprek,Surabaya
GF-00521,Resto GrabMantap 520,Beverages,Bandung
GF-00522,Resto GrabMantap 521,Snacks,Surabaya
GF-00523,Resto GrabMantap 522,Snacks,Bogor
GF-00524,Resto GrabMantap 523,Martabak,Bekasi
GF-00525,Resto GrabMantap 524,Martabak,Surabaya
GF-00526,Resto GrabMantap 525,Fast Food,Medan
GF-00527,Resto GrabMantap 526,Fast Food,Depok
GF-00528,Resto GrabMantap 527,Beverages,Depok
GF-00529,Resto GrabMantap 528,Snacks,Surabaya
GF-00530,Resto GrabMantap 529,Seafood,Tangerang
GF-00531,Resto GrabMantap 530,Snacks,Medan
GF-00532,Resto GrabMantap 531,Ayam Geprek,Surabaya
GF-00533,Resto GrabMantap 532,Beverages,Jakarta
GF-00534,Resto GrabMantap 533,Fast Food,Bogor
GF-00535,Resto GrabMantap 534,Snacks,Medan
GF-00536,Resto GrabMantap 535,Martabak,Surabaya
GF-00537,Resto GrabMantap 536,Fast Food,Bandung
GF-00538,Resto GrabMantap 537,Martabak,Bekasi
GF-00539,Resto GrabMantap 538,Martabak,Depok
GF-00540,Resto GrabMantap 539,Ayam Geprek,Jakarta
GF-00541,Resto GrabMantap 540,Seafood,Jakarta
GF-00542,Resto GrabMantap 541,Fast Food,Depok
GF-00543,Resto GrabMantap 542,Beverages,Bogor
GF-00544,Resto GrabMantap 543,Snacks,Surabaya
GF-00545,Resto GrabMantap 544,Beverages,Surabaya
GF-00546,Resto GrabMantap 545,Fast Food,Bekasi
GF-00547,Resto GrabMantap 546,Martabak,Depok
GF-00548,Resto GrabMantap 547,Seafood,Jakarta
GF-00549,Resto GrabMantap 548,Martabak,Tangerang
GF-00550,Resto GrabMantap 549,Seafood,Surabaya
GF-00551,Resto GrabMantap 550,Beverages,Bekasi
GF-00552,Resto GrabMantap 551,Martabak,Depok
GF-00553,Resto GrabMantap 552,Ayam Geprek,Tangerang
GF-00554,Resto GrabMantap 553,Seafood,Bekasi
GF-00555,Resto GrabMantap 554,Martabak,Tangerang
GF-00556,Resto GrabMantap 555,Martabak,Bekasi
GF-00557,Resto GrabMantap 556,Beverages,Jakarta
GF-00558,Resto GrabMantap 557,Snacks,Jakarta
GF-00559,Resto GrabMantap 558,Ayam Geprek,Bogor
GF-00560,Resto GrabMantap 559,Martabak,Bali
GF-00561,Resto GrabMantap 560,Martabak,Tangerang
GF-00562,Resto GrabMantap 561,Snacks,Tangerang
GF-00563,Resto GrabMantap 562,Beverages,Makassar
GF-00564,Resto GrabMantap 563,Martabak,Jakarta
GF-00565,Resto GrabMantap 564,Beverages,Bali
GF-00566,Resto GrabMantap 565,Snacks,Bogor
GF-00567,Resto GrabMantap 566,Martabak,Tangerang
GF-00568,Resto GrabMantap 567,Fast Food,Bandung
GF-00569,Resto GrabMantap 568,Snacks,Bekasi
GF-00570,Resto GrabMantap 569,Ayam Geprek,Surabaya
GF-00571,Resto GrabMantap 570,Seafood,Makassar
GF-00572,Resto GrabMantap 571,Seafood,Tangerang
GF-00573,Resto GrabMantap 572,Seafood,Surabaya
GF-00574,Resto GrabMantap 573,Snacks,Jakarta
GF-00575,Resto GrabMantap 574,Beverages,Makassar
GF-00576,Resto GrabMantap 575,Seafood,Tangerang
GF-00577,Resto GrabMantap 576,Ayam Geprek,Makassar
GF-00578,Resto GrabMantap 577,Beverages,Makassar
GF-00579,Resto GrabMantap 578,Snacks,Bali
GF-00580,Resto GrabMantap 579,Martabak,Bogor
GF-00581,Resto GrabMantap 580,Fast Food,Bali
GF-00582,Resto GrabMantap 581,Snacks,Bekasi
GF-00583,Resto GrabMantap 582,Seafood,Depok
GF-00584,Resto GrabMantap 583,Fast Food,Surabaya
GF-00585,Resto GrabMantap 584,Ayam Geprek,Makassar
GF-00586,Resto GrabMantap 585,Martabak,Bekasi
GF-00587,Resto GrabMantap 586,Martabak,Bekasi
GF-00588,Resto GrabMantap 587,Snacks,Bandung
GF-00589,Resto GrabMantap 588,Fast Food,Bandung
GF-00590,Resto GrabMantap 589,Ayam Geprek,Makassar
GF-00591,Resto GrabMantap 590,Snacks,Surabaya
GF-00592,Resto GrabMantap 591,Ayam Geprek,Surabaya
GF-00593,Resto GrabMantap 592,Fast Food,Bandung
GF-00594,Resto GrabMantap 593,Martabak,Depok
GF-00595,Resto GrabMantap 594,Beverages,Jakarta
GF-00596,Resto GrabMantap 595,Snacks,Medan
GF-00597,Resto GrabMantap 596,Martabak,Makassar
GF-00598,Resto GrabMantap 597,Seafood,Medan
GF-00599,Resto GrabMantap 598,Seafood,Makassar
GF-00600,Resto GrabMantap 599,Snacks,Depok
GF-00601,Resto GrabMantap 600,Seafood,Makassar
GF-00602,Resto GrabMantap 601,Ayam Geprek,Medan
GF-00603,Resto GrabMantap 602,Seafood,Makassar
GF-00604,Resto GrabMantap 603,Beverages,Bogor
GF-00605,Resto GrabMantap 604,Snacks,Tangerang
GF-00606,Resto GrabMantap 605,Beverages,Makassar
GF-00607,Resto GrabMantap 606,Fast Food,Medan
GF-00608,Resto GrabMantap 607,Fast Food,Tangerang
GF-00609,Resto GrabMantap 608,Ayam Geprek,Jakarta
GF-00610,Resto GrabMantap 609,Fast Food,Surabaya
GF-00611,Resto GrabMantap 610,Ayam Geprek,Surabaya
GF-00612,Resto GrabMantap 611,Snacks,Bali
GF-00613,Resto GrabMantap 612,Fast Food,Medan
GF-00614,Resto GrabMantap 613,Snacks,Medan
GF-00615,Resto GrabMantap 614,Martabak,Bali
GF-00616,Resto GrabMantap 615,Martabak,Bogor
GF-00617,Resto GrabMantap 616,Snacks,Bandung
GF-00618,Resto GrabMantap 617,Ayam Geprek,Surabaya
GF-00619,Resto GrabMantap 618,Ayam Geprek,Jakarta
GF-00620,Resto GrabMantap 619,Ayam Geprek,Bali
GF-00621,Resto GrabMantap 620,Fast Food,Jakarta
GF-00622,Resto GrabMantap 621,Snacks,Depok
GF-00623,Resto GrabMantap 622,Beverages,Bali
GF-00624,Resto GrabMantap 623,Fast Food,Depok
GF-00625,Resto GrabMantap 624,Snacks,Bogor
GF-00626,Resto GrabMantap 625,Fast Food,Bandung
GF-00627,Resto GrabMantap 626,Martabak,Bandung
GF-00628,Resto GrabMantap 627,Ayam Geprek,Tangerang
GF-00629,Resto GrabMantap 628,Ayam Geprek,Makassar
GF-00630,Resto GrabMantap 629,Seafood,Depok
GF-00631,Resto GrabMantap 630,Fast Food,Bogor
GF-00632,Resto GrabMantap 631,Beverages,Tangerang
GF-00633,Resto GrabMantap 632,Snacks,Tangerang
GF-00634,Resto GrabMantap 633,Snacks,Tangerang
GF-00635,Resto GrabMantap 634,Ayam Geprek,Tangerang
GF-00636,Resto GrabMantap 635,Seafood,Tangerang
GF-00637,Resto GrabMantap 636,Ayam Geprek,Depok
GF-00638,Resto GrabMantap 637,Fast Food,Makassar
GF-00639,Resto GrabMantap 638,Snacks,Depok
GF-00640,Resto GrabMantap 639,Snacks,Bali
GF-00641,Resto GrabMantap 640,Seafood,Tangerang
GF-00642,Resto GrabMantap 641,Snacks,Surabaya
GF-00643,Resto GrabMantap 642,Beverages,Surabaya
GF-00644,Resto GrabMantap 643,Beverages,Bali
GF-00645,Resto GrabMantap 644,Ayam Geprek,Bandung
GF-00646,Resto GrabMantap 645,Beverages,Medan
GF-00647,Resto GrabMantap 646,Snacks,Bogor
GF-00648,Resto GrabMantap 647,Fast Food,Medan
GF-00649,Resto GrabMantap 648,Beverages,Depok
GF-00650,Resto GrabMantap 649,Seafood,Makassar
GF-00651,Resto GrabMantap 650,Martabak,Jakarta
GF-00652,Resto GrabMantap 651,Ayam Geprek,Bogor
GF-00653,Resto GrabMantap 652,Snacks,Bandung
GF-00654,Resto GrabMantap 653,Beverages,Surabaya
GF-00655,Resto GrabMantap 654,Martabak,Makassar
GF-00656,Resto GrabMantap 655,Seafood,Bali
GF-00657,Resto GrabMantap 656,Snacks,Medan
GF-00658,Resto GrabMantap 657,Beverages,Tangerang
GF-00659,Resto GrabMantap 658,Snacks,Bogor
GF-00660,Resto GrabMantap 659,Snacks,Bandung
GF-00661,Resto GrabMantap 660,Snacks,Medan
GF-00662,Resto GrabMantap 661,Fast Food,Medan
GF-00663,Resto GrabMantap 662,Martabak,Bogor
GF-00664,Resto GrabMantap 663,Martabak,Depok
GF-00665,Resto GrabMantap 664,Snacks,Makassar
GF-00666,Resto GrabMantap 665,Martabak,Surabaya
GF-00667,Resto GrabMantap 666,Fast Food,Bandung
GF-00668,Resto GrabMantap 667,Snacks,Bogor
GF-00669,Resto GrabMantap 668,Martabak,Bogor
GF-00670,Resto GrabMantap 669,Ayam Geprek,Surabaya
GF-00671,Resto GrabMantap 670,Martabak,Depok
GF-00672,Resto GrabMantap 671,Fast Food,Medan
GF-00673,Resto GrabMantap 672,Ayam Geprek,Bandung
GF-00674,Resto GrabMantap 673,Seafood,Tangerang
GF-00675,Resto GrabMantap 674,Martabak,Surabaya
GF-00676,Resto GrabMantap 675,Martabak,Surabaya
GF-00677,Resto GrabMantap 676,Beverages,Bali
GF-00678,Resto GrabMantap 677,Snacks,Jakarta
GF-00679,Resto GrabMantap 678,Fast Food,Bogor
GF-00680,Resto GrabMantap 679,Ayam Geprek,Bogor
GF-00681,Resto GrabMantap 680,Fast Food,Bali
GF-00682,Resto GrabMantap 681,Seafood,Makassar
GF-00683,Resto GrabMantap 682,Beverages,Bogor
GF-00684,Resto GrabMantap 683,Beverages,Makassar
GF-00685,Resto GrabMantap 684,Beverages,Makassar
GF-00686,Resto GrabMantap 685,Snacks,Makassar
GF-00687,Resto GrabMantap 686,Fast Food,Surabaya
GF-00688,Resto GrabMantap 687,Martabak,Tangerang
GF-00689,Resto GrabMantap 688,Seafood,Bekasi
GF-00690,Resto GrabMantap 689,Fast Food,Makassar
GF-00691,Resto GrabMantap 690,Seafood,Tangerang
GF-00692,Resto GrabMantap 691,Martabak,Bandung
GF-00693,Resto GrabMantap 692,Ayam Geprek,Bali
GF-00694,Resto GrabMantap 693,Beverages,Surabaya
GF-00695,Resto GrabMantap 694,Beverages,Bekasi
GF-00696,Resto GrabMantap 695,Fast Food,Jakarta
GF-00697,Resto GrabMantap 696,Beverages,Bogor
GF-00698,Resto GrabMantap 697,Martabak,Bali
GF-00699,Resto GrabMantap 698,Fast Food,Depok
GF-00700,Resto GrabMantap 699,Seafood,Bali
GF-00701,Resto GrabMantap 700,Ayam Geprek,Medan
GF-00702,Resto GrabMantap 701,Fast Food,Tangerang
GF-00703,Resto GrabMantap 702,Beverages,Bandung
GF-00704,Resto GrabMantap 703,Seafood,Bogor
GF-00705,Resto GrabMantap 704,Ayam Geprek,Bekasi
GF-00706,Resto GrabMantap 705,Snacks,Makassar
GF-00707,Resto GrabMantap 706,Seafood,Bandung
GF-00708,Resto GrabMantap 707,Snacks,Bekasi
GF-00709,Resto GrabMantap 708,Snacks,Bekasi
GF-00710,Resto GrabMantap 709,Ayam Geprek,Bandung
GF-00711,Resto GrabMantap 710,Martabak,Depok
GF-00712,Resto GrabMantap 711,Beverages,Bogor
GF-00713,Resto GrabMantap 712,Beverages,Depok
GF-00714,Resto GrabMantap 713,Beverages,Makassar
GF-00715,Resto GrabMantap 714,Beverages,Depok
GF-00716,Resto GrabMantap 715,Seafood,Bekasi
GF-00717,Resto GrabMantap 716,Ayam Geprek,Jakarta
GF-00718,Resto GrabMantap 717,Snacks,Bali
GF-00719,Resto GrabMantap 718,Fast Food,Medan
GF-00720,Resto GrabMantap 719,Fast Food,Jakarta
GF-00721,Resto GrabMantap 720,Ayam Geprek,Bandung
GF-00722,Resto GrabMantap 721,Ayam Geprek,Jakarta
GF-00723,Resto GrabMantap 722,Martabak,Bandung
GF-00724,Resto GrabMantap 723,Beverages,Depok
GF-00725,Resto GrabMantap 724,Fast Food,Bandung
GF-00726,Resto GrabMantap 725,Beverages,Depok
GF-00727,Resto GrabMantap 726,Beverages,Bali
GF-00728,Resto GrabMantap 727,Martabak,Bandung
GF-00729,Resto GrabMantap 728,Snacks,Makassar
GF-00730,Resto GrabMantap 729,Beverages,Depok
GF-00731,Resto GrabMantap 730,Martabak,Depok
GF-00732,Resto GrabMantap 731,Seafood,Depok
GF-00733,Resto GrabMantap 732,Fast Food,Bali
GF-00734,Resto GrabMantap 733,Snacks,Bekasi
GF-00735,Resto GrabMantap 734,Ayam Geprek,Bogor
GF-00736,Resto GrabMantap 735,Seafood,Medan
GF-00737,Resto GrabMantap 736,Snacks,Bali
GF-00738,Resto GrabMantap 737,Fast Food,Bogor
GF-00739,Resto GrabMantap 738,Ayam Geprek,Medan
GF-00740,Resto GrabMantap 739,Snacks,Bekasi
GF-00741,Resto GrabMantap 740,Snacks,Makassar
GF-00742,Resto GrabMantap 741,Ayam Geprek,Medan
GF-00743,Resto GrabMantap 742,Fast Food,Makassar
GF-00744,Resto GrabMantap 743,Beverages,Makassar
GF-00745,Resto GrabMantap 744,Martabak,Bogor
GF-00746,Resto GrabMantap 745,Fast Food,Depok
GF-00747,Resto GrabMantap 746,Ayam Geprek,Medan
GF-00748,Resto GrabMantap 747,Snacks,Bandung
GF-00749,Resto GrabMantap 748,Fast Food,Makassar
GF-00750,Resto GrabMantap 749,Seafood,Depok
GF-00751,Resto GrabMantap 750,Ayam Geprek,Bekasi
GF-00752,Resto GrabMantap 751,Snacks,Medan
GF-00753,Resto GrabMantap 752,Ayam Geprek,Bogor
GF-00754,Resto GrabMantap 753,Ayam Geprek,Bali
GF-00755,Resto GrabMantap 754,Ayam Geprek,Bali
GF-00756,Resto GrabMantap 755,Beverages,Bogor
GF-00757,Resto GrabMantap 756,Ayam Geprek,Surabaya
GF-00758,Resto GrabMantap 757,Martabak,Bogor
GF-00759,Resto GrabMantap 758,Beverages,Bogor
GF-00760,Resto GrabMantap 759,Snacks,Medan
GF-00761,Resto GrabMantap 760,Snacks,Bekasi
GF-00762,Resto GrabMantap 761,Martabak,Makassar
GF-00763,Resto GrabMantap 762,Seafood,Bekasi
GF-00764,Resto GrabMantap 763,Seafood,Depok
GF-00765,Resto GrabMantap 764,Seafood,Bekasi
GF-00766,Resto GrabMantap 765,Martabak,Makassar
GF-00767,Resto GrabMantap 766,Fast Food,Tangerang
GF-00768,Resto GrabMantap 767,Seafood,Bekasi
GF-00769,Resto GrabMantap 768,Martabak,Bekasi
GF-00770,Resto GrabMantap 769,Snacks,Bandung
GF-00771,Resto GrabMantap 770,Ayam Geprek,Jakarta
GF-00772,Resto GrabMantap 771,Snacks,Surabaya
GF-00773,Resto GrabMantap 772,Martabak,Bali
GF-00774,Resto GrabMantap 773,Fast Food,Tangerang
GF-00775,Resto GrabMantap 774,Beverages,Jakarta
GF-00776,Resto GrabMantap 775,Snacks,Makassar
GF-00777,Resto GrabMantap 776,Seafood,Depok
GF-00778,Resto GrabMantap 777,Seafood,Bandung
GF-00779,Resto GrabMantap 778,Beverages,Jakarta
GF-00780,Resto GrabMantap 779,Ayam Geprek,Tangerang
GF-00781,Resto GrabMantap 780,Snacks,Depok
GF-00782,Resto GrabMantap 781,Seafood,Surabaya
GF-00783,Resto GrabMantap 782,Snacks,Jakarta
GF-00784,Resto GrabMantap 783,Ayam Geprek,Depok
GF-00785,Resto GrabMantap 784,Martabak,Makassar
GF-00786,Resto GrabMantap 785,Snacks,Bali
GF-00787,Resto GrabMantap 786,Fast Food,Bali
GF-00788,Resto GrabMantap 787,Ayam Geprek,Medan
GF-00789,Resto GrabMantap 788,Seafood,Tangerang
GF-00790,Resto GrabMantap 789,Ayam Geprek,Bogor
GF-00791,Resto GrabMantap 790,Seafood,Depok
GF-00792,Resto GrabMantap 791,Martabak,Bekasi
GF-00793,Resto GrabMantap 792,Ayam Geprek,Medan
GF-00794,Resto GrabMantap 793,Ayam Geprek,Jakarta
GF-00795,Resto GrabMantap 794,Snacks,Medan
GF-00796,Resto GrabMantap 795,Ayam Geprek,Medan
GF-00797,Resto GrabMantap 796,Snacks,Depok
GF-00798,Resto GrabMantap 797,Snacks,Bandung
GF-00799,Resto GrabMantap 798,Ayam Geprek,Makassar
GF-00800,Resto GrabMantap 799,Beverages,Bekasi
GF-00801,Resto GrabMantap 800,Beverages,Depok
GF-00802,Resto GrabMantap 801,Seafood,Makassar
GF-00803,Resto GrabMantap 802,Seafood,Makassar
GF-00804,Resto GrabMantap 803,Seafood,Bali
GF-00805,Resto GrabMantap 804,Snacks,Bali
GF-00806,Resto GrabMantap 805,Snacks,Bekasi
GF-00807,Resto GrabMantap 806,Fast Food,Bandung
GF-00808,Resto GrabMantap 807,Beverages,Bali
GF-00809,Resto GrabMantap 808,Seafood,Bali
GF-00810,Resto GrabMantap 809,Beverages,Bekasi
GF-00811,Resto GrabMantap 810,Beverages,Bandung
GF-00812,Resto GrabMantap 811,Fast Food,Bali
GF-00813,Resto GrabMantap 812,Martabak,Medan
GF-00814,Resto GrabMantap 813,Seafood,Bogor
GF-00815,Resto GrabMantap 814,Fast Food,Jakarta
GF-00816,Resto GrabMantap 815,Ayam Geprek,Depok
GF-00817,Resto GrabMantap 816,Martabak,Surabaya
GF-00818,Resto GrabMantap 817,Seafood,Bekasi
GF-00819,Resto GrabMantap 818,Martabak,Bekasi
GF-00820,Resto GrabMantap 819,Ayam Geprek,Bali
GF-00821,Resto GrabMantap 820,Ayam Geprek,Surabaya
GF-00822,Resto GrabMantap 821,Beverages,Depok
GF-00823,Resto GrabMantap 822,Martabak,Bali
GF-00824,Resto GrabMantap 823,Fast Food,Bali
GF-00825,Resto GrabMantap 824,Ayam Geprek,Makassar
GF-00826,Resto GrabMantap 825,Beverages,Bekasi
GF-00827,Resto GrabMantap 826,Martabak,Medan
GF-00828,Resto GrabMantap 827,Martabak,Bogor
GF-00829,Resto GrabMantap 828,Beverages,Bekasi
GF-00830,Resto GrabMantap 829,Beverages,Tangerang
GF-00831,Resto GrabMantap 830,Seafood,Jakarta
GF-00832,Resto GrabMantap 831,Beverages,Bali
GF-00833,Resto GrabMantap 832,Martabak,Surabaya
GF-00834,Resto GrabMantap 833,Snacks,Tangerang
GF-00835,Resto GrabMantap 834,Ayam Geprek,Tangerang
GF-00836,Resto GrabMantap 835,Beverages,Makassar
GF-00837,Resto GrabMantap 836,Ayam Geprek,Makassar
GF-00838,Resto GrabMantap 837,Ayam Geprek,Tangerang
GF-00839,Resto GrabMantap 838,Seafood,Bogor
GF-00840,Resto GrabMantap 839,Martabak,Bekasi
GF-00841,Resto GrabMantap 840,Snacks,Depok
GF-00842,Resto GrabMantap 841,Seafood,Medan
GF-00843,Resto GrabMantap 842,Snacks,Jakarta
GF-00844,Resto GrabMantap 843,Martabak,Bekasi
GF-00845,Resto GrabMantap 844,Fast Food,Surabaya
GF-00846,Resto GrabMantap 845,Martabak,Bekasi
GF-00847,Resto GrabMantap 846,Fast Food,Bali
GF-00848,Resto GrabMantap 847,Fast Food,Bogor
GF-00849,Resto GrabMantap 848,Seafood,Makassar
GF-00850,Resto GrabMantap 849,Martabak,Surabaya
GF-00851,Resto GrabMantap 850,Seafood,Bandung
GF-00852,Resto GrabMantap 851,Seafood,Surabaya
GF-00853,Resto GrabMantap 852,Snacks,Bekasi
GF-00854,Resto GrabMantap 853,Fast Food,Tangerang
GF-00855,Resto GrabMantap 854,Snacks,Surabaya
GF-00856,Resto GrabMantap 855,Martabak,Makassar
GF-00857,Resto GrabMantap 856,Seafood,Bekasi
GF-00858,Resto GrabMantap 857,Ayam Geprek,Bogor
GF-00859,Resto GrabMantap 858,Seafood,Jakarta
GF-00860,Resto GrabMantap 859,Snacks,Makassar
GF-00861,Resto GrabMantap 860,Snacks,Bekasi
GF-00862,Resto GrabMantap 861,Martabak,Surabaya
GF-00863,Resto GrabMantap 862,Beverages,Medan
GF-00864,Resto GrabMantap 863,Seafood,Bogor
GF-00865,Resto GrabMantap 864,Fast Food,Makassar
GF-00866,Resto GrabMantap 865,Ayam Geprek,Depok
GF-00867,Resto GrabMantap 866,Beverages,Bali
GF-00868,Resto GrabMantap 867,Beverages,Surabaya
GF-00869,Resto GrabMantap 868,Seafood,Makassar
GF-00870,Resto GrabMantap 869,Beverages,Tangerang
GF-00871,Resto GrabMantap 870,Snacks,Surabaya
GF-00872,Resto GrabMantap 871,Martabak,Jakarta
GF-00873,Resto GrabMantap 872,Ayam Geprek,Bandung
GF-00874,Resto GrabMantap 873,Beverages,Bali
GF-00875,Resto GrabMantap 874,Ayam Geprek,Bandung
GF-00876,Resto GrabMantap 875,Seafood,Tangerang
GF-00877,Resto GrabMantap 876,Seafood,Jakarta
GF-00878,Resto GrabMantap 877,Fast Food,Surabaya
GF-00879,Resto GrabMantap 878,Seafood,Tangerang
GF-00880,Resto GrabMantap 879,Martabak,Bandung
GF-00881,Resto GrabMantap 880,Beverages,Tangerang
GF-00882,Resto GrabMantap 881,Seafood,Medan
GF-00883,Resto GrabMantap 882,Seafood,Bandung
GF-00884,Resto GrabMantap 883,Ayam Geprek,Bandung
GF-00885,Resto GrabMantap 884,Ayam Geprek,Medan
GF-00886,Resto GrabMantap 885,Beverages,Jakarta
GF-00887,Resto GrabMantap 886,Fast Food,Bandung
GF-00888,Resto GrabMantap 887,Snacks,Makassar
GF-00889,Resto GrabMantap 888,Martabak,Makassar
GF-00890,Resto GrabMantap 889,Fast Food,Bali
GF-00891,Resto GrabMantap 890,Martabak,Bandung
GF-00892,Resto GrabMantap 891,Seafood,Medan
GF-00893,Resto GrabMantap 892,Fast Food,Medan
GF-00894,Resto GrabMantap 893,Ayam Geprek,Bekasi
GF-00895,Resto GrabMantap 894,Seafood,Bekasi
GF-00896,Resto GrabMantap 895,Seafood,Medan
GF-00897,Resto GrabMantap 896,Fast Food,Tangerang
GF-00898,Resto GrabMantap 897,Martabak,Depok
GF-00899,Resto GrabMantap 898,Ayam Geprek,Bali
GF-00900,Resto GrabMantap 899,Seafood,Medan
GF-00901,Resto GrabMantap 900,Snacks,Makassar
GF-00902,Resto GrabMantap 901,Ayam Geprek,Surabaya
GF-00903,Resto GrabMantap 902,Fast Food,Bogor
GF-00904,Resto GrabMantap 903,Seafood,Bandung
GF-00905,Resto GrabMantap 904,Martabak,Tangerang
GF-00906,Resto GrabMantap 905,Seafood,Makassar
GF-00907,Resto GrabMantap 906,Ayam Geprek,Surabaya
GF-00908,Resto GrabMantap 907,Snacks,Bogor
GF-00909,Resto GrabMantap 908,Martabak,Jakarta
GF-00910,Resto GrabMantap 909,Ayam Geprek,Bali
GF-00911,Resto GrabMantap 910,Martabak,Bekasi
GF-00912,Resto GrabMantap 911,Fast Food,Bogor
GF-00913,Resto GrabMantap 912,Snacks,Bali
GF-00914,Resto GrabMantap 913,Seafood,Depok
GF-00915,Resto GrabMantap 914,Seafood,Surabaya
GF-00916,Resto GrabMantap 915,Fast Food,Bandung
GF-00917,Resto GrabMantap 916,Martabak,Medan
GF-00918,Resto GrabMantap 917,Martabak,Jakarta
GF-00919,Resto GrabMantap 918,Fast Food,Makassar
GF-00920,Resto GrabMantap 919,Fast Food,Tangerang
GF-00921,Resto GrabMantap 920,Snacks,Bekasi
GF-00922,Resto GrabMantap 921,Fast Food,Depok
GF-00923,Resto GrabMantap 922,Fast Food,Jakarta
GF-00924,Resto GrabMantap 923,Beverages,Jakarta
GF-00925,Resto GrabMantap 924,Ayam Geprek,Bandung
GF-00926,Resto GrabMantap 925,Seafood,Tangerang
GF-00927,Resto GrabMantap 926,Fast Food,Jakarta
GF-00928,Resto GrabMantap 927,Seafood,Depok
GF-00929,Resto GrabMantap 928,Beverages,Medan
GF-00930,Resto GrabMantap 929,Martabak,Bogor
GF-00931,Resto GrabMantap 930,Beverages,Bali
GF-00932,Resto GrabMantap 931,Snacks,Jakarta
GF-00933,Resto GrabMantap 932,Seafood,Bogor
GF-00934,Resto GrabMantap 933,Snacks,Bogor
GF-00935,Resto GrabMantap 934,Fast Food,Bandung
GF-00936,Resto GrabMantap 935,Seafood,Bekasi
GF-00937,Resto GrabMantap 936,Snacks,Makassar
GF-00938,Resto GrabMantap 937,Martabak,Bandung
GF-00939,Resto GrabMantap 938,Martabak,Tangerang
GF-00940,Resto GrabMantap 939,Seafood,Medan
GF-00941,Resto GrabMantap 940,Ayam Geprek,Bogor
GF-00942,Resto GrabMantap 941,Snacks,Bali
GF-00943,Resto GrabMantap 942,Beverages,Bekasi
GF-00944,Resto GrabMantap 943,Ayam Geprek,Bogor
GF-00945,Resto GrabMantap 944,Ayam Geprek,Bekasi
GF-00946,Resto GrabMantap 945,Snacks,Bekasi
GF-00947,Resto GrabMantap 946,Ayam Geprek,Bogor
GF-00948,Resto GrabMantap 947,Martabak,Depok
GF-00949,Resto GrabMantap 948,Martabak,Surabaya
GF-00950,Resto GrabMantap 949,Martabak,Tangerang
GF-00951,Resto GrabMantap 950,Ayam Geprek,Bekasi
GF-00952,Resto GrabMantap 951,Beverages,Bekasi
GF-00953,Resto GrabMantap 952,Seafood,Surabaya
GF-00954,Resto GrabMantap 953,Fast Food,Bandung
GF-00955,Resto GrabMantap 954,Beverages,Bekasi
GF-00956,Resto GrabMantap 955,Fast Food,Bandung
GF-00957,Resto GrabMantap 956,Fast Food,Bali
GF-00958,Resto GrabMantap 957,Martabak,Bogor
GF-00959,Resto GrabMantap 958,Fast Food,Bandung
GF-00960,Resto GrabMantap 959,Ayam Geprek,Tangerang
GF-00961,Resto GrabMantap 960,Ayam Geprek,Medan
GF-00962,Resto GrabMantap 961,Snacks,Depok
GF-00963,Resto GrabMantap 962,Beverages,Makassar
GF-00964,Resto GrabMantap 963,Ayam Geprek,Bekasi
GF-00965,Resto GrabMantap 964,Ayam Geprek,Medan
GF-00966,Resto GrabMantap 965,Beverages,Jakarta
GF-00967,Resto GrabMantap 966,Seafood,Makassar
GF-00968,Resto GrabMantap 967,Martabak,Surabaya
GF-00969,Resto GrabMantap 968,Ayam Geprek,Jakarta
GF-00970,Resto GrabMantap 969,Ayam Geprek,Bandung
GF-00971,Resto GrabMantap 970,Fast Food,Medan
GF-00972,Resto GrabMantap 971,Ayam Geprek,Bali
GF-00973,Resto GrabMantap 972,Martabak,Surabaya
GF-00974,Resto GrabMantap 973,Martabak,Depok
GF-00975,Resto GrabMantap 974,Ayam Geprek,Bogor
GF-00976,Resto GrabMantap 975,Snacks,Jakarta
GF-00977,Resto GrabMantap 976,Beverages,Bekasi
GF-00978,Resto GrabMantap 977,Snacks,Makassar
GF-00979,Resto GrabMantap 978,Martabak,Bekasi
GF-00980,Resto GrabMantap 979,Seafood,Surabaya
GF-00981,Resto GrabMantap 980,Fast Food,Jakarta
GF-00982,Resto GrabMantap 981,Ayam Geprek,Makassar
GF-00983,Resto GrabMantap 982,Fast Food,Surabaya
GF-00984,Resto GrabMantap 983,Ayam Geprek,Bali
GF-00985,Resto GrabMantap 984,Martabak,Bekasi
GF-00986,Resto GrabMantap 985,Seafood,Bali
GF-00987,Resto GrabMantap 986,Fast Food,Surabaya
GF-00988,Resto GrabMantap 987,Snacks,Medan
GF-00989,Resto GrabMantap 988,Seafood,Depok
GF-00990,Resto GrabMantap 989,Martabak,Tangerang
GF-00991,Resto GrabMantap 990,Ayam Geprek,Bekasi
GF-00992,Resto GrabMantap 991,Fast Food,Medan
GF-00993,Resto GrabMantap 992,Beverages,Makassar
GF-00994,Resto GrabMantap 993,Fast Food,Tangerang
GF-00995,Resto GrabMantap 994,Seafood,Jakarta
GF-00996,Resto GrabMantap 995,Beverages,Depok
GF-00997,Resto GrabMantap 996,Seafood,Bali
GF-00998,Resto GrabMantap 997,Snacks,Jakarta
GF-00999,Resto GrabMantap 998,Ayam Geprek,Bandung
GF-01000,Resto GrabMantap 999,Martabak,Depok
GF-01001,Resto GrabMantap 1000,Ayam Geprek,Makassar
GF-01002,Resto GrabMantap 1001,Beverages,Surabaya
GF-01003,Resto GrabMantap 1002,Martabak,Bandung
GF-01004,Resto GrabMantap 1003,Martabak,Tangerang
GF-01005,Resto GrabMantap 1004,Seafood,Tangerang
GF-01006,Resto GrabMantap 1005,Ayam Geprek,Bekasi
GF-01007,Resto GrabMantap 1006,Snacks,Surabaya
GF-01008,Resto GrabMantap 1007,Ayam Geprek,Surabaya
GF-01009,Resto GrabMantap 1008,Beverages,Medan
GF-01010,Resto GrabMantap 1009,Fast Food,Makassar
GF-01011,Resto GrabMantap 1010,Martabak,Medan
GF-01012,Resto GrabMantap 1011,Ayam Geprek,Bogor
GF-01013,Resto GrabMantap 1012,Beverages,Makassar
GF-01014,Resto GrabMantap 1013,Fast Food,Bandung
GF-01015,Resto GrabMantap 1014,Ayam Geprek,Bekasi
GF-01016,Resto GrabMantap 1015,Ayam Geprek,Bekasi
GF-01017,Resto GrabMantap 1016,Snacks,Surabaya
GF-01018,Resto GrabMantap 1017,Fast Food,Tangerang
GF-01019,Resto GrabMantap 1018,Seafood,Surabaya
GF-01020,Resto GrabMantap 1019,Fast Food,Bali
GF-01021,Resto GrabMantap 1020,Seafood,Depok
GF-01022,Resto GrabMantap 1021,Snacks,Surabaya
GF-01023,Resto GrabMantap 1022,Beverages,Bandung
GF-01024,Resto GrabMantap 1023,Ayam Geprek,Bali
GF-01025,Resto GrabMantap 1024,Beverages,Depok
GF-01026,Resto GrabMantap 1025,Beverages,Bandung
GF-01027,Resto GrabMantap 1026,Martabak,Bandung
GF-01028,Resto GrabMantap 1027,Martabak,Makassar
GF-01029,Resto GrabMantap 1028,Seafood,Makassar
GF-01030,Resto GrabMantap 1029,Seafood,Jakarta
GF-01031,Resto GrabMantap 1030,Seafood,Bogor
GF-01032,Resto GrabMantap 1031,Beverages,Tangerang
GF-01033,Resto GrabMantap 1032,Fast Food,Makassar
GF-01034,Resto GrabMantap 1033,Fast Food,Bandung
GF-01035,Resto GrabMantap 1034,Seafood,Tangerang
GF-01036,Resto GrabMantap 1035,Snacks,Bekasi
GF-01037,Resto GrabMantap 1036,Beverages,Bandung
GF-01038,Resto GrabMantap 1037,Ayam Geprek,Bekasi
GF-01039,Resto GrabMantap 1038,Martabak,Jakarta
GF-01040,Resto GrabMantap 1039,Ayam Geprek,Jakarta
GF-01041,Resto GrabMantap 1040,Fast Food,Medan
GF-01042,Resto GrabMantap 1041,Seafood,Makassar
GF-01043,Resto GrabMantap 1042,Snacks,Tangerang
GF-01044,Resto GrabMantap 1043,Beverages,Surabaya
GF-01045,Resto GrabMantap 1044,Seafood,Tangerang
GF-01046,Resto GrabMantap 1045,Snacks,Jakarta
GF-01047,Resto GrabMantap 1046,Fast Food,Medan
GF-01048,Resto GrabMantap 1047,Snacks,Jakarta
GF-01049,Resto GrabMantap 1048,Beverages,Bekasi
GF-01050,Resto GrabMantap 1049,Snacks,Bekasi
GF-01051,Resto GrabMantap 1050,Fast Food,Bekasi
GF-01052,Resto GrabMantap 1051,Beverages,Medan
GF-01053,Resto GrabMantap 1052,Snacks,Bogor
GF-01054,Resto GrabMantap 1053,Snacks,Surabaya
GF-01055,Resto GrabMantap 1054,Fast Food,Medan
GF-01056,Resto GrabMantap 1055,Fast Food,Bandung
GF-01057,Resto GrabMantap 1056,Martabak,Bandung
GF-01058,Resto GrabMantap 1057,Beverages,Medan
GF-01059,Resto GrabMantap 1058,Seafood,Depok
GF-01060,Resto GrabMantap 1059,Ayam Geprek,Bandung
GF-01061,Resto GrabMantap 1060,Snacks,Bekasi
GF-01062,Resto GrabMantap 1061,Beverages,Bali
GF-01063,Resto GrabMantap 1062,Beverages,Depok
GF-01064,Resto GrabMantap 1063,Martabak,Bekasi
GF-01065,Resto GrabMantap 1064,Martabak,Medan
GF-01066,Resto GrabMantap 1065,Snacks,Bekasi
GF-01067,Resto GrabMantap 1066,Snacks,Depok
GF-01068,Resto GrabMantap 1067,Snacks,Bali
GF-01069,Resto GrabMantap 1068,Beverages,Bali
GF-01070,Resto GrabMantap 1069,Seafood,Depok
GF-01071,Resto GrabMantap 1070,Fast Food,Makassar
GF-01072,Resto GrabMantap 1071,Fast Food,Jakarta
GF-01073,Resto GrabMantap 1072,Beverages,Tangerang
GF-01074,Resto GrabMantap 1073,Martabak,Bandung
GF-01075,Resto GrabMantap 1074,Ayam Geprek,Surabaya
GF-01076,Resto GrabMantap 1075,Beverages,Surabaya
GF-01077,Resto GrabMantap 1076,Seafood,Makassar
GF-01078,Resto GrabMantap 1077,Fast Food,Bogor
GF-01079,Resto GrabMantap 1078,Ayam Geprek,Depok
GF-01080,Resto GrabMantap 1079,Martabak,Bandung
GF-01081,Resto GrabMantap 1080,Fast Food,Bogor
GF-01082,Resto GrabMantap 1081,Snacks,Bekasi
GF-01083,Resto GrabMantap 1082,Ayam Geprek,Bandung
GF-01084,Resto GrabMantap 1083,Martabak,Jakarta
GF-01085,Resto GrabMantap 1084,Snacks,Bali
GF-01086,Resto GrabMantap 1085,Fast Food,Bandung
GF-01087,Resto GrabMantap 1086,Snacks,Medan
GF-01088,Resto GrabMantap 1087,Fast Food,Depok
GF-01089,Resto GrabMantap 1088,Seafood,Jakarta
GF-01090,Resto GrabMantap 1089,Ayam Geprek,Bali
GF-01091,Resto GrabMantap 1090,Snacks,Depok
GF-01092,Resto GrabMantap 1091,Snacks,Bogor
GF-01093,Resto GrabMantap 1092,Beverages,Bandung
GF-01094,Resto GrabMantap 1093,Ayam Geprek,Surabaya
GF-01095,Resto GrabMantap 1094,Snacks,Bali
GF-01096,Resto GrabMantap 1095,Seafood,Surabaya
GF-01097,Resto GrabMantap 1096,Beverages,Bekasi
GF-01098,Resto GrabMantap 1097,Fast Food,Depok
GF-01099,Resto GrabMantap 1098,Ayam Geprek,Bekasi
GF-01100,Resto GrabMantap 1099,Seafood,Tangerang
GF-01101,Resto GrabMantap 1100,Ayam Geprek,Bekasi
GF-01102,Resto GrabMantap 1101,Seafood,Surabaya
GF-01103,Resto GrabMantap 1102,Fast Food,Depok
GF-01104,Resto GrabMantap 1103,Fast Food,Bandung
GF-01105,Resto GrabMantap 1104,Seafood,Tangerang
GF-01106,Resto GrabMantap 1105,Beverages,Bogor
GF-01107,Resto GrabMantap 1106,Snacks,Bogor
GF-01108,Resto GrabMantap 1107,Fast Food,Surabaya
GF-01109,Resto GrabMantap 1108,Fast Food,Bali
GF-01110,Resto GrabMantap 1109,Martabak,Makassar
GF-01111,Resto GrabMantap 1110,Fast Food,Tangerang
GF-01112,Resto GrabMantap 1111,Martabak,Jakarta
GF-01113,Resto GrabMantap 1112,Ayam Geprek,Surabaya
GF-01114,Resto GrabMantap 1113,Ayam Geprek,Tangerang
GF-01115,Resto GrabMantap 1114,Fast Food,Bogor
GF-01116,Resto GrabMantap 1115,Seafood,Jakarta
GF-01117,Resto GrabMantap 1116,Martabak,Bekasi
GF-01118,Resto GrabMantap 1117,Ayam Geprek,Bogor
GF-01119,Resto GrabMantap 1118,Ayam Geprek,Jakarta
GF-01120,Resto GrabMantap 1119,Fast Food,Bogor
GF-01121,Resto GrabMantap 1120,Fast Food,Medan
GF-01122,Resto GrabMantap 1121,Martabak,Tangerang
GF-01123,Resto GrabMantap 1122,Fast Food,Depok
GF-01124,Resto GrabMantap 1123,Snacks,Makassar
GF-01125,Resto GrabMantap 1124,Ayam Geprek,Bogor
GF-01126,Resto GrabMantap 1125,Beverages,Depok
GF-01127,Resto GrabMantap 1126,Ayam Geprek,Tangerang
GF-01128,Resto GrabMantap 1127,Martabak,Medan
GF-01129,Resto GrabMantap 1128,Snacks,Medan
GF-01130,Resto GrabMantap 1129,Ayam Geprek,Bandung
GF-01131,Resto GrabMantap 1130,Snacks,Bandung
GF-01132,Resto GrabMantap 1131,Ayam Geprek,Bali
GF-01133,Resto GrabMantap 1132,Fast Food,Bekasi
GF-01134,Resto GrabMantap 1133,Seafood,Medan
GF-01135,Resto GrabMantap 1134,Snacks,Bekasi
GF-01136,Resto GrabMantap 1135,Snacks,Makassar
GF-01137,Resto GrabMantap 1136,Seafood,Bekasi
GF-01138,Resto GrabMantap 1137,Martabak,Surabaya
GF-01139,Resto GrabMantap 1138,Ayam Geprek,Tangerang
GF-01140,Resto GrabMantap 1139,Fast Food,Bandung
GF-01141,Resto GrabMantap 1140,Ayam Geprek,Surabaya
GF-01142,Resto GrabMantap 1141,Martabak,Bekasi
GF-01143,Resto GrabMantap 1142,Ayam Geprek,Surabaya
GF-01144,Resto GrabMantap 1143,Beverages,Bekasi
GF-01145,Resto GrabMantap 1144,Fast Food,Depok
GF-01146,Resto GrabMantap 1145,Fast Food,Bekasi
GF-01147,Resto GrabMantap 1146,Martabak,Makassar
GF-01148,Resto GrabMantap 1147,Fast Food,Surabaya
GF-01149,Resto GrabMantap 1148,Snacks,Bandung
GF-01150,Resto GrabMantap 1149,Fast Food,Surabaya
GF-01151,Resto GrabMantap 1150,Martabak,Jakarta
GF-01152,Resto GrabMantap 1151,Beverages,Bekasi
GF-01153,Resto GrabMantap 1152,Seafood,Bekasi
GF-01154,Resto GrabMantap 1153,Ayam Geprek,Depok
GF-01155,Resto GrabMantap 1154,Ayam Geprek,Depok
GF-01156,Resto GrabMantap 1155,Beverages,Bogor
GF-01157,Resto GrabMantap 1156,Martabak,Surabaya
GF-01158,Resto GrabMantap 1157,Snacks,Depok
GF-01159,Resto GrabMantap 1158,Beverages,Makassar
GF-01160,Resto GrabMantap 1159,Martabak,Depok
GF-01161,Resto GrabMantap 1160,Fast Food,Bogor
GF-01162,Resto GrabMantap 1161,Seafood,Tangerang
GF-01163,Resto GrabMantap 1162,Beverages,Bali
GF-01164,Resto GrabMantap 1163,Beverages,Surabaya
GF-01165,Resto GrabMantap 1164,Martabak,Surabaya
GF-01166,Resto GrabMantap 1165,Seafood,Depok
GF-01167,Resto GrabMantap 1166,Fast Food,Bandung
GF-01168,Resto GrabMantap 1167,Beverages,Bogor
GF-01169,Resto GrabMantap 1168,Martabak,Bogor
GF-01170,Resto GrabMantap 1169,Fast Food,Bali
GF-01171,Resto GrabMantap 1170,Seafood,Medan
GF-01172,Resto GrabMantap 1171,Snacks,Jakarta
GF-01173,Resto GrabMantap 1172,Beverages,Bandung
GF-01174,Resto GrabMantap 1173,Martabak,Jakarta
GF-01175,Resto GrabMantap 1174,Seafood,Tangerang
GF-01176,Resto GrabMantap 1175,Martabak,Medan
GF-01177,Resto GrabMantap 1176,Beverages,Makassar
GF-01178,Resto GrabMantap 1177,Fast Food,Jakarta
GF-01179,Resto GrabMantap 1178,Ayam Geprek,Medan
GF-01180,Resto GrabMantap 1179,Seafood,Tangerang
GF-01181,Resto GrabMantap 1180,Beverages,Tangerang
GF-01182,Resto GrabMantap 1181,Seafood,Makassar
GF-01183,Resto GrabMantap 1182,Fast Food,Bekasi
GF-01184,Resto GrabMantap 1183,Ayam Geprek,Makassar
GF-01185,Resto GrabMantap 1184,Ayam Geprek,Bali
GF-01186,Resto GrabMantap 1185,Seafood,Bali
GF-01187,Resto GrabMantap 1186,Seafood,Bekasi
GF-01188,Resto GrabMantap 1187,Snacks,Medan
GF-01189,Resto GrabMantap 1188,Beverages,Medan
GF-01190,Resto GrabMantap 1189,Martabak,Tangerang
GF-01191,Resto GrabMantap 1190,Seafood,Tangerang
GF-01192,Resto GrabMantap 1191,Ayam Geprek,Surabaya
GF-01193,Resto GrabMantap 1192,Ayam Geprek,Bekasi
GF-01194,Resto GrabMantap 1193,Martabak,Bogor
GF-01195,Resto GrabMantap 1194,Ayam Geprek,Bogor
GF-01196,Resto GrabMantap 1195,Fast Food,Bogor
GF-01197,Resto GrabMantap 1196,Seafood,Tangerang
GF-01198,Resto GrabMantap 1197,Snacks,Medan
GF-01199,Resto GrabMantap 1198,Seafood,Jakarta
GF-01200,Resto GrabMantap 1199,Martabak,Bekasi
GF-01201,Resto GrabMantap 1200,Fast Food,Tangerang
GF-01202,Resto GrabMantap 1201,Fast Food,Depok
GF-01203,Resto GrabMantap 1202,Beverages,Bali
GF-01204,Resto GrabMantap 1203,Beverages,Bandung
GF-01205,Resto GrabMantap 1204,Beverages,Makassar
GF-01206,Resto GrabMantap 1205,Seafood,Bekasi
GF-01207,Resto GrabMantap 1206,Seafood,Medan
GF-01208,Resto GrabMantap 1207,Seafood,Makassar
GF-01209,Resto GrabMantap 1208,Seafood,Jakarta
GF-01210,Resto GrabMantap 1209,Martabak,Jakarta
GF-01211,Resto GrabMantap 1210,Seafood,Depok
GF-01212,Resto GrabMantap 1211,Snacks,Jakarta
GF-01213,Resto GrabMantap 1212,Snacks,Bogor
GF-01214,Resto GrabMantap 1213,Beverages,Bali
GF-01215,Resto GrabMantap 1214,Beverages,Makassar
GF-01216,Resto GrabMantap 1215,Martabak,Tangerang
GF-01217,Resto GrabMantap 1216,Beverages,Surabaya
GF-01218,Resto GrabMantap 1217,Beverages,Tangerang
GF-01219,Resto GrabMantap 1218,Seafood,Bogor
GF-01220,Resto GrabMantap 1219,Martabak,Surabaya
GF-01221,Resto GrabMantap 1220,Snacks,Bogor
GF-01222,Resto GrabMantap 1221,Fast Food,Bali
GF-01223,Resto GrabMantap 1222,Fast Food,Depok
GF-01224,Resto GrabMantap 1223,Ayam Geprek,Bandung
GF-01225,Resto GrabMantap 1224,Ayam Geprek,Jakarta
GF-01226,Resto GrabMantap 1225,Snacks,Bali
GF-01227,Resto GrabMantap 1226,Martabak,Bekasi
GF-01228,Resto GrabMantap 1227,Fast Food,Tangerang
GF-01229,Resto GrabMantap 1228,Ayam Geprek,Tangerang
GF-01230,Resto GrabMantap 1229,Beverages,Bekasi
GF-01231,Resto GrabMantap 1230,Snacks,Bandung
GF-01232,Resto GrabMantap 1231,Snacks,Bogor
GF-01233,Resto GrabMantap 1232,Seafood,Depok
GF-01234,Resto GrabMantap 1233,Snacks,Bogor
GF-01235,Resto GrabMantap 1234,Ayam Geprek,Depok
GF-01236,Resto GrabMantap 1235,Snacks,Bandung
GF-01237,Resto GrabMantap 1236,Ayam Geprek,Bogor
GF-01238,Resto GrabMantap 1237,Fast Food,Bali
GF-01239,Resto GrabMantap 1238,Martabak,Bandung
GF-01240,Resto GrabMantap 1239,Seafood,Tangerang
GF-01241,Resto GrabMantap 1240,Snacks,Medan
GF-01242,Resto GrabMantap 1241,Fast Food,Bekasi
GF-01243,Resto GrabMantap 1242,Seafood,Tangerang
GF-01244,Resto GrabMantap 1243,Ayam Geprek,Surabaya
GF-01245,Resto GrabMantap 1244,Ayam Geprek,Makassar
GF-01246,Resto GrabMantap 1245,Ayam Geprek,Bandung
GF-01247,Resto GrabMantap 1246,Ayam Geprek,Bekasi
GF-01248,Resto GrabMantap 1247,Martabak,Medan
GF-01249,Resto GrabMantap 1248,Martabak,Bogor
GF-01250,Resto GrabMantap 1249,Ayam Geprek,Surabaya
GF-01251,Resto GrabMantap 1250,Seafood,Jakarta
GF-01252,Resto GrabMantap 1251,Seafood,Bogor
GF-01253,Resto GrabMantap 1252,Snacks,Makassar
GF-01254,Resto GrabMantap 1253,Martabak,Tangerang
GF-01255,Resto GrabMantap 1254,Martabak,Bali
GF-01256,Resto GrabMantap 1255,Snacks,Makassar
GF-01257,Resto GrabMantap 1256,Ayam Geprek,Bogor
GF-01258,Resto GrabMantap 1257,Ayam Geprek,Bekasi
GF-01259,Resto GrabMantap 1258,Snacks,Depok
GF-01260,Resto GrabMantap 1259,Seafood,Bogor
GF-01261,Resto GrabMantap 1260,Ayam Geprek,Bogor
GF-01262,Resto GrabMantap 1261,Seafood,Jakarta
GF-01263,Resto GrabMantap 1262,Seafood,Bali
GF-01264,Resto GrabMantap 1263,Fast Food,Medan
GF-01265,Resto GrabMantap 1264,Martabak,Bekasi
GF-01266,Resto GrabMantap 1265,Martabak,Tangerang
GF-01267,Resto GrabMantap 1266,Beverages,Tangerang
GF-01268,Resto GrabMantap 1267,Seafood,Makassar
GF-01269,Resto GrabMantap 1268,Fast Food,Bogor
GF-01270,Resto GrabMantap 1269,Martabak,Bandung
GF-01271,Resto GrabMantap 1270,Seafood,Makassar
GF-01272,Resto GrabMantap 1271,Beverages,Bekasi
GF-01273,Resto GrabMantap 1272,Seafood,Depok
GF-01274,Resto GrabMantap 1273,Fast Food,Bogor
GF-01275,Resto GrabMantap 1274,Fast Food,Tangerang
GF-01276,Resto GrabMantap 1275,Beverages,Bekasi
GF-01277,Resto GrabMantap 1276,Seafood,Tangerang
GF-01278,Resto GrabMantap 1277,Fast Food,Bekasi
GF-01279,Resto GrabMantap 1278,Fast Food,Jakarta
GF-01280,Resto GrabMantap 1279,Ayam Geprek,Tangerang
GF-01281,Resto GrabMantap 1280,Beverages,Bali
GF-01282,Resto GrabMantap 1281,Ayam Geprek,Bogor
GF-01283,Resto GrabMantap 1282,Seafood,Depok
GF-01284,Resto GrabMantap 1283,Ayam Geprek,Tangerang
GF-01285,Resto GrabMantap 1284,Seafood,Depok
GF-01286,Resto GrabMantap 1285,Martabak,Jakarta
GF-01287,Resto GrabMantap 1286,Fast Food,Bekasi
GF-01288,Resto GrabMantap 1287,Beverages,Surabaya
GF-01289,Resto GrabMantap 1288,Martabak,Tangerang
GF-01290,Resto GrabMantap 1289,Fast Food,Medan
GF-01291,Resto GrabMantap 1290,Seafood,Jakarta
GF-01292,Resto GrabMantap 1291,Fast Food,Bogor
GF-01293,Resto GrabMantap 1292,Seafood,Depok
GF-01294,Resto GrabMantap 1293,Martabak,Bali
GF-01295,Resto GrabMantap 1294,Beverages,Surabaya
GF-01296,Resto GrabMantap 1295,Ayam Geprek,Makassar
GF-01297,Resto GrabMantap 1296,Snacks,Bandung
GF-01298,Resto GrabMantap 1297,Fast Food,Bali
GF-01299,Resto GrabMantap 1298,Beverages,Tangerang
GF-01300,Resto GrabMantap 1299,Fast Food,Bandung
GF-01301,Resto GrabMantap 1300,Beverages,Bekasi
GF-01302,Resto GrabMantap 1301,Seafood,Bogor
GF-01303,Resto GrabMantap 1302,Fast Food,Medan
GF-01304,Resto GrabMantap 1303,Ayam Geprek,Jakarta
GF-01305,Resto GrabMantap 1304,Snacks,Bandung
GF-01306,Resto GrabMantap 1305,Fast Food,Bali
GF-01307,Resto GrabMantap 1306,Ayam Geprek,Medan
GF-01308,Resto GrabMantap 1307,Beverages,Bali
GF-01309,Resto GrabMantap 1308,Beverages,Bekasi
GF-01310,Resto GrabMantap 1309,Ayam Geprek,Medan
GF-01311,Resto GrabMantap 1310,Snacks,Surabaya
GF-01312,Resto GrabMantap 1311,Fast Food,Depok
GF-01313,Resto GrabMantap 1312,Ayam Geprek,Bogor
GF-01314,Resto GrabMantap 1313,Snacks,Medan
GF-01315,Resto GrabMantap 1314,Seafood,Surabaya
GF-01316,Resto GrabMantap 1315,Seafood,Bogor
GF-01317,Resto GrabMantap 1316,Martabak,Makassar
GF-01318,Resto GrabMantap 1317,Martabak,Bandung
GF-01319,Resto GrabMantap 1318,Snacks,Makassar
GF-01320,Resto GrabMantap 1319,Ayam Geprek,Bali
GF-01321,Resto GrabMantap 1320,Seafood,Tangerang
GF-01322,Resto GrabMantap 1321,Seafood,Bali
GF-01323,Resto GrabMantap 1322,Ayam Geprek,Bogor
GF-01324,Resto GrabMantap 1323,Fast Food,Bekasi
GF-01325,Resto GrabMantap 1324,Fast Food,Bandung
GF-01326,Resto GrabMantap 1325,Seafood,Bekasi
GF-01327,Resto GrabMantap 1326,Snacks,Depok
GF-01328,Resto GrabMantap 1327,Fast Food,Medan
GF-01329,Resto GrabMantap 1328,Snacks,Bandung
GF-01330,Resto GrabMantap 1329,Beverages,Medan
GF-01331,Resto GrabMantap 1330,Martabak,Jakarta
GF-01332,Resto GrabMantap 1331,Fast Food,Depok
GF-01333,Resto GrabMantap 1332,Beverages,Tangerang
GF-01334,Resto GrabMantap 1333,Beverages,Medan
GF-01335,Resto GrabMantap 1334,Fast Food,Surabaya
GF-01336,Resto GrabMantap 1335,Seafood,Jakarta
GF-01337,Resto GrabMantap 1336,Beverages,Makassar
GF-01338,Resto GrabMantap 1337,Snacks,Tangerang
GF-01339,Resto GrabMantap 1338,Snacks,Tangerang
GF-01340,Resto GrabMantap 1339,Ayam Geprek,Tangerang
GF-01341,Resto GrabMantap 1340,Snacks,Bogor
GF-01342,Resto GrabMantap 1341,Snacks,Medan
GF-01343,Resto GrabMantap 1342,Snacks,Jakarta
GF-01344,Resto GrabMantap 1343,Seafood,Depok
GF-01345,Resto GrabMantap 1344,Snacks,Jakarta
GF-01346,Resto GrabMantap 1345,Seafood,Bandung
GF-01347,Resto GrabMantap 1346,Ayam Geprek,Depok
GF-01348,Resto GrabMantap 1347,Seafood,Bandung
GF-01349,Resto GrabMantap 1348,Snacks,Bogor
GF-01350,Resto GrabMantap 1349,Seafood,Tangerang
GF-01351,Resto GrabMantap 1350,Fast Food,Bekasi
GF-01352,Resto GrabMantap 1351,Beverages,Bogor
GF-01353,Resto GrabMantap 1352,Beverages,Bekasi
GF-01354,Resto GrabMantap 1353,Fast Food,Bali
GF-01355,Resto GrabMantap 1354,Ayam Geprek,Bogor
GF-01356,Resto GrabMantap 1355,Fast Food,Surabaya
GF-01357,Resto GrabMantap 1356,Martabak,Bali
GF-01358,Resto GrabMantap 1357,Fast Food,Surabaya
GF-01359,Resto GrabMantap 1358,Ayam Geprek,Tangerang
GF-01360,Resto GrabMantap 1359,Martabak,Medan
GF-01361,Resto GrabMantap 1360,Ayam Geprek,Makassar
GF-01362,Resto GrabMantap 1361,Seafood,Surabaya
GF-01363,Resto GrabMantap 1362,Snacks,Tangerang
GF-01364,Resto GrabMantap 1363,Fast Food,Makassar
GF-01365,Resto GrabMantap 1364,Snacks,Makassar
GF-01366,Resto GrabMantap 1365,Ayam Geprek,Bali
GF-01367,Resto GrabMantap 1366,Seafood,Makassar
GF-01368,Resto GrabMantap 1367,Fast Food,Tangerang
GF-01369,Resto GrabMantap 1368,Beverages,Bogor
GF-01370,Resto GrabMantap 1369,Martabak,Bali
GF-01371,Resto GrabMantap 1370,Martabak,Tangerang
GF-01372,Resto GrabMantap 1371,Seafood,Bekasi
GF-01373,Resto GrabMantap 1372,Fast Food,Bogor
GF-01374,Resto GrabMantap 1373,Beverages,Bandung
GF-01375,Resto GrabMantap 1374,Ayam Geprek,Medan
GF-01376,Resto GrabMantap 1375,Martabak,Bali
GF-01377,Resto GrabMantap 1376,Seafood,Tangerang
GF-01378,Resto GrabMantap 1377,Fast Food,Bandung
GF-01379,Resto GrabMantap 1378,Beverages,Makassar
GF-01380,Resto GrabMantap 1379,Fast Food,Medan
GF-01381,Resto GrabMantap 1380,Snacks,Jakarta
GF-01382,Resto GrabMantap 1381,Ayam Geprek,Makassar
GF-01383,Resto GrabMantap 1382,Martabak,Jakarta
GF-01384,Resto GrabMantap 1383,Ayam Geprek,Jakarta
GF-01385,Resto GrabMantap 1384,Seafood,Tangerang
GF-01386,Resto GrabMantap 1385,Beverages,Makassar
GF-01387,Resto GrabMantap 1386,Martabak,Bekasi
GF-01388,Resto GrabMantap 1387,Ayam Geprek,Medan
GF-01389,Resto GrabMantap 1388,Snacks,Bekasi
GF-01390,Resto GrabMantap 1389,Fast Food,Makassar
GF-01391,Resto GrabMantap 1390,Snacks,Medan
GF-01392,Resto GrabMantap 1391,Beverages,Bandung
GF-01393,Resto GrabMantap 1392,Seafood,Bali
GF-01394,Resto GrabMantap 1393,Seafood,Bandung
GF-01395,Resto GrabMantap 1394,Martabak,Tangerang
GF-01396,Resto GrabMantap 1395,Seafood,Depok
GF-01397,Resto GrabMantap 1396,Snacks,Makassar
GF-01398,Resto GrabMantap 1397,Seafood,Tangerang
GF-01399,Resto GrabMantap 1398,Fast Food,Tangerang
GF-01400,Resto GrabMantap 1399,Ayam Geprek,Medan
GF-01401,Resto GrabMantap 1400,Seafood,Makassar
GF-01402,Resto GrabMantap 1401,Snacks,Bogor
GF-01403,Resto GrabMantap 1402,Martabak,Bandung
GF-01404,Resto GrabMantap 1403,Martabak,Depok
GF-01405,Resto GrabMantap 1404,Martabak,Medan
GF-01406,Resto GrabMantap 1405,Martabak,Makassar
GF-01407,Resto GrabMantap 1406,Snacks,Bogor
GF-01408,Resto GrabMantap 1407,Beverages,Tangerang
GF-01409,Resto GrabMantap 1408,Martabak,Tangerang
GF-01410,Resto GrabMantap 1409,Snacks,Bogor
GF-01411,Resto GrabMantap 1410,Martabak,Bali
GF-01412,Resto GrabMantap 1411,Ayam Geprek,Bandung
GF-01413,Resto GrabMantap 1412,Martabak,Bali
GF-01414,Resto GrabMantap 1413,Fast Food,Jakarta
GF-01415,Resto GrabMantap 1414,Snacks,Jakarta
GF-01416,Resto GrabMantap 1415,Seafood,Makassar
GF-01417,Resto GrabMantap 1416,Snacks,Depok
GF-01418,Resto GrabMantap 1417,Ayam Geprek,Makassar
GF-01419,Resto GrabMantap 1418,Martabak,Makassar
GF-01420,Resto GrabMantap 1419,Seafood,Bekasi
GF-01421,Resto GrabMantap 1420,Martabak,Makassar
GF-01422,Resto GrabMantap 1421,Snacks,Bogor
GF-01423,Resto GrabMantap 1422,Martabak,Bandung
GF-01424,Resto GrabMantap 1423,Seafood,Makassar
GF-01425,Resto GrabMantap 1424,Fast Food,Bali
GF-01426,Resto GrabMantap 1425,Seafood,Bekasi
GF-01427,Resto GrabMantap 1426,Ayam Geprek,Makassar
GF-01428,Resto GrabMantap 1427,Martabak,Bogor
GF-01429,Resto GrabMantap 1428,Beverages,Medan
GF-01430,Resto GrabMantap 1429,Martabak,Bogor
GF-01431,Resto GrabMantap 1430,Martabak,Medan
GF-01432,Resto GrabMantap 1431,Beverages,Bogor
GF-01433,Resto GrabMantap 1432,Martabak,Medan
GF-01434,Resto GrabMantap 1433,Snacks,Bekasi
GF-01435,Resto GrabMantap 1434,Martabak,Bogor
GF-01436,Resto GrabMantap 1435,Beverages,Makassar
GF-01437,Resto GrabMantap 1436,Fast Food,Medan
GF-01438,Resto GrabMantap 1437,Beverages,Bogor
GF-01439,Resto GrabMantap 1438,Seafood,Depok
GF-01440,Resto GrabMantap 1439,Martabak,Bandung
GF-01441,Resto GrabMantap 1440,Seafood,Bandung
GF-01442,Resto GrabMantap 1441,Martabak,Bogor
GF-01443,Resto GrabMantap 1442,Seafood,Bali
GF-01444,Resto GrabMantap 1443,Beverages,Depok
GF-01445,Resto GrabMantap 1444,Seafood,Medan
GF-01446,Resto GrabMantap 1445,Seafood,Medan
GF-01447,Resto GrabMantap 1446,Martabak,Surabaya
GF-01448,Resto GrabMantap 1447,Martabak,Jakarta
GF-01449,Resto GrabMantap 1448,Snacks,Surabaya
GF-01450,Resto GrabMantap 1449,Martabak,Makassar
GF-01451,Resto GrabMantap 1450,Seafood,Bogor
GF-01452,Resto GrabMantap 1451,Ayam Geprek,Surabaya
GF-01453,Resto GrabMantap 1452,Martabak,Bandung
GF-01454,Resto GrabMantap 1453,Beverages,Jakarta
GF-01455,Resto GrabMantap 1454,Snacks,Bandung
GF-01456,Resto GrabMantap 1455,Beverages,Surabaya
GF-01457,Resto GrabMantap 1456,Seafood,Jakarta
GF-01458,Resto GrabMantap 1457,Snacks,Surabaya
GF-01459,Resto GrabMantap 1458,Ayam Geprek,Surabaya
GF-01460,Resto GrabMantap 1459,Fast Food,Jakarta
GF-01461,Resto GrabMantap 1460,Martabak,Surabaya
GF-01462,Resto GrabMantap 1461,Beverages,Bandung
GF-01463,Resto GrabMantap 1462,Fast Food,Depok
GF-01464,Resto GrabMantap 1463,Fast Food,Depok
GF-01465,Resto GrabMantap 1464,Martabak,Bogor
GF-01466,Resto GrabMantap 1465,Fast Food,Medan
GF-01467,Resto GrabMantap 1466,Seafood,Jakarta
GF-01468,Resto GrabMantap 1467,Fast Food,Medan
GF-01469,Resto GrabMantap 1468,Fast Food,Bogor
GF-01470,Resto GrabMantap 1469,Seafood,Tangerang
GF-01471,Resto GrabMantap 1470,Ayam Geprek,Makassar
GF-01472,Resto GrabMantap 1471,Ayam Geprek,Bogor
GF-01473,Resto GrabMantap 1472,Fast Food,Makassar
GF-01474,Resto GrabMantap 1473,Beverages,Bandung
GF-01475,Resto GrabMantap 1474,Martabak,Depok
GF-01476,Resto GrabMantap 1475,Seafood,Makassar
GF-01477,Resto GrabMantap 1476,Seafood,Bekasi
GF-01478,Resto GrabMantap 1477,Martabak,Surabaya
GF-01479,Resto GrabMantap 1478,Ayam Geprek,Jakarta
GF-01480,Resto GrabMantap 1479,Martabak,Bandung
GF-01481,Resto GrabMantap 1480,Fast Food,Makassar
GF-01482,Resto GrabMantap 1481,Beverages,Bandung
GF-01483,Resto GrabMantap 1482,Fast Food,Bekasi
GF-01484,Resto GrabMantap 1483,Martabak,Tangerang
GF-01485,Resto GrabMantap 1484,Fast Food,Depok
GF-01486,Resto GrabMantap 1485,Fast Food,Bekasi
GF-01487,Resto GrabMantap 1486,Snacks,Bandung
GF-01488,Resto GrabMantap 1487,Snacks,Bekasi
GF-01489,Resto GrabMantap 1488,Beverages,Surabaya
GF-01490,Resto GrabMantap 1489,Seafood,Makassar
GF-01491,Resto GrabMantap 1490,Ayam Geprek,Tangerang
GF-01492,Resto GrabMantap 1491,Beverages,Makassar
GF-01493,Resto GrabMantap 1492,Fast Food,Surabaya
GF-01494,Resto GrabMantap 1493,Fast Food,Bekasi
GF-01495,Resto GrabMantap 1494,Snacks,Bandung
GF-01496,Resto GrabMantap 1495,Martabak,Medan
GF-01497,Resto GrabMantap 1496,Ayam Geprek,Bogor
GF-01498,Resto GrabMantap 1497,Seafood,Tangerang
GF-01499,Resto GrabMantap 1498,Fast Food,Bandung
GF-01500,Resto GrabMantap 1499,Fast Food,Surabaya
GF-01501,Resto GrabMantap 1500,Seafood,Bogor
GF-01502,Resto GrabMantap 1501,Martabak,Bekasi
GF-01503,Resto GrabMantap 1502,Snacks,Bali
GF-01504,Resto GrabMantap 1503,Seafood,Depok
GF-01505,Resto GrabMantap 1504,Martabak,Depok
GF-01506,Resto GrabMantap 1505,Snacks,Tangerang
GF-01507,Resto GrabMantap 1506,Martabak,Bandung
GF-01508,Resto GrabMantap 1507,Seafood,Tangerang
GF-01509,Resto GrabMantap 1508,Martabak,Tangerang
GF-01510,Resto GrabMantap 1509,Snacks,Bogor
GF-01511,Resto GrabMantap 1510,Ayam Geprek,Medan
GF-01512,Resto GrabMantap 1511,Fast Food,Jakarta
GF-01513,Resto GrabMantap 1512,Seafood,Bali
GF-01514,Resto GrabMantap 1513,Snacks,Makassar
GF-01515,Resto GrabMantap 1514,Beverages,Bekasi
GF-01516,Resto GrabMantap 1515,Snacks,Bogor
GF-01517,Resto GrabMantap 1516,Beverages,Bandung
GF-01518,Resto GrabMantap 1517,Beverages,Tangerang
GF-01519,Resto GrabMantap 1518,Ayam Geprek,Bandung
GF-01520,Resto GrabMantap 1519,Martabak,Bogor
GF-01521,Resto GrabMantap 1520,Ayam Geprek,Bandung
GF-01522,Resto GrabMantap 1521,Ayam Geprek,Bandung
GF-01523,Resto GrabMantap 1522,Fast Food,Medan
GF-01524,Resto GrabMantap 1523,Beverages,Bali
GF-01525,Resto GrabMantap 1524,Seafood,Bogor
GF-01526,Resto GrabMantap 1525,Beverages,Bandung
GF-01527,Resto GrabMantap 1526,Snacks,Bekasi
GF-01528,Resto GrabMantap 1527,Snacks,Makassar
GF-01529,Resto GrabMantap 1528,Seafood,Medan
GF-01530,Resto GrabMantap 1529,Beverages,Bekasi
GF-01531,Resto GrabMantap 1530,Seafood,Tangerang
GF-01532,Resto GrabMantap 1531,Seafood,Depok
GF-01533,Resto GrabMantap 1532,Martabak,Makassar
GF-01534,Resto GrabMantap 1533,Beverages,Bekasi
GF-01535,Resto GrabMantap 1534,Fast Food,Makassar
GF-01536,Resto GrabMantap 1535,Martabak,Depok
GF-01537,Resto GrabMantap 1536,Ayam Geprek,Medan
GF-01538,Resto GrabMantap 1537,Snacks,Makassar
GF-01539,Resto GrabMantap 1538,Martabak,Depok
GF-01540,Resto GrabMantap 1539,Beverages,Surabaya
GF-01541,Resto GrabMantap 1540,Ayam Geprek,Surabaya
GF-01542,Resto GrabMantap 1541,Ayam Geprek,Bandung
GF-01543,Resto GrabMantap 1542,Martabak,Tangerang
GF-01544,Resto GrabMantap 1543,Ayam Geprek,Bandung
GF-01545,Resto GrabMantap 1544,Fast Food,Tangerang
GF-01546,Resto GrabMantap 1545,Fast Food,Jakarta
GF-01547,Resto GrabMantap 1546,Seafood,Medan
GF-01548,Resto GrabMantap 1547,Beverages,Bekasi
GF-01549,Resto GrabMantap 1548,Beverages,Medan
GF-01550,Resto GrabMantap 1549,Snacks,Bekasi
GF-01551,Resto GrabMantap 1550,Fast Food,Medan
GF-01552,Resto GrabMantap 1551,Seafood,Bandung
GF-01553,Resto GrabMantap 1552,Seafood,Tangerang
GF-01554,Resto GrabMantap 1553,Ayam Geprek,Medan
GF-01555,Resto GrabMantap 1554,Fast Food,Makassar
GF-01556,Resto GrabMantap 1555,Martabak,Tangerang
GF-01557,Resto GrabMantap 1556,Ayam Geprek,Tangerang
GF-01558,Resto GrabMantap 1557,Ayam Geprek,Makassar
GF-01559,Resto GrabMantap 1558,Beverages,Bogor
GF-01560,Resto GrabMantap 1559,Fast Food,Tangerang
GF-01561,Resto GrabMantap 1560,Snacks,Tangerang
GF-01562,Resto GrabMantap 1561,Snacks,Makassar
GF-01563,Resto GrabMantap 1562,Snacks,Makassar
GF-01564,Resto GrabMantap 1563,Beverages,Depok
GF-01565,Resto GrabMantap 1564,Snacks,Jakarta
GF-01566,Resto GrabMantap 1565,Snacks,Makassar
GF-01567,Resto GrabMantap 1566,Fast Food,Bandung
GF-01568,Resto GrabMantap 1567,Beverages,Bogor
GF-01569,Resto GrabMantap 1568,Martabak,Medan
GF-01570,Resto GrabMantap 1569,Snacks,Bali
GF-01571,Resto GrabMantap 1570,Ayam Geprek,Surabaya
GF-01572,Resto GrabMantap 1571,Seafood,Jakarta
GF-01573,Resto GrabMantap 1572,Ayam Geprek,Bekasi
GF-01574,Resto GrabMantap 1573,Fast Food,Depok
GF-01575,Resto GrabMantap 1574,Martabak,Medan
GF-01576,Resto GrabMantap 1575,Martabak,Bekasi
GF-01577,Resto GrabMantap 1576,Ayam Geprek,Makassar
GF-01578,Resto GrabMantap 1577,Ayam Geprek,Bekasi
GF-01579,Resto GrabMantap 1578,Seafood,Bandung
GF-01580,Resto GrabMantap 1579,Ayam Geprek,Depok
GF-01581,Resto GrabMantap 1580,Fast Food,Depok
GF-01582,Resto GrabMantap 1581,Seafood,Makassar
GF-01583,Resto GrabMantap 1582,Beverages,Surabaya
GF-01584,Resto GrabMantap 1583,Seafood,Tangerang
GF-01585,Resto GrabMantap 1584,Beverages,Surabaya
GF-01586,Resto GrabMantap 1585,Seafood,Bandung
GF-01587,Resto GrabMantap 1586,Martabak,Depok
GF-01588,Resto GrabMantap 1587,Snacks,Medan
GF-01589,Resto GrabMantap 1588,Fast Food,Bandung
GF-01590,Resto GrabMantap 1589,Seafood,Depok
GF-01591,Resto GrabMantap 1590,Ayam Geprek,Surabaya
GF-01592,Resto GrabMantap 1591,Seafood,Bandung
GF-01593,Resto GrabMantap 1592,Seafood,Tangerang
GF-01594,Resto GrabMantap 1593,Ayam Geprek,Depok
GF-01595,Resto GrabMantap 1594,Ayam Geprek,Bandung
GF-01596,Resto GrabMantap 1595,Martabak,Jakarta
GF-01597,Resto GrabMantap 1596,Beverages,Bali
GF-01598,Resto GrabMantap 1597,Beverages,Medan
GF-01599,Resto GrabMantap 1598,Beverages,Bogor
GF-01600,Resto GrabMantap 1599,Beverages,Makassar
GF-01601,Resto GrabMantap 1600,Fast Food,Bekasi
GF-01602,Resto GrabMantap 1601,Beverages,Bekasi
GF-01603,Resto GrabMantap 1602,Fast Food,Depok
GF-01604,Resto GrabMantap 1603,Ayam Geprek,Medan
GF-01605,Resto GrabMantap 1604,Martabak,Makassar
GF-01606,Resto GrabMantap 1605,Ayam Geprek,Bekasi
GF-01607,Resto GrabMantap 1606,Fast Food,Bandung
GF-01608,Resto GrabMantap 1607,Ayam Geprek,Bekasi
GF-01609,Resto GrabMantap 1608,Beverages,Tangerang
GF-01610,Resto GrabMantap 1609,Seafood,Bekasi
GF-01611,Resto GrabMantap 1610,Seafood,Bali
GF-01612,Resto GrabMantap 1611,Fast Food,Medan
GF-01613,Resto GrabMantap 1612,Martabak,Bogor
GF-01614,Resto GrabMantap 1613,Martabak,Tangerang
GF-01615,Resto GrabMantap 1614,Ayam Geprek,Medan
GF-01616,Resto GrabMantap 1615,Martabak,Jakarta
GF-01617,Resto GrabMantap 1616,Ayam Geprek,Depok
GF-01618,Resto GrabMantap 1617,Snacks,Depok
GF-01619,Resto GrabMantap 1618,Beverages,Surabaya
GF-01620,Resto GrabMantap 1619,Fast Food,Tangerang
GF-01621,Resto GrabMantap 1620,Beverages,Depok
GF-01622,Resto GrabMantap 1621,Martabak,Bogor
GF-01623,Resto GrabMantap 1622,Snacks,Bali
GF-01624,Resto GrabMantap 1623,Martabak,Bandung
GF-01625,Resto GrabMantap 1624,Snacks,Bali
GF-01626,Resto GrabMantap 1625,Martabak,Makassar
GF-01627,Resto GrabMantap 1626,Beverages,Bekasi
GF-01628,Resto GrabMantap 1627,Martabak,Bali
GF-01629,Resto GrabMantap 1628,Beverages,Surabaya
GF-01630,Resto GrabMantap 1629,Snacks,Bekasi
GF-01631,Resto GrabMantap 1630,Ayam Geprek,Tangerang
GF-01632,Resto GrabMantap 1631,Ayam Geprek,Bali
GF-01633,Resto GrabMantap 1632,Fast Food,Makassar
GF-01634,Resto GrabMantap 1633,Ayam Geprek,Makassar
GF-01635,Resto GrabMantap 1634,Snacks,Bali
GF-01636,Resto GrabMantap 1635,Fast Food,Medan
GF-01637,Resto GrabMantap 1636,Seafood,Tangerang
GF-01638,Resto GrabMantap 1637,Fast Food,Jakarta
GF-01639,Resto GrabMantap 1638,Beverages,Makassar
GF-01640,Resto GrabMantap 1639,Fast Food,Bogor
GF-01641,Resto GrabMantap 1640,Ayam Geprek,Makassar
GF-01642,Resto GrabMantap 1641,Fast Food,Tangerang
GF-01643,Resto GrabMantap 1642,Martabak,Makassar
GF-01644,Resto GrabMantap 1643,Martabak,Bali
GF-01645,Resto GrabMantap 1644,Seafood,Bandung
GF-01646,Resto GrabMantap 1645,Snacks,Bandung
GF-01647,Resto GrabMantap 1646,Beverages,Bandung
GF-01648,Resto GrabMantap 1647,Seafood,Makassar
GF-01649,Resto GrabMantap 1648,Beverages,Jakarta
GF-01650,Resto GrabMantap 1649,Seafood,Depok
GF-01651,Resto GrabMantap 1650,Ayam Geprek,Makassar
GF-01652,Resto GrabMantap 1651,Ayam Geprek,Tangerang
GF-01653,Resto GrabMantap 1652,Ayam Geprek,Medan
GF-01654,Resto GrabMantap 1653,Martabak,Medan
GF-01655,Resto GrabMantap 1654,Beverages,Bogor
GF-01656,Resto GrabMantap 1655,Ayam Geprek,Makassar
GF-01657,Resto GrabMantap 1656,Beverages,Medan
GF-01658,Resto GrabMantap 1657,Martabak,Bandung
GF-01659,Resto GrabMantap 1658,Beverages,Bandung
GF-01660,Resto GrabMantap 1659,Seafood,Bali
GF-01661,Resto GrabMantap 1660,Beverages,Tangerang
GF-01662,Resto GrabMantap 1661,Ayam Geprek,Tangerang
GF-01663,Resto GrabMantap 1662,Martabak,Jakarta
GF-01664,Resto GrabMantap 1663,Seafood,Tangerang
GF-01665,Resto GrabMantap 1664,Fast Food,Jakarta
GF-01666,Resto GrabMantap 1665,Fast Food,Surabaya
GF-01667,Resto GrabMantap 1666,Seafood,Depok
GF-01668,Resto GrabMantap 1667,Ayam Geprek,Depok
GF-01669,Resto GrabMantap 1668,Fast Food,Tangerang
GF-01670,Resto GrabMantap 1669,Snacks,Bekasi
GF-01671,Resto GrabMantap 1670,Seafood,Bali
GF-01672,Resto GrabMantap 1671,Beverages,Makassar
GF-01673,Resto GrabMantap 1672,Fast Food,Makassar
GF-01674,Resto GrabMantap 1673,Seafood,Medan
GF-01675,Resto GrabMantap 1674,Beverages,Depok
GF-01676,Resto GrabMantap 1675,Beverages,Makassar
GF-01677,Resto GrabMantap 1676,Martabak,Medan
GF-01678,Resto GrabMantap 1677,Fast Food,Depok
GF-01679,Resto GrabMantap 1678,Beverages,Tangerang
GF-01680,Resto GrabMantap 1679,Ayam Geprek,Tangerang
GF-01681,Resto GrabMantap 1680,Ayam Geprek,Jakarta
GF-01682,Resto GrabMantap 1681,Ayam Geprek,Tangerang
GF-01683,Resto GrabMantap 1682,Snacks,Medan
GF-01684,Resto GrabMantap 1683,Fast Food,Bandung
GF-01685,Resto GrabMantap 1684,Martabak,Depok
GF-01686,Resto GrabMantap 1685,Martabak,Medan
GF-01687,Resto GrabMantap 1686,Seafood,Tangerang
GF-01688,Resto GrabMantap 1687,Ayam Geprek,Bekasi
GF-01689,Resto GrabMantap 1688,Ayam Geprek,Bekasi
GF-01690,Resto GrabMantap 1689,Ayam Geprek,Bekasi
GF-01691,Resto GrabMantap 1690,Snacks,Bali
GF-01692,Resto GrabMantap 1691,Ayam Geprek,Bali
GF-01693,Resto GrabMantap 1692,Martabak,Bali
GF-01694,Resto GrabMantap 1693,Fast Food,Surabaya
GF-01695,Resto GrabMantap 1694,Snacks,Bogor
GF-01696,Resto GrabMantap 1695,Seafood,Tangerang
GF-01697,Resto GrabMantap 1696,Seafood,Bogor
GF-01698,Resto GrabMantap 1697,Beverages,Bekasi
GF-01699,Resto GrabMantap 1698,Beverages,Medan
GF-01700,Resto GrabMantap 1699,Snacks,Depok
GF-01701,Resto GrabMantap 1700,Snacks,Medan
GF-01702,Resto GrabMantap 1701,Ayam Geprek,Jakarta
GF-01703,Resto GrabMantap 1702,Beverages,Medan
GF-01704,Resto GrabMantap 1703,Ayam Geprek,Bekasi
GF-01705,Resto GrabMantap 1704,Fast Food,Jakarta
GF-01706,Resto GrabMantap 1705,Fast Food,Medan
GF-01707,Resto GrabMantap 1706,Fast Food,Depok
GF-01708,Resto GrabMantap 1707,Seafood,Tangerang
GF-01709,Resto GrabMantap 1708,Seafood,Medan
GF-01710,Resto GrabMantap 1709,Snacks,Medan
GF-01711,Resto GrabMantap 1710,Snacks,Bali
GF-01712,Resto GrabMantap 1711,Seafood,Bekasi
GF-01713,Resto GrabMantap 1712,Ayam Geprek,Bandung
GF-01714,Resto GrabMantap 1713,Snacks,Tangerang
GF-01715,Resto GrabMantap 1714,Snacks,Makassar
GF-01716,Resto GrabMantap 1715,Martabak,Surabaya
GF-01717,Resto GrabMantap 1716,Beverages,Makassar
GF-01718,Resto GrabMantap 1717,Beverages,Bandung
GF-01719,Resto GrabMantap 1718,Beverages,Bogor
GF-01720,Resto GrabMantap 1719,Fast Food,Makassar
GF-01721,Resto GrabMantap 1720,Seafood,Medan
GF-01722,Resto GrabMantap 1721,Seafood,Depok
GF-01723,Resto GrabMantap 1722,Ayam Geprek,Bogor
GF-01724,Resto GrabMantap 1723,Beverages,Bali
GF-01725,Resto GrabMantap 1724,Seafood,Bekasi
GF-01726,Resto GrabMantap 1725,Snacks,Medan
GF-01727,Resto GrabMantap 1726,Snacks,Bekasi
GF-01728,Resto GrabMantap 1727,Snacks,Medan
GF-01729,Resto GrabMantap 1728,Fast Food,Surabaya
GF-01730,Resto GrabMantap 1729,Beverages,Bandung
GF-01731,Resto GrabMantap 1730,Fast Food,Bandung
GF-01732,Resto GrabMantap 1731,Fast Food,Bogor
GF-01733,Resto GrabMantap 1732,Snacks,Bali
GF-01734,Resto GrabMantap 1733,Beverages,Bali
GF-01735,Resto GrabMantap 1734,Seafood,Medan
GF-01736,Resto GrabMantap 1735,Ayam Geprek,Depok
GF-01737,Resto GrabMantap 1736,Snacks,Medan
GF-01738,Resto GrabMantap 1737,Ayam Geprek,Bali
GF-01739,Resto GrabMantap 1738,Snacks,Bali
GF-01740,Resto GrabMantap 1739,Ayam Geprek,Medan
GF-01741,Resto GrabMantap 1740,Ayam Geprek,Makassar
GF-01742,Resto GrabMantap 1741,Seafood,Bogor
GF-01743,Resto GrabMantap 1742,Seafood,Bandung
GF-01744,Resto GrabMantap 1743,Beverages,Makassar
GF-01745,Resto GrabMantap 1744,Martabak,Bogor
GF-01746,Resto GrabMantap 1745,Fast Food,Bogor
GF-01747,Resto GrabMantap 1746,Martabak,Bandung
GF-01748,Resto GrabMantap 1747,Beverages,Jakarta
GF-01749,Resto GrabMantap 1748,Seafood,Bogor
GF-01750,Resto GrabMantap 1749,Fast Food,Jakarta
GF-01751,Resto GrabMantap 1750,Ayam Geprek,Bandung
GF-01752,Resto GrabMantap 1751,Fast Food,Depok
GF-01753,Resto GrabMantap 1752,Fast Food,Bandung
GF-01754,Resto GrabMantap 1753,Fast Food,Bekasi
GF-01755,Resto GrabMantap 1754,Ayam Geprek,Bogor
GF-01756,Resto GrabMantap 1755,Seafood,Surabaya
GF-01757,Resto GrabMantap 1756,Fast Food,Bandung
GF-01758,Resto GrabMantap 1757,Beverages,Bogor
GF-01759,Resto GrabMantap 1758,Ayam Geprek,Surabaya
GF-01760,Resto GrabMantap 1759,Fast Food,Tangerang
GF-01761,Resto GrabMantap 1760,Fast Food,Bali
GF-01762,Resto GrabMantap 1761,Martabak,Bogor
GF-01763,Resto GrabMantap 1762,Ayam Geprek,Jakarta
GF-01764,Resto GrabMantap 1763,Fast Food,Makassar
GF-01765,Resto GrabMantap 1764,Snacks,Bekasi
GF-01766,Resto GrabMantap 1765,Martabak,Depok
GF-01767,Resto GrabMantap 1766,Martabak,Bekasi
GF-01768,Resto GrabMantap 1767,Martabak,Tangerang
GF-01769,Resto GrabMantap 1768,Snacks,Bekasi
GF-01770,Resto GrabMantap 1769,Beverages,Makassar
GF-01771,Resto GrabMantap 1770,Martabak,Medan
GF-01772,Resto GrabMantap 1771,Seafood,Jakarta
GF-01773,Resto GrabMantap 1772,Ayam Geprek,Jakarta
GF-01774,Resto GrabMantap 1773,Fast Food,Surabaya
GF-01775,Resto GrabMantap 1774,Beverages,Jakarta
GF-01776,Resto GrabMantap 1775,Seafood,Bandung
GF-01777,Resto GrabMantap 1776,Snacks,Depok
GF-01778,Resto GrabMantap 1777,Snacks,Bekasi
GF-01779,Resto GrabMantap 1778,Snacks,Bekasi
GF-01780,Resto GrabMantap 1779,Martabak,Depok
GF-01781,Resto GrabMantap 1780,Beverages,Bogor
GF-01782,Resto GrabMantap 1781,Martabak,Makassar
GF-01783,Resto GrabMantap 1782,Fast Food,Depok
GF-01784,Resto GrabMantap 1783,Martabak,Surabaya
GF-01785,Resto GrabMantap 1784,Fast Food,Bali
GF-01786,Resto GrabMantap 1785,Martabak,Makassar
GF-01787,Resto GrabMantap 1786,Seafood,Bandung
GF-01788,Resto GrabMantap 1787,Snacks,Depok
GF-01789,Resto GrabMantap 1788,Beverages,Makassar
GF-01790,Resto GrabMantap 1789,Fast Food,Bekasi
GF-01791,Resto GrabMantap 1790,Seafood,Bogor
GF-01792,Resto GrabMantap 1791,Ayam Geprek,Makassar
GF-01793,Resto GrabMantap 1792,Seafood,Surabaya
GF-01794,Resto GrabMantap 1793,Seafood,Bandung
GF-01795,Resto GrabMantap 1794,Seafood,Bandung
GF-01796,Resto GrabMantap 1795,Seafood,Surabaya
GF-01797,Resto GrabMantap 1796,Ayam Geprek,Bekasi
GF-01798,Resto GrabMantap 1797,Snacks,Tangerang
GF-01799,Resto GrabMantap 1798,Ayam Geprek,Surabaya
GF-01800,Resto GrabMantap 1799,Martabak,Tangerang
GF-01801,Resto GrabMantap 1800,Fast Food,Medan
GF-01802,Resto GrabMantap 1801,Beverages,Bali
GF-01803,Resto GrabMantap 1802,Snacks,Makassar
GF-01804,Resto GrabMantap 1803,Martabak,Bogor
GF-01805,Resto GrabMantap 1804,Fast Food,Bogor
GF-01806,Resto GrabMantap 1805,Beverages,Bekasi
GF-01807,Resto GrabMantap 1806,Snacks,Medan
GF-01808,Resto GrabMantap 1807,Beverages,Tangerang
GF-01809,Resto GrabMantap 1808,Snacks,Bandung
GF-01810,Resto GrabMantap 1809,Ayam Geprek,Bekasi
GF-01811,Resto GrabMantap 1810,Ayam Geprek,Bekasi
GF-01812,Resto GrabMantap 1811,Ayam Geprek,Jakarta
GF-01813,Resto GrabMantap 1812,Fast Food,Bekasi
GF-01814,Resto GrabMantap 1813,Ayam Geprek,Surabaya
GF-01815,Resto GrabMantap 1814,Snacks,Bandung
GF-01816,Resto GrabMantap 1815,Ayam Geprek,Surabaya
GF-01817,Resto GrabMantap 1816,Snacks,Depok
GF-01818,Resto GrabMantap 1817,Snacks,Bali
GF-01819,Resto GrabMantap 1818,Snacks,Bekasi
GF-01820,Resto GrabMantap 1819,Seafood,Jakarta
GF-01821,Resto GrabMantap 1820,Beverages,Jakarta
GF-01822,Resto GrabMantap 1821,Martabak,Tangerang
GF-01823,Resto GrabMantap 1822,Fast Food,Depok
GF-01824,Resto GrabMantap 1823,Seafood,Bekasi
GF-01825,Resto GrabMantap 1824,Seafood,Bali
GF-01826,Resto GrabMantap 1825,Seafood,Surabaya
GF-01827,Resto GrabMantap 1826,Seafood,Makassar
GF-01828,Resto GrabMantap 1827,Snacks,Bekasi
GF-01829,Resto GrabMantap 1828,Martabak,Bandung
GF-01830,Resto GrabMantap 1829,Martabak,Makassar
GF-01831,Resto GrabMantap 1830,Fast Food,Tangerang
GF-01832,Resto GrabMantap 1831,Snacks,Medan
GF-01833,Resto GrabMantap 1832,Seafood,Bali
GF-01834,Resto GrabMantap 1833,Martabak,Bali
GF-01835,Resto GrabMantap 1834,Martabak,Medan
GF-01836,Resto GrabMantap 1835,Fast Food,Medan
GF-01837,Resto GrabMantap 1836,Seafood,Makassar
GF-01838,Resto GrabMantap 1837,Beverages,Medan
GF-01839,Resto GrabMantap 1838,Seafood,Bali
GF-01840,Resto GrabMantap 1839,Beverages,Bali
GF-01841,Resto GrabMantap 1840,Seafood,Medan
GF-01842,Resto GrabMantap 1841,Fast Food,Surabaya
GF-01843,Resto GrabMantap 1842,Ayam Geprek,Tangerang
GF-01844,Resto GrabMantap 1843,Fast Food,Depok
GF-01845,Resto GrabMantap 1844,Beverages,Tangerang
GF-01846,Resto GrabMantap 1845,Fast Food,Bogor
GF-01847,Resto GrabMantap 1846,Snacks,Bali
GF-01848,Resto GrabMantap 1847,Snacks,Bali
GF-01849,Resto GrabMantap 1848,Fast Food,Bekasi
GF-01850,Resto GrabMantap 1849,Fast Food,Bali
GF-01851,Resto GrabMantap 1850,Beverages,Depok
GF-01852,Resto GrabMantap 1851,Martabak,Tangerang
GF-01853,Resto GrabMantap 1852,Ayam Geprek,Bali
GF-01854,Resto GrabMantap 1853,Ayam Geprek,Surabaya
GF-01855,Resto GrabMantap 1854,Martabak,Tangerang
GF-01856,Resto GrabMantap 1855,Beverages,Tangerang
GF-01857,Resto GrabMantap 1856,Snacks,Medan
GF-01858,Resto GrabMantap 1857,Snacks,Bekasi
GF-01859,Resto GrabMantap 1858,Fast Food,Depok
GF-01860,Resto GrabMantap 1859,Seafood,Makassar
GF-01861,Resto GrabMantap 1860,Fast Food,Surabaya
GF-01862,Resto GrabMantap 1861,Seafood,Bekasi
GF-01863,Resto GrabMantap 1862,Snacks,Depok
GF-01864,Resto GrabMantap 1863,Seafood,Makassar
GF-01865,Resto GrabMantap 1864,Snacks,Bekasi
GF-01866,Resto GrabMantap 1865,Ayam Geprek,Bekasi
GF-01867,Resto GrabMantap 1866,Martabak,Makassar
GF-01868,Resto GrabMantap 1867,Fast Food,Depok
GF-01869,Resto GrabMantap 1868,Seafood,Medan
GF-01870,Resto GrabMantap 1869,Martabak,Medan
GF-01871,Resto GrabMantap 1870,Beverages,Makassar
GF-01872,Resto GrabMantap 1871,Ayam Geprek,Jakarta
GF-01873,Resto GrabMantap 1872,Snacks,Makassar
GF-01874,Resto GrabMantap 1873,Snacks,Bandung
GF-01875,Resto GrabMantap 1874,Beverages,Bandung
GF-01876,Resto GrabMantap 1875,Martabak,Bekasi
GF-01877,Resto GrabMantap 1876,Seafood,Surabaya
GF-01878,Resto GrabMantap 1877,Fast Food,Makassar
GF-01879,Resto GrabMantap 1878,Seafood,Surabaya
GF-01880,Resto GrabMantap 1879,Ayam Geprek,Depok
GF-01881,Resto GrabMantap 1880,Ayam Geprek,Makassar
GF-01882,Resto GrabMantap 1881,Ayam Geprek,Bekasi
GF-01883,Resto GrabMantap 1882,Snacks,Bogor
GF-01884,Resto GrabMantap 1883,Fast Food,Bogor
GF-01885,Resto GrabMantap 1884,Ayam Geprek,Medan
GF-01886,Resto GrabMantap 1885,Seafood,Surabaya
GF-01887,Resto GrabMantap 1886,Seafood,Bogor
GF-01888,Resto GrabMantap 1887,Beverages,Jakarta
GF-01889,Resto GrabMantap 1888,Fast Food,Bandung
GF-01890,Resto GrabMantap 1889,Ayam Geprek,Bekasi
GF-01891,Resto GrabMantap 1890,Martabak,Medan
GF-01892,Resto GrabMantap 1891,Seafood,Tangerang
GF-01893,Resto GrabMantap 1892,Seafood,Tangerang
GF-01894,Resto GrabMantap 1893,Snacks,Tangerang
GF-01895,Resto GrabMantap 1894,Martabak,Bogor
GF-01896,Resto GrabMantap 1895,Fast Food,Bali
GF-01897,Resto GrabMantap 1896,Beverages,Surabaya
GF-01898,Resto GrabMantap 1897,Martabak,Bogor
GF-01899,Resto GrabMantap 1898,Martabak,Bogor
GF-01900,Resto GrabMantap 1899,Martabak,Bali
GF-01901,Resto GrabMantap 1900,Snacks,Depok
GF-01902,Resto GrabMantap 1901,Martabak,Surabaya
GF-01903,Resto GrabMantap 1902,Seafood,Bandung
GF-01904,Resto GrabMantap 1903,Snacks,Bekasi
GF-01905,Resto GrabMantap 1904,Ayam Geprek,Bandung
GF-01906,Resto GrabMantap 1905,Seafood,Depok
GF-01907,Resto GrabMantap 1906,Beverages,Tangerang
GF-01908,Resto GrabMantap 1907,Snacks,Bogor
GF-01909,Resto GrabMantap 1908,Ayam Geprek,Medan
GF-01910,Resto GrabMantap 1909,Ayam Geprek,Medan
GF-01911,Resto GrabMantap 1910,Ayam Geprek,Bali
GF-01912,Resto GrabMantap 1911,Fast Food,Makassar
GF-01913,Resto GrabMantap 1912,Martabak,Makassar
GF-01914,Resto GrabMantap 1913,Snacks,Bali
GF-01915,Resto GrabMantap 1914,Martabak,Makassar
GF-01916,Resto GrabMantap 1915,Fast Food,Bekasi
GF-01917,Resto GrabMantap 1916,Seafood,Bogor
GF-01918,Resto GrabMantap 1917,Seafood,Bekasi
GF-01919,Resto GrabMantap 1918,Martabak,Bandung
GF-01920,Resto GrabMantap 1919,Fast Food,Tangerang
GF-01921,Resto GrabMantap 1920,Martabak,Medan
GF-01922,Resto GrabMantap 1921,Ayam Geprek,Medan
GF-01923,Resto GrabMantap 1922,Fast Food,Depok
GF-01924,Resto GrabMantap 1923,Ayam Geprek,Bekasi
GF-01925,Resto GrabMantap 1924,Seafood,Bogor
GF-01926,Resto GrabMantap 1925,Seafood,Bogor
GF-01927,Resto GrabMantap 1926,Beverages,Tangerang
GF-01928,Resto GrabMantap 1927,Seafood,Surabaya
GF-01929,Resto GrabMantap 1928,Beverages,Bali
GF-01930,Resto GrabMantap 1929,Ayam Geprek,Makassar
GF-01931,Resto GrabMantap 1930,Beverages,Medan
GF-01932,Resto GrabMantap 1931,Snacks,Surabaya
GF-01933,Resto GrabMantap 1932,Ayam Geprek,Bandung
GF-01934,Resto GrabMantap 1933,Beverages,Medan
GF-01935,Resto GrabMantap 1934,Ayam Geprek,Makassar
GF-01936,Resto GrabMantap 1935,Beverages,Makassar
GF-01937,Resto GrabMantap 1936,Beverages,Bandung
GF-01938,Resto GrabMantap 1937,Snacks,Tangerang
GF-01939,Resto GrabMantap 1938,Seafood,Jakarta
GF-01940,Resto GrabMantap 1939,Snacks,Bali
GF-01941,Resto GrabMantap 1940,Fast Food,Bali
GF-01942,Resto GrabMantap 1941,Beverages,Bekasi
GF-01943,Resto GrabMantap 1942,Seafood,Bogor
GF-01944,Resto GrabMantap 1943,Snacks,Tangerang
GF-01945,Resto GrabMantap 1944,Martabak,Jakarta
GF-01946,Resto GrabMantap 1945,Ayam Geprek,Jakarta
GF-01947,Resto GrabMantap 1946,Martabak,Bekasi
GF-01948,Resto GrabMantap 1947,Fast Food,Surabaya
GF-01949,Resto GrabMantap 1948,Beverages,Makassar
GF-01950,Resto GrabMantap 1949,Seafood,Bali
GF-01951,Resto GrabMantap 1950,Fast Food,Bandung
GF-01952,Resto GrabMantap 1951,Seafood,Bandung
GF-01953,Resto GrabMantap 1952,Seafood,Surabaya
GF-01954,Resto GrabMantap 1953,Martabak,Medan
GF-01955,Resto GrabMantap 1954,Snacks,Depok
GF-01956,Resto GrabMantap 1955,Seafood,Bali
GF-01957,Resto GrabMantap 1956,Beverages,Jakarta
GF-01958,Resto GrabMantap 1957,Martabak,Makassar
GF-01959,Resto GrabMantap 1958,Ayam Geprek,Makassar
GF-01960,Resto GrabMantap 1959,Ayam Geprek,Makassar
GF-01961,Resto GrabMantap 1960,Martabak,Bekasi
GF-01962,Resto GrabMantap 1961,Beverages,Tangerang
GF-01963,Resto GrabMantap 1962,Snacks,Makassar
GF-01964,Resto GrabMantap 1963,Seafood,Bandung
GF-01965,Resto GrabMantap 1964,Fast Food,Bali
GF-01966,Resto GrabMantap 1965,Ayam Geprek,Bandung
GF-01967,Resto GrabMantap 1966,Beverages,Bogor
GF-01968,Resto GrabMantap 1967,Beverages,Surabaya
GF-01969,Resto GrabMantap 1968,Beverages,Tangerang
GF-01970,Resto GrabMantap 1969,Snacks,Bali
GF-01971,Resto GrabMantap 1970,Beverages,Bali
GF-01972,Resto GrabMantap 1971,Beverages,Bogor
GF-01973,Resto GrabMantap 1972,Seafood,Bandung
GF-01974,Resto GrabMantap 1973,Seafood,Jakarta
GF-01975,Resto GrabMantap 1974,Ayam Geprek,Bogor
GF-01976,Resto GrabMantap 1975,Fast Food,Jakarta
GF-01977,Resto GrabMantap 1976,Seafood,Depok
GF-01978,Resto GrabMantap 1977,Martabak,Bandung
GF-01979,Resto GrabMantap 1978,Beverages,Surabaya
GF-01980,Resto GrabMantap 1979,Beverages,Surabaya
GF-01981,Resto GrabMantap 1980,Martabak,Medan
GF-01982,Resto GrabMantap 1981,Seafood,Bekasi
GF-01983,Resto GrabMantap 1982,Martabak,Makassar
GF-01984,Resto GrabMantap 1983,Ayam Geprek,Medan
GF-01985,Resto GrabMantap 1984,Fast Food,Makassar
GF-01986,Resto GrabMantap 1985,Beverages,Bandung
GF-01987,Resto GrabMantap 1986,Martabak,Bogor
GF-01988,Resto GrabMantap 1987,Martabak,Medan
GF-01989,Resto GrabMantap 1988,Seafood,Jakarta
GF-01990,Resto GrabMantap 1989,Seafood,Medan
GF-01991,Resto GrabMantap 1990,Fast Food,Bekasi
GF-01992,Resto GrabMantap 1991,Fast Food,Bandung
GF-01993,Resto GrabMantap 1992,Martabak,Surabaya
GF-01994,Resto GrabMantap 1993,Ayam Geprek,Makassar
GF-01995,Resto GrabMantap 1994,Snacks,Bogor
GF-01996,Resto GrabMantap 1995,Seafood,Jakarta
GF-01997,Resto GrabMantap 1996,Snacks,Surabaya
GF-01998,Resto GrabMantap 1997,Snacks,Bandung
GF-01999,Resto GrabMantap 1998,Seafood,Depok
GF-02000,Resto GrabMantap 1999,Ayam Geprek,Bogor
GF-02001,Resto GrabMantap 2000,Snacks,Bali
GF-02002,Resto GrabMantap 2001,Snacks,Surabaya
GF-02003,Resto GrabMantap 2002,Beverages,Bali
GF-02004,Resto GrabMantap 2003,Seafood,Makassar
GF-02005,Resto GrabMantap 2004,Snacks,Medan
GF-02006,Resto GrabMantap 2005,Beverages,Bandung
GF-02007,Resto GrabMantap 2006,Fast Food,Medan
GF-02008,Resto GrabMantap 2007,Ayam Geprek,Bandung
GF-02009,Resto GrabMantap 2008,Beverages,Bekasi
GF-02010,Resto GrabMantap 2009,Beverages,Bandung
GF-02011,Resto GrabMantap 2010,Snacks,Jakarta
GF-02012,Resto GrabMantap 2011,Ayam Geprek,Bogor
GF-02013,Resto GrabMantap 2012,Martabak,Bekasi
GF-02014,Resto GrabMantap 2013,Beverages,Surabaya
GF-02015,Resto GrabMantap 2014,Snacks,Tangerang
GF-02016,Resto GrabMantap 2015,Beverages,Bogor
GF-02017,Resto GrabMantap 2016,Martabak,Bali
GF-02018,Resto GrabMantap 2017,Seafood,Bandung
GF-02019,Resto GrabMantap 2018,Fast Food,Bekasi
GF-02020,Resto GrabMantap 2019,Seafood,Depok
GF-02021,Resto GrabMantap 2020,Ayam Geprek,Medan
GF-02022,Resto GrabMantap 2021,Martabak,Depok
GF-02023,Resto GrabMantap 2022,Fast Food,Medan
GF-02024,Resto GrabMantap 2023,Snacks,Depok
GF-02025,Resto GrabMantap 2024,Seafood,Bali
GF-02026,Resto GrabMantap 2025,Snacks,Bandung
GF-02027,Resto GrabMantap 2026,Snacks,Tangerang
GF-02028,Resto GrabMantap 2027,Beverages,Makassar
GF-02029,Resto GrabMantap 2028,Fast Food,Depok
GF-02030,Resto GrabMantap 2029,Snacks,Bogor
GF-02031,Resto GrabMantap 2030,Martabak,Tangerang
GF-02032,Resto GrabMantap 2031,Fast Food,Makassar
GF-02033,Resto GrabMantap 2032,Fast Food,Bekasi
GF-02034,Resto GrabMantap 2033,Ayam Geprek,Jakarta
GF-02035,Resto GrabMantap 2034,Snacks,Bogor
GF-02036,Resto GrabMantap 2035,Beverages,Bekasi
GF-02037,Resto GrabMantap 2036,Martabak,Bogor
GF-02038,Resto GrabMantap 2037,Snacks,Bandung
GF-02039,Resto GrabMantap 2038,Snacks,Tangerang
GF-02040,Resto GrabMantap 2039,Beverages,Tangerang
GF-02041,Resto GrabMantap 2040,Fast Food,Surabaya
GF-02042,Resto GrabMantap 2041,Snacks,Tangerang
GF-02043,Resto GrabMantap 2042,Fast Food,Bogor
GF-02044,Resto GrabMantap 2043,Seafood,Surabaya
GF-02045,Resto GrabMantap 2044,Seafood,Jakarta
GF-02046,Resto GrabMantap 2045,Ayam Geprek,Bogor
GF-02047,Resto GrabMantap 2046,Fast Food,Bandung
GF-02048,Resto GrabMantap 2047,Beverages,Tangerang
GF-02049,Resto GrabMantap 2048,Seafood,Surabaya
GF-02050,Resto GrabMantap 2049,Martabak,Tangerang
GF-02051,Resto GrabMantap 2050,Martabak,Bekasi
GF-02052,Resto GrabMantap 2051,Beverages,Bogor
GF-02053,Resto GrabMantap 2052,Ayam Geprek,Bekasi
GF-02054,Resto GrabMantap 2053,Fast Food,Bandung
GF-02055,Resto GrabMantap 2054,Martabak,Bogor
GF-02056,Resto GrabMantap 2055,Snacks,Jakarta
GF-02057,Resto GrabMantap 2056,Fast Food,Depok
GF-02058,Resto GrabMantap 2057,Snacks,Makassar
GF-02059,Resto GrabMantap 2058,Beverages,Tangerang
GF-02060,Resto GrabMantap 2059,Martabak,Bogor
GF-02061,Resto GrabMantap 2060,Fast Food,Tangerang
GF-02062,Resto GrabMantap 2061,Fast Food,Depok
GF-02063,Resto GrabMantap 2062,Seafood,Surabaya
GF-02064,Resto GrabMantap 2063,Martabak,Bogor
GF-02065,Resto GrabMantap 2064,Fast Food,Tangerang
GF-02066,Resto GrabMantap 2065,Ayam Geprek,Depok
GF-02067,Resto GrabMantap 2066,Ayam Geprek,Tangerang
GF-02068,Resto GrabMantap 2067,Ayam Geprek,Tangerang
GF-02069,Resto GrabMantap 2068,Martabak,Medan
GF-02070,Resto GrabMantap 2069,Seafood,Surabaya
GF-02071,Resto GrabMantap 2070,Snacks,Makassar
GF-02072,Resto GrabMantap 2071,Ayam Geprek,Jakarta
GF-02073,Resto GrabMantap 2072,Fast Food,Surabaya
GF-02074,Resto GrabMantap 2073,Seafood,Depok
GF-02075,Resto GrabMantap 2074,Ayam Geprek,Surabaya
GF-02076,Resto GrabMantap 2075,Snacks,Tangerang
GF-02077,Resto GrabMantap 2076,Seafood,Bekasi
GF-02078,Resto GrabMantap 2077,Martabak,Bekasi
GF-02079,Resto GrabMantap 2078,Beverages,Bekasi
GF-02080,Resto GrabMantap 2079,Fast Food,Depok
GF-02081,Resto GrabMantap 2080,Beverages,Bandung
GF-02082,Resto GrabMantap 2081,Seafood,Bali
GF-02083,Resto GrabMantap 2082,Fast Food,Makassar
GF-02084,Resto GrabMantap 2083,Beverages,Bekasi
GF-02085,Resto GrabMantap 2084,Seafood,Bandung
GF-02086,Resto GrabMantap 2085,Fast Food,Bogor
GF-02087,Resto GrabMantap 2086,Ayam Geprek,Bogor
GF-02088,Resto GrabMantap 2087,Ayam Geprek,Bandung
GF-02089,Resto GrabMantap 2088,Snacks,Bali
GF-02090,Resto GrabMantap 2089,Martabak,Jakarta
GF-02091,Resto GrabMantap 2090,Ayam Geprek,Bali
GF-02092,Resto GrabMantap 2091,Beverages,Jakarta
GF-02093,Resto GrabMantap 2092,Ayam Geprek,Bekasi
GF-02094,Resto GrabMantap 2093,Martabak,Bekasi
GF-02095,Resto GrabMantap 2094,Beverages,Tangerang
GF-02096,Resto GrabMantap 2095,Martabak,Bandung
GF-02097,Resto GrabMantap 2096,Martabak,Bandung
GF-02098,Resto GrabMantap 2097,Beverages,Bekasi
GF-02099,Resto GrabMantap 2098,Seafood,Makassar
GF-02100,Resto GrabMantap 2099,Ayam Geprek,Makassar
GF-02101,Resto GrabMantap 2100,Martabak,Tangerang
GF-02102,Resto GrabMantap 2101,Martabak,Jakarta
GF-02103,Resto GrabMantap 2102,Martabak,Makassar
GF-02104,Resto GrabMantap 2103,Beverages,Depok
GF-02105,Resto GrabMantap 2104,Snacks,Bali
GF-02106,Resto GrabMantap 2105,Snacks,Bali
GF-02107,Resto GrabMantap 2106,Snacks,Medan
GF-02108,Resto GrabMantap 2107,Seafood,Depok
GF-02109,Resto GrabMantap 2108,Snacks,Bandung
GF-02110,Resto GrabMantap 2109,Seafood,Bogor
GF-02111,Resto GrabMantap 2110,Ayam Geprek,Jakarta
GF-02112,Resto GrabMantap 2111,Seafood,Tangerang
GF-02113,Resto GrabMantap 2112,Beverages,Makassar
GF-02114,Resto GrabMantap 2113,Fast Food,Depok
GF-02115,Resto GrabMantap 2114,Seafood,Makassar
GF-02116,Resto GrabMantap 2115,Beverages,Jakarta
GF-02117,Resto GrabMantap 2116,Beverages,Bali
GF-02118,Resto GrabMantap 2117,Beverages,Depok
GF-02119,Resto GrabMantap 2118,Seafood,Bogor
GF-02120,Resto GrabMantap 2119,Seafood,Tangerang
GF-02121,Resto GrabMantap 2120,Beverages,Makassar
GF-02122,Resto GrabMantap 2121,Beverages,Depok
GF-02123,Resto GrabMantap 2122,Fast Food,Surabaya
GF-02124,Resto GrabMantap 2123,Martabak,Tangerang
GF-02125,Resto GrabMantap 2124,Seafood,Tangerang
GF-02126,Resto GrabMantap 2125,Ayam Geprek,Bekasi
GF-02127,Resto GrabMantap 2126,Fast Food,Bali
GF-02128,Resto GrabMantap 2127,Beverages,Bogor
GF-02129,Resto GrabMantap 2128,Snacks,Makassar
GF-02130,Resto GrabMantap 2129,Fast Food,Medan
GF-02131,Resto GrabMantap 2130,Beverages,Jakarta
GF-02132,Resto GrabMantap 2131,Snacks,Medan
GF-02133,Resto GrabMantap 2132,Ayam Geprek,Bogor
GF-02134,Resto GrabMantap 2133,Beverages,Surabaya
GF-02135,Resto GrabMantap 2134,Snacks,Bekasi
GF-02136,Resto GrabMantap 2135,Snacks,Surabaya
GF-02137,Resto GrabMantap 2136,Snacks,Bali
GF-02138,Resto GrabMantap 2137,Beverages,Makassar
GF-02139,Resto GrabMantap 2138,Fast Food,Bandung
GF-02140,Resto GrabMantap 2139,Fast Food,Bogor
GF-02141,Resto GrabMantap 2140,Beverages,Makassar
GF-02142,Resto GrabMantap 2141,Ayam Geprek,Surabaya
GF-02143,Resto GrabMantap 2142,Beverages,Bandung
GF-02144,Resto GrabMantap 2143,Seafood,Bandung
GF-02145,Resto GrabMantap 2144,Martabak,Jakarta
GF-02146,Resto GrabMantap 2145,Seafood,Depok
GF-02147,Resto GrabMantap 2146,Fast Food,Tangerang
GF-02148,Resto GrabMantap 2147,Snacks,Tangerang
GF-02149,Resto GrabMantap 2148,Ayam Geprek,Medan
GF-02150,Resto GrabMantap 2149,Snacks,Makassar
GF-02151,Resto GrabMantap 2150,Seafood,Tangerang
GF-02152,Resto GrabMantap 2151,Seafood,Jakarta
GF-02153,Resto GrabMantap 2152,Fast Food,Bogor
GF-02154,Resto GrabMantap 2153,Seafood,Makassar
GF-02155,Resto GrabMantap 2154,Ayam Geprek,Bogor
GF-02156,Resto GrabMantap 2155,Beverages,Depok
GF-02157,Resto GrabMantap 2156,Fast Food,Bogor
GF-02158,Resto GrabMantap 2157,Snacks,Medan
GF-02159,Resto GrabMantap 2158,Martabak,Bandung
GF-02160,Resto GrabMantap 2159,Fast Food,Makassar
GF-02161,Resto GrabMantap 2160,Snacks,Tangerang
GF-02162,Resto GrabMantap 2161,Snacks,Surabaya
GF-02163,Resto GrabMantap 2162,Seafood,Depok
GF-02164,Resto GrabMantap 2163,Snacks,Bekasi
GF-02165,Resto GrabMantap 2164,Martabak,Jakarta
GF-02166,Resto GrabMantap 2165,Martabak,Surabaya
GF-02167,Resto GrabMantap 2166,Snacks,Makassar
GF-02168,Resto GrabMantap 2167,Martabak,Jakarta
GF-02169,Resto GrabMantap 2168,Ayam Geprek,Bandung
GF-02170,Resto GrabMantap 2169,Snacks,Tangerang
GF-02171,Resto GrabMantap 2170,Fast Food,Bandung
GF-02172,Resto GrabMantap 2171,Beverages,Medan
GF-02173,Resto GrabMantap 2172,Martabak,Tangerang
GF-02174,Resto GrabMantap 2173,Snacks,Bali
GF-02175,Resto GrabMantap 2174,Ayam Geprek,Depok
GF-02176,Resto GrabMantap 2175,Fast Food,Bandung
GF-02177,Resto GrabMantap 2176,Beverages,Medan
GF-02178,Resto GrabMantap 2177,Ayam Geprek,Bekasi
GF-02179,Resto GrabMantap 2178,Martabak,Bekasi
GF-02180,Resto GrabMantap 2179,Beverages,Medan
GF-02181,Resto GrabMantap 2180,Fast Food,Depok
GF-02182,Resto GrabMantap 2181,Martabak,Bandung
GF-02183,Resto GrabMantap 2182,Seafood,Bali
GF-02184,Resto GrabMantap 2183,Fast Food,Surabaya
GF-02185,Resto GrabMantap 2184,Beverages,Surabaya
GF-02186,Resto GrabMantap 2185,Martabak,Bali
GF-02187,Resto GrabMantap 2186,Seafood,Bali
GF-02188,Resto GrabMantap 2187,Snacks,Makassar
GF-02189,Resto GrabMantap 2188,Seafood,Bogor
GF-02190,Resto GrabMantap 2189,Seafood,Tangerang
GF-02191,Resto GrabMantap 2190,Martabak,Surabaya
GF-02192,Resto GrabMantap 2191,Ayam Geprek,Medan
GF-02193,Resto GrabMantap 2192,Beverages,Tangerang
GF-02194,Resto GrabMantap 2193,Ayam Geprek,Surabaya
GF-02195,Resto GrabMantap 2194,Fast Food,Bogor
GF-02196,Resto GrabMantap 2195,Seafood,Bekasi
GF-02197,Resto GrabMantap 2196,Snacks,Bali
GF-02198,Resto GrabMantap 2197,Snacks,Makassar
GF-02199,Resto GrabMantap 2198,Snacks,Bekasi
GF-02200,Resto GrabMantap 2199,Martabak,Bogor
GF-02201,Resto GrabMantap 2200,Beverages,Jakarta
GF-02202,Resto GrabMantap 2201,Seafood,Bekasi
GF-02203,Resto GrabMantap 2202,Seafood,Tangerang
GF-02204,Resto GrabMantap 2203,Ayam Geprek,Bekasi
GF-02205,Resto GrabMantap 2204,Snacks,Bali
GF-02206,Resto GrabMantap 2205,Snacks,Tangerang
GF-02207,Resto GrabMantap 2206,Seafood,Bali
GF-02208,Resto GrabMantap 2207,Fast Food,Bali
GF-02209,Resto GrabMantap 2208,Ayam Geprek,Bandung
GF-02210,Resto GrabMantap 2209,Ayam Geprek,Tangerang
GF-02211,Resto GrabMantap 2210,Beverages,Tangerang
GF-02212,Resto GrabMantap 2211,Martabak,Bekasi
GF-02213,Resto GrabMantap 2212,Ayam Geprek,Surabaya
GF-02214,Resto GrabMantap 2213,Beverages,Medan
GF-02215,Resto GrabMantap 2214,Snacks,Depok
GF-02216,Resto GrabMantap 2215,Beverages,Tangerang
GF-02217,Resto GrabMantap 2216,Fast Food,Bandung
GF-02218,Resto GrabMantap 2217,Beverages,Makassar
GF-02219,Resto GrabMantap 2218,Fast Food,Bandung
GF-02220,Resto GrabMantap 2219,Seafood,Bekasi
GF-02221,Resto GrabMantap 2220,Ayam Geprek,Bandung
GF-02222,Resto GrabMantap 2221,Ayam Geprek,Medan
GF-02223,Resto GrabMantap 2222,Seafood,Medan
GF-02224,Resto GrabMantap 2223,Martabak,Tangerang
GF-02225,Resto GrabMantap 2224,Snacks,Bogor
GF-02226,Resto GrabMantap 2225,Beverages,Tangerang
GF-02227,Resto GrabMantap 2226,Seafood,Surabaya
GF-02228,Resto GrabMantap 2227,Ayam Geprek,Surabaya
GF-02229,Resto GrabMantap 2228,Ayam Geprek,Bekasi
GF-02230,Resto GrabMantap 2229,Snacks,Bogor
GF-02231,Resto GrabMantap 2230,Seafood,Tangerang
GF-02232,Resto GrabMantap 2231,Snacks,Tangerang
GF-02233,Resto GrabMantap 2232,Snacks,Makassar
GF-02234,Resto GrabMantap 2233,Fast Food,Jakarta
GF-02235,Resto GrabMantap 2234,Fast Food,Bogor
GF-02236,Resto GrabMantap 2235,Snacks,Bandung
GF-02237,Resto GrabMantap 2236,Ayam Geprek,Depok
GF-02238,Resto GrabMantap 2237,Snacks,Bandung
GF-02239,Resto GrabMantap 2238,Beverages,Bogor
GF-02240,Resto GrabMantap 2239,Snacks,Bekasi
GF-02241,Resto GrabMantap 2240,Martabak,Jakarta
GF-02242,Resto GrabMantap 2241,Martabak,Medan
GF-02243,Resto GrabMantap 2242,Ayam Geprek,Bandung
GF-02244,Resto GrabMantap 2243,Seafood,Medan
GF-02245,Resto GrabMantap 2244,Beverages,Bandung
GF-02246,Resto GrabMantap 2245,Beverages,Makassar
GF-02247,Resto GrabMantap 2246,Ayam Geprek,Jakarta
GF-02248,Resto GrabMantap 2247,Beverages,Jakarta
GF-02249,Resto GrabMantap 2248,Beverages,Medan
GF-02250,Resto GrabMantap 2249,Snacks,Bandung
GF-02251,Resto GrabMantap 2250,Ayam Geprek,Medan
GF-02252,Resto GrabMantap 2251,Fast Food,Depok
GF-02253,Resto GrabMantap 2252,Seafood,Tangerang
GF-02254,Resto GrabMantap 2253,Fast Food,Makassar
GF-02255,Resto GrabMantap 2254,Seafood,Bekasi
GF-02256,Resto GrabMantap 2255,Martabak,Bandung
GF-02257,Resto GrabMantap 2256,Snacks,Jakarta
GF-02258,Resto GrabMantap 2257,Snacks,Jakarta
GF-02259,Resto GrabMantap 2258,Ayam Geprek,Bogor
GF-02260,Resto GrabMantap 2259,Ayam Geprek,Depok
GF-02261,Resto GrabMantap 2260,Fast Food,Bali
GF-02262,Resto GrabMantap 2261,Ayam Geprek,Depok
GF-02263,Resto GrabMantap 2262,Seafood,Tangerang
GF-02264,Resto GrabMantap 2263,Martabak,Surabaya
GF-02265,Resto GrabMantap 2264,Seafood,Jakarta
GF-02266,Resto GrabMantap 2265,Fast Food,Makassar
GF-02267,Resto GrabMantap 2266,Seafood,Bandung
GF-02268,Resto GrabMantap 2267,Ayam Geprek,Medan
GF-02269,Resto GrabMantap 2268,Snacks,Bandung
GF-02270,Resto GrabMantap 2269,Seafood,Makassar
GF-02271,Resto GrabMantap 2270,Beverages,Bandung
GF-02272,Resto GrabMantap 2271,Ayam Geprek,Tangerang
GF-02273,Resto GrabMantap 2272,Seafood,Bekasi
GF-02274,Resto GrabMantap 2273,Martabak,Bali
GF-02275,Resto GrabMantap 2274,Ayam Geprek,Tangerang
GF-02276,Resto GrabMantap 2275,Seafood,Tangerang
GF-02277,Resto GrabMantap 2276,Beverages,Depok
GF-02278,Resto GrabMantap 2277,Martabak,Medan
GF-02279,Resto GrabMantap 2278,Ayam Geprek,Depok
GF-02280,Resto GrabMantap 2279,Ayam Geprek,Bogor
GF-02281,Resto GrabMantap 2280,Snacks,Makassar
GF-02282,Resto GrabMantap 2281,Snacks,Jakarta
GF-02283,Resto GrabMantap 2282,Seafood,Surabaya
GF-02284,Resto GrabMantap 2283,Beverages,Depok
GF-02285,Resto GrabMantap 2284,Snacks,Surabaya
GF-02286,Resto GrabMantap 2285,Fast Food,Tangerang
GF-02287,Resto GrabMantap 2286,Ayam Geprek,Bogor
GF-02288,Resto GrabMantap 2287,Beverages,Makassar
GF-02289,Resto GrabMantap 2288,Ayam Geprek,Tangerang
GF-02290,Resto GrabMantap 2289,Fast Food,Surabaya
GF-02291,Resto GrabMantap 2290,Martabak,Bandung
GF-02292,Resto GrabMantap 2291,Ayam Geprek,Surabaya
GF-02293,Resto GrabMantap 2292,Martabak,Depok
GF-02294,Resto GrabMantap 2293,Beverages,Bekasi
GF-02295,Resto GrabMantap 2294,Fast Food,Jakarta
GF-02296,Resto GrabMantap 2295,Snacks,Bali
GF-02297,Resto GrabMantap 2296,Snacks,Makassar
GF-02298,Resto GrabMantap 2297,Ayam Geprek,Surabaya
GF-02299,Resto GrabMantap 2298,Ayam Geprek,Jakarta
GF-02300,Resto GrabMantap 2299,Snacks,Bogor
GF-02301,Resto GrabMantap 2300,Seafood,Jakarta
GF-02302,Resto GrabMantap 2301,Snacks,Bogor
GF-02303,Resto GrabMantap 2302,Martabak,Tangerang
GF-02304,Resto GrabMantap 2303,Ayam Geprek,Medan
GF-02305,Resto GrabMantap 2304,Beverages,Bogor
GF-02306,Resto GrabMantap 2305,Snacks,Bogor
GF-02307,Resto GrabMantap 2306,Snacks,Bandung
GF-02308,Resto GrabMantap 2307,Beverages,Bali
GF-02309,Resto GrabMantap 2308,Seafood,Depok
GF-02310,Resto GrabMantap 2309,Martabak,Bali
GF-02311,Resto GrabMantap 2310,Beverages,Bekasi
GF-02312,Resto GrabMantap 2311,Fast Food,Surabaya
GF-02313,Resto GrabMantap 2312,Beverages,Tangerang
GF-02314,Resto GrabMantap 2313,Beverages,Bekasi
GF-02315,Resto GrabMantap 2314,Ayam Geprek,Bandung
GF-02316,Resto GrabMantap 2315,Beverages,Tangerang
GF-02317,Resto GrabMantap 2316,Beverages,Bandung
GF-02318,Resto GrabMantap 2317,Ayam Geprek,Bekasi
GF-02319,Resto GrabMantap 2318,Fast Food,Makassar
GF-02320,Resto GrabMantap 2319,Seafood,Bogor
GF-02321,Resto GrabMantap 2320,Beverages,Makassar
GF-02322,Resto GrabMantap 2321,Martabak,Bekasi
GF-02323,Resto GrabMantap 2322,Beverages,Depok
GF-02324,Resto GrabMantap 2323,Beverages,Tangerang
GF-02325,Resto GrabMantap 2324,Fast Food,Depok
GF-02326,Resto GrabMantap 2325,Martabak,Tangerang
GF-02327,Resto GrabMantap 2326,Ayam Geprek,Jakarta
GF-02328,Resto GrabMantap 2327,Fast Food,Bekasi
GF-02329,Resto GrabMantap 2328,Beverages,Bandung
GF-02330,Resto GrabMantap 2329,Fast Food,Medan
GF-02331,Resto GrabMantap 2330,Ayam Geprek,Depok
GF-02332,Resto GrabMantap 2331,Martabak,Medan
GF-02333,Resto GrabMantap 2332,Ayam Geprek,Tangerang
GF-02334,Resto GrabMantap 2333,Fast Food,Makassar
GF-02335,Resto GrabMantap 2334,Martabak,Makassar
GF-02336,Resto GrabMantap 2335,Snacks,Surabaya
GF-02337,Resto GrabMantap 2336,Fast Food,Surabaya
GF-02338,Resto GrabMantap 2337,Snacks,Bogor
GF-02339,Resto GrabMantap 2338,Ayam Geprek,Bogor
GF-02340,Resto GrabMantap 2339,Fast Food,Bogor
GF-02341,Resto GrabMantap 2340,Martabak,Tangerang
GF-02342,Resto GrabMantap 2341,Seafood,Surabaya
GF-02343,Resto GrabMantap 2342,Fast Food,Jakarta
GF-02344,Resto GrabMantap 2343,Snacks,Bali
GF-02345,Resto GrabMantap 2344,Seafood,Surabaya
GF-02346,Resto GrabMantap 2345,Seafood,Makassar
GF-02347,Resto GrabMantap 2346,Snacks,Bali
GF-02348,Resto GrabMantap 2347,Ayam Geprek,Depok
GF-02349,Resto GrabMantap 2348,Snacks,Bali
GF-02350,Resto GrabMantap 2349,Fast Food,Tangerang
GF-02351,Resto GrabMantap 2350,Ayam Geprek,Makassar
GF-02352,Resto GrabMantap 2351,Seafood,Medan
GF-02353,Resto GrabMantap 2352,Ayam Geprek,Bogor
GF-02354,Resto GrabMantap 2353,Ayam Geprek,Tangerang
GF-02355,Resto GrabMantap 2354,Snacks,Bandung
GF-02356,Resto GrabMantap 2355,Snacks,Bogor
GF-02357,Resto GrabMantap 2356,Beverages,Medan
GF-02358,Resto GrabMantap 2357,Martabak,Bali
GF-02359,Resto GrabMantap 2358,Seafood,Bandung
GF-02360,Resto GrabMantap 2359,Ayam Geprek,Bekasi
GF-02361,Resto GrabMantap 2360,Beverages,Medan
GF-02362,Resto GrabMantap 2361,Beverages,Medan
GF-02363,Resto GrabMantap 2362,Beverages,Jakarta
GF-02364,Resto GrabMantap 2363,Martabak,Bandung
GF-02365,Resto GrabMantap 2364,Martabak,Medan
GF-02366,Resto GrabMantap 2365,Seafood,Bandung
GF-02367,Resto GrabMantap 2366,Beverages,Tangerang
GF-02368,Resto GrabMantap 2367,Ayam Geprek,Bogor
GF-02369,Resto GrabMantap 2368,Fast Food,Bali
GF-02370,Resto GrabMantap 2369,Fast Food,Bekasi
GF-02371,Resto GrabMantap 2370,Fast Food,Bogor
GF-02372,Resto GrabMantap 2371,Beverages,Makassar
GF-02373,Resto GrabMantap 2372,Martabak,Makassar
GF-02374,Resto GrabMantap 2373,Fast Food,Bandung
GF-02375,Resto GrabMantap 2374,Beverages,Makassar
GF-02376,Resto GrabMantap 2375,Seafood,Makassar
GF-02377,Resto GrabMantap 2376,Fast Food,Medan
GF-02378,Resto GrabMantap 2377,Beverages,Makassar
GF-02379,Resto GrabMantap 2378,Snacks,Bandung
GF-02380,Resto GrabMantap 2379,Ayam Geprek,Tangerang
GF-02381,Resto GrabMantap 2380,Fast Food,Surabaya
GF-02382,Resto GrabMantap 2381,Fast Food,Surabaya
GF-02383,Resto GrabMantap 2382,Fast Food,Surabaya
GF-02384,Resto GrabMantap 2383,Ayam Geprek,Makassar
GF-02385,Resto GrabMantap 2384,Seafood,Jakarta
GF-02386,Resto GrabMantap 2385,Fast Food,Medan
GF-02387,Resto GrabMantap 2386,Fast Food,Bogor
GF-02388,Resto GrabMantap 2387,Martabak,Bali
GF-02389,Resto GrabMantap 2388,Snacks,Tangerang
GF-02390,Resto GrabMantap 2389,Fast Food,Bekasi
GF-02391,Resto GrabMantap 2390,Martabak,Bandung
GF-02392,Resto GrabMantap 2391,Ayam Geprek,Tangerang
GF-02393,Resto GrabMantap 2392,Fast Food,Jakarta
GF-02394,Resto GrabMantap 2393,Martabak,Surabaya
GF-02395,Resto GrabMantap 2394,Snacks,Medan
GF-02396,Resto GrabMantap 2395,Snacks,Tangerang
GF-02397,Resto GrabMantap 2396,Ayam Geprek,Surabaya
GF-02398,Resto GrabMantap 2397,Seafood,Jakarta
GF-02399,Resto GrabMantap 2398,Martabak,Bali
GF-02400,Resto GrabMantap 2399,Seafood,Tangerang
GF-02401,Resto GrabMantap 2400,Fast Food,Jakarta
GF-02402,Resto GrabMantap 2401,Seafood,Medan
GF-02403,Resto GrabMantap 2402,Beverages,Makassar
GF-02404,Resto GrabMantap 2403,Martabak,Tangerang
GF-02405,Resto GrabMantap 2404,Beverages,Bekasi
GF-02406,Resto GrabMantap 2405,Martabak,Bandung
GF-02407,Resto GrabMantap 2406,Ayam Geprek,Depok
GF-02408,Resto GrabMantap 2407,Fast Food,Medan
GF-02409,Resto GrabMantap 2408,Fast Food,Tangerang
GF-02410,Resto GrabMantap 2409,Fast Food,Tangerang
GF-02411,Resto GrabMantap 2410,Martabak,Jakarta
GF-02412,Resto GrabMantap 2411,Snacks,Medan
GF-02413,Resto GrabMantap 2412,Beverages,Bandung
GF-02414,Resto GrabMantap 2413,Seafood,Depok
GF-02415,Resto GrabMantap 2414,Seafood,Medan
GF-02416,Resto GrabMantap 2415,Fast Food,Surabaya
GF-02417,Resto GrabMantap 2416,Snacks,Bekasi
GF-02418,Resto GrabMantap 2417,Martabak,Medan
GF-02419,Resto GrabMantap 2418,Fast Food,Bali
GF-02420,Resto GrabMantap 2419,Snacks,Depok
GF-02421,Resto GrabMantap 2420,Seafood,Medan
GF-02422,Resto GrabMantap 2421,Seafood,Bandung
GF-02423,Resto GrabMantap 2422,Beverages,Depok
GF-02424,Resto GrabMantap 2423,Beverages,Bali
GF-02425,Resto GrabMantap 2424,Fast Food,Bandung
GF-02426,Resto GrabMantap 2425,Ayam Geprek,Medan
GF-02427,Resto GrabMantap 2426,Martabak,Makassar
GF-02428,Resto GrabMantap 2427,Ayam Geprek,Bali
GF-02429,Resto GrabMantap 2428,Snacks,Tangerang
GF-02430,Resto GrabMantap 2429,Martabak,Surabaya
GF-02431,Resto GrabMantap 2430,Fast Food,Bandung
GF-02432,Resto GrabMantap 2431,Beverages,Bandung
GF-02433,Resto GrabMantap 2432,Martabak,Bandung
GF-02434,Resto GrabMantap 2433,Seafood,Depok
GF-02435,Resto GrabMantap 2434,Ayam Geprek,Tangerang
GF-02436,Resto GrabMantap 2435,Ayam Geprek,Bogor
GF-02437,Resto GrabMantap 2436,Seafood,Surabaya
GF-02438,Resto GrabMantap 2437,Beverages,Makassar
GF-02439,Resto GrabMantap 2438,Ayam Geprek,Makassar
GF-02440,Resto GrabMantap 2439,Martabak,Depok
GF-02441,Resto GrabMantap 2440,Martabak,Tangerang
GF-02442,Resto GrabMantap 2441,Beverages,Bandung
GF-02443,Resto GrabMantap 2442,Snacks,Bandung
GF-02444,Resto GrabMantap 2443,Seafood,Tangerang
GF-02445,Resto GrabMantap 2444,Fast Food,Bandung
GF-02446,Resto GrabMantap 2445,Beverages,Makassar
GF-02447,Resto GrabMantap 2446,Martabak,Bandung
GF-02448,Resto GrabMantap 2447,Ayam Geprek,Bekasi
GF-02449,Resto GrabMantap 2448,Snacks,Makassar
GF-02450,Resto GrabMantap 2449,Beverages,Surabaya
GF-02451,Resto GrabMantap 2450,Snacks,Medan
GF-02452,Resto GrabMantap 2451,Ayam Geprek,Tangerang
GF-02453,Resto GrabMantap 2452,Fast Food,Bogor
GF-02454,Resto GrabMantap 2453,Seafood,Bandung
GF-02455,Resto GrabMantap 2454,Fast Food,Bali
GF-02456,Resto GrabMantap 2455,Fast Food,Jakarta
GF-02457,Resto GrabMantap 2456,Snacks,Makassar
GF-02458,Resto GrabMantap 2457,Fast Food,Bogor
GF-02459,Resto GrabMantap 2458,Beverages,Tangerang
GF-02460,Resto GrabMantap 2459,Snacks,Bali
GF-02461,Resto GrabMantap 2460,Seafood,Makassar
GF-02462,Resto GrabMantap 2461,Snacks,Jakarta
GF-02463,Resto GrabMantap 2462,Ayam Geprek,Tangerang
GF-02464,Resto GrabMantap 2463,Fast Food,Surabaya
GF-02465,Resto GrabMantap 2464,Martabak,Depok
GF-02466,Resto GrabMantap 2465,Snacks,Bali
GF-02467,Resto GrabMantap 2466,Beverages,Tangerang
GF-02468,Resto GrabMantap 2467,Ayam Geprek,Medan
GF-02469,Resto GrabMantap 2468,Martabak,Depok
GF-02470,Resto GrabMantap 2469,Martabak,Surabaya
GF-02471,Resto GrabMantap 2470,Snacks,Depok
GF-02472,Resto GrabMantap 2471,Seafood,Bogor
GF-02473,Resto GrabMantap 2472,Ayam Geprek,Makassar
GF-02474,Resto GrabMantap 2473,Beverages,Bali
GF-02475,Resto GrabMantap 2474,Seafood,Tangerang
GF-02476,Resto GrabMantap 2475,Fast Food,Depok
GF-02477,Resto GrabMantap 2476,Snacks,Bandung
GF-02478,Resto GrabMantap 2477,Seafood,Bandung
GF-02479,Resto GrabMantap 2478,Martabak,Bogor
GF-02480,Resto GrabMantap 2479,Martabak,Tangerang
GF-02481,Resto GrabMantap 2480,Fast Food,Tangerang
GF-02482,Resto GrabMantap 2481,Snacks,Tangerang
GF-02483,Resto GrabMantap 2482,Beverages,Makassar
GF-02484,Resto GrabMantap 2483,Ayam Geprek,Makassar
GF-02485,Resto GrabMantap 2484,Snacks,Bekasi
GF-02486,Resto GrabMantap 2485,Seafood,Bogor
GF-02487,Resto GrabMantap 2486,Ayam Geprek,Surabaya
GF-02488,Resto GrabMantap 2487,Beverages,Bekasi
GF-02489,Resto GrabMantap 2488,Snacks,Tangerang
GF-02490,Resto GrabMantap 2489,Beverages,Medan
GF-02491,Resto GrabMantap 2490,Martabak,Bogor
GF-02492,Resto GrabMantap 2491,Fast Food,Makassar
GF-02493,Resto GrabMantap 2492,Fast Food,Bekasi
GF-02494,Resto GrabMantap 2493,Ayam Geprek,Makassar
GF-02495,Resto GrabMantap 2494,Snacks,Bogor
GF-02496,Resto GrabMantap 2495,Seafood,Surabaya
GF-02497,Resto GrabMantap 2496,Martabak,Bali
GF-02498,Resto GrabMantap 2497,Ayam Geprek,Bandung
GF-02499,Resto GrabMantap 2498,Fast Food,Bali
GF-02500,Resto GrabMantap 2499,Seafood,Surabaya
GF-02501,Resto GrabMantap 2500,Beverages,Bogor
GF-02502,Resto GrabMantap 2501,Martabak,Medan
GF-02503,Resto GrabMantap 2502,Seafood,Jakarta
GF-02504,Resto GrabMantap 2503,Martabak,Bogor
GF-02505,Resto GrabMantap 2504,Snacks,Bekasi
GF-02506,Resto GrabMantap 2505,Fast Food,Surabaya
GF-02507,Resto GrabMantap 2506,Beverages,Bandung
GF-02508,Resto GrabMantap 2507,Fast Food,Medan
GF-02509,Resto GrabMantap 2508,Martabak,Bekasi
GF-02510,Resto GrabMantap 2509,Seafood,Tangerang
GF-02511,Resto GrabMantap 2510,Martabak,Depok
GF-02512,Resto GrabMantap 2511,Snacks,Jakarta
GF-02513,Resto GrabMantap 2512,Ayam Geprek,Bandung
GF-02514,Resto GrabMantap 2513,Ayam Geprek,Bali
GF-02515,Resto GrabMantap 2514,Fast Food,Medan
GF-02516,Resto GrabMantap 2515,Ayam Geprek,Tangerang
GF-02517,Resto GrabMantap 2516,Beverages,Tangerang
GF-02518,Resto GrabMantap 2517,Fast Food,Bali
GF-02519,Resto GrabMantap 2518,Martabak,Depok
GF-02520,Resto GrabMantap 2519,Beverages,Surabaya
GF-02521,Resto GrabMantap 2520,Seafood,Bali
GF-02522,Resto GrabMantap 2521,Snacks,Tangerang
GF-02523,Resto GrabMantap 2522,Snacks,Tangerang
GF-02524,Resto GrabMantap 2523,Beverages,Bogor
GF-02525,Resto GrabMantap 2524,Martabak,Bali
GF-02526,Resto GrabMantap 2525,Martabak,Bali
GF-02527,Resto GrabMantap 2526,Beverages,Jakarta
GF-02528,Resto GrabMantap 2527,Martabak,Bali
GF-02529,Resto GrabMantap 2528,Martabak,Bandung
GF-02530,Resto GrabMantap 2529,Beverages,Medan
GF-02531,Resto GrabMantap 2530,Snacks,Tangerang
GF-02532,Resto GrabMantap 2531,Martabak,Bekasi
GF-02533,Resto GrabMantap 2532,Seafood,Medan
GF-02534,Resto GrabMantap 2533,Fast Food,Tangerang
GF-02535,Resto GrabMantap 2534,Seafood,Bandung
GF-02536,Resto GrabMantap 2535,Ayam Geprek,Bandung
GF-02537,Resto GrabMantap 2536,Seafood,Bekasi
GF-02538,Resto GrabMantap 2537,Ayam Geprek,Jakarta
GF-02539,Resto GrabMantap 2538,Fast Food,Medan
GF-02540,Resto GrabMantap 2539,Snacks,Depok
GF-02541,Resto GrabMantap 2540,Fast Food,Bali
GF-02542,Resto GrabMantap 2541,Martabak,Bali
GF-02543,Resto GrabMantap 2542,Snacks,Medan
GF-02544,Resto GrabMantap 2543,Ayam Geprek,Bekasi
GF-02545,Resto GrabMantap 2544,Ayam Geprek,Medan
GF-02546,Resto GrabMantap 2545,Beverages,Tangerang
GF-02547,Resto GrabMantap 2546,Seafood,Medan
GF-02548,Resto GrabMantap 2547,Beverages,Bekasi
GF-02549,Resto GrabMantap 2548,Beverages,Tangerang
GF-02550,Resto GrabMantap 2549,Martabak,Jakarta
GF-02551,Resto GrabMantap 2550,Martabak,Bali
GF-02552,Resto GrabMantap 2551,Snacks,Bandung
GF-02553,Resto GrabMantap 2552,Beverages,Tangerang
GF-02554,Resto GrabMantap 2553,Seafood,Bogor
GF-02555,Resto GrabMantap 2554,Beverages,Jakarta
GF-02556,Resto GrabMantap 2555,Snacks,Medan
GF-02557,Resto GrabMantap 2556,Ayam Geprek,Depok
GF-02558,Resto GrabMantap 2557,Seafood,Bekasi
GF-02559,Resto GrabMantap 2558,Martabak,Jakarta
GF-02560,Resto GrabMantap 2559,Snacks,Medan
GF-02561,Resto GrabMantap 2560,Seafood,Depok
GF-02562,Resto GrabMantap 2561,Seafood,Medan
GF-02563,Resto GrabMantap 2562,Snacks,Bali
GF-02564,Resto GrabMantap 2563,Martabak,Bogor
GF-02565,Resto GrabMantap 2564,Beverages,Medan
GF-02566,Resto GrabMantap 2565,Snacks,Bekasi
GF-02567,Resto GrabMantap 2566,Martabak,Jakarta
GF-02568,Resto GrabMantap 2567,Martabak,Medan
GF-02569,Resto GrabMantap 2568,Ayam Geprek,Medan
GF-02570,Resto GrabMantap 2569,Seafood,Medan
GF-02571,Resto GrabMantap 2570,Ayam Geprek,Bekasi
GF-02572,Resto GrabMantap 2571,Seafood,Medan
GF-02573,Resto GrabMantap 2572,Ayam Geprek,Surabaya
GF-02574,Resto GrabMantap 2573,Ayam Geprek,Bali
GF-02575,Resto GrabMantap 2574,Seafood,Bandung
GF-02576,Resto GrabMantap 2575,Seafood,Depok
GF-02577,Resto GrabMantap 2576,Seafood,Medan
GF-02578,Resto GrabMantap 2577,Martabak,Bali
GF-02579,Resto GrabMantap 2578,Snacks,Makassar
GF-02580,Resto GrabMantap 2579,Beverages,Bekasi
GF-02581,Resto GrabMantap 2580,Snacks,Jakarta
GF-02582,Resto GrabMantap 2581,Fast Food,Bogor
GF-02583,Resto GrabMantap 2582,Beverages,Bali
GF-02584,Resto GrabMantap 2583,Fast Food,Bogor
GF-02585,Resto GrabMantap 2584,Martabak,Jakarta
GF-02586,Resto GrabMantap 2585,Seafood,Makassar
GF-02587,Resto GrabMantap 2586,Ayam Geprek,Surabaya
GF-02588,Resto GrabMantap 2587,Ayam Geprek,Makassar
GF-02589,Resto GrabMantap 2588,Seafood,Medan
GF-02590,Resto GrabMantap 2589,Snacks,Bali
GF-02591,Resto GrabMantap 2590,Ayam Geprek,Bali
GF-02592,Resto GrabMantap 2591,Snacks,Bandung
GF-02593,Resto GrabMantap 2592,Beverages,Depok
GF-02594,Resto GrabMantap 2593,Ayam Geprek,Makassar
GF-02595,Resto GrabMantap 2594,Snacks,Bogor
GF-02596,Resto GrabMantap 2595,Fast Food,Makassar
GF-02597,Resto GrabMantap 2596,Beverages,Makassar
GF-02598,Resto GrabMantap 2597,Fast Food,Bogor
GF-02599,Resto GrabMantap 2598,Snacks,Depok
GF-02600,Resto GrabMantap 2599,Ayam Geprek,Jakarta
GF-02601,Resto GrabMantap 2600,Martabak,Bali
GF-02602,Resto GrabMantap 2601,Fast Food,Bandung
GF-02603,Resto GrabMantap 2602,Ayam Geprek,Jakarta
GF-02604,Resto GrabMantap 2603,Ayam Geprek,Bekasi
GF-02605,Resto GrabMantap 2604,Snacks,Tangerang
GF-02606,Resto GrabMantap 2605,Ayam Geprek,Bogor
GF-02607,Resto GrabMantap 2606,Martabak,Bogor
GF-02608,Resto GrabMantap 2607,Fast Food,Bekasi
GF-02609,Resto GrabMantap 2608,Fast Food,Depok
GF-02610,Resto GrabMantap 2609,Fast Food,Bali
GF-02611,Resto GrabMantap 2610,Martabak,Depok
GF-02612,Resto GrabMantap 2611,Ayam Geprek,Bandung
GF-02613,Resto GrabMantap 2612,Seafood,Makassar
GF-02614,Resto GrabMantap 2613,Beverages,Makassar
GF-02615,Resto GrabMantap 2614,Snacks,Bogor
GF-02616,Resto GrabMantap 2615,Seafood,Makassar
GF-02617,Resto GrabMantap 2616,Beverages,Bogor
GF-02618,Resto GrabMantap 2617,Ayam Geprek,Medan
GF-02619,Resto GrabMantap 2618,Beverages,Jakarta
GF-02620,Resto GrabMantap 2619,Snacks,Depok
GF-02621,Resto GrabMantap 2620,Beverages,Bandung
GF-02622,Resto GrabMantap 2621,Fast Food,Depok
GF-02623,Resto GrabMantap 2622,Fast Food,Bandung
GF-02624,Resto GrabMantap 2623,Ayam Geprek,Bandung
GF-02625,Resto GrabMantap 2624,Fast Food,Surabaya
GF-02626,Resto GrabMantap 2625,Fast Food,Bogor
GF-02627,Resto GrabMantap 2626,Martabak,Bogor
GF-02628,Resto GrabMantap 2627,Fast Food,Surabaya
GF-02629,Resto GrabMantap 2628,Snacks,Bali
GF-02630,Resto GrabMantap 2629,Fast Food,Depok
GF-02631,Resto GrabMantap 2630,Ayam Geprek,Tangerang
GF-02632,Resto GrabMantap 2631,Fast Food,Bekasi
GF-02633,Resto GrabMantap 2632,Beverages,Bali
GF-02634,Resto GrabMantap 2633,Ayam Geprek,Surabaya
GF-02635,Resto GrabMantap 2634,Snacks,Bekasi
GF-02636,Resto GrabMantap 2635,Fast Food,Tangerang
GF-02637,Resto GrabMantap 2636,Martabak,Bali
GF-02638,Resto GrabMantap 2637,Beverages,Tangerang
GF-02639,Resto GrabMantap 2638,Beverages,Medan
GF-02640,Resto GrabMantap 2639,Fast Food,Medan
GF-02641,Resto GrabMantap 2640,Seafood,Bogor
GF-02642,Resto GrabMantap 2641,Seafood,Bekasi
GF-02643,Resto GrabMantap 2642,Beverages,Depok
GF-02644,Resto GrabMantap 2643,Martabak,Bandung
GF-02645,Resto GrabMantap 2644,Fast Food,Bandung
GF-02646,Resto GrabMantap 2645,Martabak,Tangerang
GF-02647,Resto GrabMantap 2646,Martabak,Bogor
GF-02648,Resto GrabMantap 2647,Martabak,Bali
GF-02649,Resto GrabMantap 2648,Beverages,Bogor
GF-02650,Resto GrabMantap 2649,Ayam Geprek,Jakarta
GF-02651,Resto GrabMantap 2650,Seafood,Bogor
GF-02652,Resto GrabMantap 2651,Seafood,Bekasi
GF-02653,Resto GrabMantap 2652,Martabak,Bandung
GF-02654,Resto GrabMantap 2653,Seafood,Tangerang
GF-02655,Resto GrabMantap 2654,Beverages,Depok
GF-02656,Resto GrabMantap 2655,Snacks,Bekasi
GF-02657,Resto GrabMantap 2656,Ayam Geprek,Makassar
GF-02658,Resto GrabMantap 2657,Snacks,Makassar
GF-02659,Resto GrabMantap 2658,Beverages,Bogor
GF-02660,Resto GrabMantap 2659,Ayam Geprek,Bekasi
GF-02661,Resto GrabMantap 2660,Snacks,Medan
GF-02662,Resto GrabMantap 2661,Martabak,Tangerang
GF-02663,Resto GrabMantap 2662,Ayam Geprek,Medan
GF-02664,Resto GrabMantap 2663,Beverages,Tangerang
GF-02665,Resto GrabMantap 2664,Beverages,Bekasi
GF-02666,Resto GrabMantap 2665,Ayam Geprek,Bali
GF-02667,Resto GrabMantap 2666,Fast Food,Medan
GF-02668,Resto GrabMantap 2667,Seafood,Makassar
GF-02669,Resto GrabMantap 2668,Beverages,Surabaya
GF-02670,Resto GrabMantap 2669,Beverages,Jakarta
GF-02671,Resto GrabMantap 2670,Snacks,Makassar
GF-02672,Resto GrabMantap 2671,Fast Food,Bogor
GF-02673,Resto GrabMantap 2672,Beverages,Medan
GF-02674,Resto GrabMantap 2673,Beverages,Medan
GF-02675,Resto GrabMantap 2674,Snacks,Jakarta
GF-02676,Resto GrabMantap 2675,Fast Food,Bogor
GF-02677,Resto GrabMantap 2676,Beverages,Bogor
GF-02678,Resto GrabMantap 2677,Snacks,Makassar
GF-02679,Resto GrabMantap 2678,Seafood,Bekasi
GF-02680,Resto GrabMantap 2679,Snacks,Medan
GF-02681,Resto GrabMantap 2680,Ayam Geprek,Bali
GF-02682,Resto GrabMantap 2681,Beverages,Bali
GF-02683,Resto GrabMantap 2682,Seafood,Depok
GF-02684,Resto GrabMantap 2683,Fast Food,Medan
GF-02685,Resto GrabMantap 2684,Snacks,Tangerang
GF-02686,Resto GrabMantap 2685,Fast Food,Bekasi
GF-02687,Resto GrabMantap 2686,Snacks,Depok
GF-02688,Resto GrabMantap 2687,Snacks,Bali
GF-02689,Resto GrabMantap 2688,Ayam Geprek,Depok
GF-02690,Resto GrabMantap 2689,Ayam Geprek,Medan
GF-02691,Resto GrabMantap 2690,Snacks,Tangerang
GF-02692,Resto GrabMantap 2691,Snacks,Bekasi
GF-02693,Resto GrabMantap 2692,Fast Food,Bandung
GF-02694,Resto GrabMantap 2693,Martabak,Jakarta
GF-02695,Resto GrabMantap 2694,Martabak,Medan
GF-02696,Resto GrabMantap 2695,Fast Food,Jakarta
GF-02697,Resto GrabMantap 2696,Fast Food,Makassar
GF-02698,Resto GrabMantap 2697,Beverages,Medan
GF-02699,Resto GrabMantap 2698,Snacks,Bogor
GF-02700,Resto GrabMantap 2699,Snacks,Bali
GF-02701,Resto GrabMantap 2700,Snacks,Makassar
GF-02702,Resto GrabMantap 2701,Martabak,Tangerang
GF-02703,Resto GrabMantap 2702,Beverages,Makassar
GF-02704,Resto GrabMantap 2703,Seafood,Jakarta
GF-02705,Resto GrabMantap 2704,Seafood,Jakarta
GF-02706,Resto GrabMantap 2705,Beverages,Bandung
GF-02707,Resto GrabMantap 2706,Seafood,Bali
GF-02708,Resto GrabMantap 2707,Fast Food,Bali
GF-02709,Resto GrabMantap 2708,Beverages,Surabaya
GF-02710,Resto GrabMantap 2709,Beverages,Bekasi
GF-02711,Resto GrabMantap 2710,Martabak,Tangerang
GF-02712,Resto GrabMantap 2711,Seafood,Surabaya
GF-02713,Resto GrabMantap 2712,Snacks,Jakarta
GF-02714,Resto GrabMantap 2713,Ayam Geprek,Bandung
GF-02715,Resto GrabMantap 2714,Martabak,Bandung
GF-02716,Resto GrabMantap 2715,Ayam Geprek,Surabaya
GF-02717,Resto GrabMantap 2716,Snacks,Bali
GF-02718,Resto GrabMantap 2717,Ayam Geprek,Bekasi
GF-02719,Resto GrabMantap 2718,Martabak,Depok
GF-02720,Resto GrabMantap 2719,Ayam Geprek,Bali
GF-02721,Resto GrabMantap 2720,Beverages,Bandung
GF-02722,Resto GrabMantap 2721,Seafood,Medan
GF-02723,Resto GrabMantap 2722,Martabak,Tangerang
GF-02724,Resto GrabMantap 2723,Ayam Geprek,Jakarta
GF-02725,Resto GrabMantap 2724,Snacks,Bandung
GF-02726,Resto GrabMantap 2725,Ayam Geprek,Bandung
GF-02727,Resto GrabMantap 2726,Seafood,Bandung
GF-02728,Resto GrabMantap 2727,Seafood,Bogor
GF-02729,Resto GrabMantap 2728,Fast Food,Bandung
GF-02730,Resto GrabMantap 2729,Martabak,Surabaya
GF-02731,Resto GrabMantap 2730,Fast Food,Medan
GF-02732,Resto GrabMantap 2731,Beverages,Depok
GF-02733,Resto GrabMantap 2732,Ayam Geprek,Surabaya
GF-02734,Resto GrabMantap 2733,Martabak,Depok
GF-02735,Resto GrabMantap 2734,Seafood,Bali
GF-02736,Resto GrabMantap 2735,Ayam Geprek,Surabaya
GF-02737,Resto GrabMantap 2736,Seafood,Surabaya
GF-02738,Resto GrabMantap 2737,Snacks,Bekasi
GF-02739,Resto GrabMantap 2738,Fast Food,Bogor
GF-02740,Resto GrabMantap 2739,Snacks,Bali
GF-02741,Resto GrabMantap 2740,Martabak,Medan
GF-02742,Resto GrabMantap 2741,Ayam Geprek,Makassar
GF-02743,Resto GrabMantap 2742,Seafood,Bali
GF-02744,Resto GrabMantap 2743,Ayam Geprek,Medan
GF-02745,Resto GrabMantap 2744,Martabak,Depok
GF-02746,Resto GrabMantap 2745,Beverages,Bali
GF-02747,Resto GrabMantap 2746,Beverages,Tangerang
GF-02748,Resto GrabMantap 2747,Ayam Geprek,Tangerang
GF-02749,Resto GrabMantap 2748,Snacks,Bali
GF-02750,Resto GrabMantap 2749,Fast Food,Depok
GF-02751,Resto GrabMantap 2750,Martabak,Medan
GF-02752,Resto GrabMantap 2751,Beverages,Medan
GF-02753,Resto GrabMantap 2752,Seafood,Surabaya
GF-02754,Resto GrabMantap 2753,Ayam Geprek,Jakarta
GF-02755,Resto GrabMantap 2754,Ayam Geprek,Tangerang
GF-02756,Resto GrabMantap 2755,Beverages,Bogor
GF-02757,Resto GrabMantap 2756,Martabak,Tangerang
GF-02758,Resto GrabMantap 2757,Ayam Geprek,Bandung
GF-02759,Resto GrabMantap 2758,Seafood,Depok
GF-02760,Resto GrabMantap 2759,Fast Food,Bali
GF-02761,Resto GrabMantap 2760,Seafood,Bandung
GF-02762,Resto GrabMantap 2761,Seafood,Makassar
GF-02763,Resto GrabMantap 2762,Fast Food,Jakarta
GF-02764,Resto GrabMantap 2763,Ayam Geprek,Bekasi
GF-02765,Resto GrabMantap 2764,Martabak,Medan
GF-02766,Resto GrabMantap 2765,Snacks,Bogor
GF-02767,Resto GrabMantap 2766,Snacks,Makassar
GF-02768,Resto GrabMantap 2767,Seafood,Surabaya
GF-02769,Resto GrabMantap 2768,Beverages,Surabaya
GF-02770,Resto GrabMantap 2769,Snacks,Bali
GF-02771,Resto GrabMantap 2770,Beverages,Makassar
GF-02772,Resto GrabMantap 2771,Snacks,Tangerang
GF-02773,Resto GrabMantap 2772,Snacks,Bandung
GF-02774,Resto GrabMantap 2773,Seafood,Depok
GF-02775,Resto GrabMantap 2774,Seafood,Depok
GF-02776,Resto GrabMantap 2775,Beverages,Makassar
GF-02777,Resto GrabMantap 2776,Fast Food,Depok
GF-02778,Resto GrabMantap 2777,Ayam Geprek,Bali
GF-02779,Resto GrabMantap 2778,Fast Food,Bali
GF-02780,Resto GrabMantap 2779,Seafood,Jakarta
GF-02781,Resto GrabMantap 2780,Snacks,Bali
GF-02782,Resto GrabMantap 2781,Beverages,Surabaya
GF-02783,Resto GrabMantap 2782,Martabak,Jakarta
GF-02784,Resto GrabMantap 2783,Beverages,Makassar
GF-02785,Resto GrabMantap 2784,Ayam Geprek,Tangerang
GF-02786,Resto GrabMantap 2785,Seafood,Bandung
GF-02787,Resto GrabMantap 2786,Seafood,Bali
GF-02788,Resto GrabMantap 2787,Martabak,Bekasi
GF-02789,Resto GrabMantap 2788,Snacks,Depok
GF-02790,Resto GrabMantap 2789,Snacks,Depok
GF-02791,Resto GrabMantap 2790,Fast Food,Medan
GF-02792,Resto GrabMantap 2791,Ayam Geprek,Bogor
GF-02793,Resto GrabMantap 2792,Seafood,Makassar
GF-02794,Resto GrabMantap 2793,Ayam Geprek,Bandung
GF-02795,Resto GrabMantap 2794,Martabak,Depok
GF-02796,Resto GrabMantap 2795,Martabak,Makassar
GF-02797,Resto GrabMantap 2796,Martabak,Jakarta
GF-02798,Resto GrabMantap 2797,Fast Food,Bandung
GF-02799,Resto GrabMantap 2798,Martabak,Bogor
GF-02800,Resto GrabMantap 2799,Snacks,Bogor
GF-02801,Resto GrabMantap 2800,Ayam Geprek,Bali
GF-02802,Resto GrabMantap 2801,Fast Food,Medan
GF-02803,Resto GrabMantap 2802,Snacks,Jakarta
GF-02804,Resto GrabMantap 2803,Seafood,Jakarta
GF-02805,Resto GrabMantap 2804,Ayam Geprek,Medan
GF-02806,Resto GrabMantap 2805,Beverages,Jakarta
GF-02807,Resto GrabMantap 2806,Martabak,Jakarta
GF-02808,Resto GrabMantap 2807,Ayam Geprek,Depok
GF-02809,Resto GrabMantap 2808,Martabak,Surabaya
GF-02810,Resto GrabMantap 2809,Snacks,Medan
GF-02811,Resto GrabMantap 2810,Fast Food,Jakarta
GF-02812,Resto GrabMantap 2811,Seafood,Bandung
GF-02813,Resto GrabMantap 2812,Snacks,Tangerang
GF-02814,Resto GrabMantap 2813,Ayam Geprek,Makassar
GF-02815,Resto GrabMantap 2814,Seafood,Jakarta
GF-02816,Resto GrabMantap 2815,Beverages,Surabaya
GF-02817,Resto GrabMantap 2816,Snacks,Depok
GF-02818,Resto GrabMantap 2817,Snacks,Bekasi
GF-02819,Resto GrabMantap 2818,Martabak,Jakarta
GF-02820,Resto GrabMantap 2819,Ayam Geprek,Bali
GF-02821,Resto GrabMantap 2820,Fast Food,Makassar
GF-02822,Resto GrabMantap 2821,Seafood,Depok
GF-02823,Resto GrabMantap 2822,Ayam Geprek,Makassar
GF-02824,Resto GrabMantap 2823,Beverages,Depok
GF-02825,Resto GrabMantap 2824,Seafood,Bogor
GF-02826,Resto GrabMantap 2825,Ayam Geprek,Bekasi
GF-02827,Resto GrabMantap 2826,Ayam Geprek,Makassar
GF-02828,Resto GrabMantap 2827,Fast Food,Bandung
GF-02829,Resto GrabMantap 2828,Martabak,Jakarta
GF-02830,Resto GrabMantap 2829,Fast Food,Bekasi
GF-02831,Resto GrabMantap 2830,Seafood,Depok
GF-02832,Resto GrabMantap 2831,Martabak,Bogor
GF-02833,Resto GrabMantap 2832,Beverages,Surabaya
GF-02834,Resto GrabMantap 2833,Martabak,Jakarta
GF-02835,Resto GrabMantap 2834,Beverages,Bandung
GF-02836,Resto GrabMantap 2835,Martabak,Medan
GF-02837,Resto GrabMantap 2836,Seafood,Bogor
GF-02838,Resto GrabMantap 2837,Fast Food,Bali
GF-02839,Resto GrabMantap 2838,Ayam Geprek,Bogor
GF-02840,Resto GrabMantap 2839,Beverages,Bandung
GF-02841,Resto GrabMantap 2840,Fast Food,Bandung
GF-02842,Resto GrabMantap 2841,Beverages,Bali
GF-02843,Resto GrabMantap 2842,Seafood,Makassar
GF-02844,Resto GrabMantap 2843,Fast Food,Depok
GF-02845,Resto GrabMantap 2844,Seafood,Tangerang
GF-02846,Resto GrabMantap 2845,Seafood,Tangerang
GF-02847,Resto GrabMantap 2846,Beverages,Bekasi
GF-02848,Resto GrabMantap 2847,Martabak,Bekasi
GF-02849,Resto GrabMantap 2848,Fast Food,Bekasi
GF-02850,Resto GrabMantap 2849,Seafood,Depok
GF-02851,Resto GrabMantap 2850,Fast Food,Bali
GF-02852,Resto GrabMantap 2851,Ayam Geprek,Bekasi
GF-02853,Resto GrabMantap 2852,Seafood,Bekasi
GF-02854,Resto GrabMantap 2853,Seafood,Medan
GF-02855,Resto GrabMantap 2854,Fast Food,Tangerang
GF-02856,Resto GrabMantap 2855,Fast Food,Bali
GF-02857,Resto GrabMantap 2856,Beverages,Makassar
GF-02858,Resto GrabMantap 2857,Martabak,Depok
GF-02859,Resto GrabMantap 2858,Snacks,Bekasi
GF-02860,Resto GrabMantap 2859,Beverages,Bekasi
GF-02861,Resto GrabMantap 2860,Seafood,Medan
GF-02862,Resto GrabMantap 2861,Seafood,Bekasi
GF-02863,Resto GrabMantap 2862,Ayam Geprek,Bali
GF-02864,Resto GrabMantap 2863,Martabak,Bali
GF-02865,Resto GrabMantap 2864,Ayam Geprek,Bali
GF-02866,Resto GrabMantap 2865,Snacks,Bandung
GF-02867,Resto GrabMantap 2866,Seafood,Makassar
GF-02868,Resto GrabMantap 2867,Snacks,Bekasi
GF-02869,Resto GrabMantap 2868,Beverages,Depok
GF-02870,Resto GrabMantap 2869,Seafood,Bali
GF-02871,Resto GrabMantap 2870,Beverages,Medan
GF-02872,Resto GrabMantap 2871,Ayam Geprek,Depok
GF-02873,Resto GrabMantap 2872,Fast Food,Bogor
GF-02874,Resto GrabMantap 2873,Ayam Geprek,Depok
GF-02875,Resto GrabMantap 2874,Martabak,Surabaya
GF-02876,Resto GrabMantap 2875,Ayam Geprek,Bandung
GF-02877,Resto GrabMantap 2876,Seafood,Tangerang
GF-02878,Resto GrabMantap 2877,Fast Food,Bogor
GF-02879,Resto GrabMantap 2878,Fast Food,Bogor
GF-02880,Resto GrabMantap 2879,Ayam Geprek,Bandung
GF-02881,Resto GrabMantap 2880,Martabak,Depok
GF-02882,Resto GrabMantap 2881,Martabak,Surabaya
GF-02883,Resto GrabMantap 2882,Martabak,Tangerang
GF-02884,Resto GrabMantap 2883,Beverages,Tangerang
GF-02885,Resto GrabMantap 2884,Fast Food,Tangerang
GF-02886,Resto GrabMantap 2885,Ayam Geprek,Bekasi
GF-02887,Resto GrabMantap 2886,Martabak,Medan
GF-02888,Resto GrabMantap 2887,Beverages,Bekasi
GF-02889,Resto GrabMantap 2888,Snacks,Makassar
GF-02890,Resto GrabMantap 2889,Fast Food,Surabaya
GF-02891,Resto GrabMantap 2890,Ayam Geprek,Bandung
GF-02892,Resto GrabMantap 2891,Fast Food,Medan
GF-02893,Resto GrabMantap 2892,Ayam Geprek,Tangerang
GF-02894,Resto GrabMantap 2893,Seafood,Jakarta
GF-02895,Resto GrabMantap 2894,Fast Food,Tangerang
GF-02896,Resto GrabMantap 2895,Seafood,Surabaya
GF-02897,Resto GrabMantap 2896,Snacks,Medan
GF-02898,Resto GrabMantap 2897,Ayam Geprek,Depok
GF-02899,Resto GrabMantap 2898,Martabak,Surabaya
GF-02900,Resto GrabMantap 2899,Beverages,Tangerang
GF-02901,Resto GrabMantap 2900,Beverages,Bandung
GF-02902,Resto GrabMantap 2901,Martabak,Jakarta
GF-02903,Resto GrabMantap 2902,Martabak,Surabaya
GF-02904,Resto GrabMantap 2903,Fast Food,Medan
GF-02905,Resto GrabMantap 2904,Seafood,Bogor
GF-02906,Resto GrabMantap 2905,Snacks,Jakarta
GF-02907,Resto GrabMantap 2906,Beverages,Bekasi
GF-02908,Resto GrabMantap 2907,Fast Food,Bogor
GF-02909,Resto GrabMantap 2908,Beverages,Depok
GF-02910,Resto GrabMantap 2909,Fast Food,Bali
GF-02911,Resto GrabMantap 2910,Ayam Geprek,Tangerang
GF-02912,Resto GrabMantap 2911,Fast Food,Jakarta
GF-02913,Resto GrabMantap 2912,Beverages,Depok
GF-02914,Resto GrabMantap 2913,Snacks,Jakarta
GF-02915,Resto GrabMantap 2914,Ayam Geprek,Jakarta
GF-02916,Resto GrabMantap 2915,Beverages,Bekasi
GF-02917,Resto GrabMantap 2916,Beverages,Surabaya
GF-02918,Resto GrabMantap 2917,Seafood,Medan
GF-02919,Resto GrabMantap 2918,Ayam Geprek,Surabaya
GF-02920,Resto GrabMantap 2919,Ayam Geprek,Tangerang
GF-02921,Resto GrabMantap 2920,Snacks,Bali
GF-02922,Resto GrabMantap 2921,Seafood,Makassar
GF-02923,Resto GrabMantap 2922,Martabak,Bogor
GF-02924,Resto GrabMantap 2923,Beverages,Surabaya
GF-02925,Resto GrabMantap 2924,Ayam Geprek,Jakarta
GF-02926,Resto GrabMantap 2925,Fast Food,Bogor
GF-02927,Resto GrabMantap 2926,Fast Food,Bekasi
GF-02928,Resto GrabMantap 2927,Beverages,Surabaya
GF-02929,Resto GrabMantap 2928,Fast Food,Jakarta
GF-02930,Resto GrabMantap 2929,Snacks,Bali
GF-02931,Resto GrabMantap 2930,Seafood,Bali
GF-02932,Resto GrabMantap 2931,Seafood,Makassar
GF-02933,Resto GrabMantap 2932,Ayam Geprek,Jakarta
GF-02934,Resto GrabMantap 2933,Ayam Geprek,Bali
GF-02935,Resto GrabMantap 2934,Seafood,Tangerang
GF-02936,Resto GrabMantap 2935,Ayam Geprek,Bandung
GF-02937,Resto GrabMantap 2936,Ayam Geprek,Surabaya
GF-02938,Resto GrabMantap 2937,Snacks,Bogor
GF-02939,Resto GrabMantap 2938,Snacks,Surabaya
GF-02940,Resto GrabMantap 2939,Snacks,Surabaya
GF-02941,Resto GrabMantap 2940,Snacks,Bali
GF-02942,Resto GrabMantap 2941,Fast Food,Bali
GF-02943,Resto GrabMantap 2942,Martabak,Tangerang
GF-02944,Resto GrabMantap 2943,Snacks,Bandung
GF-02945,Resto GrabMantap 2944,Ayam Geprek,Makassar
GF-02946,Resto GrabMantap 2945,Seafood,Tangerang
GF-02947,Resto GrabMantap 2946,Martabak,Tangerang
GF-02948,Resto GrabMantap 2947,Snacks,Medan
GF-02949,Resto GrabMantap 2948,Martabak,Bali
GF-02950,Resto GrabMantap 2949,Seafood,Surabaya
GF-02951,Resto GrabMantap 2950,Seafood,Bali
GF-02952,Resto GrabMantap 2951,Ayam Geprek,Bandung
GF-02953,Resto GrabMantap 2952,Ayam Geprek,Bali
GF-02954,Resto GrabMantap 2953,Beverages,Bali
GF-02955,Resto GrabMantap 2954,Ayam Geprek,Bandung
GF-02956,Resto GrabMantap 2955,Fast Food,Surabaya
GF-02957,Resto GrabMantap 2956,Martabak,Bogor
GF-02958,Resto GrabMantap 2957,Snacks,Depok
GF-02959,Resto GrabMantap 2958,Fast Food,Surabaya
GF-02960,Resto GrabMantap 2959,Seafood,Bandung
GF-02961,Resto GrabMantap 2960,Beverages,Bali
GF-02962,Resto GrabMantap 2961,Seafood,Surabaya
GF-02963,Resto GrabMantap 2962,Ayam Geprek,Makassar
GF-02964,Resto GrabMantap 2963,Fast Food,Medan
GF-02965,Resto GrabMantap 2964,Seafood,Bali
GF-02966,Resto GrabMantap 2965,Ayam Geprek,Tangerang
GF-02967,Resto GrabMantap 2966,Snacks,Surabaya
GF-02968,Resto GrabMantap 2967,Snacks,Bekasi
GF-02969,Resto GrabMantap 2968,Snacks,Bali
GF-02970,Resto GrabMantap 2969,Beverages,Makassar
GF-02971,Resto GrabMantap 2970,Ayam Geprek,Depok
GF-02972,Resto GrabMantap 2971,Martabak,Bandung
GF-02973,Resto GrabMantap 2972,Beverages,Tangerang
GF-02974,Resto GrabMantap 2973,Snacks,Bogor
GF-02975,Resto GrabMantap 2974,Fast Food,Medan
GF-02976,Resto GrabMantap 2975,Martabak,Medan
GF-02977,Resto GrabMantap 2976,Ayam Geprek,Surabaya
GF-02978,Resto GrabMantap 2977,Beverages,Bogor
GF-02979,Resto GrabMantap 2978,Seafood,Bekasi
GF-02980,Resto GrabMantap 2979,Snacks,Surabaya
GF-02981,Resto GrabMantap 2980,Martabak,Makassar
GF-02982,Resto GrabMantap 2981,Beverages,Bandung
GF-02983,Resto GrabMantap 2982,Fast Food,Depok
GF-02984,Resto GrabMantap 2983,Ayam Geprek,Tangerang
GF-02985,Resto GrabMantap 2984,Seafood,Bekasi
GF-02986,Resto GrabMantap 2985,Snacks,Tangerang
GF-02987,Resto GrabMantap 2986,Snacks,Bekasi
GF-02988,Resto GrabMantap 2987,Fast Food,Makassar
GF-02989,Resto GrabMantap 2988,Ayam Geprek,Tangerang
GF-02990,Resto GrabMantap 2989,Ayam Geprek,Depok
GF-02991,Resto GrabMantap 2990,Fast Food,Bandung
GF-02992,Resto GrabMantap 2991,Seafood,Makassar
GF-02993,Resto GrabMantap 2992,Snacks,Bogor
GF-02994,Resto GrabMantap 2993,Martabak,Makassar
GF-02995,Resto GrabMantap 2994,Fast Food,Bogor
GF-02996,Resto GrabMantap 2995,Martabak,Surabaya
GF-02997,Resto GrabMantap 2996,Seafood,Depok
GF-02998,Resto GrabMantap 2997,Beverages,Tangerang
GF-02999,Resto GrabMantap 2998,Beverages,Medan
GF-03000,Resto GrabMantap 2999,Beverages,Tangerang
GF-03001,Resto GrabMantap 3000,Fast Food,Surabaya
GF-03002,Resto GrabMantap 3001,Seafood,Depok
GF-03003,Resto GrabMantap 3002,Fast Food,Surabaya
GF-03004,Resto GrabMantap 3003,Martabak,Bekasi
GF-03005,Resto GrabMantap 3004,Beverages,Tangerang
GF-03006,Resto GrabMantap 3005,Snacks,Bali
GF-03007,Resto GrabMantap 3006,Ayam Geprek,Bandung
GF-03008,Resto GrabMantap 3007,Martabak,Jakarta
GF-03009,Resto GrabMantap 3008,Ayam Geprek,Bogor
GF-03010,Resto GrabMantap 3009,Seafood,Makassar
GF-03011,Resto GrabMantap 3010,Martabak,Bali
GF-03012,Resto GrabMantap 3011,Martabak,Bogor
GF-03013,Resto GrabMantap 3012,Martabak,Surabaya
GF-03014,Resto GrabMantap 3013,Snacks,Jakarta
GF-03015,Resto GrabMantap 3014,Snacks,Makassar
GF-03016,Resto GrabMantap 3015,Seafood,Jakarta
GF-03017,Resto GrabMantap 3016,Snacks,Medan
GF-03018,Resto GrabMantap 3017,Fast Food,Bali
GF-03019,Resto GrabMantap 3018,Seafood,Tangerang
GF-03020,Resto GrabMantap 3019,Martabak,Jakarta
GF-03021,Resto GrabMantap 3020,Martabak,Surabaya
GF-03022,Resto GrabMantap 3021,Beverages,Makassar
GF-03023,Resto GrabMantap 3022,Beverages,Surabaya
GF-03024,Resto GrabMantap 3023,Snacks,Tangerang
GF-03025,Resto GrabMantap 3024,Snacks,Bekasi
GF-03026,Resto GrabMantap 3025,Seafood,Bandung
GF-03027,Resto GrabMantap 3026,Fast Food,Depok
GF-03028,Resto GrabMantap 3027,Beverages,Jakarta
GF-03029,Resto GrabMantap 3028,Fast Food,Surabaya
GF-03030,Resto GrabMantap 3029,Seafood,Bandung
GF-03031,Resto GrabMantap 3030,Ayam Geprek,Medan
GF-03032,Resto GrabMantap 3031,Beverages,Depok
GF-03033,Resto GrabMantap 3032,Fast Food,Bogor
GF-03034,Resto GrabMantap 3033,Fast Food,Tangerang
GF-03035,Resto GrabMantap 3034,Snacks,Bandung
GF-03036,Resto GrabMantap 3035,Ayam Geprek,Bandung
GF-03037,Resto GrabMantap 3036,Martabak,Bogor
GF-03038,Resto GrabMantap 3037,Seafood,Tangerang
GF-03039,Resto GrabMantap 3038,Seafood,Medan
GF-03040,Resto GrabMantap 3039,Fast Food,Bandung
GF-03041,Resto GrabMantap 3040,Martabak,Bandung
GF-03042,Resto GrabMantap 3041,Fast Food,Bali
GF-03043,Resto GrabMantap 3042,Ayam Geprek,Depok
GF-03044,Resto GrabMantap 3043,Martabak,Medan
GF-03045,Resto GrabMantap 3044,Fast Food,Bali
GF-03046,Resto GrabMantap 3045,Beverages,Bali
GF-03047,Resto GrabMantap 3046,Fast Food,Depok
GF-03048,Resto GrabMantap 3047,Beverages,Bandung
GF-03049,Resto GrabMantap 3048,Martabak,Bandung
GF-03050,Resto GrabMantap 3049,Ayam Geprek,Jakarta
GF-03051,Resto GrabMantap 3050,Snacks,Makassar
GF-03052,Resto GrabMantap 3051,Martabak,Jakarta
GF-03053,Resto GrabMantap 3052,Snacks,Bali
GF-03054,Resto GrabMantap 3053,Seafood,Makassar
GF-03055,Resto GrabMantap 3054,Beverages,Bali
GF-03056,Resto GrabMantap 3055,Martabak,Bekasi
GF-03057,Resto GrabMantap 3056,Ayam Geprek,Bandung
GF-03058,Resto GrabMantap 3057,Ayam Geprek,Makassar
GF-03059,Resto GrabMantap 3058,Seafood,Bali
GF-03060,Resto GrabMantap 3059,Ayam Geprek,Makassar
GF-03061,Resto GrabMantap 3060,Fast Food,Bandung
GF-03062,Resto GrabMantap 3061,Seafood,Bali
GF-03063,Resto GrabMantap 3062,Martabak,Makassar
GF-03064,Resto GrabMantap 3063,Martabak,Bogor
GF-03065,Resto GrabMantap 3064,Snacks,Bandung
GF-03066,Resto GrabMantap 3065,Beverages,Makassar
GF-03067,Resto GrabMantap 3066,Ayam Geprek,Medan
GF-03068,Resto GrabMantap 3067,Fast Food,Medan
GF-03069,Resto GrabMantap 3068,Ayam Geprek,Bali
GF-03070,Resto GrabMantap 3069,Martabak,Bogor
GF-03071,Resto GrabMantap 3070,Seafood,Bogor
GF-03072,Resto GrabMantap 3071,Fast Food,Bekasi
GF-03073,Resto GrabMantap 3072,Seafood,Makassar
GF-03074,Resto GrabMantap 3073,Martabak,Tangerang
GF-03075,Resto GrabMantap 3074,Fast Food,Surabaya
GF-03076,Resto GrabMantap 3075,Ayam Geprek,Makassar
GF-03077,Resto GrabMantap 3076,Ayam Geprek,Surabaya
GF-03078,Resto GrabMantap 3077,Ayam Geprek,Bali
GF-03079,Resto GrabMantap 3078,Ayam Geprek,Bandung
GF-03080,Resto GrabMantap 3079,Seafood,Bogor
GF-03081,Resto GrabMantap 3080,Seafood,Jakarta
GF-03082,Resto GrabMantap 3081,Seafood,Medan
GF-03083,Resto GrabMantap 3082,Martabak,Jakarta
GF-03084,Resto GrabMantap 3083,Fast Food,Bogor
GF-03085,Resto GrabMantap 3084,Martabak,Tangerang
GF-03086,Resto GrabMantap 3085,Fast Food,Medan
GF-03087,Resto GrabMantap 3086,Ayam Geprek,Surabaya
GF-03088,Resto GrabMantap 3087,Beverages,Bandung
GF-03089,Resto GrabMantap 3088,Beverages,Surabaya
GF-03090,Resto GrabMantap 3089,Snacks,Makassar
GF-03091,Resto GrabMantap 3090,Martabak,Depok
GF-03092,Resto GrabMantap 3091,Snacks,Makassar
GF-03093,Resto GrabMantap 3092,Snacks,Tangerang
GF-03094,Resto GrabMantap 3093,Snacks,Surabaya
GF-03095,Resto GrabMantap 3094,Fast Food,Surabaya
GF-03096,Resto GrabMantap 3095,Martabak,Bogor
GF-03097,Resto GrabMantap 3096,Snacks,Makassar
GF-03098,Resto GrabMantap 3097,Snacks,Surabaya
GF-03099,Resto GrabMantap 3098,Ayam Geprek,Surabaya
GF-03100,Resto GrabMantap 3099,Ayam Geprek,Jakarta
GF-03101,Resto GrabMantap 3100,Ayam Geprek,Bogor
GF-03102,Resto GrabMantap 3101,Fast Food,Bekasi
GF-03103,Resto GrabMantap 3102,Martabak,Makassar
GF-03104,Resto GrabMantap 3103,Beverages,Jakarta
GF-03105,Resto GrabMantap 3104,Snacks,Jakarta
GF-03106,Resto GrabMantap 3105,Martabak,Makassar
GF-03107,Resto GrabMantap 3106,Seafood,Bogor
GF-03108,Resto GrabMantap 3107,Ayam Geprek,Bekasi
GF-03109,Resto GrabMantap 3108,Martabak,Jakarta
GF-03110,Resto GrabMantap 3109,Beverages,Jakarta
GF-03111,Resto GrabMantap 3110,Seafood,Bali
GF-03112,Resto GrabMantap 3111,Seafood,Bandung
GF-03113,Resto GrabMantap 3112,Martabak,Depok
GF-03114,Resto GrabMantap 3113,Snacks,Bekasi
GF-03115,Resto GrabMantap 3114,Seafood,Tangerang
GF-03116,Resto GrabMantap 3115,Fast Food,Bekasi
GF-03117,Resto GrabMantap 3116,Martabak,Makassar
GF-03118,Resto GrabMantap 3117,Snacks,Bandung
GF-03119,Resto GrabMantap 3118,Martabak,Bandung
GF-03120,Resto GrabMantap 3119,Fast Food,Depok
GF-03121,Resto GrabMantap 3120,Martabak,Bandung
GF-03122,Resto GrabMantap 3121,Beverages,Bogor
GF-03123,Resto GrabMantap 3122,Beverages,Surabaya
GF-03124,Resto GrabMantap 3123,Seafood,Bali
GF-03125,Resto GrabMantap 3124,Beverages,Surabaya
GF-03126,Resto GrabMantap 3125,Snacks,Medan
GF-03127,Resto GrabMantap 3126,Snacks,Surabaya
GF-03128,Resto GrabMantap 3127,Fast Food,Bali
GF-03129,Resto GrabMantap 3128,Ayam Geprek,Tangerang
GF-03130,Resto GrabMantap 3129,Ayam Geprek,Jakarta
GF-03131,Resto GrabMantap 3130,Fast Food,Bekasi
GF-03132,Resto GrabMantap 3131,Ayam Geprek,Makassar
GF-03133,Resto GrabMantap 3132,Seafood,Medan
GF-03134,Resto GrabMantap 3133,Snacks,Medan
GF-03135,Resto GrabMantap 3134,Fast Food,Makassar
GF-03136,Resto GrabMantap 3135,Fast Food,Makassar
GF-03137,Resto GrabMantap 3136,Fast Food,Surabaya
GF-03138,Resto GrabMantap 3137,Snacks,Makassar
GF-03139,Resto GrabMantap 3138,Seafood,Depok
GF-03140,Resto GrabMantap 3139,Fast Food,Bali
GF-03141,Resto GrabMantap 3140,Ayam Geprek,Depok
GF-03142,Resto GrabMantap 3141,Fast Food,Bekasi
GF-03143,Resto GrabMantap 3142,Ayam Geprek,Medan
GF-03144,Resto GrabMantap 3143,Beverages,Surabaya
GF-03145,Resto GrabMantap 3144,Seafood,Tangerang
GF-03146,Resto GrabMantap 3145,Fast Food,Makassar
GF-03147,Resto GrabMantap 3146,Snacks,Bandung
GF-03148,Resto GrabMantap 3147,Ayam Geprek,Bandung
GF-03149,Resto GrabMantap 3148,Martabak,Surabaya
GF-03150,Resto GrabMantap 3149,Snacks,Makassar
GF-03151,Resto GrabMantap 3150,Snacks,Bogor
GF-03152,Resto GrabMantap 3151,Ayam Geprek,Bali
GF-03153,Resto GrabMantap 3152,Seafood,Bandung
GF-03154,Resto GrabMantap 3153,Beverages,Makassar
GF-03155,Resto GrabMantap 3154,Fast Food,Jakarta
GF-03156,Resto GrabMantap 3155,Fast Food,Depok
GF-03157,Resto GrabMantap 3156,Beverages,Makassar
GF-03158,Resto GrabMantap 3157,Ayam Geprek,Tangerang
GF-03159,Resto GrabMantap 3158,Fast Food,Makassar
GF-03160,Resto GrabMantap 3159,Snacks,Depok
GF-03161,Resto GrabMantap 3160,Snacks,Depok
GF-03162,Resto GrabMantap 3161,Seafood,Bekasi
GF-03163,Resto GrabMantap 3162,Beverages,Surabaya
GF-03164,Resto GrabMantap 3163,Ayam Geprek,Bekasi
GF-03165,Resto GrabMantap 3164,Fast Food,Bandung
GF-03166,Resto GrabMantap 3165,Snacks,Bali
GF-03167,Resto GrabMantap 3166,Snacks,Surabaya
GF-03168,Resto GrabMantap 3167,Fast Food,Medan
GF-03169,Resto GrabMantap 3168,Ayam Geprek,Bekasi
GF-03170,Resto GrabMantap 3169,Fast Food,Depok
GF-03171,Resto GrabMantap 3170,Martabak,Bali
GF-03172,Resto GrabMantap 3171,Fast Food,Medan
GF-03173,Resto GrabMantap 3172,Seafood,Bali
GF-03174,Resto GrabMantap 3173,Martabak,Bali
GF-03175,Resto GrabMantap 3174,Beverages,Bandung
GF-03176,Resto GrabMantap 3175,Seafood,Jakarta
GF-03177,Resto GrabMantap 3176,Beverages,Jakarta
GF-03178,Resto GrabMantap 3177,Martabak,Depok
GF-03179,Resto GrabMantap 3178,Fast Food,Depok
GF-03180,Resto GrabMantap 3179,Ayam Geprek,Bogor
GF-03181,Resto GrabMantap 3180,Seafood,Jakarta
GF-03182,Resto GrabMantap 3181,Beverages,Depok
GF-03183,Resto GrabMantap 3182,Seafood,Depok
GF-03184,Resto GrabMantap 3183,Ayam Geprek,Bogor
GF-03185,Resto GrabMantap 3184,Ayam Geprek,Depok
GF-03186,Resto GrabMantap 3185,Martabak,Makassar
GF-03187,Resto GrabMantap 3186,Snacks,Bogor
GF-03188,Resto GrabMantap 3187,Seafood,Bogor
GF-03189,Resto GrabMantap 3188,Seafood,Makassar
GF-03190,Resto GrabMantap 3189,Beverages,Bandung
GF-03191,Resto GrabMantap 3190,Seafood,Depok
GF-03192,Resto GrabMantap 3191,Fast Food,Bekasi
GF-03193,Resto GrabMantap 3192,Fast Food,Bekasi
GF-03194,Resto GrabMantap 3193,Seafood,Medan
GF-03195,Resto GrabMantap 3194,Ayam Geprek,Jakarta
GF-03196,Resto GrabMantap 3195,Beverages,Makassar
GF-03197,Resto GrabMantap 3196,Snacks,Depok
GF-03198,Resto GrabMantap 3197,Ayam Geprek,Bekasi
GF-03199,Resto GrabMantap 3198,Martabak,Bandung
GF-03200,Resto GrabMantap 3199,Ayam Geprek,Jakarta
GF-03201,Resto GrabMantap 3200,Martabak,Tangerang
GF-03202,Resto GrabMantap 3201,Snacks,Jakarta
GF-03203,Resto GrabMantap 3202,Fast Food,Makassar
GF-03204,Resto GrabMantap 3203,Seafood,Medan
GF-03205,Resto GrabMantap 3204,Ayam Geprek,Bekasi
GF-03206,Resto GrabMantap 3205,Martabak,Jakarta
GF-03207,Resto GrabMantap 3206,Fast Food,Bogor
GF-03208,Resto GrabMantap 3207,Fast Food,Bekasi
GF-03209,Resto GrabMantap 3208,Snacks,Depok
GF-03210,Resto GrabMantap 3209,Beverages,Tangerang
GF-03211,Resto GrabMantap 3210,Snacks,Jakarta
GF-03212,Resto GrabMantap 3211,Seafood,Bekasi
GF-03213,Resto GrabMantap 3212,Ayam Geprek,Bekasi
GF-03214,Resto GrabMantap 3213,Fast Food,Medan
GF-03215,Resto GrabMantap 3214,Snacks,Bogor
GF-03216,Resto GrabMantap 3215,Beverages,Jakarta
GF-03217,Resto GrabMantap 3216,Beverages,Bandung
GF-03218,Resto GrabMantap 3217,Fast Food,Bali
GF-03219,Resto GrabMantap 3218,Seafood,Depok
GF-03220,Resto GrabMantap 3219,Beverages,Tangerang
GF-03221,Resto GrabMantap 3220,Martabak,Bandung
GF-03222,Resto GrabMantap 3221,Beverages,Surabaya
GF-03223,Resto GrabMantap 3222,Beverages,Bekasi
GF-03224,Resto GrabMantap 3223,Snacks,Bandung
GF-03225,Resto GrabMantap 3224,Martabak,Bandung
GF-03226,Resto GrabMantap 3225,Snacks,Surabaya
GF-03227,Resto GrabMantap 3226,Martabak,Makassar
GF-03228,Resto GrabMantap 3227,Beverages,Bali
GF-03229,Resto GrabMantap 3228,Seafood,Surabaya
GF-03230,Resto GrabMantap 3229,Snacks,Surabaya
GF-03231,Resto GrabMantap 3230,Seafood,Medan
GF-03232,Resto GrabMantap 3231,Ayam Geprek,Medan
GF-03233,Resto GrabMantap 3232,Beverages,Bali
GF-03234,Resto GrabMantap 3233,Ayam Geprek,Jakarta
GF-03235,Resto GrabMantap 3234,Seafood,Tangerang
GF-03236,Resto GrabMantap 3235,Fast Food,Makassar
GF-03237,Resto GrabMantap 3236,Martabak,Depok
GF-03238,Resto GrabMantap 3237,Ayam Geprek,Bogor
GF-03239,Resto GrabMantap 3238,Seafood,Bandung
GF-03240,Resto GrabMantap 3239,Fast Food,Bandung
GF-03241,Resto GrabMantap 3240,Seafood,Surabaya
GF-03242,Resto GrabMantap 3241,Ayam Geprek,Bali
GF-03243,Resto GrabMantap 3242,Beverages,Jakarta
GF-03244,Resto GrabMantap 3243,Beverages,Bogor
GF-03245,Resto GrabMantap 3244,Seafood,Bekasi
GF-03246,Resto GrabMantap 3245,Seafood,Medan
GF-03247,Resto GrabMantap 3246,Beverages,Depok
GF-03248,Resto GrabMantap 3247,Ayam Geprek,Makassar
GF-03249,Resto GrabMantap 3248,Beverages,Jakarta
GF-03250,Resto GrabMantap 3249,Seafood,Bogor
GF-03251,Resto GrabMantap 3250,Snacks,Bali
GF-03252,Resto GrabMantap 3251,Snacks,Bogor
GF-03253,Resto GrabMantap 3252,Snacks,Makassar
GF-03254,Resto GrabMantap 3253,Ayam Geprek,Bali
GF-03255,Resto GrabMantap 3254,Beverages,Depok
GF-03256,Resto GrabMantap 3255,Ayam Geprek,Depok
GF-03257,Resto GrabMantap 3256,Snacks,Medan
GF-03258,Resto GrabMantap 3257,Martabak,Bekasi
GF-03259,Resto GrabMantap 3258,Beverages,Tangerang
GF-03260,Resto GrabMantap 3259,Ayam Geprek,Bekasi
GF-03261,Resto GrabMantap 3260,Seafood,Tangerang
GF-03262,Resto GrabMantap 3261,Fast Food,Bandung
GF-03263,Resto GrabMantap 3262,Martabak,Depok
GF-03264,Resto GrabMantap 3263,Martabak,Bekasi
GF-03265,Resto GrabMantap 3264,Beverages,Bekasi
GF-03266,Resto GrabMantap 3265,Snacks,Bekasi
GF-03267,Resto GrabMantap 3266,Martabak,Bandung
GF-03268,Resto GrabMantap 3267,Fast Food,Bekasi
GF-03269,Resto GrabMantap 3268,Martabak,Surabaya
GF-03270,Resto GrabMantap 3269,Fast Food,Depok
GF-03271,Resto GrabMantap 3270,Ayam Geprek,Bekasi
GF-03272,Resto GrabMantap 3271,Fast Food,Bekasi
GF-03273,Resto GrabMantap 3272,Beverages,Surabaya
GF-03274,Resto GrabMantap 3273,Snacks,Bekasi
GF-03275,Resto GrabMantap 3274,Beverages,Bali
GF-03276,Resto GrabMantap 3275,Ayam Geprek,Medan
GF-03277,Resto GrabMantap 3276,Martabak,Bogor
GF-03278,Resto GrabMantap 3277,Snacks,Surabaya
GF-03279,Resto GrabMantap 3278,Martabak,Jakarta
GF-03280,Resto GrabMantap 3279,Ayam Geprek,Bekasi
GF-03281,Resto GrabMantap 3280,Ayam Geprek,Bali
GF-03282,Resto GrabMantap 3281,Ayam Geprek,Tangerang
GF-03283,Resto GrabMantap 3282,Ayam Geprek,Medan
GF-03284,Resto GrabMantap 3283,Seafood,Bali
GF-03285,Resto GrabMantap 3284,Seafood,Bogor
GF-03286,Resto GrabMantap 3285,Seafood,Makassar
GF-03287,Resto GrabMantap 3286,Ayam Geprek,Bogor
GF-03288,Resto GrabMantap 3287,Ayam Geprek,Jakarta
GF-03289,Resto GrabMantap 3288,Beverages,Bandung
GF-03290,Resto GrabMantap 3289,Martabak,Bogor
GF-03291,Resto GrabMantap 3290,Martabak,Bekasi
GF-03292,Resto GrabMantap 3291,Snacks,Tangerang
GF-03293,Resto GrabMantap 3292,Ayam Geprek,Bekasi
GF-03294,Resto GrabMantap 3293,Seafood,Tangerang
GF-03295,Resto GrabMantap 3294,Ayam Geprek,Surabaya
GF-03296,Resto GrabMantap 3295,Beverages,Bogor
GF-03297,Resto GrabMantap 3296,Snacks,Bogor
GF-03298,Resto GrabMantap 3297,Beverages,Makassar
GF-03299,Resto GrabMantap 3298,Seafood,Makassar
GF-03300,Resto GrabMantap 3299,Snacks,Bogor
GF-03301,Resto GrabMantap 3300,Martabak,Makassar
GF-03302,Resto GrabMantap 3301,Ayam Geprek,Tangerang
GF-03303,Resto GrabMantap 3302,Snacks,Bogor
GF-03304,Resto GrabMantap 3303,Ayam Geprek,Surabaya
GF-03305,Resto GrabMantap 3304,Seafood,Depok
GF-03306,Resto GrabMantap 3305,Ayam Geprek,Tangerang
GF-03307,Resto GrabMantap 3306,Ayam Geprek,Bogor
GF-03308,Resto GrabMantap 3307,Ayam Geprek,Medan
GF-03309,Resto GrabMantap 3308,Snacks,Bandung
GF-03310,Resto GrabMantap 3309,Beverages,Bogor
GF-03311,Resto GrabMantap 3310,Ayam Geprek,Jakarta
GF-03312,Resto GrabMantap 3311,Beverages,Bali
GF-03313,Resto GrabMantap 3312,Ayam Geprek,Bogor
GF-03314,Resto GrabMantap 3313,Beverages,Bogor
GF-03315,Resto GrabMantap 3314,Martabak,Surabaya
GF-03316,Resto GrabMantap 3315,Seafood,Surabaya
GF-03317,Resto GrabMantap 3316,Ayam Geprek,Bandung
GF-03318,Resto GrabMantap 3317,Martabak,Tangerang
GF-03319,Resto GrabMantap 3318,Ayam Geprek,Surabaya
GF-03320,Resto GrabMantap 3319,Beverages,Jakarta
GF-03321,Resto GrabMantap 3320,Seafood,Makassar
GF-03322,Resto GrabMantap 3321,Martabak,Bekasi
GF-03323,Resto GrabMantap 3322,Seafood,Bali
GF-03324,Resto GrabMantap 3323,Seafood,Bandung
GF-03325,Resto GrabMantap 3324,Fast Food,Surabaya
GF-03326,Resto GrabMantap 3325,Beverages,Makassar
GF-03327,Resto GrabMantap 3326,Martabak,Makassar
GF-03328,Resto GrabMantap 3327,Ayam Geprek,Bekasi
GF-03329,Resto GrabMantap 3328,Seafood,Bekasi
GF-03330,Resto GrabMantap 3329,Snacks,Depok
GF-03331,Resto GrabMantap 3330,Beverages,Bogor
GF-03332,Resto GrabMantap 3331,Snacks,Depok
GF-03333,Resto GrabMantap 3332,Seafood,Surabaya
GF-03334,Resto GrabMantap 3333,Seafood,Medan
GF-03335,Resto GrabMantap 3334,Snacks,Bali
GF-03336,Resto GrabMantap 3335,Seafood,Tangerang
GF-03337,Resto GrabMantap 3336,Fast Food,Bali
GF-03338,Resto GrabMantap 3337,Snacks,Jakarta
GF-03339,Resto GrabMantap 3338,Fast Food,Surabaya
GF-03340,Resto GrabMantap 3339,Martabak,Bali
GF-03341,Resto GrabMantap 3340,Beverages,Bali
GF-03342,Resto GrabMantap 3341,Fast Food,Bogor
GF-03343,Resto GrabMantap 3342,Snacks,Medan
GF-03344,Resto GrabMantap 3343,Seafood,Jakarta
GF-03345,Resto GrabMantap 3344,Beverages,Tangerang
GF-03346,Resto GrabMantap 3345,Fast Food,Bali
GF-03347,Resto GrabMantap 3346,Snacks,Medan
GF-03348,Resto GrabMantap 3347,Snacks,Jakarta
GF-03349,Resto GrabMantap 3348,Ayam Geprek,Tangerang
GF-03350,Resto GrabMantap 3349,Fast Food,Makassar
GF-03351,Resto GrabMantap 3350,Seafood,Medan
GF-03352,Resto GrabMantap 3351,Beverages,Bekasi
GF-03353,Resto GrabMantap 3352,Fast Food,Bandung
GF-03354,Resto GrabMantap 3353,Beverages,Depok
GF-03355,Resto GrabMantap 3354,Seafood,Jakarta
GF-03356,Resto GrabMantap 3355,Seafood,Bekasi
GF-03357,Resto GrabMantap 3356,Fast Food,Depok
GF-03358,Resto GrabMantap 3357,Martabak,Depok
GF-03359,Resto GrabMantap 3358,Seafood,Bandung
GF-03360,Resto GrabMantap 3359,Martabak,Tangerang
GF-03361,Resto GrabMantap 3360,Ayam Geprek,Makassar
GF-03362,Resto GrabMantap 3361,Fast Food,Medan
GF-03363,Resto GrabMantap 3362,Fast Food,Bekasi
GF-03364,Resto GrabMantap 3363,Beverages,Medan
GF-03365,Resto GrabMantap 3364,Beverages,Depok
GF-03366,Resto GrabMantap 3365,Ayam Geprek,Tangerang
GF-03367,Resto GrabMantap 3366,Beverages,Tangerang
GF-03368,Resto GrabMantap 3367,Snacks,Bogor
GF-03369,Resto GrabMantap 3368,Martabak,Makassar
GF-03370,Resto GrabMantap 3369,Snacks,Depok
GF-03371,Resto GrabMantap 3370,Ayam Geprek,Tangerang
GF-03372,Resto GrabMantap 3371,Fast Food,Bogor
GF-03373,Resto GrabMantap 3372,Fast Food,Bekasi
GF-03374,Resto GrabMantap 3373,Martabak,Makassar
GF-03375,Resto GrabMantap 3374,Beverages,Tangerang
GF-03376,Resto GrabMantap 3375,Ayam Geprek,Bandung
GF-03377,Resto GrabMantap 3376,Seafood,Bandung
GF-03378,Resto GrabMantap 3377,Ayam Geprek,Jakarta
GF-03379,Resto GrabMantap 3378,Beverages,Jakarta
GF-03380,Resto GrabMantap 3379,Seafood,Makassar
GF-03381,Resto GrabMantap 3380,Martabak,Depok
GF-03382,Resto GrabMantap 3381,Snacks,Bali
GF-03383,Resto GrabMantap 3382,Martabak,Surabaya
GF-03384,Resto GrabMantap 3383,Martabak,Depok
GF-03385,Resto GrabMantap 3384,Fast Food,Bekasi
GF-03386,Resto GrabMantap 3385,Ayam Geprek,Jakarta
GF-03387,Resto GrabMantap 3386,Martabak,Depok
GF-03388,Resto GrabMantap 3387,Martabak,Bali
GF-03389,Resto GrabMantap 3388,Ayam Geprek,Bogor
GF-03390,Resto GrabMantap 3389,Beverages,Bandung
GF-03391,Resto GrabMantap 3390,Fast Food,Jakarta
GF-03392,Resto GrabMantap 3391,Beverages,Bandung
GF-03393,Resto GrabMantap 3392,Martabak,Bandung
GF-03394,Resto GrabMantap 3393,Seafood,Depok
GF-03395,Resto GrabMantap 3394,Ayam Geprek,Bandung
GF-03396,Resto GrabMantap 3395,Beverages,Surabaya
GF-03397,Resto GrabMantap 3396,Martabak,Bali
GF-03398,Resto GrabMantap 3397,Fast Food,Medan
GF-03399,Resto GrabMantap 3398,Martabak,Surabaya
GF-03400,Resto GrabMantap 3399,Martabak,Surabaya
GF-03401,Resto GrabMantap 3400,Snacks,Bali
GF-03402,Resto GrabMantap 3401,Martabak,Medan
GF-03403,Resto GrabMantap 3402,Martabak,Bekasi
GF-03404,Resto GrabMantap 3403,Beverages,Makassar
GF-03405,Resto GrabMantap 3404,Seafood,Surabaya
GF-03406,Resto GrabMantap 3405,Beverages,Medan
GF-03407,Resto GrabMantap 3406,Ayam Geprek,Bandung
GF-03408,Resto GrabMantap 3407,Snacks,Bogor
GF-03409,Resto GrabMantap 3408,Ayam Geprek,Bekasi
GF-03410,Resto GrabMantap 3409,Ayam Geprek,Medan
GF-03411,Resto GrabMantap 3410,Beverages,Medan
GF-03412,Resto GrabMantap 3411,Snacks,Makassar
GF-03413,Resto GrabMantap 3412,Fast Food,Makassar
GF-03414,Resto GrabMantap 3413,Martabak,Bogor
GF-03415,Resto GrabMantap 3414,Ayam Geprek,Bali
GF-03416,Resto GrabMantap 3415,Beverages,Bogor
GF-03417,Resto GrabMantap 3416,Fast Food,Bandung
GF-03418,Resto GrabMantap 3417,Ayam Geprek,Jakarta
GF-03419,Resto GrabMantap 3418,Seafood,Bekasi
GF-03420,Resto GrabMantap 3419,Fast Food,Makassar
GF-03421,Resto GrabMantap 3420,Beverages,Tangerang
GF-03422,Resto GrabMantap 3421,Ayam Geprek,Makassar
GF-03423,Resto GrabMantap 3422,Snacks,Bekasi
GF-03424,Resto GrabMantap 3423,Fast Food,Tangerang
GF-03425,Resto GrabMantap 3424,Martabak,Bogor
GF-03426,Resto GrabMantap 3425,Beverages,Bogor
GF-03427,Resto GrabMantap 3426,Martabak,Bekasi
GF-03428,Resto GrabMantap 3427,Seafood,Bogor
GF-03429,Resto GrabMantap 3428,Snacks,Jakarta
GF-03430,Resto GrabMantap 3429,Snacks,Bandung
GF-03431,Resto GrabMantap 3430,Martabak,Surabaya
GF-03432,Resto GrabMantap 3431,Beverages,Bogor
GF-03433,Resto GrabMantap 3432,Fast Food,Bandung
GF-03434,Resto GrabMantap 3433,Ayam Geprek,Medan
GF-03435,Resto GrabMantap 3434,Fast Food,Bekasi
GF-03436,Resto GrabMantap 3435,Seafood,Tangerang
GF-03437,Resto GrabMantap 3436,Fast Food,Jakarta
GF-03438,Resto GrabMantap 3437,Snacks,Bandung
GF-03439,Resto GrabMantap 3438,Fast Food,Jakarta
GF-03440,Resto GrabMantap 3439,Fast Food,Surabaya
GF-03441,Resto GrabMantap 3440,Fast Food,Bogor
GF-03442,Resto GrabMantap 3441,Fast Food,Surabaya
GF-03443,Resto GrabMantap 3442,Beverages,Bandung
GF-03444,Resto GrabMantap 3443,Martabak,Bandung
GF-03445,Resto GrabMantap 3444,Seafood,Bandung
GF-03446,Resto GrabMantap 3445,Beverages,Jakarta
GF-03447,Resto GrabMantap 3446,Snacks,Surabaya
GF-03448,Resto GrabMantap 3447,Fast Food,Bogor
GF-03449,Resto GrabMantap 3448,Beverages,Bogor
GF-03450,Resto GrabMantap 3449,Snacks,Depok
GF-03451,Resto GrabMantap 3450,Snacks,Bekasi
GF-03452,Resto GrabMantap 3451,Martabak,Medan
GF-03453,Resto GrabMantap 3452,Snacks,Bogor
GF-03454,Resto GrabMantap 3453,Martabak,Jakarta
GF-03455,Resto GrabMantap 3454,Beverages,Bandung
GF-03456,Resto GrabMantap 3455,Seafood,Bali
GF-03457,Resto GrabMantap 3456,Ayam Geprek,Bekasi
GF-03458,Resto GrabMantap 3457,Seafood,Surabaya
GF-03459,Resto GrabMantap 3458,Snacks,Makassar
GF-03460,Resto GrabMantap 3459,Snacks,Jakarta
GF-03461,Resto GrabMantap 3460,Seafood,Bekasi
GF-03462,Resto GrabMantap 3461,Seafood,Bandung
GF-03463,Resto GrabMantap 3462,Fast Food,Depok
GF-03464,Resto GrabMantap 3463,Beverages,Surabaya
GF-03465,Resto GrabMantap 3464,Martabak,Bogor
GF-03466,Resto GrabMantap 3465,Seafood,Makassar
GF-03467,Resto GrabMantap 3466,Ayam Geprek,Bekasi
GF-03468,Resto GrabMantap 3467,Martabak,Medan
GF-03469,Resto GrabMantap 3468,Martabak,Makassar
GF-03470,Resto GrabMantap 3469,Fast Food,Jakarta
GF-03471,Resto GrabMantap 3470,Martabak,Depok
GF-03472,Resto GrabMantap 3471,Snacks,Tangerang
GF-03473,Resto GrabMantap 3472,Martabak,Tangerang
GF-03474,Resto GrabMantap 3473,Martabak,Depok
GF-03475,Resto GrabMantap 3474,Seafood,Depok
GF-03476,Resto GrabMantap 3475,Ayam Geprek,Surabaya
GF-03477,Resto GrabMantap 3476,Seafood,Bandung
GF-03478,Resto GrabMantap 3477,Martabak,Jakarta
GF-03479,Resto GrabMantap 3478,Beverages,Bogor
GF-03480,Resto GrabMantap 3479,Fast Food,Surabaya
GF-03481,Resto GrabMantap 3480,Fast Food,Depok
GF-03482,Resto GrabMantap 3481,Seafood,Makassar
GF-03483,Resto GrabMantap 3482,Beverages,Bali
GF-03484,Resto GrabMantap 3483,Snacks,Makassar
GF-03485,Resto GrabMantap 3484,Seafood,Bekasi
GF-03486,Resto GrabMantap 3485,Snacks,Depok
GF-03487,Resto GrabMantap 3486,Martabak,Surabaya
GF-03488,Resto GrabMantap 3487,Martabak,Bogor
GF-03489,Resto GrabMantap 3488,Snacks,Bekasi
GF-03490,Resto GrabMantap 3489,Ayam Geprek,Bali
GF-03491,Resto GrabMantap 3490,Seafood,Bekasi
GF-03492,Resto GrabMantap 3491,Martabak,Bandung
GF-03493,Resto GrabMantap 3492,Ayam Geprek,Bekasi
GF-03494,Resto GrabMantap 3493,Martabak,Makassar
GF-03495,Resto GrabMantap 3494,Martabak,Jakarta
GF-03496,Resto GrabMantap 3495,Fast Food,Bali
GF-03497,Resto GrabMantap 3496,Ayam Geprek,Bandung
GF-03498,Resto GrabMantap 3497,Martabak,Medan
GF-03499,Resto GrabMantap 3498,Beverages,Tangerang
GF-03500,Resto GrabMantap 3499,Seafood,Bekasi
GF-03501,Resto GrabMantap 3500,Beverages,Jakarta
GF-03502,Resto GrabMantap 3501,Seafood,Bali
GF-03503,Resto GrabMantap 3502,Fast Food,Bandung
GF-03504,Resto GrabMantap 3503,Beverages,Jakarta
GF-03505,Resto GrabMantap 3504,Fast Food,Tangerang
GF-03506,Resto GrabMantap 3505,Snacks,Jakarta
GF-03507,Resto GrabMantap 3506,Martabak,Bekasi
GF-03508,Resto GrabMantap 3507,Seafood,Bandung
GF-03509,Resto GrabMantap 3508,Ayam Geprek,Surabaya
GF-03510,Resto GrabMantap 3509,Martabak,Tangerang
GF-03511,Resto GrabMantap 3510,Ayam Geprek,Makassar
GF-03512,Resto GrabMantap 3511,Beverages,Medan
GF-03513,Resto GrabMantap 3512,Seafood,Bali
GF-03514,Resto GrabMantap 3513,Beverages,Tangerang
GF-03515,Resto GrabMantap 3514,Seafood,Surabaya
GF-03516,Resto GrabMantap 3515,Snacks,Bali
GF-03517,Resto GrabMantap 3516,Ayam Geprek,Surabaya
GF-03518,Resto GrabMantap 3517,Fast Food,Jakarta
GF-03519,Resto GrabMantap 3518,Fast Food,Surabaya
GF-03520,Resto GrabMantap 3519,Martabak,Bali
GF-03521,Resto GrabMantap 3520,Snacks,Bogor
GF-03522,Resto GrabMantap 3521,Ayam Geprek,Bekasi
GF-03523,Resto GrabMantap 3522,Snacks,Bandung
GF-03524,Resto GrabMantap 3523,Martabak,Bekasi
GF-03525,Resto GrabMantap 3524,Ayam Geprek,Bandung
GF-03526,Resto GrabMantap 3525,Beverages,Bogor
GF-03527,Resto GrabMantap 3526,Snacks,Tangerang
GF-03528,Resto GrabMantap 3527,Beverages,Bekasi
GF-03529,Resto GrabMantap 3528,Snacks,Depok
GF-03530,Resto GrabMantap 3529,Ayam Geprek,Depok
GF-03531,Resto GrabMantap 3530,Beverages,Makassar
GF-03532,Resto GrabMantap 3531,Martabak,Medan
GF-03533,Resto GrabMantap 3532,Seafood,Bandung
GF-03534,Resto GrabMantap 3533,Ayam Geprek,Surabaya
GF-03535,Resto GrabMantap 3534,Martabak,Makassar
GF-03536,Resto GrabMantap 3535,Martabak,Makassar
GF-03537,Resto GrabMantap 3536,Beverages,Depok
GF-03538,Resto GrabMantap 3537,Martabak,Bandung
GF-03539,Resto GrabMantap 3538,Snacks,Depok
GF-03540,Resto GrabMantap 3539,Martabak,Medan
GF-03541,Resto GrabMantap 3540,Seafood,Jakarta
GF-03542,Resto GrabMantap 3541,Seafood,Jakarta
GF-03543,Resto GrabMantap 3542,Snacks,Medan
GF-03544,Resto GrabMantap 3543,Fast Food,Bandung
GF-03545,Resto GrabMantap 3544,Martabak,Surabaya
GF-03546,Resto GrabMantap 3545,Ayam Geprek,Surabaya
GF-03547,Resto GrabMantap 3546,Snacks,Surabaya
GF-03548,Resto GrabMantap 3547,Martabak,Jakarta
GF-03549,Resto GrabMantap 3548,Martabak,Surabaya
GF-03550,Resto GrabMantap 3549,Fast Food,Bali
GF-03551,Resto GrabMantap 3550,Ayam Geprek,Surabaya
GF-03552,Resto GrabMantap 3551,Ayam Geprek,Bogor
GF-03553,Resto GrabMantap 3552,Beverages,Bandung
GF-03554,Resto GrabMantap 3553,Fast Food,Bekasi
GF-03555,Resto GrabMantap 3554,Fast Food,Bandung
GF-03556,Resto GrabMantap 3555,Ayam Geprek,Bali
GF-03557,Resto GrabMantap 3556,Martabak,Bogor
GF-03558,Resto GrabMantap 3557,Martabak,Depok
GF-03559,Resto GrabMantap 3558,Ayam Geprek,Bogor
GF-03560,Resto GrabMantap 3559,Beverages,Jakarta
GF-03561,Resto GrabMantap 3560,Ayam Geprek,Depok
GF-03562,Resto GrabMantap 3561,Seafood,Bogor
GF-03563,Resto GrabMantap 3562,Martabak,Makassar
GF-03564,Resto GrabMantap 3563,Beverages,Bandung
GF-03565,Resto GrabMantap 3564,Beverages,Depok
GF-03566,Resto GrabMantap 3565,Snacks,Surabaya
GF-03567,Resto GrabMantap 3566,Ayam Geprek,Bogor
GF-03568,Resto GrabMantap 3567,Martabak,Medan
GF-03569,Resto GrabMantap 3568,Beverages,Surabaya
GF-03570,Resto GrabMantap 3569,Fast Food,Jakarta
GF-03571,Resto GrabMantap 3570,Ayam Geprek,Bali
GF-03572,Resto GrabMantap 3571,Martabak,Bali
GF-03573,Resto GrabMantap 3572,Fast Food,Bali
GF-03574,Resto GrabMantap 3573,Seafood,Bogor
GF-03575,Resto GrabMantap 3574,Snacks,Bandung
GF-03576,Resto GrabMantap 3575,Beverages,Surabaya
GF-03577,Resto GrabMantap 3576,Seafood,Bekasi
GF-03578,Resto GrabMantap 3577,Martabak,Tangerang
GF-03579,Resto GrabMantap 3578,Fast Food,Jakarta
GF-03580,Resto GrabMantap 3579,Snacks,Jakarta
GF-03581,Resto GrabMantap 3580,Ayam Geprek,Bekasi
GF-03582,Resto GrabMantap 3581,Snacks,Makassar
GF-03583,Resto GrabMantap 3582,Fast Food,Surabaya
GF-03584,Resto GrabMantap 3583,Beverages,Medan
GF-03585,Resto GrabMantap 3584,Ayam Geprek,Bogor
GF-03586,Resto GrabMantap 3585,Fast Food,Jakarta
GF-03587,Resto GrabMantap 3586,Snacks,Makassar
GF-03588,Resto GrabMantap 3587,Fast Food,Bekasi
GF-03589,Resto GrabMantap 3588,Beverages,Depok
GF-03590,Resto GrabMantap 3589,Ayam Geprek,Bandung
GF-03591,Resto GrabMantap 3590,Martabak,Makassar
GF-03592,Resto GrabMantap 3591,Fast Food,Medan
GF-03593,Resto GrabMantap 3592,Fast Food,Surabaya
GF-03594,Resto GrabMantap 3593,Seafood,Bali
GF-03595,Resto GrabMantap 3594,Seafood,Surabaya
GF-03596,Resto GrabMantap 3595,Beverages,Bandung
GF-03597,Resto GrabMantap 3596,Ayam Geprek,Depok
GF-03598,Resto GrabMantap 3597,Beverages,Bali
GF-03599,Resto GrabMantap 3598,Ayam Geprek,Bandung
GF-03600,Resto GrabMantap 3599,Snacks,Bogor
GF-03601,Resto GrabMantap 3600,Beverages,Tangerang
GF-03602,Resto GrabMantap 3601,Martabak,Bekasi
GF-03603,Resto GrabMantap 3602,Snacks,Bali
GF-03604,Resto GrabMantap 3603,Ayam Geprek,Bandung
GF-03605,Resto GrabMantap 3604,Snacks,Makassar
GF-03606,Resto GrabMantap 3605,Martabak,Medan
GF-03607,Resto GrabMantap 3606,Beverages,Surabaya
GF-03608,Resto GrabMantap 3607,Martabak,Tangerang
GF-03609,Resto GrabMantap 3608,Beverages,Depok
GF-03610,Resto GrabMantap 3609,Seafood,Bali
GF-03611,Resto GrabMantap 3610,Seafood,Bandung
GF-03612,Resto GrabMantap 3611,Fast Food,Jakarta
GF-03613,Resto GrabMantap 3612,Seafood,Jakarta
GF-03614,Resto GrabMantap 3613,Fast Food,Tangerang
GF-03615,Resto GrabMantap 3614,Fast Food,Bogor
GF-03616,Resto GrabMantap 3615,Ayam Geprek,Makassar
GF-03617,Resto GrabMantap 3616,Martabak,Depok
GF-03618,Resto GrabMantap 3617,Seafood,Jakarta
GF-03619,Resto GrabMantap 3618,Seafood,Medan
GF-03620,Resto GrabMantap 3619,Seafood,Jakarta
GF-03621,Resto GrabMantap 3620,Ayam Geprek,Bandung
GF-03622,Resto GrabMantap 3621,Martabak,Bandung
GF-03623,Resto GrabMantap 3622,Snacks,Bali
GF-03624,Resto GrabMantap 3623,Martabak,Bandung
GF-03625,Resto GrabMantap 3624,Seafood,Surabaya
GF-03626,Resto GrabMantap 3625,Fast Food,Makassar
GF-03627,Resto GrabMantap 3626,Seafood,Makassar
GF-03628,Resto GrabMantap 3627,Beverages,Bogor
GF-03629,Resto GrabMantap 3628,Beverages,Bali
GF-03630,Resto GrabMantap 3629,Fast Food,Makassar
GF-03631,Resto GrabMantap 3630,Beverages,Jakarta
GF-03632,Resto GrabMantap 3631,Beverages,Bandung
GF-03633,Resto GrabMantap 3632,Seafood,Surabaya
GF-03634,Resto GrabMantap 3633,Fast Food,Medan
GF-03635,Resto GrabMantap 3634,Seafood,Depok
GF-03636,Resto GrabMantap 3635,Ayam Geprek,Surabaya
GF-03637,Resto GrabMantap 3636,Fast Food,Makassar
GF-03638,Resto GrabMantap 3637,Ayam Geprek,Tangerang
GF-03639,Resto GrabMantap 3638,Ayam Geprek,Tangerang
GF-03640,Resto GrabMantap 3639,Fast Food,Jakarta
GF-03641,Resto GrabMantap 3640,Ayam Geprek,Bogor
GF-03642,Resto GrabMantap 3641,Fast Food,Bekasi
GF-03643,Resto GrabMantap 3642,Snacks,Depok
GF-03644,Resto GrabMantap 3643,Ayam Geprek,Tangerang
GF-03645,Resto GrabMantap 3644,Martabak,Bandung
GF-03646,Resto GrabMantap 3645,Snacks,Jakarta
GF-03647,Resto GrabMantap 3646,Martabak,Bali
GF-03648,Resto GrabMantap 3647,Seafood,Medan
GF-03649,Resto GrabMantap 3648,Fast Food,Tangerang
GF-03650,Resto GrabMantap 3649,Martabak,Bali
GF-03651,Resto GrabMantap 3650,Seafood,Bekasi
GF-03652,Resto GrabMantap 3651,Snacks,Depok
GF-03653,Resto GrabMantap 3652,Ayam Geprek,Jakarta
GF-03654,Resto GrabMantap 3653,Ayam Geprek,Jakarta
GF-03655,Resto GrabMantap 3654,Seafood,Makassar
GF-03656,Resto GrabMantap 3655,Ayam Geprek,Medan
GF-03657,Resto GrabMantap 3656,Seafood,Bogor
GF-03658,Resto GrabMantap 3657,Beverages,Bekasi
GF-03659,Resto GrabMantap 3658,Martabak,Depok
GF-03660,Resto GrabMantap 3659,Snacks,Depok
GF-03661,Resto GrabMantap 3660,Seafood,Depok
GF-03662,Resto GrabMantap 3661,Snacks,Depok
GF-03663,Resto GrabMantap 3662,Beverages,Bali
GF-03664,Resto GrabMantap 3663,Fast Food,Depok
GF-03665,Resto GrabMantap 3664,Fast Food,Surabaya
GF-03666,Resto GrabMantap 3665,Snacks,Medan
GF-03667,Resto GrabMantap 3666,Ayam Geprek,Makassar
GF-03668,Resto GrabMantap 3667,Ayam Geprek,Makassar
GF-03669,Resto GrabMantap 3668,Martabak,Jakarta
GF-03670,Resto GrabMantap 3669,Martabak,Bekasi
GF-03671,Resto GrabMantap 3670,Ayam Geprek,Bekasi
GF-03672,Resto GrabMantap 3671,Fast Food,Bekasi
GF-03673,Resto GrabMantap 3672,Fast Food,Jakarta
GF-03674,Resto GrabMantap 3673,Fast Food,Makassar
GF-03675,Resto GrabMantap 3674,Ayam Geprek,Makassar
GF-03676,Resto GrabMantap 3675,Fast Food,Medan
GF-03677,Resto GrabMantap 3676,Snacks,Bandung
GF-03678,Resto GrabMantap 3677,Beverages,Bali
GF-03679,Resto GrabMantap 3678,Snacks,Bekasi
GF-03680,Resto GrabMantap 3679,Ayam Geprek,Surabaya
GF-03681,Resto GrabMantap 3680,Beverages,Bali
GF-03682,Resto GrabMantap 3681,Snacks,Tangerang
GF-03683,Resto GrabMantap 3682,Martabak,Depok
GF-03684,Resto GrabMantap 3683,Beverages,Bekasi
GF-03685,Resto GrabMantap 3684,Beverages,Jakarta
GF-03686,Resto GrabMantap 3685,Fast Food,Bogor
GF-03687,Resto GrabMantap 3686,Fast Food,Jakarta
GF-03688,Resto GrabMantap 3687,Ayam Geprek,Bandung
GF-03689,Resto GrabMantap 3688,Fast Food,Bali
GF-03690,Resto GrabMantap 3689,Fast Food,Medan
GF-03691,Resto GrabMantap 3690,Fast Food,Surabaya
GF-03692,Resto GrabMantap 3691,Beverages,Medan
GF-03693,Resto GrabMantap 3692,Martabak,Bekasi
GF-03694,Resto GrabMantap 3693,Seafood,Bali
GF-03695,Resto GrabMantap 3694,Snacks,Makassar
GF-03696,Resto GrabMantap 3695,Seafood,Depok
GF-03697,Resto GrabMantap 3696,Martabak,Jakarta
GF-03698,Resto GrabMantap 3697,Martabak,Depok
GF-03699,Resto GrabMantap 3698,Ayam Geprek,Tangerang
GF-03700,Resto GrabMantap 3699,Fast Food,Bali
GF-03701,Resto GrabMantap 3700,Seafood,Tangerang
GF-03702,Resto GrabMantap 3701,Seafood,Depok
GF-03703,Resto GrabMantap 3702,Ayam Geprek,Depok
GF-03704,Resto GrabMantap 3703,Fast Food,Jakarta
GF-03705,Resto GrabMantap 3704,Beverages,Bandung
GF-03706,Resto GrabMantap 3705,Beverages,Jakarta
GF-03707,Resto GrabMantap 3706,Ayam Geprek,Bandung
GF-03708,Resto GrabMantap 3707,Ayam Geprek,Bogor
GF-03709,Resto GrabMantap 3708,Beverages,Jakarta
GF-03710,Resto GrabMantap 3709,Martabak,Bali
GF-03711,Resto GrabMantap 3710,Fast Food,Tangerang
GF-03712,Resto GrabMantap 3711,Beverages,Surabaya
GF-03713,Resto GrabMantap 3712,Seafood,Makassar
GF-03714,Resto GrabMantap 3713,Beverages,Bekasi
GF-03715,Resto GrabMantap 3714,Ayam Geprek,Bandung
GF-03716,Resto GrabMantap 3715,Seafood,Bekasi
GF-03717,Resto GrabMantap 3716,Fast Food,Makassar
GF-03718,Resto GrabMantap 3717,Beverages,Bekasi
GF-03719,Resto GrabMantap 3718,Beverages,Depok
GF-03720,Resto GrabMantap 3719,Snacks,Bogor
GF-03721,Resto GrabMantap 3720,Seafood,Bogor
GF-03722,Resto GrabMantap 3721,Ayam Geprek,Jakarta
GF-03723,Resto GrabMantap 3722,Martabak,Makassar
GF-03724,Resto GrabMantap 3723,Ayam Geprek,Makassar
GF-03725,Resto GrabMantap 3724,Martabak,Bogor
GF-03726,Resto GrabMantap 3725,Seafood,Bandung
GF-03727,Resto GrabMantap 3726,Martabak,Bali
GF-03728,Resto GrabMantap 3727,Beverages,Makassar
GF-03729,Resto GrabMantap 3728,Snacks,Bekasi
GF-03730,Resto GrabMantap 3729,Snacks,Medan
GF-03731,Resto GrabMantap 3730,Ayam Geprek,Bandung
GF-03732,Resto GrabMantap 3731,Seafood,Bali
GF-03733,Resto GrabMantap 3732,Fast Food,Depok
GF-03734,Resto GrabMantap 3733,Martabak,Bekasi
GF-03735,Resto GrabMantap 3734,Snacks,Tangerang
GF-03736,Resto GrabMantap 3735,Ayam Geprek,Bekasi
GF-03737,Resto GrabMantap 3736,Martabak,Bogor
GF-03738,Resto GrabMantap 3737,Snacks,Bali
GF-03739,Resto GrabMantap 3738,Fast Food,Makassar
GF-03740,Resto GrabMantap 3739,Fast Food,Bandung
GF-03741,Resto GrabMantap 3740,Beverages,Bandung
GF-03742,Resto GrabMantap 3741,Ayam Geprek,Surabaya
GF-03743,Resto GrabMantap 3742,Seafood,Makassar
GF-03744,Resto GrabMantap 3743,Martabak,Bali
GF-03745,Resto GrabMantap 3744,Martabak,Tangerang
GF-03746,Resto GrabMantap 3745,Snacks,Makassar
GF-03747,Resto GrabMantap 3746,Snacks,Depok
GF-03748,Resto GrabMantap 3747,Snacks,Depok
GF-03749,Resto GrabMantap 3748,Beverages,Bogor
GF-03750,Resto GrabMantap 3749,Fast Food,Jakarta
GF-03751,Resto GrabMantap 3750,Martabak,Surabaya
GF-03752,Resto GrabMantap 3751,Fast Food,Tangerang
GF-03753,Resto GrabMantap 3752,Fast Food,Surabaya
GF-03754,Resto GrabMantap 3753,Seafood,Makassar
GF-03755,Resto GrabMantap 3754,Fast Food,Bali
GF-03756,Resto GrabMantap 3755,Fast Food,Surabaya
GF-03757,Resto GrabMantap 3756,Ayam Geprek,Makassar
GF-03758,Resto GrabMantap 3757,Beverages,Makassar
GF-03759,Resto GrabMantap 3758,Ayam Geprek,Makassar
GF-03760,Resto GrabMantap 3759,Ayam Geprek,Depok
GF-03761,Resto GrabMantap 3760,Beverages,Medan
GF-03762,Resto GrabMantap 3761,Martabak,Surabaya
GF-03763,Resto GrabMantap 3762,Seafood,Bogor
GF-03764,Resto GrabMantap 3763,Fast Food,Bekasi
GF-03765,Resto GrabMantap 3764,Martabak,Bandung
GF-03766,Resto GrabMantap 3765,Snacks,Bogor
GF-03767,Resto GrabMantap 3766,Martabak,Tangerang
GF-03768,Resto GrabMantap 3767,Martabak,Bekasi
GF-03769,Resto GrabMantap 3768,Fast Food,Depok
GF-03770,Resto GrabMantap 3769,Martabak,Depok
GF-03771,Resto GrabMantap 3770,Seafood,Medan
GF-03772,Resto GrabMantap 3771,Beverages,Jakarta
GF-03773,Resto GrabMantap 3772,Snacks,Bogor
GF-03774,Resto GrabMantap 3773,Beverages,Bogor
GF-03775,Resto GrabMantap 3774,Seafood,Bali
GF-03776,Resto GrabMantap 3775,Ayam Geprek,Bekasi
GF-03777,Resto GrabMantap 3776,Beverages,Bekasi
GF-03778,Resto GrabMantap 3777,Beverages,Medan
GF-03779,Resto GrabMantap 3778,Snacks,Depok
GF-03780,Resto GrabMantap 3779,Snacks,Surabaya
GF-03781,Resto GrabMantap 3780,Ayam Geprek,Makassar
GF-03782,Resto GrabMantap 3781,Snacks,Depok
GF-03783,Resto GrabMantap 3782,Beverages,Bogor
GF-03784,Resto GrabMantap 3783,Seafood,Tangerang
GF-03785,Resto GrabMantap 3784,Seafood,Bogor
GF-03786,Resto GrabMantap 3785,Seafood,Bogor
GF-03787,Resto GrabMantap 3786,Seafood,Surabaya
GF-03788,Resto GrabMantap 3787,Martabak,Bali
GF-03789,Resto GrabMantap 3788,Ayam Geprek,Bekasi
GF-03790,Resto GrabMantap 3789,Beverages,Bandung
GF-03791,Resto GrabMantap 3790,Ayam Geprek,Bogor
GF-03792,Resto GrabMantap 3791,Beverages,Makassar
GF-03793,Resto GrabMantap 3792,Martabak,Bandung
GF-03794,Resto GrabMantap 3793,Seafood,Bekasi
GF-03795,Resto GrabMantap 3794,Beverages,Medan
GF-03796,Resto GrabMantap 3795,Snacks,Jakarta
GF-03797,Resto GrabMantap 3796,Ayam Geprek,Depok
GF-03798,Resto GrabMantap 3797,Seafood,Bali
GF-03799,Resto GrabMantap 3798,Beverages,Depok
GF-03800,Resto GrabMantap 3799,Ayam Geprek,Bogor
GF-03801,Resto GrabMantap 3800,Snacks,Jakarta
GF-03802,Resto GrabMantap 3801,Ayam Geprek,Bekasi
GF-03803,Resto GrabMantap 3802,Snacks,Surabaya
GF-03804,Resto GrabMantap 3803,Fast Food,Depok
GF-03805,Resto GrabMantap 3804,Martabak,Makassar
GF-03806,Resto GrabMantap 3805,Martabak,Depok
GF-03807,Resto GrabMantap 3806,Ayam Geprek,Medan
GF-03808,Resto GrabMantap 3807,Seafood,Bekasi
GF-03809,Resto GrabMantap 3808,Fast Food,Bekasi
GF-03810,Resto GrabMantap 3809,Snacks,Tangerang
GF-03811,Resto GrabMantap 3810,Ayam Geprek,Bandung
GF-03812,Resto GrabMantap 3811,Ayam Geprek,Jakarta
GF-03813,Resto GrabMantap 3812,Beverages,Bogor
GF-03814,Resto GrabMantap 3813,Martabak,Tangerang
GF-03815,Resto GrabMantap 3814,Beverages,Bogor
GF-03816,Resto GrabMantap 3815,Ayam Geprek,Bogor
GF-03817,Resto GrabMantap 3816,Martabak,Surabaya
GF-03818,Resto GrabMantap 3817,Snacks,Tangerang
GF-03819,Resto GrabMantap 3818,Seafood,Medan
GF-03820,Resto GrabMantap 3819,Beverages,Bogor
GF-03821,Resto GrabMantap 3820,Martabak,Bandung
GF-03822,Resto GrabMantap 3821,Beverages,Bali
GF-03823,Resto GrabMantap 3822,Ayam Geprek,Depok
GF-03824,Resto GrabMantap 3823,Fast Food,Bali
GF-03825,Resto GrabMantap 3824,Beverages,Bandung
GF-03826,Resto GrabMantap 3825,Beverages,Makassar
GF-03827,Resto GrabMantap 3826,Snacks,Jakarta
GF-03828,Resto GrabMantap 3827,Beverages,Bandung
GF-03829,Resto GrabMantap 3828,Snacks,Surabaya
GF-03830,Resto GrabMantap 3829,Fast Food,Bali
GF-03831,Resto GrabMantap 3830,Fast Food,Bandung
GF-03832,Resto GrabMantap 3831,Martabak,Bekasi
GF-03833,Resto GrabMantap 3832,Seafood,Bogor
GF-03834,Resto GrabMantap 3833,Ayam Geprek,Depok
GF-03835,Resto GrabMantap 3834,Martabak,Bali
GF-03836,Resto GrabMantap 3835,Fast Food,Medan
GF-03837,Resto GrabMantap 3836,Ayam Geprek,Bandung
GF-03838,Resto GrabMantap 3837,Ayam Geprek,Jakarta
GF-03839,Resto GrabMantap 3838,Seafood,Surabaya
GF-03840,Resto GrabMantap 3839,Snacks,Makassar
GF-03841,Resto GrabMantap 3840,Martabak,Bandung
GF-03842,Resto GrabMantap 3841,Martabak,Medan
GF-03843,Resto GrabMantap 3842,Martabak,Surabaya
GF-03844,Resto GrabMantap 3843,Fast Food,Makassar
GF-03845,Resto GrabMantap 3844,Martabak,Medan
GF-03846,Resto GrabMantap 3845,Beverages,Bogor
GF-03847,Resto GrabMantap 3846,Ayam Geprek,Bogor
GF-03848,Resto GrabMantap 3847,Fast Food,Jakarta
GF-03849,Resto GrabMantap 3848,Martabak,Bekasi
GF-03850,Resto GrabMantap 3849,Beverages,Bekasi
GF-03851,Resto GrabMantap 3850,Ayam Geprek,Tangerang
GF-03852,Resto GrabMantap 3851,Snacks,Depok
GF-03853,Resto GrabMantap 3852,Beverages,Tangerang
GF-03854,Resto GrabMantap 3853,Ayam Geprek,Bogor
GF-03855,Resto GrabMantap 3854,Snacks,Tangerang
GF-03856,Resto GrabMantap 3855,Ayam Geprek,Tangerang
GF-03857,Resto GrabMantap 3856,Martabak,Bekasi
GF-03858,Resto GrabMantap 3857,Fast Food,Makassar
GF-03859,Resto GrabMantap 3858,Fast Food,Depok
GF-03860,Resto GrabMantap 3859,Beverages,Bali
GF-03861,Resto GrabMantap 3860,Seafood,Bekasi
GF-03862,Resto GrabMantap 3861,Snacks,Surabaya
GF-03863,Resto GrabMantap 3862,Martabak,Bandung
GF-03864,Resto GrabMantap 3863,Martabak,Surabaya
GF-03865,Resto GrabMantap 3864,Martabak,Surabaya
GF-03866,Resto GrabMantap 3865,Seafood,Tangerang
GF-03867,Resto GrabMantap 3866,Fast Food,Makassar
GF-03868,Resto GrabMantap 3867,Fast Food,Bali
GF-03869,Resto GrabMantap 3868,Martabak,Bogor
GF-03870,Resto GrabMantap 3869,Fast Food,Medan
GF-03871,Resto GrabMantap 3870,Snacks,Tangerang
GF-03872,Resto GrabMantap 3871,Snacks,Bandung
GF-03873,Resto GrabMantap 3872,Fast Food,Tangerang
GF-03874,Resto GrabMantap 3873,Martabak,Bandung
GF-03875,Resto GrabMantap 3874,Snacks,Bandung
GF-03876,Resto GrabMantap 3875,Beverages,Bandung
GF-03877,Resto GrabMantap 3876,Fast Food,Surabaya
GF-03878,Resto GrabMantap 3877,Snacks,Tangerang
GF-03879,Resto GrabMantap 3878,Seafood,Bekasi
GF-03880,Resto GrabMantap 3879,Seafood,Surabaya
GF-03881,Resto GrabMantap 3880,Martabak,Bogor
GF-03882,Resto GrabMantap 3881,Beverages,Makassar
GF-03883,Resto GrabMantap 3882,Ayam Geprek,Surabaya
GF-03884,Resto GrabMantap 3883,Fast Food,Bogor
GF-03885,Resto GrabMantap 3884,Beverages,Bekasi
GF-03886,Resto GrabMantap 3885,Beverages,Bekasi
GF-03887,Resto GrabMantap 3886,Ayam Geprek,Jakarta
GF-03888,Resto GrabMantap 3887,Ayam Geprek,Depok
GF-03889,Resto GrabMantap 3888,Fast Food,Bogor
GF-03890,Resto GrabMantap 3889,Seafood,Jakarta
GF-03891,Resto GrabMantap 3890,Snacks,Medan
GF-03892,Resto GrabMantap 3891,Beverages,Depok
GF-03893,Resto GrabMantap 3892,Beverages,Surabaya
GF-03894,Resto GrabMantap 3893,Fast Food,Bandung
GF-03895,Resto GrabMantap 3894,Beverages,Makassar
GF-03896,Resto GrabMantap 3895,Ayam Geprek,Bekasi
GF-03897,Resto GrabMantap 3896,Seafood,Makassar
GF-03898,Resto GrabMantap 3897,Ayam Geprek,Makassar
GF-03899,Resto GrabMantap 3898,Seafood,Medan
GF-03900,Resto GrabMantap 3899,Fast Food,Jakarta
GF-03901,Resto GrabMantap 3900,Fast Food,Bogor
GF-03902,Resto GrabMantap 3901,Snacks,Tangerang
GF-03903,Resto GrabMantap 3902,Martabak,Tangerang
GF-03904,Resto GrabMantap 3903,Snacks,Bandung
GF-03905,Resto GrabMantap 3904,Seafood,Makassar
GF-03906,Resto GrabMantap 3905,Snacks,Medan
GF-03907,Resto GrabMantap 3906,Snacks,Makassar
GF-03908,Resto GrabMantap 3907,Beverages,Depok
GF-03909,Resto GrabMantap 3908,Fast Food,Medan
GF-03910,Resto GrabMantap 3909,Fast Food,Depok
GF-03911,Resto GrabMantap 3910,Martabak,Bogor
GF-03912,Resto GrabMantap 3911,Snacks,Makassar
GF-03913,Resto GrabMantap 3912,Snacks,Bandung
GF-03914,Resto GrabMantap 3913,Fast Food,Surabaya
GF-03915,Resto GrabMantap 3914,Martabak,Bandung
GF-03916,Resto GrabMantap 3915,Beverages,Surabaya
GF-03917,Resto GrabMantap 3916,Fast Food,Surabaya
GF-03918,Resto GrabMantap 3917,Beverages,Bali
GF-03919,Resto GrabMantap 3918,Beverages,Depok
GF-03920,Resto GrabMantap 3919,Beverages,Jakarta
GF-03921,Resto GrabMantap 3920,Martabak,Jakarta
GF-03922,Resto GrabMantap 3921,Beverages,Bali
GF-03923,Resto GrabMantap 3922,Martabak,Depok
GF-03924,Resto GrabMantap 3923,Seafood,Surabaya
GF-03925,Resto GrabMantap 3924,Fast Food,Jakarta
GF-03926,Resto GrabMantap 3925,Seafood,Tangerang
GF-03927,Resto GrabMantap 3926,Martabak,Tangerang
GF-03928,Resto GrabMantap 3927,Beverages,Bekasi
GF-03929,Resto GrabMantap 3928,Ayam Geprek,Tangerang
GF-03930,Resto GrabMantap 3929,Snacks,Bandung
GF-03931,Resto GrabMantap 3930,Seafood,Medan
GF-03932,Resto GrabMantap 3931,Martabak,Bandung
GF-03933,Resto GrabMantap 3932,Fast Food,Bogor
GF-03934,Resto GrabMantap 3933,Ayam Geprek,Makassar
GF-03935,Resto GrabMantap 3934,Beverages,Jakarta
GF-03936,Resto GrabMantap 3935,Fast Food,Tangerang
GF-03937,Resto GrabMantap 3936,Seafood,Bali
GF-03938,Resto GrabMantap 3937,Snacks,Bogor
GF-03939,Resto GrabMantap 3938,Ayam Geprek,Tangerang
GF-03940,Resto GrabMantap 3939,Seafood,Jakarta
GF-03941,Resto GrabMantap 3940,Seafood,Depok
GF-03942,Resto GrabMantap 3941,Beverages,Jakarta
GF-03943,Resto GrabMantap 3942,Fast Food,Makassar
GF-03944,Resto GrabMantap 3943,Fast Food,Surabaya
GF-03945,Resto GrabMantap 3944,Ayam Geprek,Makassar
GF-03946,Resto GrabMantap 3945,Seafood,Medan
GF-03947,Resto GrabMantap 3946,Ayam Geprek,Makassar
GF-03948,Resto GrabMantap 3947,Martabak,Medan
GF-03949,Resto GrabMantap 3948,Ayam Geprek,Tangerang
GF-03950,Resto GrabMantap 3949,Beverages,Bekasi
GF-03951,Resto GrabMantap 3950,Ayam Geprek,Surabaya
GF-03952,Resto GrabMantap 3951,Snacks,Jakarta
GF-03953,Resto GrabMantap 3952,Ayam Geprek,Medan
GF-03954,Resto GrabMantap 3953,Snacks,Bekasi
GF-03955,Resto GrabMantap 3954,Seafood,Jakarta
GF-03956,Resto GrabMantap 3955,Seafood,Jakarta
GF-03957,Resto GrabMantap 3956,Snacks,Bogor
GF-03958,Resto GrabMantap 3957,Snacks,Bekasi
GF-03959,Resto GrabMantap 3958,Snacks,Surabaya
GF-03960,Resto GrabMantap 3959,Seafood,Jakarta
GF-03961,Resto GrabMantap 3960,Ayam Geprek,Makassar
GF-03962,Resto GrabMantap 3961,Snacks,Bogor
GF-03963,Resto GrabMantap 3962,Martabak,Bandung
GF-03964,Resto GrabMantap 3963,Ayam Geprek,Jakarta
GF-03965,Resto GrabMantap 3964,Snacks,Bali
GF-03966,Resto GrabMantap 3965,Seafood,Bekasi
GF-03967,Resto GrabMantap 3966,Snacks,Medan
GF-03968,Resto GrabMantap 3967,Seafood,Medan
GF-03969,Resto GrabMantap 3968,Ayam Geprek,Jakarta
GF-03970,Resto GrabMantap 3969,Martabak,Bogor
GF-03971,Resto GrabMantap 3970,Martabak,Bandung
GF-03972,Resto GrabMantap 3971,Ayam Geprek,Jakarta
GF-03973,Resto GrabMantap 3972,Snacks,Medan
GF-03974,Resto GrabMantap 3973,Martabak,Bogor
GF-03975,Resto GrabMantap 3974,Fast Food,Bali
GF-03976,Resto GrabMantap 3975,Beverages,Bali
GF-03977,Resto GrabMantap 3976,Ayam Geprek,Medan
GF-03978,Resto GrabMantap 3977,Ayam Geprek,Bandung
GF-03979,Resto GrabMantap 3978,Snacks,Bali
GF-03980,Resto GrabMantap 3979,Martabak,Bogor
GF-03981,Resto GrabMantap 3980,Ayam Geprek,Surabaya
GF-03982,Resto GrabMantap 3981,Seafood,Makassar
GF-03983,Resto GrabMantap 3982,Martabak,Depok
GF-03984,Resto GrabMantap 3983,Ayam Geprek,Jakarta
GF-03985,Resto GrabMantap 3984,Snacks,Bali
GF-03986,Resto GrabMantap 3985,Seafood,Makassar
GF-03987,Resto GrabMantap 3986,Seafood,Tangerang
GF-03988,Resto GrabMantap 3987,Fast Food,Tangerang
GF-03989,Resto GrabMantap 3988,Beverages,Bandung
GF-03990,Resto GrabMantap 3989,Fast Food,Bandung
GF-03991,Resto GrabMantap 3990,Snacks,Bekasi
GF-03992,Resto GrabMantap 3991,Fast Food,Tangerang
GF-03993,Resto GrabMantap 3992,Fast Food,Medan
GF-03994,Resto GrabMantap 3993,Snacks,Jakarta
GF-03995,Resto GrabMantap 3994,Beverages,Bekasi
GF-03996,Resto GrabMantap 3995,Ayam Geprek,Bandung
GF-03997,Resto GrabMantap 3996,Fast Food,Bekasi
GF-03998,Resto GrabMantap 3997,Beverages,Bali
GF-03999,Resto GrabMantap 3998,Seafood,Medan
GF-04000,Resto GrabMantap 3999,Martabak,Bogor
GF-04001,Resto GrabMantap 4000,Martabak,Bekasi
GF-04002,Resto GrabMantap 4001,Fast Food,Makassar
GF-04003,Resto GrabMantap 4002,Seafood,Surabaya
GF-04004,Resto GrabMantap 4003,Seafood,Bogor
GF-04005,Resto GrabMantap 4004,Seafood,Bandung
GF-04006,Resto GrabMantap 4005,Fast Food,Surabaya
GF-04007,Resto GrabMantap 4006,Ayam Geprek,Bandung
GF-04008,Resto GrabMantap 4007,Martabak,Makassar
GF-04009,Resto GrabMantap 4008,Fast Food,Tangerang
GF-04010,Resto GrabMantap 4009,Beverages,Surabaya
GF-04011,Resto GrabMantap 4010,Ayam Geprek,Bali
GF-04012,Resto GrabMantap 4011,Snacks,Depok
GF-04013,Resto GrabMantap 4012,Ayam Geprek,Bogor
GF-04014,Resto GrabMantap 4013,Snacks,Depok
GF-04015,Resto GrabMantap 4014,Seafood,Depok
GF-04016,Resto GrabMantap 4015,Martabak,Bandung
GF-04017,Resto GrabMantap 4016,Seafood,Medan
GF-04018,Resto GrabMantap 4017,Fast Food,Jakarta
GF-04019,Resto GrabMantap 4018,Fast Food,Bandung
GF-04020,Resto GrabMantap 4019,Fast Food,Bekasi
GF-04021,Resto GrabMantap 4020,Seafood,Surabaya
GF-04022,Resto GrabMantap 4021,Seafood,Bekasi
GF-04023,Resto GrabMantap 4022,Martabak,Tangerang
GF-04024,Resto GrabMantap 4023,Ayam Geprek,Tangerang
GF-04025,Resto GrabMantap 4024,Martabak,Bali
GF-04026,Resto GrabMantap 4025,Ayam Geprek,Bali
GF-04027,Resto GrabMantap 4026,Seafood,Bogor
GF-04028,Resto GrabMantap 4027,Martabak,Bali
GF-04029,Resto GrabMantap 4028,Fast Food,Depok
GF-04030,Resto GrabMantap 4029,Beverages,Bandung
GF-04031,Resto GrabMantap 4030,Ayam Geprek,Tangerang
GF-04032,Resto GrabMantap 4031,Fast Food,Bali
GF-04033,Resto GrabMantap 4032,Fast Food,Bekasi
GF-04034,Resto GrabMantap 4033,Beverages,Bogor
GF-04035,Resto GrabMantap 4034,Martabak,Bali
GF-04036,Resto GrabMantap 4035,Snacks,Depok
GF-04037,Resto GrabMantap 4036,Beverages,Makassar
GF-04038,Resto GrabMantap 4037,Fast Food,Bekasi
GF-04039,Resto GrabMantap 4038,Ayam Geprek,Surabaya
GF-04040,Resto GrabMantap 4039,Snacks,Bogor
GF-04041,Resto GrabMantap 4040,Fast Food,Makassar
GF-04042,Resto GrabMantap 4041,Seafood,Depok
GF-04043,Resto GrabMantap 4042,Fast Food,Depok
GF-04044,Resto GrabMantap 4043,Ayam Geprek,Bandung
GF-04045,Resto GrabMantap 4044,Fast Food,Makassar
GF-04046,Resto GrabMantap 4045,Ayam Geprek,Bekasi
GF-04047,Resto GrabMantap 4046,Ayam Geprek,Medan
GF-04048,Resto GrabMantap 4047,Martabak,Tangerang
GF-04049,Resto GrabMantap 4048,Seafood,Tangerang
GF-04050,Resto GrabMantap 4049,Seafood,Bekasi
GF-04051,Resto GrabMantap 4050,Fast Food,Bekasi
GF-04052,Resto GrabMantap 4051,Ayam Geprek,Bogor
GF-04053,Resto GrabMantap 4052,Ayam Geprek,Bekasi
GF-04054,Resto GrabMantap 4053,Snacks,Bali
GF-04055,Resto GrabMantap 4054,Martabak,Medan
GF-04056,Resto GrabMantap 4055,Fast Food,Medan
GF-04057,Resto GrabMantap 4056,Seafood,Jakarta
GF-04058,Resto GrabMantap 4057,Martabak,Tangerang
GF-04059,Resto GrabMantap 4058,Martabak,Depok
GF-04060,Resto GrabMantap 4059,Beverages,Bali
GF-04061,Resto GrabMantap 4060,Martabak,Tangerang
GF-04062,Resto GrabMantap 4061,Snacks,Bekasi
GF-04063,Resto GrabMantap 4062,Snacks,Depok
GF-04064,Resto GrabMantap 4063,Snacks,Bali
GF-04065,Resto GrabMantap 4064,Martabak,Medan
GF-04066,Resto GrabMantap 4065,Snacks,Makassar
GF-04067,Resto GrabMantap 4066,Fast Food,Depok
GF-04068,Resto GrabMantap 4067,Martabak,Bogor
GF-04069,Resto GrabMantap 4068,Seafood,Tangerang
GF-04070,Resto GrabMantap 4069,Fast Food,Tangerang
GF-04071,Resto GrabMantap 4070,Snacks,Medan
GF-04072,Resto GrabMantap 4071,Fast Food,Makassar
GF-04073,Resto GrabMantap 4072,Ayam Geprek,Bandung
GF-04074,Resto GrabMantap 4073,Martabak,Bekasi
GF-04075,Resto GrabMantap 4074,Ayam Geprek,Bekasi
GF-04076,Resto GrabMantap 4075,Fast Food,Tangerang
GF-04077,Resto GrabMantap 4076,Beverages,Tangerang
GF-04078,Resto GrabMantap 4077,Beverages,Tangerang
GF-04079,Resto GrabMantap 4078,Snacks,Bogor
GF-04080,Resto GrabMantap 4079,Seafood,Bekasi
GF-04081,Resto GrabMantap 4080,Seafood,Bekasi
GF-04082,Resto GrabMantap 4081,Martabak,Makassar
GF-04083,Resto GrabMantap 4082,Beverages,Makassar
GF-04084,Resto GrabMantap 4083,Seafood,Medan
GF-04085,Resto GrabMantap 4084,Seafood,Depok
GF-04086,Resto GrabMantap 4085,Seafood,Makassar
GF-04087,Resto GrabMantap 4086,Beverages,Bogor
GF-04088,Resto GrabMantap 4087,Beverages,Depok
GF-04089,Resto GrabMantap 4088,Fast Food,Medan
GF-04090,Resto GrabMantap 4089,Martabak,Jakarta
GF-04091,Resto GrabMantap 4090,Fast Food,Tangerang
GF-04092,Resto GrabMantap 4091,Seafood,Bandung
GF-04093,Resto GrabMantap 4092,Snacks,Tangerang
GF-04094,Resto GrabMantap 4093,Martabak,Bogor
GF-04095,Resto GrabMantap 4094,Snacks,Bandung
GF-04096,Resto GrabMantap 4095,Ayam Geprek,Makassar
GF-04097,Resto GrabMantap 4096,Snacks,Bogor
GF-04098,Resto GrabMantap 4097,Seafood,Medan
GF-04099,Resto GrabMantap 4098,Snacks,Tangerang
GF-04100,Resto GrabMantap 4099,Snacks,Bekasi
GF-04101,Resto GrabMantap 4100,Ayam Geprek,Surabaya
GF-04102,Resto GrabMantap 4101,Ayam Geprek,Medan
GF-04103,Resto GrabMantap 4102,Martabak,Bekasi
GF-04104,Resto GrabMantap 4103,Ayam Geprek,Depok
GF-04105,Resto GrabMantap 4104,Snacks,Bogor
GF-04106,Resto GrabMantap 4105,Beverages,Bekasi
GF-04107,Resto GrabMantap 4106,Beverages,Depok
GF-04108,Resto GrabMantap 4107,Ayam Geprek,Jakarta
GF-04109,Resto GrabMantap 4108,Fast Food,Jakarta
GF-04110,Resto GrabMantap 4109,Seafood,Medan
GF-04111,Resto GrabMantap 4110,Beverages,Bali
GF-04112,Resto GrabMantap 4111,Snacks,Surabaya
GF-04113,Resto GrabMantap 4112,Beverages,Jakarta
GF-04114,Resto GrabMantap 4113,Fast Food,Depok
GF-04115,Resto GrabMantap 4114,Fast Food,Tangerang
GF-04116,Resto GrabMantap 4115,Snacks,Medan
GF-04117,Resto GrabMantap 4116,Martabak,Surabaya
GF-04118,Resto GrabMantap 4117,Martabak,Depok
GF-04119,Resto GrabMantap 4118,Ayam Geprek,Surabaya
GF-04120,Resto GrabMantap 4119,Seafood,Depok
GF-04121,Resto GrabMantap 4120,Fast Food,Bali
GF-04122,Resto GrabMantap 4121,Beverages,Surabaya
GF-04123,Resto GrabMantap 4122,Ayam Geprek,Bekasi
GF-04124,Resto GrabMantap 4123,Martabak,Bogor
GF-04125,Resto GrabMantap 4124,Fast Food,Depok
GF-04126,Resto GrabMantap 4125,Martabak,Makassar
GF-04127,Resto GrabMantap 4126,Ayam Geprek,Medan
GF-04128,Resto GrabMantap 4127,Ayam Geprek,Tangerang
GF-04129,Resto GrabMantap 4128,Fast Food,Jakarta
GF-04130,Resto GrabMantap 4129,Beverages,Bogor
GF-04131,Resto GrabMantap 4130,Ayam Geprek,Surabaya
GF-04132,Resto GrabMantap 4131,Beverages,Bekasi
GF-04133,Resto GrabMantap 4132,Snacks,Makassar
GF-04134,Resto GrabMantap 4133,Ayam Geprek,Bali
GF-04135,Resto GrabMantap 4134,Fast Food,Bogor
GF-04136,Resto GrabMantap 4135,Ayam Geprek,Bali
GF-04137,Resto GrabMantap 4136,Ayam Geprek,Bekasi
GF-04138,Resto GrabMantap 4137,Seafood,Bekasi
GF-04139,Resto GrabMantap 4138,Snacks,Medan
GF-04140,Resto GrabMantap 4139,Seafood,Bogor
GF-04141,Resto GrabMantap 4140,Snacks,Depok
GF-04142,Resto GrabMantap 4141,Ayam Geprek,Depok
GF-04143,Resto GrabMantap 4142,Martabak,Depok
GF-04144,Resto GrabMantap 4143,Beverages,Bali
GF-04145,Resto GrabMantap 4144,Beverages,Bekasi
GF-04146,Resto GrabMantap 4145,Beverages,Surabaya
GF-04147,Resto GrabMantap 4146,Snacks,Bandung
GF-04148,Resto GrabMantap 4147,Fast Food,Medan
GF-04149,Resto GrabMantap 4148,Martabak,Bogor
GF-04150,Resto GrabMantap 4149,Martabak,Bandung
GF-04151,Resto GrabMantap 4150,Beverages,Bogor
GF-04152,Resto GrabMantap 4151,Fast Food,Jakarta
GF-04153,Resto GrabMantap 4152,Beverages,Tangerang
GF-04154,Resto GrabMantap 4153,Ayam Geprek,Medan
GF-04155,Resto GrabMantap 4154,Snacks,Surabaya
GF-04156,Resto GrabMantap 4155,Snacks,Tangerang
GF-04157,Resto GrabMantap 4156,Martabak,Bali
GF-04158,Resto GrabMantap 4157,Beverages,Bandung
GF-04159,Resto GrabMantap 4158,Fast Food,Bogor
GF-04160,Resto GrabMantap 4159,Martabak,Depok
GF-04161,Resto GrabMantap 4160,Seafood,Depok
GF-04162,Resto GrabMantap 4161,Beverages,Bali
GF-04163,Resto GrabMantap 4162,Snacks,Bali
GF-04164,Resto GrabMantap 4163,Martabak,Bandung
GF-04165,Resto GrabMantap 4164,Fast Food,Makassar
GF-04166,Resto GrabMantap 4165,Martabak,Depok
GF-04167,Resto GrabMantap 4166,Snacks,Bekasi
GF-04168,Resto GrabMantap 4167,Martabak,Bogor
GF-04169,Resto GrabMantap 4168,Snacks,Tangerang
GF-04170,Resto GrabMantap 4169,Seafood,Surabaya
GF-04171,Resto GrabMantap 4170,Snacks,Makassar
GF-04172,Resto GrabMantap 4171,Seafood,Makassar
GF-04173,Resto GrabMantap 4172,Martabak,Makassar
GF-04174,Resto GrabMantap 4173,Snacks,Medan
GF-04175,Resto GrabMantap 4174,Martabak,Bekasi
GF-04176,Resto GrabMantap 4175,Fast Food,Bekasi
GF-04177,Resto GrabMantap 4176,Beverages,Depok
GF-04178,Resto GrabMantap 4177,Ayam Geprek,Bogor
GF-04179,Resto GrabMantap 4178,Fast Food,Medan
GF-04180,Resto GrabMantap 4179,Ayam Geprek,Jakarta
GF-04181,Resto GrabMantap 4180,Fast Food,Tangerang
GF-04182,Resto GrabMantap 4181,Martabak,Surabaya
GF-04183,Resto GrabMantap 4182,Ayam Geprek,Bogor
GF-04184,Resto GrabMantap 4183,Martabak,Jakarta
GF-04185,Resto GrabMantap 4184,Ayam Geprek,Depok
GF-04186,Resto GrabMantap 4185,Beverages,Makassar
GF-04187,Resto GrabMantap 4186,Fast Food,Medan
GF-04188,Resto GrabMantap 4187,Seafood,Bekasi
GF-04189,Resto GrabMantap 4188,Martabak,Depok
GF-04190,Resto GrabMantap 4189,Ayam Geprek,Depok
GF-04191,Resto GrabMantap 4190,Ayam Geprek,Surabaya
GF-04192,Resto GrabMantap 4191,Beverages,Makassar
GF-04193,Resto GrabMantap 4192,Snacks,Bali
GF-04194,Resto GrabMantap 4193,Martabak,Jakarta
GF-04195,Resto GrabMantap 4194,Seafood,Bekasi
GF-04196,Resto GrabMantap 4195,Seafood,Bekasi
GF-04197,Resto GrabMantap 4196,Snacks,Depok
GF-04198,Resto GrabMantap 4197,Martabak,Bali
GF-04199,Resto GrabMantap 4198,Ayam Geprek,Jakarta
GF-04200,Resto GrabMantap 4199,Seafood,Medan
GF-04201,Resto GrabMantap 4200,Martabak,Makassar
GF-04202,Resto GrabMantap 4201,Ayam Geprek,Bali
GF-04203,Resto GrabMantap 4202,Snacks,Bandung
GF-04204,Resto GrabMantap 4203,Seafood,Jakarta
GF-04205,Resto GrabMantap 4204,Seafood,Bandung
GF-04206,Resto GrabMantap 4205,Fast Food,Bogor
GF-04207,Resto GrabMantap 4206,Ayam Geprek,Bali
GF-04208,Resto GrabMantap 4207,Fast Food,Medan
GF-04209,Resto GrabMantap 4208,Martabak,Depok
GF-04210,Resto GrabMantap 4209,Beverages,Bogor
GF-04211,Resto GrabMantap 4210,Fast Food,Tangerang
GF-04212,Resto GrabMantap 4211,Beverages,Tangerang
GF-04213,Resto GrabMantap 4212,Fast Food,Surabaya
GF-04214,Resto GrabMantap 4213,Fast Food,Bandung
GF-04215,Resto GrabMantap 4214,Martabak,Bekasi
GF-04216,Resto GrabMantap 4215,Beverages,Bekasi
GF-04217,Resto GrabMantap 4216,Ayam Geprek,Surabaya
GF-04218,Resto GrabMantap 4217,Beverages,Bogor
GF-04219,Resto GrabMantap 4218,Beverages,Jakarta
GF-04220,Resto GrabMantap 4219,Beverages,Jakarta
GF-04221,Resto GrabMantap 4220,Ayam Geprek,Medan
GF-04222,Resto GrabMantap 4221,Martabak,Tangerang
GF-04223,Resto GrabMantap 4222,Martabak,Tangerang
GF-04224,Resto GrabMantap 4223,Fast Food,Jakarta
GF-04225,Resto GrabMantap 4224,Fast Food,Tangerang
GF-04226,Resto GrabMantap 4225,Fast Food,Bali
GF-04227,Resto GrabMantap 4226,Ayam Geprek,Jakarta
GF-04228,Resto GrabMantap 4227,Ayam Geprek,Surabaya
GF-04229,Resto GrabMantap 4228,Ayam Geprek,Bandung
GF-04230,Resto GrabMantap 4229,Fast Food,Bekasi
GF-04231,Resto GrabMantap 4230,Beverages,Bali
GF-04232,Resto GrabMantap 4231,Fast Food,Surabaya
GF-04233,Resto GrabMantap 4232,Martabak,Medan
GF-04234,Resto GrabMantap 4233,Snacks,Depok
GF-04235,Resto GrabMantap 4234,Beverages,Bogor
GF-04236,Resto GrabMantap 4235,Seafood,Medan
GF-04237,Resto GrabMantap 4236,Martabak,Surabaya
GF-04238,Resto GrabMantap 4237,Ayam Geprek,Tangerang
GF-04239,Resto GrabMantap 4238,Martabak,Depok
GF-04240,Resto GrabMantap 4239,Ayam Geprek,Bandung
GF-04241,Resto GrabMantap 4240,Martabak,Bandung
GF-04242,Resto GrabMantap 4241,Seafood,Bekasi
GF-04243,Resto GrabMantap 4242,Snacks,Makassar
GF-04244,Resto GrabMantap 4243,Martabak,Bandung
GF-04245,Resto GrabMantap 4244,Fast Food,Bogor
GF-04246,Resto GrabMantap 4245,Martabak,Jakarta
GF-04247,Resto GrabMantap 4246,Ayam Geprek,Tangerang
GF-04248,Resto GrabMantap 4247,Martabak,Medan
GF-04249,Resto GrabMantap 4248,Ayam Geprek,Medan
GF-04250,Resto GrabMantap 4249,Seafood,Tangerang
GF-04251,Resto GrabMantap 4250,Fast Food,Bandung
GF-04252,Resto GrabMantap 4251,Fast Food,Surabaya
GF-04253,Resto GrabMantap 4252,Snacks,Tangerang
GF-04254,Resto GrabMantap 4253,Ayam Geprek,Surabaya
GF-04255,Resto GrabMantap 4254,Martabak,Depok
GF-04256,Resto GrabMantap 4255,Snacks,Jakarta
GF-04257,Resto GrabMantap 4256,Martabak,Bali
GF-04258,Resto GrabMantap 4257,Beverages,Bekasi
GF-04259,Resto GrabMantap 4258,Snacks,Bekasi
GF-04260,Resto GrabMantap 4259,Beverages,Bandung
GF-04261,Resto GrabMantap 4260,Beverages,Bandung
GF-04262,Resto GrabMantap 4261,Martabak,Bandung
GF-04263,Resto GrabMantap 4262,Fast Food,Bali
GF-04264,Resto GrabMantap 4263,Martabak,Surabaya
GF-04265,Resto GrabMantap 4264,Fast Food,Bogor
GF-04266,Resto GrabMantap 4265,Snacks,Jakarta
GF-04267,Resto GrabMantap 4266,Seafood,Depok
GF-04268,Resto GrabMantap 4267,Snacks,Bali
GF-04269,Resto GrabMantap 4268,Fast Food,Depok
GF-04270,Resto GrabMantap 4269,Seafood,Makassar
GF-04271,Resto GrabMantap 4270,Ayam Geprek,Tangerang
GF-04272,Resto GrabMantap 4271,Martabak,Bali
GF-04273,Resto GrabMantap 4272,Beverages,Bandung
GF-04274,Resto GrabMantap 4273,Martabak,Bali
GF-04275,Resto GrabMantap 4274,Ayam Geprek,Bali
GF-04276,Resto GrabMantap 4275,Martabak,Jakarta
GF-04277,Resto GrabMantap 4276,Fast Food,Makassar
GF-04278,Resto GrabMantap 4277,Fast Food,Bogor
GF-04279,Resto GrabMantap 4278,Beverages,Bandung
GF-04280,Resto GrabMantap 4279,Snacks,Tangerang
GF-04281,Resto GrabMantap 4280,Beverages,Bali
GF-04282,Resto GrabMantap 4281,Seafood,Jakarta
GF-04283,Resto GrabMantap 4282,Snacks,Tangerang
GF-04284,Resto GrabMantap 4283,Snacks,Medan
GF-04285,Resto GrabMantap 4284,Martabak,Bali
GF-04286,Resto GrabMantap 4285,Seafood,Jakarta
GF-04287,Resto GrabMantap 4286,Seafood,Medan
GF-04288,Resto GrabMantap 4287,Ayam Geprek,Tangerang
GF-04289,Resto GrabMantap 4288,Ayam Geprek,Bogor
GF-04290,Resto GrabMantap 4289,Beverages,Bali
GF-04291,Resto GrabMantap 4290,Ayam Geprek,Bandung
GF-04292,Resto GrabMantap 4291,Fast Food,Bekasi
GF-04293,Resto GrabMantap 4292,Ayam Geprek,Depok
GF-04294,Resto GrabMantap 4293,Beverages,Tangerang
GF-04295,Resto GrabMantap 4294,Martabak,Depok
GF-04296,Resto GrabMantap 4295,Martabak,Bandung
GF-04297,Resto GrabMantap 4296,Beverages,Bali
GF-04298,Resto GrabMantap 4297,Ayam Geprek,Makassar
GF-04299,Resto GrabMantap 4298,Martabak,Bandung
GF-04300,Resto GrabMantap 4299,Seafood,Bali
GF-04301,Resto GrabMantap 4300,Ayam Geprek,Depok
GF-04302,Resto GrabMantap 4301,Martabak,Bali
GF-04303,Resto GrabMantap 4302,Ayam Geprek,Jakarta
GF-04304,Resto GrabMantap 4303,Ayam Geprek,Bali
GF-04305,Resto GrabMantap 4304,Ayam Geprek,Medan
GF-04306,Resto GrabMantap 4305,Fast Food,Bekasi
GF-04307,Resto GrabMantap 4306,Fast Food,Jakarta
GF-04308,Resto GrabMantap 4307,Ayam Geprek,Makassar
GF-04309,Resto GrabMantap 4308,Ayam Geprek,Jakarta
GF-04310,Resto GrabMantap 4309,Beverages,Medan
GF-04311,Resto GrabMantap 4310,Seafood,Medan
GF-04312,Resto GrabMantap 4311,Beverages,Bekasi
GF-04313,Resto GrabMantap 4312,Snacks,Tangerang
GF-04314,Resto GrabMantap 4313,Snacks,Surabaya
GF-04315,Resto GrabMantap 4314,Fast Food,Medan
GF-04316,Resto GrabMantap 4315,Seafood,Medan
GF-04317,Resto GrabMantap 4316,Beverages,Medan
GF-04318,Resto GrabMantap 4317,Fast Food,Surabaya
GF-04319,Resto GrabMantap 4318,Ayam Geprek,Makassar
GF-04320,Resto GrabMantap 4319,Fast Food,Jakarta
GF-04321,Resto GrabMantap 4320,Beverages,Jakarta
GF-04322,Resto GrabMantap 4321,Snacks,Bali
GF-04323,Resto GrabMantap 4322,Beverages,Bali
GF-04324,Resto GrabMantap 4323,Fast Food,Depok
GF-04325,Resto GrabMantap 4324,Ayam Geprek,Depok
GF-04326,Resto GrabMantap 4325,Ayam Geprek,Depok
GF-04327,Resto GrabMantap 4326,Fast Food,Medan
GF-04328,Resto GrabMantap 4327,Fast Food,Makassar
GF-04329,Resto GrabMantap 4328,Fast Food,Medan
GF-04330,Resto GrabMantap 4329,Martabak,Jakarta
GF-04331,Resto GrabMantap 4330,Martabak,Makassar
GF-04332,Resto GrabMantap 4331,Seafood,Bali
GF-04333,Resto GrabMantap 4332,Martabak,Bandung
GF-04334,Resto GrabMantap 4333,Fast Food,Jakarta
GF-04335,Resto GrabMantap 4334,Fast Food,Depok
GF-04336,Resto GrabMantap 4335,Beverages,Surabaya
GF-04337,Resto GrabMantap 4336,Martabak,Jakarta
GF-04338,Resto GrabMantap 4337,Martabak,Depok
GF-04339,Resto GrabMantap 4338,Fast Food,Makassar
GF-04340,Resto GrabMantap 4339,Beverages,Makassar
GF-04341,Resto GrabMantap 4340,Seafood,Medan
GF-04342,Resto GrabMantap 4341,Fast Food,Surabaya
GF-04343,Resto GrabMantap 4342,Martabak,Tangerang
GF-04344,Resto GrabMantap 4343,Ayam Geprek,Bogor
GF-04345,Resto GrabMantap 4344,Seafood,Makassar
GF-04346,Resto GrabMantap 4345,Ayam Geprek,Bekasi
GF-04347,Resto GrabMantap 4346,Beverages,Depok
GF-04348,Resto GrabMantap 4347,Ayam Geprek,Tangerang
GF-04349,Resto GrabMantap 4348,Seafood,Bekasi
GF-04350,Resto GrabMantap 4349,Beverages,Bogor
GF-04351,Resto GrabMantap 4350,Fast Food,Bali
GF-04352,Resto GrabMantap 4351,Fast Food,Bekasi
GF-04353,Resto GrabMantap 4352,Beverages,Surabaya
GF-04354,Resto GrabMantap 4353,Fast Food,Medan
GF-04355,Resto GrabMantap 4354,Beverages,Tangerang
GF-04356,Resto GrabMantap 4355,Martabak,Medan
GF-04357,Resto GrabMantap 4356,Martabak,Bandung
GF-04358,Resto GrabMantap 4357,Seafood,Tangerang
GF-04359,Resto GrabMantap 4358,Fast Food,Depok
GF-04360,Resto GrabMantap 4359,Seafood,Tangerang
GF-04361,Resto GrabMantap 4360,Seafood,Bogor
GF-04362,Resto GrabMantap 4361,Seafood,Bandung
GF-04363,Resto GrabMantap 4362,Seafood,Bandung
GF-04364,Resto GrabMantap 4363,Seafood,Bali
GF-04365,Resto GrabMantap 4364,Ayam Geprek,Bandung
GF-04366,Resto GrabMantap 4365,Martabak,Bandung
GF-04367,Resto GrabMantap 4366,Martabak,Bali
GF-04368,Resto GrabMantap 4367,Martabak,Surabaya
GF-04369,Resto GrabMantap 4368,Martabak,Depok
GF-04370,Resto GrabMantap 4369,Seafood,Makassar
GF-04371,Resto GrabMantap 4370,Fast Food,Tangerang
GF-04372,Resto GrabMantap 4371,Ayam Geprek,Bogor
GF-04373,Resto GrabMantap 4372,Seafood,Bali
GF-04374,Resto GrabMantap 4373,Beverages,Medan
GF-04375,Resto GrabMantap 4374,Seafood,Jakarta
GF-04376,Resto GrabMantap 4375,Beverages,Tangerang
GF-04377,Resto GrabMantap 4376,Snacks,Jakarta
GF-04378,Resto GrabMantap 4377,Snacks,Jakarta
GF-04379,Resto GrabMantap 4378,Fast Food,Bali
GF-04380,Resto GrabMantap 4379,Snacks,Jakarta
GF-04381,Resto GrabMantap 4380,Snacks,Makassar
GF-04382,Resto GrabMantap 4381,Fast Food,Bali
GF-04383,Resto GrabMantap 4382,Snacks,Medan
GF-04384,Resto GrabMantap 4383,Ayam Geprek,Depok
GF-04385,Resto GrabMantap 4384,Beverages,Depok
GF-04386,Resto GrabMantap 4385,Beverages,Makassar
GF-04387,Resto GrabMantap 4386,Fast Food,Surabaya
GF-04388,Resto GrabMantap 4387,Beverages,Bekasi
GF-04389,Resto GrabMantap 4388,Fast Food,Bandung
GF-04390,Resto GrabMantap 4389,Beverages,Makassar
GF-04391,Resto GrabMantap 4390,Beverages,Bandung
GF-04392,Resto GrabMantap 4391,Seafood,Makassar
GF-04393,Resto GrabMantap 4392,Ayam Geprek,Bandung
GF-04394,Resto GrabMantap 4393,Ayam Geprek,Bogor
GF-04395,Resto GrabMantap 4394,Martabak,Bogor
GF-04396,Resto GrabMantap 4395,Seafood,Jakarta
GF-04397,Resto GrabMantap 4396,Fast Food,Jakarta
GF-04398,Resto GrabMantap 4397,Snacks,Bogor
GF-04399,Resto GrabMantap 4398,Snacks,Bogor
GF-04400,Resto GrabMantap 4399,Seafood,Bali
GF-04401,Resto GrabMantap 4400,Fast Food,Medan
GF-04402,Resto GrabMantap 4401,Fast Food,Bandung
GF-04403,Resto GrabMantap 4402,Seafood,Medan
GF-04404,Resto GrabMantap 4403,Martabak,Bekasi
GF-04405,Resto GrabMantap 4404,Snacks,Surabaya
GF-04406,Resto GrabMantap 4405,Fast Food,Medan
GF-04407,Resto GrabMantap 4406,Fast Food,Bali
GF-04408,Resto GrabMantap 4407,Martabak,Bandung
GF-04409,Resto GrabMantap 4408,Snacks,Tangerang
GF-04410,Resto GrabMantap 4409,Beverages,Bandung
GF-04411,Resto GrabMantap 4410,Seafood,Bali
GF-04412,Resto GrabMantap 4411,Snacks,Bekasi
GF-04413,Resto GrabMantap 4412,Martabak,Surabaya
GF-04414,Resto GrabMantap 4413,Beverages,Bogor
GF-04415,Resto GrabMantap 4414,Ayam Geprek,Jakarta
GF-04416,Resto GrabMantap 4415,Snacks,Jakarta
GF-04417,Resto GrabMantap 4416,Seafood,Bandung
GF-04418,Resto GrabMantap 4417,Fast Food,Bekasi
GF-04419,Resto GrabMantap 4418,Martabak,Surabaya
GF-04420,Resto GrabMantap 4419,Fast Food,Depok
GF-04421,Resto GrabMantap 4420,Ayam Geprek,Bandung
GF-04422,Resto GrabMantap 4421,Ayam Geprek,Makassar
GF-04423,Resto GrabMantap 4422,Seafood,Bandung
GF-04424,Resto GrabMantap 4423,Snacks,Tangerang
GF-04425,Resto GrabMantap 4424,Fast Food,Bali
GF-04426,Resto GrabMantap 4425,Beverages,Depok
GF-04427,Resto GrabMantap 4426,Seafood,Jakarta
GF-04428,Resto GrabMantap 4427,Snacks,Makassar
GF-04429,Resto GrabMantap 4428,Beverages,Bali
GF-04430,Resto GrabMantap 4429,Martabak,Bogor
GF-04431,Resto GrabMantap 4430,Fast Food,Tangerang
GF-04432,Resto GrabMantap 4431,Beverages,Depok
GF-04433,Resto GrabMantap 4432,Seafood,Bekasi
GF-04434,Resto GrabMantap 4433,Fast Food,Bali
GF-04435,Resto GrabMantap 4434,Beverages,Medan
GF-04436,Resto GrabMantap 4435,Ayam Geprek,Makassar
GF-04437,Resto GrabMantap 4436,Beverages,Depok
GF-04438,Resto GrabMantap 4437,Fast Food,Depok
GF-04439,Resto GrabMantap 4438,Snacks,Medan
GF-04440,Resto GrabMantap 4439,Martabak,Surabaya
GF-04441,Resto GrabMantap 4440,Seafood,Makassar
GF-04442,Resto GrabMantap 4441,Seafood,Jakarta
GF-04443,Resto GrabMantap 4442,Seafood,Jakarta
GF-04444,Resto GrabMantap 4443,Seafood,Makassar
GF-04445,Resto GrabMantap 4444,Snacks,Bogor
GF-04446,Resto GrabMantap 4445,Martabak,Bekasi
GF-04447,Resto GrabMantap 4446,Ayam Geprek,Medan
GF-04448,Resto GrabMantap 4447,Beverages,Bogor
GF-04449,Resto GrabMantap 4448,Snacks,Bogor
GF-04450,Resto GrabMantap 4449,Ayam Geprek,Bandung
GF-04451,Resto GrabMantap 4450,Snacks,Makassar
GF-04452,Resto GrabMantap 4451,Fast Food,Depok
GF-04453,Resto GrabMantap 4452,Ayam Geprek,Depok
GF-04454,Resto GrabMantap 4453,Martabak,Bogor
GF-04455,Resto GrabMantap 4454,Ayam Geprek,Surabaya
GF-04456,Resto GrabMantap 4455,Seafood,Medan
GF-04457,Resto GrabMantap 4456,Martabak,Bekasi
GF-04458,Resto GrabMantap 4457,Ayam Geprek,Tangerang
GF-04459,Resto GrabMantap 4458,Fast Food,Medan
GF-04460,Resto GrabMantap 4459,Beverages,Tangerang
GF-04461,Resto GrabMantap 4460,Seafood,Surabaya
GF-04462,Resto GrabMantap 4461,Ayam Geprek,Bekasi
GF-04463,Resto GrabMantap 4462,Fast Food,Medan
GF-04464,Resto GrabMantap 4463,Snacks,Jakarta
GF-04465,Resto GrabMantap 4464,Seafood,Bogor
GF-04466,Resto GrabMantap 4465,Fast Food,Tangerang
GF-04467,Resto GrabMantap 4466,Ayam Geprek,Bekasi
GF-04468,Resto GrabMantap 4467,Snacks,Depok
GF-04469,Resto GrabMantap 4468,Martabak,Bekasi
GF-04470,Resto GrabMantap 4469,Seafood,Medan
GF-04471,Resto GrabMantap 4470,Ayam Geprek,Medan
GF-04472,Resto GrabMantap 4471,Martabak,Bali
GF-04473,Resto GrabMantap 4472,Ayam Geprek,Jakarta
GF-04474,Resto GrabMantap 4473,Beverages,Bekasi
GF-04475,Resto GrabMantap 4474,Martabak,Depok
GF-04476,Resto GrabMantap 4475,Fast Food,Jakarta
GF-04477,Resto GrabMantap 4476,Seafood,Bogor
GF-04478,Resto GrabMantap 4477,Ayam Geprek,Surabaya
GF-04479,Resto GrabMantap 4478,Fast Food,Makassar
GF-04480,Resto GrabMantap 4479,Martabak,Medan
GF-04481,Resto GrabMantap 4480,Fast Food,Jakarta
GF-04482,Resto GrabMantap 4481,Martabak,Bogor
GF-04483,Resto GrabMantap 4482,Seafood,Bekasi
GF-04484,Resto GrabMantap 4483,Seafood,Medan
GF-04485,Resto GrabMantap 4484,Snacks,Bali
GF-04486,Resto GrabMantap 4485,Beverages,Tangerang
GF-04487,Resto GrabMantap 4486,Beverages,Tangerang
GF-04488,Resto GrabMantap 4487,Martabak,Depok
GF-04489,Resto GrabMantap 4488,Snacks,Tangerang
GF-04490,Resto GrabMantap 4489,Ayam Geprek,Depok
GF-04491,Resto GrabMantap 4490,Beverages,Depok
GF-04492,Resto GrabMantap 4491,Seafood,Surabaya
GF-04493,Resto GrabMantap 4492,Ayam Geprek,Jakarta
GF-04494,Resto GrabMantap 4493,Martabak,Surabaya
GF-04495,Resto GrabMantap 4494,Snacks,Bali
GF-04496,Resto GrabMantap 4495,Snacks,Medan
GF-04497,Resto GrabMantap 4496,Fast Food,Bekasi
GF-04498,Resto GrabMantap 4497,Seafood,Makassar
GF-04499,Resto GrabMantap 4498,Snacks,Bekasi
GF-04500,Resto GrabMantap 4499,Seafood,Bogor
GF-04501,Resto GrabMantap 4500,Snacks,Bekasi
GF-04502,Resto GrabMantap 4501,Beverages,Bogor
GF-04503,Resto GrabMantap 4502,Ayam Geprek,Surabaya
GF-04504,Resto GrabMantap 4503,Seafood,Tangerang
GF-04505,Resto GrabMantap 4504,Ayam Geprek,Makassar
GF-04506,Resto GrabMantap 4505,Snacks,Bekasi
GF-04507,Resto GrabMantap 4506,Seafood,Bogor
GF-04508,Resto GrabMantap 4507,Ayam Geprek,Surabaya
GF-04509,Resto GrabMantap 4508,Ayam Geprek,Bogor
GF-04510,Resto GrabMantap 4509,Fast Food,Depok
GF-04511,Resto GrabMantap 4510,Ayam Geprek,Medan
GF-04512,Resto GrabMantap 4511,Ayam Geprek,Bali
GF-04513,Resto GrabMantap 4512,Ayam Geprek,Medan
GF-04514,Resto GrabMantap 4513,Martabak,Jakarta
GF-04515,Resto GrabMantap 4514,Ayam Geprek,Surabaya
GF-04516,Resto GrabMantap 4515,Beverages,Depok
GF-04517,Resto GrabMantap 4516,Fast Food,Bogor
GF-04518,Resto GrabMantap 4517,Fast Food,Surabaya
GF-04519,Resto GrabMantap 4518,Ayam Geprek,Bogor
GF-04520,Resto GrabMantap 4519,Seafood,Depok
GF-04521,Resto GrabMantap 4520,Ayam Geprek,Surabaya
GF-04522,Resto GrabMantap 4521,Beverages,Medan
GF-04523,Resto GrabMantap 4522,Seafood,Tangerang
GF-04524,Resto GrabMantap 4523,Martabak,Makassar
GF-04525,Resto GrabMantap 4524,Seafood,Bali
GF-04526,Resto GrabMantap 4525,Seafood,Makassar
GF-04527,Resto GrabMantap 4526,Snacks,Tangerang
GF-04528,Resto GrabMantap 4527,Seafood,Bekasi
GF-04529,Resto GrabMantap 4528,Seafood,Medan
GF-04530,Resto GrabMantap 4529,Beverages,Medan
GF-04531,Resto GrabMantap 4530,Beverages,Bogor
GF-04532,Resto GrabMantap 4531,Snacks,Medan
GF-04533,Resto GrabMantap 4532,Snacks,Surabaya
GF-04534,Resto GrabMantap 4533,Ayam Geprek,Depok
GF-04535,Resto GrabMantap 4534,Martabak,Surabaya
GF-04536,Resto GrabMantap 4535,Martabak,Bogor
GF-04537,Resto GrabMantap 4536,Snacks,Tangerang
GF-04538,Resto GrabMantap 4537,Ayam Geprek,Bogor
GF-04539,Resto GrabMantap 4538,Seafood,Bogor
GF-04540,Resto GrabMantap 4539,Beverages,Surabaya
GF-04541,Resto GrabMantap 4540,Beverages,Bandung
GF-04542,Resto GrabMantap 4541,Martabak,Bekasi
GF-04543,Resto GrabMantap 4542,Fast Food,Jakarta
GF-04544,Resto GrabMantap 4543,Ayam Geprek,Bekasi
GF-04545,Resto GrabMantap 4544,Martabak,Surabaya
GF-04546,Resto GrabMantap 4545,Seafood,Surabaya
GF-04547,Resto GrabMantap 4546,Martabak,Bandung
GF-04548,Resto GrabMantap 4547,Seafood,Bandung
GF-04549,Resto GrabMantap 4548,Beverages,Medan
GF-04550,Resto GrabMantap 4549,Snacks,Makassar
GF-04551,Resto GrabMantap 4550,Fast Food,Surabaya
GF-04552,Resto GrabMantap 4551,Snacks,Medan
GF-04553,Resto GrabMantap 4552,Fast Food,Tangerang
GF-04554,Resto GrabMantap 4553,Beverages,Jakarta
GF-04555,Resto GrabMantap 4554,Martabak,Bogor
GF-04556,Resto GrabMantap 4555,Martabak,Bekasi
GF-04557,Resto GrabMantap 4556,Snacks,Tangerang
GF-04558,Resto GrabMantap 4557,Beverages,Tangerang
GF-04559,Resto GrabMantap 4558,Beverages,Jakarta
GF-04560,Resto GrabMantap 4559,Snacks,Depok
GF-04561,Resto GrabMantap 4560,Beverages,Bekasi
GF-04562,Resto GrabMantap 4561,Ayam Geprek,Bandung
GF-04563,Resto GrabMantap 4562,Fast Food,Bandung
GF-04564,Resto GrabMantap 4563,Seafood,Surabaya
GF-04565,Resto GrabMantap 4564,Ayam Geprek,Makassar
GF-04566,Resto GrabMantap 4565,Fast Food,Medan
GF-04567,Resto GrabMantap 4566,Martabak,Tangerang
GF-04568,Resto GrabMantap 4567,Martabak,Makassar
GF-04569,Resto GrabMantap 4568,Beverages,Makassar
GF-04570,Resto GrabMantap 4569,Snacks,Jakarta
GF-04571,Resto GrabMantap 4570,Ayam Geprek,Bali
GF-04572,Resto GrabMantap 4571,Martabak,Surabaya
GF-04573,Resto GrabMantap 4572,Fast Food,Depok
GF-04574,Resto GrabMantap 4573,Martabak,Medan
GF-04575,Resto GrabMantap 4574,Ayam Geprek,Bogor
GF-04576,Resto GrabMantap 4575,Snacks,Jakarta
GF-04577,Resto GrabMantap 4576,Seafood,Bali
GF-04578,Resto GrabMantap 4577,Fast Food,Bandung
GF-04579,Resto GrabMantap 4578,Beverages,Tangerang
GF-04580,Resto GrabMantap 4579,Martabak,Bandung
GF-04581,Resto GrabMantap 4580,Ayam Geprek,Jakarta
GF-04582,Resto GrabMantap 4581,Snacks,Medan
GF-04583,Resto GrabMantap 4582,Seafood,Surabaya
GF-04584,Resto GrabMantap 4583,Ayam Geprek,Tangerang
GF-04585,Resto GrabMantap 4584,Beverages,Jakarta
GF-04586,Resto GrabMantap 4585,Martabak,Jakarta
GF-04587,Resto GrabMantap 4586,Ayam Geprek,Surabaya
GF-04588,Resto GrabMantap 4587,Beverages,Surabaya
GF-04589,Resto GrabMantap 4588,Ayam Geprek,Bogor
GF-04590,Resto GrabMantap 4589,Martabak,Bandung
GF-04591,Resto GrabMantap 4590,Ayam Geprek,Jakarta
GF-04592,Resto GrabMantap 4591,Martabak,Medan
GF-04593,Resto GrabMantap 4592,Beverages,Medan
GF-04594,Resto GrabMantap 4593,Seafood,Medan
GF-04595,Resto GrabMantap 4594,Ayam Geprek,Makassar
GF-04596,Resto GrabMantap 4595,Seafood,Medan
GF-04597,Resto GrabMantap 4596,Snacks,Depok
GF-04598,Resto GrabMantap 4597,Ayam Geprek,Bogor
GF-04599,Resto GrabMantap 4598,Martabak,Bali
GF-04600,Resto GrabMantap 4599,Fast Food,Bogor
GF-04601,Resto GrabMantap 4600,Snacks,Bogor
GF-04602,Resto GrabMantap 4601,Seafood,Bali
GF-04603,Resto GrabMantap 4602,Beverages,Bali
GF-04604,Resto GrabMantap 4603,Martabak,Surabaya
GF-04605,Resto GrabMantap 4604,Ayam Geprek,Medan
GF-04606,Resto GrabMantap 4605,Snacks,Makassar
GF-04607,Resto GrabMantap 4606,Martabak,Bogor
GF-04608,Resto GrabMantap 4607,Martabak,Bekasi
GF-04609,Resto GrabMantap 4608,Martabak,Tangerang
GF-04610,Resto GrabMantap 4609,Martabak,Makassar
GF-04611,Resto GrabMantap 4610,Ayam Geprek,Depok
GF-04612,Resto GrabMantap 4611,Martabak,Surabaya
GF-04613,Resto GrabMantap 4612,Snacks,Depok
GF-04614,Resto GrabMantap 4613,Seafood,Bekasi
GF-04615,Resto GrabMantap 4614,Snacks,Surabaya
GF-04616,Resto GrabMantap 4615,Snacks,Bekasi
GF-04617,Resto GrabMantap 4616,Seafood,Bekasi
GF-04618,Resto GrabMantap 4617,Fast Food,Tangerang
GF-04619,Resto GrabMantap 4618,Seafood,Bandung
GF-04620,Resto GrabMantap 4619,Beverages,Jakarta
GF-04621,Resto GrabMantap 4620,Fast Food,Bali
GF-04622,Resto GrabMantap 4621,Seafood,Bekasi
GF-04623,Resto GrabMantap 4622,Fast Food,Surabaya
GF-04624,Resto GrabMantap 4623,Fast Food,Tangerang
GF-04625,Resto GrabMantap 4624,Seafood,Depok
GF-04626,Resto GrabMantap 4625,Ayam Geprek,Jakarta
GF-04627,Resto GrabMantap 4626,Snacks,Tangerang
GF-04628,Resto GrabMantap 4627,Fast Food,Jakarta
GF-04629,Resto GrabMantap 4628,Beverages,Bekasi
GF-04630,Resto GrabMantap 4629,Snacks,Tangerang
GF-04631,Resto GrabMantap 4630,Martabak,Bandung
GF-04632,Resto GrabMantap 4631,Snacks,Medan
GF-04633,Resto GrabMantap 4632,Seafood,Jakarta
GF-04634,Resto GrabMantap 4633,Fast Food,Tangerang
GF-04635,Resto GrabMantap 4634,Martabak,Depok
GF-04636,Resto GrabMantap 4635,Snacks,Depok
GF-04637,Resto GrabMantap 4636,Ayam Geprek,Tangerang
GF-04638,Resto GrabMantap 4637,Ayam Geprek,Bekasi
GF-04639,Resto GrabMantap 4638,Seafood,Bandung
GF-04640,Resto GrabMantap 4639,Beverages,Medan
GF-04641,Resto GrabMantap 4640,Snacks,Bandung
GF-04642,Resto GrabMantap 4641,Beverages,Bandung
GF-04643,Resto GrabMantap 4642,Beverages,Jakarta
GF-04644,Resto GrabMantap 4643,Martabak,Bali
GF-04645,Resto GrabMantap 4644,Beverages,Makassar
GF-04646,Resto GrabMantap 4645,Snacks,Bekasi
GF-04647,Resto GrabMantap 4646,Snacks,Tangerang
GF-04648,Resto GrabMantap 4647,Ayam Geprek,Depok
GF-04649,Resto GrabMantap 4648,Beverages,Surabaya
GF-04650,Resto GrabMantap 4649,Seafood,Depok
GF-04651,Resto GrabMantap 4650,Snacks,Depok
GF-04652,Resto GrabMantap 4651,Seafood,Bandung
GF-04653,Resto GrabMantap 4652,Snacks,Bekasi
GF-04654,Resto GrabMantap 4653,Beverages,Depok
GF-04655,Resto GrabMantap 4654,Ayam Geprek,Bekasi
GF-04656,Resto GrabMantap 4655,Snacks,Bali
GF-04657,Resto GrabMantap 4656,Ayam Geprek,Bandung
GF-04658,Resto GrabMantap 4657,Fast Food,Medan
GF-04659,Resto GrabMantap 4658,Seafood,Depok
GF-04660,Resto GrabMantap 4659,Fast Food,Bogor
GF-04661,Resto GrabMantap 4660,Seafood,Surabaya
GF-04662,Resto GrabMantap 4661,Martabak,Bandung
GF-04663,Resto GrabMantap 4662,Seafood,Bekasi
GF-04664,Resto GrabMantap 4663,Martabak,Bekasi
GF-04665,Resto GrabMantap 4664,Seafood,Bali
GF-04666,Resto GrabMantap 4665,Ayam Geprek,Depok
GF-04667,Resto GrabMantap 4666,Seafood,Depok
GF-04668,Resto GrabMantap 4667,Ayam Geprek,Bali
GF-04669,Resto GrabMantap 4668,Fast Food,Medan
GF-04670,Resto GrabMantap 4669,Ayam Geprek,Surabaya
GF-04671,Resto GrabMantap 4670,Seafood,Surabaya
GF-04672,Resto GrabMantap 4671,Ayam Geprek,Bogor
GF-04673,Resto GrabMantap 4672,Fast Food,Bogor
GF-04674,Resto GrabMantap 4673,Beverages,Tangerang
GF-04675,Resto GrabMantap 4674,Ayam Geprek,Tangerang
GF-04676,Resto GrabMantap 4675,Ayam Geprek,Bogor
GF-04677,Resto GrabMantap 4676,Martabak,Depok
GF-04678,Resto GrabMantap 4677,Seafood,Bali
GF-04679,Resto GrabMantap 4678,Seafood,Bogor
GF-04680,Resto GrabMantap 4679,Fast Food,Bandung
GF-04681,Resto GrabMantap 4680,Martabak,Bali
GF-04682,Resto GrabMantap 4681,Ayam Geprek,Bekasi
GF-04683,Resto GrabMantap 4682,Seafood,Tangerang
GF-04684,Resto GrabMantap 4683,Seafood,Jakarta
GF-04685,Resto GrabMantap 4684,Beverages,Bandung
GF-04686,Resto GrabMantap 4685,Snacks,Surabaya
GF-04687,Resto GrabMantap 4686,Seafood,Bali
GF-04688,Resto GrabMantap 4687,Beverages,Surabaya
GF-04689,Resto GrabMantap 4688,Fast Food,Bandung
GF-04690,Resto GrabMantap 4689,Beverages,Medan
GF-04691,Resto GrabMantap 4690,Beverages,Tangerang
GF-04692,Resto GrabMantap 4691,Beverages,Surabaya
GF-04693,Resto GrabMantap 4692,Snacks,Bali
GF-04694,Resto GrabMantap 4693,Snacks,Depok
GF-04695,Resto GrabMantap 4694,Snacks,Tangerang
GF-04696,Resto GrabMantap 4695,Seafood,Jakarta
GF-04697,Resto GrabMantap 4696,Martabak,Bogor
GF-04698,Resto GrabMantap 4697,Snacks,Bekasi
GF-04699,Resto GrabMantap 4698,Martabak,Bogor
GF-04700,Resto GrabMantap 4699,Fast Food,Bekasi
GF-04701,Resto GrabMantap 4700,Martabak,Bali
GF-04702,Resto GrabMantap 4701,Ayam Geprek,Bekasi
GF-04703,Resto GrabMantap 4702,Beverages,Bekasi
GF-04704,Resto GrabMantap 4703,Fast Food,Tangerang
GF-04705,Resto GrabMantap 4704,Ayam Geprek,Bekasi
GF-04706,Resto GrabMantap 4705,Fast Food,Medan
GF-04707,Resto GrabMantap 4706,Martabak,Surabaya
GF-04708,Resto GrabMantap 4707,Ayam Geprek,Depok
GF-04709,Resto GrabMantap 4708,Ayam Geprek,Tangerang
GF-04710,Resto GrabMantap 4709,Snacks,Jakarta
GF-04711,Resto GrabMantap 4710,Seafood,Surabaya
GF-04712,Resto GrabMantap 4711,Seafood,Bogor
GF-04713,Resto GrabMantap 4712,Seafood,Bekasi
GF-04714,Resto GrabMantap 4713,Martabak,Bekasi
GF-04715,Resto GrabMantap 4714,Snacks,Tangerang
GF-04716,Resto GrabMantap 4715,Beverages,Medan
GF-04717,Resto GrabMantap 4716,Ayam Geprek,Jakarta
GF-04718,Resto GrabMantap 4717,Seafood,Bali
GF-04719,Resto GrabMantap 4718,Snacks,Bekasi
GF-04720,Resto GrabMantap 4719,Snacks,Surabaya
GF-04721,Resto GrabMantap 4720,Fast Food,Bali
GF-04722,Resto GrabMantap 4721,Martabak,Makassar
GF-04723,Resto GrabMantap 4722,Martabak,Bogor
GF-04724,Resto GrabMantap 4723,Beverages,Depok
GF-04725,Resto GrabMantap 4724,Seafood,Jakarta
GF-04726,Resto GrabMantap 4725,Beverages,Depok
GF-04727,Resto GrabMantap 4726,Seafood,Makassar
GF-04728,Resto GrabMantap 4727,Ayam Geprek,Bogor
GF-04729,Resto GrabMantap 4728,Seafood,Tangerang
GF-04730,Resto GrabMantap 4729,Seafood,Bekasi
GF-04731,Resto GrabMantap 4730,Fast Food,Makassar
GF-04732,Resto GrabMantap 4731,Fast Food,Medan
GF-04733,Resto GrabMantap 4732,Ayam Geprek,Medan
GF-04734,Resto GrabMantap 4733,Snacks,Bekasi
GF-04735,Resto GrabMantap 4734,Fast Food,Bali
GF-04736,Resto GrabMantap 4735,Seafood,Bandung
GF-04737,Resto GrabMantap 4736,Martabak,Bali
GF-04738,Resto GrabMantap 4737,Beverages,Medan
GF-04739,Resto GrabMantap 4738,Fast Food,Bekasi
GF-04740,Resto GrabMantap 4739,Seafood,Medan
GF-04741,Resto GrabMantap 4740,Fast Food,Bekasi
GF-04742,Resto GrabMantap 4741,Snacks,Tangerang
GF-04743,Resto GrabMantap 4742,Ayam Geprek,Medan
GF-04744,Resto GrabMantap 4743,Snacks,Tangerang
GF-04745,Resto GrabMantap 4744,Snacks,Surabaya
GF-04746,Resto GrabMantap 4745,Seafood,Jakarta
GF-04747,Resto GrabMantap 4746,Snacks,Bandung
GF-04748,Resto GrabMantap 4747,Fast Food,Jakarta
GF-04749,Resto GrabMantap 4748,Martabak,Bandung
GF-04750,Resto GrabMantap 4749,Martabak,Depok
GF-04751,Resto GrabMantap 4750,Fast Food,Makassar
GF-04752,Resto GrabMantap 4751,Snacks,Bekasi
GF-04753,Resto GrabMantap 4752,Martabak,Bandung
GF-04754,Resto GrabMantap 4753,Snacks,Tangerang
GF-04755,Resto GrabMantap 4754,Martabak,Bali
GF-04756,Resto GrabMantap 4755,Snacks,Bekasi
GF-04757,Resto GrabMantap 4756,Ayam Geprek,Bali
GF-04758,Resto GrabMantap 4757,Martabak,Surabaya
GF-04759,Resto GrabMantap 4758,Ayam Geprek,Surabaya
GF-04760,Resto GrabMantap 4759,Ayam Geprek,Jakarta
GF-04761,Resto GrabMantap 4760,Seafood,Tangerang
GF-04762,Resto GrabMantap 4761,Seafood,Bekasi
GF-04763,Resto GrabMantap 4762,Fast Food,Surabaya
GF-04764,Resto GrabMantap 4763,Seafood,Bekasi
GF-04765,Resto GrabMantap 4764,Seafood,Bandung
GF-04766,Resto GrabMantap 4765,Fast Food,Bandung
GF-04767,Resto GrabMantap 4766,Fast Food,Depok
GF-04768,Resto GrabMantap 4767,Ayam Geprek,Makassar
GF-04769,Resto GrabMantap 4768,Ayam Geprek,Depok
GF-04770,Resto GrabMantap 4769,Seafood,Bandung
GF-04771,Resto GrabMantap 4770,Martabak,Bandung
GF-04772,Resto GrabMantap 4771,Snacks,Bandung
GF-04773,Resto GrabMantap 4772,Snacks,Medan
GF-04774,Resto GrabMantap 4773,Snacks,Medan
GF-04775,Resto GrabMantap 4774,Snacks,Makassar
GF-04776,Resto GrabMantap 4775,Ayam Geprek,Jakarta
GF-04777,Resto GrabMantap 4776,Seafood,Bogor
GF-04778,Resto GrabMantap 4777,Fast Food,Bandung
GF-04779,Resto GrabMantap 4778,Ayam Geprek,Bekasi
GF-04780,Resto GrabMantap 4779,Seafood,Medan
GF-04781,Resto GrabMantap 4780,Snacks,Depok
GF-04782,Resto GrabMantap 4781,Beverages,Depok
GF-04783,Resto GrabMantap 4782,Seafood,Tangerang
GF-04784,Resto GrabMantap 4783,Ayam Geprek,Bogor
GF-04785,Resto GrabMantap 4784,Martabak,Bandung
GF-04786,Resto GrabMantap 4785,Beverages,Depok
GF-04787,Resto GrabMantap 4786,Ayam Geprek,Bandung
GF-04788,Resto GrabMantap 4787,Martabak,Jakarta
GF-04789,Resto GrabMantap 4788,Snacks,Bekasi
GF-04790,Resto GrabMantap 4789,Snacks,Bekasi
GF-04791,Resto GrabMantap 4790,Ayam Geprek,Bandung
GF-04792,Resto GrabMantap 4791,Beverages,Bekasi
GF-04793,Resto GrabMantap 4792,Fast Food,Bekasi
GF-04794,Resto GrabMantap 4793,Ayam Geprek,Bali
GF-04795,Resto GrabMantap 4794,Snacks,Bekasi
GF-04796,Resto GrabMantap 4795,Martabak,Depok
GF-04797,Resto GrabMantap 4796,Beverages,Bandung
GF-04798,Resto GrabMantap 4797,Martabak,Bandung
GF-04799,Resto GrabMantap 4798,Ayam Geprek,Tangerang
GF-04800,Resto GrabMantap 4799,Martabak,Surabaya
GF-04801,Resto GrabMantap 4800,Snacks,Depok
GF-04802,Resto GrabMantap 4801,Snacks,Bandung
GF-04803,Resto GrabMantap 4802,Ayam Geprek,Bekasi
GF-04804,Resto GrabMantap 4803,Fast Food,Tangerang
GF-04805,Resto GrabMantap 4804,Snacks,Bali
GF-04806,Resto GrabMantap 4805,Snacks,Surabaya
GF-04807,Resto GrabMantap 4806,Snacks,Surabaya
GF-04808,Resto GrabMantap 4807,Beverages,Surabaya
GF-04809,Resto GrabMantap 4808,Beverages,Makassar
GF-04810,Resto GrabMantap 4809,Fast Food,Surabaya
GF-04811,Resto GrabMantap 4810,Seafood,Makassar
GF-04812,Resto GrabMantap 4811,Beverages,Bali
GF-04813,Resto GrabMantap 4812,Ayam Geprek,Medan
GF-04814,Resto GrabMantap 4813,Seafood,Makassar
GF-04815,Resto GrabMantap 4814,Martabak,Bandung
GF-04816,Resto GrabMantap 4815,Seafood,Surabaya
GF-04817,Resto GrabMantap 4816,Ayam Geprek,Jakarta
GF-04818,Resto GrabMantap 4817,Beverages,Bandung
GF-04819,Resto GrabMantap 4818,Ayam Geprek,Tangerang
GF-04820,Resto GrabMantap 4819,Ayam Geprek,Bekasi
GF-04821,Resto GrabMantap 4820,Snacks,Makassar
GF-04822,Resto GrabMantap 4821,Seafood,Bandung
GF-04823,Resto GrabMantap 4822,Martabak,Jakarta
GF-04824,Resto GrabMantap 4823,Ayam Geprek,Surabaya
GF-04825,Resto GrabMantap 4824,Ayam Geprek,Surabaya
GF-04826,Resto GrabMantap 4825,Seafood,Makassar
GF-04827,Resto GrabMantap 4826,Snacks,Makassar
GF-04828,Resto GrabMantap 4827,Fast Food,Tangerang
GF-04829,Resto GrabMantap 4828,Ayam Geprek,Bandung
GF-04830,Resto GrabMantap 4829,Fast Food,Tangerang
GF-04831,Resto GrabMantap 4830,Ayam Geprek,Makassar
GF-04832,Resto GrabMantap 4831,Beverages,Surabaya
GF-04833,Resto GrabMantap 4832,Seafood,Tangerang
GF-04834,Resto GrabMantap 4833,Martabak,Bogor
GF-04835,Resto GrabMantap 4834,Martabak,Bali
GF-04836,Resto GrabMantap 4835,Martabak,Bekasi
GF-04837,Resto GrabMantap 4836,Ayam Geprek,Jakarta
GF-04838,Resto GrabMantap 4837,Fast Food,Bekasi
GF-04839,Resto GrabMantap 4838,Fast Food,Makassar
GF-04840,Resto GrabMantap 4839,Ayam Geprek,Bali
GF-04841,Resto GrabMantap 4840,Ayam Geprek,Makassar
GF-04842,Resto GrabMantap 4841,Seafood,Bogor
GF-04843,Resto GrabMantap 4842,Martabak,Bali
GF-04844,Resto GrabMantap 4843,Seafood,Makassar
GF-04845,Resto GrabMantap 4844,Seafood,Tangerang
GF-04846,Resto GrabMantap 4845,Fast Food,Bogor
GF-04847,Resto GrabMantap 4846,Seafood,Bekasi
GF-04848,Resto GrabMantap 4847,Martabak,Surabaya
GF-04849,Resto GrabMantap 4848,Seafood,Bandung
GF-04850,Resto GrabMantap 4849,Martabak,Makassar
GF-04851,Resto GrabMantap 4850,Ayam Geprek,Depok
GF-04852,Resto GrabMantap 4851,Martabak,Bogor
GF-04853,Resto GrabMantap 4852,Seafood,Bekasi
GF-04854,Resto GrabMantap 4853,Beverages,Makassar
GF-04855,Resto GrabMantap 4854,Ayam Geprek,Jakarta
GF-04856,Resto GrabMantap 4855,Martabak,Medan
GF-04857,Resto GrabMantap 4856,Martabak,Jakarta
GF-04858,Resto GrabMantap 4857,Ayam Geprek,Depok
GF-04859,Resto GrabMantap 4858,Beverages,Surabaya
GF-04860,Resto GrabMantap 4859,Ayam Geprek,Bekasi
GF-04861,Resto GrabMantap 4860,Fast Food,Depok
GF-04862,Resto GrabMantap 4861,Ayam Geprek,Bogor
GF-04863,Resto GrabMantap 4862,Snacks,Medan
GF-04864,Resto GrabMantap 4863,Beverages,Bandung
GF-04865,Resto GrabMantap 4864,Fast Food,Jakarta
GF-04866,Resto GrabMantap 4865,Beverages,Jakarta
GF-04867,Resto GrabMantap 4866,Fast Food,Medan
GF-04868,Resto GrabMantap 4867,Snacks,Bali
GF-04869,Resto GrabMantap 4868,Fast Food,Tangerang
GF-04870,Resto GrabMantap 4869,Seafood,Bekasi
GF-04871,Resto GrabMantap 4870,Snacks,Surabaya
GF-04872,Resto GrabMantap 4871,Beverages,Medan
GF-04873,Resto GrabMantap 4872,Beverages,Bogor
GF-04874,Resto GrabMantap 4873,Ayam Geprek,Bandung
GF-04875,Resto GrabMantap 4874,Martabak,Bandung
GF-04876,Resto GrabMantap 4875,Fast Food,Bali
GF-04877,Resto GrabMantap 4876,Snacks,Tangerang
GF-04878,Resto GrabMantap 4877,Fast Food,Jakarta
GF-04879,Resto GrabMantap 4878,Snacks,Jakarta
GF-04880,Resto GrabMantap 4879,Martabak,Bekasi
GF-04881,Resto GrabMantap 4880,Seafood,Bandung
GF-04882,Resto GrabMantap 4881,Martabak,Makassar
GF-04883,Resto GrabMantap 4882,Snacks,Tangerang
GF-04884,Resto GrabMantap 4883,Seafood,Bogor
GF-04885,Resto GrabMantap 4884,Martabak,Makassar
GF-04886,Resto GrabMantap 4885,Seafood,Medan
GF-04887,Resto GrabMantap 4886,Seafood,Bogor
GF-04888,Resto GrabMantap 4887,Beverages,Bali
GF-04889,Resto GrabMantap 4888,Snacks,Tangerang
GF-04890,Resto GrabMantap 4889,Fast Food,Makassar
GF-04891,Resto GrabMantap 4890,Fast Food,Bogor
GF-04892,Resto GrabMantap 4891,Beverages,Bandung
GF-04893,Resto GrabMantap 4892,Beverages,Bandung
GF-04894,Resto GrabMantap 4893,Snacks,Bogor
GF-04895,Resto GrabMantap 4894,Fast Food,Jakarta
GF-04896,Resto GrabMantap 4895,Beverages,Jakarta
GF-04897,Resto GrabMantap 4896,Beverages,Bogor
GF-04898,Resto GrabMantap 4897,Martabak,Depok
GF-04899,Resto GrabMantap 4898,Ayam Geprek,Depok
GF-04900,Resto GrabMantap 4899,Snacks,Jakarta
GF-04901,Resto GrabMantap 4900,Seafood,Bekasi
GF-04902,Resto GrabMantap 4901,Snacks,Surabaya
GF-04903,Resto GrabMantap 4902,Martabak,Bandung
GF-04904,Resto GrabMantap 4903,Snacks,Tangerang
GF-04905,Resto GrabMantap 4904,Ayam Geprek,Tangerang
GF-04906,Resto GrabMantap 4905,Beverages,Tangerang
GF-04907,Resto GrabMantap 4906,Beverages,Medan
GF-04908,Resto GrabMantap 4907,Beverages,Surabaya
GF-04909,Resto GrabMantap 4908,Ayam Geprek,Makassar
GF-04910,Resto GrabMantap 4909,Snacks,Tangerang
GF-04911,Resto GrabMantap 4910,Martabak,Bandung
GF-04912,Resto GrabMantap 4911,Seafood,Depok
GF-04913,Resto GrabMantap 4912,Fast Food,Tangerang
GF-04914,Resto GrabMantap 4913,Fast Food,Medan
GF-04915,Resto GrabMantap 4914,Ayam Geprek,Bogor
GF-04916,Resto GrabMantap 4915,Fast Food,Bandung
GF-04917,Resto GrabMantap 4916,Beverages,Bandung
GF-04918,Resto GrabMantap 4917,Ayam Geprek,Tangerang
GF-04919,Resto GrabMantap 4918,Seafood,Surabaya
GF-04920,Resto GrabMantap 4919,Ayam Geprek,Surabaya
GF-04921,Resto GrabMantap 4920,Snacks,Bogor
GF-04922,Resto GrabMantap 4921,Ayam Geprek,Bali
GF-04923,Resto GrabMantap 4922,Beverages,Medan
GF-04924,Resto GrabMantap 4923,Snacks,Medan
GF-04925,Resto GrabMantap 4924,Martabak,Surabaya
GF-04926,Resto GrabMantap 4925,Martabak,Bali
GF-04927,Resto GrabMantap 4926,Snacks,Tangerang
GF-04928,Resto GrabMantap 4927,Martabak,Jakarta
GF-04929,Resto GrabMantap 4928,Snacks,Makassar
GF-04930,Resto GrabMantap 4929,Ayam Geprek,Jakarta
GF-04931,Resto GrabMantap 4930,Beverages,Jakarta
GF-04932,Resto GrabMantap 4931,Fast Food,Tangerang
GF-04933,Resto GrabMantap 4932,Martabak,Bali
GF-04934,Resto GrabMantap 4933,Beverages,Jakarta
GF-04935,Resto GrabMantap 4934,Martabak,Makassar
GF-04936,Resto GrabMantap 4935,Seafood,Bandung
GF-04937,Resto GrabMantap 4936,Fast Food,Depok
GF-04938,Resto GrabMantap 4937,Fast Food,Depok
GF-04939,Resto GrabMantap 4938,Snacks,Bogor
GF-04940,Resto GrabMantap 4939,Beverages,Bekasi
GF-04941,Resto GrabMantap 4940,Ayam Geprek,Bogor
GF-04942,Resto GrabMantap 4941,Seafood,Bekasi
GF-04943,Resto GrabMantap 4942,Fast Food,Depok
GF-04944,Resto GrabMantap 4943,Seafood,Medan
GF-04945,Resto GrabMantap 4944,Ayam Geprek,Bekasi
GF-04946,Resto GrabMantap 4945,Beverages,Bali
GF-04947,Resto GrabMantap 4946,Martabak,Tangerang
GF-04948,Resto GrabMantap 4947,Ayam Geprek,Depok
GF-04949,Resto GrabMantap 4948,Seafood,Surabaya
GF-04950,Resto GrabMantap 4949,Seafood,Bekasi
GF-04951,Resto GrabMantap 4950,Snacks,Jakarta
GF-04952,Resto GrabMantap 4951,Seafood,Jakarta
GF-04953,Resto GrabMantap 4952,Martabak,Makassar
GF-04954,Resto GrabMantap 4953,Fast Food,Bandung
GF-04955,Resto GrabMantap 4954,Ayam Geprek,Bekasi
GF-04956,Resto GrabMantap 4955,Seafood,Makassar
GF-04957,Resto GrabMantap 4956,Martabak,Bandung
GF-04958,Resto GrabMantap 4957,Martabak,Makassar
GF-04959,Resto GrabMantap 4958,Snacks,Bali
GF-04960,Resto GrabMantap 4959,Ayam Geprek,Bali
GF-04961,Resto GrabMantap 4960,Snacks,Makassar
GF-04962,Resto GrabMantap 4961,Snacks,Tangerang
GF-04963,Resto GrabMantap 4962,Ayam Geprek,Makassar
GF-04964,Resto GrabMantap 4963,Fast Food,Bekasi
GF-04965,Resto GrabMantap 4964,Ayam Geprek,Bekasi
GF-04966,Resto GrabMantap 4965,Fast Food,Tangerang
GF-04967,Resto GrabMantap 4966,Seafood,Medan
GF-04968,Resto GrabMantap 4967,Fast Food,Surabaya
GF-04969,Resto GrabMantap 4968,Snacks,Bekasi
GF-04970,Resto GrabMantap 4969,Snacks,Bekasi
GF-04971,Resto GrabMantap 4970,Seafood,Depok
GF-04972,Resto GrabMantap 4971,Seafood,Bali
GF-04973,Resto GrabMantap 4972,Ayam Geprek,Depok
GF-04974,Resto GrabMantap 4973,Fast Food,Makassar
GF-04975,Resto GrabMantap 4974,Ayam Geprek,Bandung
GF-04976,Resto GrabMantap 4975,Martabak,Jakarta
GF-04977,Resto GrabMantap 4976,Snacks,Jakarta
GF-04978,Resto GrabMantap 4977,Seafood,Surabaya
GF-04979,Resto GrabMantap 4978,Seafood,Medan
GF-04980,Resto GrabMantap 4979,Beverages,Medan
GF-04981,Resto GrabMantap 4980,Beverages,Surabaya
GF-04982,Resto GrabMantap 4981,Snacks,Medan
GF-04983,Resto GrabMantap 4982,Ayam Geprek,Makassar
GF-04984,Resto GrabMantap 4983,Snacks,Bali
GF-04985,Resto GrabMantap 4984,Ayam Geprek,Tangerang
GF-04986,Resto GrabMantap 4985,Ayam Geprek,Makassar
GF-04987,Resto GrabMantap 4986,Fast Food,Medan
GF-04988,Resto GrabMantap 4987,Ayam Geprek,Tangerang
GF-04989,Resto GrabMantap 4988,Beverages,Bekasi
GF-04990,Resto GrabMantap 4989,Martabak,Bandung
GF-04991,Resto GrabMantap 4990,Fast Food,Bali
GF-04992,Resto GrabMantap 4991,Martabak,Makassar
GF-04993,Resto GrabMantap 4992,Fast Food,Tangerang
GF-04994,Resto GrabMantap 4993,Seafood,Bogor
GF-04995,Resto GrabMantap 4994,Ayam Geprek,Bali
GF-04996,Resto GrabMantap 4995,Ayam Geprek,Bandung
GF-04997,Resto GrabMantap 4996,Beverages,Medan
GF-04998,Resto GrabMantap 4997,Fast Food,Bali
GF-04999,Resto GrabMantap 4998,Beverages,Depok
GF-05000,Resto GrabMantap 4999,Seafood,Bekasi
GF-05001,Resto GrabMantap 5000,Ayam Geprek,Bali
GF-05002,Resto GrabMantap 5001,Seafood,Depok
GF-05003,Resto GrabMantap 5002,Beverages,Makassar
GF-05004,Resto GrabMantap 5003,Ayam Geprek,Jakarta
GF-05005,Resto GrabMantap 5004,Seafood,Jakarta
GF-05006,Resto GrabMantap 5005,Martabak,Bali
GF-05007,Resto GrabMantap 5006,Beverages,Depok
GF-05008,Resto GrabMantap 5007,Seafood,Tangerang
GF-05009,Resto GrabMantap 5008,Snacks,Bandung
GF-05010,Resto GrabMantap 5009,Snacks,Tangerang
GF-05011,Resto GrabMantap 5010,Snacks,Bekasi
GF-05012,Resto GrabMantap 5011,Martabak,Bandung
GF-05013,Resto GrabMantap 5012,Beverages,Depok
GF-05014,Resto GrabMantap 5013,Seafood,Surabaya
GF-05015,Resto GrabMantap 5014,Fast Food,Bali
GF-05016,Resto GrabMantap 5015,Ayam Geprek,Tangerang
GF-05017,Resto GrabMantap 5016,Beverages,Makassar
GF-05018,Resto GrabMantap 5017,Ayam Geprek,Bali
GF-05019,Resto GrabMantap 5018,Fast Food,Bandung
GF-05020,Resto GrabMantap 5019,Snacks,Bekasi
GF-05021,Resto GrabMantap 5020,Snacks,Depok
GF-05022,Resto GrabMantap 5021,Ayam Geprek,Bekasi
GF-05023,Resto GrabMantap 5022,Beverages,Makassar
GF-05024,Resto GrabMantap 5023,Beverages,Bali
GF-05025,Resto GrabMantap 5024,Ayam Geprek,Makassar
GF-05026,Resto GrabMantap 5025,Seafood,Bogor
GF-05027,Resto GrabMantap 5026,Martabak,Medan
GF-05028,Resto GrabMantap 5027,Fast Food,Surabaya
GF-05029,Resto GrabMantap 5028,Beverages,Surabaya
GF-05030,Resto GrabMantap 5029,Seafood,Bogor
GF-05031,Resto GrabMantap 5030,Seafood,Bali
GF-05032,Resto GrabMantap 5031,Martabak,Bogor
GF-05033,Resto GrabMantap 5032,Beverages,Surabaya
GF-05034,Resto GrabMantap 5033,Ayam Geprek,Bogor
GF-05035,Resto GrabMantap 5034,Seafood,Medan
GF-05036,Resto GrabMantap 5035,Snacks,Jakarta
GF-05037,Resto GrabMantap 5036,Beverages,Bali
GF-05038,Resto GrabMantap 5037,Snacks,Bekasi
GF-05039,Resto GrabMantap 5038,Ayam Geprek,Makassar
GF-05040,Resto GrabMantap 5039,Snacks,Surabaya
GF-05041,Resto GrabMantap 5040,Seafood,Depok
GF-05042,Resto GrabMantap 5041,Beverages,Bekasi
GF-05043,Resto GrabMantap 5042,Beverages,Jakarta
GF-05044,Resto GrabMantap 5043,Snacks,Makassar
GF-05045,Resto GrabMantap 5044,Ayam Geprek,Depok
GF-05046,Resto GrabMantap 5045,Seafood,Jakarta
GF-05047,Resto GrabMantap 5046,Beverages,Tangerang
GF-05048,Resto GrabMantap 5047,Martabak,Bogor
GF-05049,Resto GrabMantap 5048,Snacks,Tangerang
GF-05050,Resto GrabMantap 5049,Ayam Geprek,Medan
GF-05051,Resto GrabMantap 5050,Beverages,Medan
GF-05052,Resto GrabMantap 5051,Martabak,Bogor
GF-05053,Resto GrabMantap 5052,Fast Food,Depok
GF-05054,Resto GrabMantap 5053,Ayam Geprek,Surabaya
GF-05055,Resto GrabMantap 5054,Beverages,Medan
GF-05056,Resto GrabMantap 5055,Ayam Geprek,Surabaya
GF-05057,Resto GrabMantap 5056,Beverages,Medan
GF-05058,Resto GrabMantap 5057,Ayam Geprek,Tangerang
GF-05059,Resto GrabMantap 5058,Beverages,Bekasi
GF-05060,Resto GrabMantap 5059,Snacks,Jakarta
GF-05061,Resto GrabMantap 5060,Seafood,Jakarta
GF-05062,Resto GrabMantap 5061,Beverages,Bandung
GF-05063,Resto GrabMantap 5062,Fast Food,Medan
GF-05064,Resto GrabMantap 5063,Martabak,Bekasi
GF-05065,Resto GrabMantap 5064,Fast Food,Bogor
GF-05066,Resto GrabMantap 5065,Beverages,Depok
GF-05067,Resto GrabMantap 5066,Beverages,Bandung
GF-05068,Resto GrabMantap 5067,Seafood,Medan
GF-05069,Resto GrabMantap 5068,Seafood,Bogor
GF-05070,Resto GrabMantap 5069,Seafood,Depok
GF-05071,Resto GrabMantap 5070,Martabak,Bogor
GF-05072,Resto GrabMantap 5071,Ayam Geprek,Jakarta
GF-05073,Resto GrabMantap 5072,Ayam Geprek,Tangerang
GF-05074,Resto GrabMantap 5073,Snacks,Medan
GF-05075,Resto GrabMantap 5074,Fast Food,Medan
GF-05076,Resto GrabMantap 5075,Snacks,Depok
GF-05077,Resto GrabMantap 5076,Seafood,Bandung
GF-05078,Resto GrabMantap 5077,Seafood,Jakarta
GF-05079,Resto GrabMantap 5078,Snacks,Makassar
GF-05080,Resto GrabMantap 5079,Seafood,Jakarta
GF-05081,Resto GrabMantap 5080,Martabak,Jakarta
GF-05082,Resto GrabMantap 5081,Ayam Geprek,Bandung
GF-05083,Resto GrabMantap 5082,Snacks,Depok
GF-05084,Resto GrabMantap 5083,Snacks,Bekasi
GF-05085,Resto GrabMantap 5084,Ayam Geprek,Surabaya
GF-05086,Resto GrabMantap 5085,Ayam Geprek,Medan
GF-05087,Resto GrabMantap 5086,Ayam Geprek,Makassar
GF-05088,Resto GrabMantap 5087,Fast Food,Surabaya
GF-05089,Resto GrabMantap 5088,Ayam Geprek,Depok
GF-05090,Resto GrabMantap 5089,Seafood,Tangerang
GF-05091,Resto GrabMantap 5090,Seafood,Medan
GF-05092,Resto GrabMantap 5091,Ayam Geprek,Depok
GF-05093,Resto GrabMantap 5092,Fast Food,Bali
GF-05094,Resto GrabMantap 5093,Seafood,Bandung
GF-05095,Resto GrabMantap 5094,Martabak,Jakarta
GF-05096,Resto GrabMantap 5095,Snacks,Tangerang
GF-05097,Resto GrabMantap 5096,Ayam Geprek,Depok
GF-05098,Resto GrabMantap 5097,Martabak,Tangerang
GF-05099,Resto GrabMantap 5098,Ayam Geprek,Medan
GF-05100,Resto GrabMantap 5099,Ayam Geprek,Surabaya
GF-05101,Resto GrabMantap 5100,Snacks,Makassar
GF-05102,Resto GrabMantap 5101,Ayam Geprek,Depok
GF-05103,Resto GrabMantap 5102,Fast Food,Tangerang
GF-05104,Resto GrabMantap 5103,Snacks,Jakarta
GF-05105,Resto GrabMantap 5104,Snacks,Bandung
GF-05106,Resto GrabMantap 5105,Ayam Geprek,Depok
GF-05107,Resto GrabMantap 5106,Ayam Geprek,Makassar
GF-05108,Resto GrabMantap 5107,Seafood,Bogor
GF-05109,Resto GrabMantap 5108,Fast Food,Bandung
GF-05110,Resto GrabMantap 5109,Snacks,Bogor
GF-05111,Resto GrabMantap 5110,Seafood,Bogor
GF-05112,Resto GrabMantap 5111,Snacks,Jakarta
GF-05113,Resto GrabMantap 5112,Martabak,Tangerang
GF-05114,Resto GrabMantap 5113,Snacks,Bandung
GF-05115,Resto GrabMantap 5114,Beverages,Depok
GF-05116,Resto GrabMantap 5115,Seafood,Bogor
GF-05117,Resto GrabMantap 5116,Ayam Geprek,Surabaya
GF-05118,Resto GrabMantap 5117,Fast Food,Medan
GF-05119,Resto GrabMantap 5118,Ayam Geprek,Tangerang
GF-05120,Resto GrabMantap 5119,Ayam Geprek,Jakarta
GF-05121,Resto GrabMantap 5120,Martabak,Bekasi
GF-05122,Resto GrabMantap 5121,Snacks,Bali
GF-05123,Resto GrabMantap 5122,Martabak,Bekasi
GF-05124,Resto GrabMantap 5123,Seafood,Surabaya
GF-05125,Resto GrabMantap 5124,Martabak,Medan
GF-05126,Resto GrabMantap 5125,Seafood,Medan
GF-05127,Resto GrabMantap 5126,Seafood,Medan
GF-05128,Resto GrabMantap 5127,Fast Food,Bandung
GF-05129,Resto GrabMantap 5128,Seafood,Makassar
GF-05130,Resto GrabMantap 5129,Martabak,Bali
GF-05131,Resto GrabMantap 5130,Ayam Geprek,Jakarta
GF-05132,Resto GrabMantap 5131,Seafood,Surabaya
GF-05133,Resto GrabMantap 5132,Martabak,Depok
GF-05134,Resto GrabMantap 5133,Ayam Geprek,Bali
GF-05135,Resto GrabMantap 5134,Snacks,Bekasi
GF-05136,Resto GrabMantap 5135,Martabak,Surabaya
GF-05137,Resto GrabMantap 5136,Seafood,Makassar
GF-05138,Resto GrabMantap 5137,Seafood,Bandung
GF-05139,Resto GrabMantap 5138,Snacks,Tangerang
GF-05140,Resto GrabMantap 5139,Snacks,Depok
GF-05141,Resto GrabMantap 5140,Fast Food,Bogor
GF-05142,Resto GrabMantap 5141,Fast Food,Makassar
GF-05143,Resto GrabMantap 5142,Beverages,Bali
GF-05144,Resto GrabMantap 5143,Seafood,Bekasi
GF-05145,Resto GrabMantap 5144,Snacks,Bandung
GF-05146,Resto GrabMantap 5145,Snacks,Surabaya
GF-05147,Resto GrabMantap 5146,Fast Food,Medan
GF-05148,Resto GrabMantap 5147,Beverages,Makassar
GF-05149,Resto GrabMantap 5148,Beverages,Bali
GF-05150,Resto GrabMantap 5149,Martabak,Makassar
GF-05151,Resto GrabMantap 5150,Martabak,Jakarta
GF-05152,Resto GrabMantap 5151,Martabak,Bali
GF-05153,Resto GrabMantap 5152,Martabak,Bandung
GF-05154,Resto GrabMantap 5153,Fast Food,Tangerang
GF-05155,Resto GrabMantap 5154,Beverages,Medan
GF-05156,Resto GrabMantap 5155,Ayam Geprek,Bali
GF-05157,Resto GrabMantap 5156,Fast Food,Bali
GF-05158,Resto GrabMantap 5157,Fast Food,Tangerang
GF-05159,Resto GrabMantap 5158,Beverages,Makassar
GF-05160,Resto GrabMantap 5159,Fast Food,Bali
GF-05161,Resto GrabMantap 5160,Martabak,Depok
GF-05162,Resto GrabMantap 5161,Snacks,Makassar
GF-05163,Resto GrabMantap 5162,Snacks,Bekasi
GF-05164,Resto GrabMantap 5163,Fast Food,Depok
GF-05165,Resto GrabMantap 5164,Seafood,Surabaya
GF-05166,Resto GrabMantap 5165,Martabak,Bandung
GF-05167,Resto GrabMantap 5166,Snacks,Bali
GF-05168,Resto GrabMantap 5167,Beverages,Medan
GF-05169,Resto GrabMantap 5168,Beverages,Medan
GF-05170,Resto GrabMantap 5169,Ayam Geprek,Bali
GF-05171,Resto GrabMantap 5170,Ayam Geprek,Surabaya
GF-05172,Resto GrabMantap 5171,Snacks,Surabaya
GF-05173,Resto GrabMantap 5172,Ayam Geprek,Medan
GF-05174,Resto GrabMantap 5173,Ayam Geprek,Depok
GF-05175,Resto GrabMantap 5174,Snacks,Bogor
GF-05176,Resto GrabMantap 5175,Fast Food,Medan
GF-05177,Resto GrabMantap 5176,Seafood,Bandung
GF-05178,Resto GrabMantap 5177,Beverages,Bandung
GF-05179,Resto GrabMantap 5178,Snacks,Bali
GF-05180,Resto GrabMantap 5179,Fast Food,Surabaya
GF-05181,Resto GrabMantap 5180,Ayam Geprek,Surabaya
GF-05182,Resto GrabMantap 5181,Beverages,Surabaya
GF-05183,Resto GrabMantap 5182,Ayam Geprek,Medan
GF-05184,Resto GrabMantap 5183,Fast Food,Bandung
GF-05185,Resto GrabMantap 5184,Snacks,Medan
GF-05186,Resto GrabMantap 5185,Beverages,Medan
GF-05187,Resto GrabMantap 5186,Beverages,Makassar
GF-05188,Resto GrabMantap 5187,Beverages,Makassar
GF-05189,Resto GrabMantap 5188,Martabak,Tangerang
GF-05190,Resto GrabMantap 5189,Martabak,Medan
GF-05191,Resto GrabMantap 5190,Ayam Geprek,Tangerang
GF-05192,Resto GrabMantap 5191,Martabak,Bogor
GF-05193,Resto GrabMantap 5192,Seafood,Bekasi
GF-05194,Resto GrabMantap 5193,Fast Food,Medan
GF-05195,Resto GrabMantap 5194,Snacks,Surabaya
GF-05196,Resto GrabMantap 5195,Martabak,Medan
GF-05197,Resto GrabMantap 5196,Beverages,Bali
GF-05198,Resto GrabMantap 5197,Beverages,Makassar
GF-05199,Resto GrabMantap 5198,Seafood,Surabaya
GF-05200,Resto GrabMantap 5199,Fast Food,Bekasi
GF-05201,Resto GrabMantap 5200,Snacks,Jakarta
GF-05202,Resto GrabMantap 5201,Fast Food,Bandung
GF-05203,Resto GrabMantap 5202,Seafood,Medan
GF-05204,Resto GrabMantap 5203,Ayam Geprek,Bali
GF-05205,Resto GrabMantap 5204,Ayam Geprek,Bogor
GF-05206,Resto GrabMantap 5205,Snacks,Jakarta
GF-05207,Resto GrabMantap 5206,Fast Food,Tangerang
GF-05208,Resto GrabMantap 5207,Seafood,Makassar
GF-05209,Resto GrabMantap 5208,Ayam Geprek,Jakarta
GF-05210,Resto GrabMantap 5209,Snacks,Jakarta
GF-05211,Resto GrabMantap 5210,Fast Food,Jakarta
GF-05212,Resto GrabMantap 5211,Beverages,Bekasi
GF-05213,Resto GrabMantap 5212,Beverages,Makassar
GF-05214,Resto GrabMantap 5213,Martabak,Medan
GF-05215,Resto GrabMantap 5214,Martabak,Depok
GF-05216,Resto GrabMantap 5215,Martabak,Bandung
GF-05217,Resto GrabMantap 5216,Beverages,Depok
GF-05218,Resto GrabMantap 5217,Ayam Geprek,Surabaya
GF-05219,Resto GrabMantap 5218,Seafood,Bali
GF-05220,Resto GrabMantap 5219,Beverages,Bekasi
GF-05221,Resto GrabMantap 5220,Martabak,Depok
GF-05222,Resto GrabMantap 5221,Ayam Geprek,Bekasi
GF-05223,Resto GrabMantap 5222,Fast Food,Bekasi
GF-05224,Resto GrabMantap 5223,Ayam Geprek,Jakarta
GF-05225,Resto GrabMantap 5224,Seafood,Bandung
GF-05226,Resto GrabMantap 5225,Snacks,Surabaya
GF-05227,Resto GrabMantap 5226,Snacks,Bogor
GF-05228,Resto GrabMantap 5227,Martabak,Makassar
GF-05229,Resto GrabMantap 5228,Seafood,Jakarta
GF-05230,Resto GrabMantap 5229,Martabak,Makassar
GF-05231,Resto GrabMantap 5230,Martabak,Makassar
GF-05232,Resto GrabMantap 5231,Seafood,Depok
GF-05233,Resto GrabMantap 5232,Beverages,Surabaya
GF-05234,Resto GrabMantap 5233,Ayam Geprek,Surabaya
GF-05235,Resto GrabMantap 5234,Seafood,Makassar
GF-05236,Resto GrabMantap 5235,Snacks,Depok
GF-05237,Resto GrabMantap 5236,Snacks,Tangerang
GF-05238,Resto GrabMantap 5237,Beverages,Depok
GF-05239,Resto GrabMantap 5238,Seafood,Makassar
GF-05240,Resto GrabMantap 5239,Seafood,Surabaya
GF-05241,Resto GrabMantap 5240,Snacks,Bekasi
GF-05242,Resto GrabMantap 5241,Seafood,Tangerang
GF-05243,Resto GrabMantap 5242,Snacks,Makassar
GF-05244,Resto GrabMantap 5243,Snacks,Jakarta
GF-05245,Resto GrabMantap 5244,Beverages,Medan
GF-05246,Resto GrabMantap 5245,Beverages,Bogor
GF-05247,Resto GrabMantap 5246,Ayam Geprek,Tangerang
GF-05248,Resto GrabMantap 5247,Beverages,Depok
GF-05249,Resto GrabMantap 5248,Martabak,Bali
GF-05250,Resto GrabMantap 5249,Ayam Geprek,Jakarta
GF-05251,Resto GrabMantap 5250,Ayam Geprek,Medan
GF-05252,Resto GrabMantap 5251,Ayam Geprek,Depok
GF-05253,Resto GrabMantap 5252,Fast Food,Tangerang
GF-05254,Resto GrabMantap 5253,Martabak,Surabaya
GF-05255,Resto GrabMantap 5254,Seafood,Jakarta
GF-05256,Resto GrabMantap 5255,Snacks,Bekasi
GF-05257,Resto GrabMantap 5256,Martabak,Depok
GF-05258,Resto GrabMantap 5257,Martabak,Medan
GF-05259,Resto GrabMantap 5258,Fast Food,Bekasi
GF-05260,Resto GrabMantap 5259,Snacks,Bali
GF-05261,Resto GrabMantap 5260,Snacks,Bali
GF-05262,Resto GrabMantap 5261,Fast Food,Surabaya
GF-05263,Resto GrabMantap 5262,Fast Food,Makassar
GF-05264,Resto GrabMantap 5263,Beverages,Bogor
GF-05265,Resto GrabMantap 5264,Martabak,Surabaya
GF-05266,Resto GrabMantap 5265,Ayam Geprek,Bandung
GF-05267,Resto GrabMantap 5266,Beverages,Tangerang
GF-05268,Resto GrabMantap 5267,Martabak,Jakarta
GF-05269,Resto GrabMantap 5268,Seafood,Depok
GF-05270,Resto GrabMantap 5269,Beverages,Surabaya
GF-05271,Resto GrabMantap 5270,Seafood,Bogor
GF-05272,Resto GrabMantap 5271,Ayam Geprek,Bogor
GF-05273,Resto GrabMantap 5272,Beverages,Bandung
GF-05274,Resto GrabMantap 5273,Martabak,Medan
GF-05275,Resto GrabMantap 5274,Seafood,Depok
GF-05276,Resto GrabMantap 5275,Beverages,Bekasi
GF-05277,Resto GrabMantap 5276,Snacks,Makassar
GF-05278,Resto GrabMantap 5277,Martabak,Tangerang
GF-05279,Resto GrabMantap 5278,Seafood,Medan
GF-05280,Resto GrabMantap 5279,Beverages,Bandung
GF-05281,Resto GrabMantap 5280,Snacks,Bogor
GF-05282,Resto GrabMantap 5281,Fast Food,Bekasi
GF-05283,Resto GrabMantap 5282,Seafood,Makassar
GF-05284,Resto GrabMantap 5283,Fast Food,Surabaya
GF-05285,Resto GrabMantap 5284,Snacks,Bogor
GF-05286,Resto GrabMantap 5285,Martabak,Bandung
GF-05287,Resto GrabMantap 5286,Fast Food,Tangerang
GF-05288,Resto GrabMantap 5287,Martabak,Surabaya
GF-05289,Resto GrabMantap 5288,Seafood,Surabaya
GF-05290,Resto GrabMantap 5289,Fast Food,Bali
GF-05291,Resto GrabMantap 5290,Seafood,Jakarta
GF-05292,Resto GrabMantap 5291,Martabak,Tangerang
GF-05293,Resto GrabMantap 5292,Martabak,Bekasi
GF-05294,Resto GrabMantap 5293,Ayam Geprek,Bandung
GF-05295,Resto GrabMantap 5294,Ayam Geprek,Makassar
GF-05296,Resto GrabMantap 5295,Ayam Geprek,Bandung
GF-05297,Resto GrabMantap 5296,Snacks,Medan
GF-05298,Resto GrabMantap 5297,Seafood,Depok
GF-05299,Resto GrabMantap 5298,Seafood,Bogor
GF-05300,Resto GrabMantap 5299,Ayam Geprek,Tangerang
GF-05301,Resto GrabMantap 5300,Beverages,Bali
GF-05302,Resto GrabMantap 5301,Martabak,Jakarta
GF-05303,Resto GrabMantap 5302,Martabak,Bali
GF-05304,Resto GrabMantap 5303,Martabak,Bekasi
GF-05305,Resto GrabMantap 5304,Snacks,Bekasi
GF-05306,Resto GrabMantap 5305,Snacks,Makassar
GF-05307,Resto GrabMantap 5306,Seafood,Surabaya
GF-05308,Resto GrabMantap 5307,Snacks,Jakarta
GF-05309,Resto GrabMantap 5308,Seafood,Medan
GF-05310,Resto GrabMantap 5309,Ayam Geprek,Makassar
GF-05311,Resto GrabMantap 5310,Beverages,Bogor
GF-05312,Resto GrabMantap 5311,Beverages,Tangerang
GF-05313,Resto GrabMantap 5312,Fast Food,Surabaya
GF-05314,Resto GrabMantap 5313,Snacks,Bekasi
GF-05315,Resto GrabMantap 5314,Martabak,Tangerang
GF-05316,Resto GrabMantap 5315,Seafood,Makassar
GF-05317,Resto GrabMantap 5316,Ayam Geprek,Tangerang
GF-05318,Resto GrabMantap 5317,Fast Food,Bandung
GF-05319,Resto GrabMantap 5318,Seafood,Depok
GF-05320,Resto GrabMantap 5319,Seafood,Bandung
GF-05321,Resto GrabMantap 5320,Martabak,Depok
GF-05322,Resto GrabMantap 5321,Ayam Geprek,Bandung
GF-05323,Resto GrabMantap 5322,Beverages,Surabaya
GF-05324,Resto GrabMantap 5323,Martabak,Bekasi
GF-05325,Resto GrabMantap 5324,Snacks,Surabaya
GF-05326,Resto GrabMantap 5325,Seafood,Bali
GF-05327,Resto GrabMantap 5326,Snacks,Medan
GF-05328,Resto GrabMantap 5327,Seafood,Bogor
GF-05329,Resto GrabMantap 5328,Snacks,Medan
GF-05330,Resto GrabMantap 5329,Snacks,Bekasi
GF-05331,Resto GrabMantap 5330,Beverages,Jakarta
GF-05332,Resto GrabMantap 5331,Martabak,Tangerang
GF-05333,Resto GrabMantap 5332,Snacks,Bekasi
GF-05334,Resto GrabMantap 5333,Seafood,Medan
GF-05335,Resto GrabMantap 5334,Fast Food,Bekasi
GF-05336,Resto GrabMantap 5335,Fast Food,Makassar
GF-05337,Resto GrabMantap 5336,Ayam Geprek,Bandung
GF-05338,Resto GrabMantap 5337,Beverages,Bali
GF-05339,Resto GrabMantap 5338,Snacks,Bekasi
GF-05340,Resto GrabMantap 5339,Martabak,Bogor
GF-05341,Resto GrabMantap 5340,Snacks,Bogor
GF-05342,Resto GrabMantap 5341,Beverages,Tangerang
GF-05343,Resto GrabMantap 5342,Fast Food,Bekasi
GF-05344,Resto GrabMantap 5343,Fast Food,Depok
GF-05345,Resto GrabMantap 5344,Seafood,Depok
GF-05346,Resto GrabMantap 5345,Martabak,Makassar
GF-05347,Resto GrabMantap 5346,Snacks,Jakarta
GF-05348,Resto GrabMantap 5347,Ayam Geprek,Jakarta
GF-05349,Resto GrabMantap 5348,Fast Food,Surabaya
GF-05350,Resto GrabMantap 5349,Beverages,Bekasi
GF-05351,Resto GrabMantap 5350,Beverages,Tangerang
GF-05352,Resto GrabMantap 5351,Snacks,Bandung
GF-05353,Resto GrabMantap 5352,Beverages,Medan
GF-05354,Resto GrabMantap 5353,Fast Food,Bandung
GF-05355,Resto GrabMantap 5354,Beverages,Bali
GF-05356,Resto GrabMantap 5355,Ayam Geprek,Medan
GF-05357,Resto GrabMantap 5356,Seafood,Depok
GF-05358,Resto GrabMantap 5357,Snacks,Bali
GF-05359,Resto GrabMantap 5358,Martabak,Tangerang
GF-05360,Resto GrabMantap 5359,Martabak,Medan
GF-05361,Resto GrabMantap 5360,Seafood,Bogor
GF-05362,Resto GrabMantap 5361,Fast Food,Depok
GF-05363,Resto GrabMantap 5362,Martabak,Depok
GF-05364,Resto GrabMantap 5363,Seafood,Makassar
GF-05365,Resto GrabMantap 5364,Fast Food,Tangerang
GF-05366,Resto GrabMantap 5365,Ayam Geprek,Bandung
GF-05367,Resto GrabMantap 5366,Seafood,Makassar
GF-05368,Resto GrabMantap 5367,Seafood,Bogor
GF-05369,Resto GrabMantap 5368,Seafood,Bandung
GF-05370,Resto GrabMantap 5369,Ayam Geprek,Jakarta
GF-05371,Resto GrabMantap 5370,Fast Food,Bogor
GF-05372,Resto GrabMantap 5371,Snacks,Surabaya
GF-05373,Resto GrabMantap 5372,Snacks,Makassar
GF-05374,Resto GrabMantap 5373,Beverages,Bekasi
GF-05375,Resto GrabMantap 5374,Beverages,Bekasi
GF-05376,Resto GrabMantap 5375,Seafood,Tangerang
GF-05377,Resto GrabMantap 5376,Seafood,Depok
GF-05378,Resto GrabMantap 5377,Fast Food,Bali
GF-05379,Resto GrabMantap 5378,Fast Food,Makassar
GF-05380,Resto GrabMantap 5379,Snacks,Bandung
GF-05381,Resto GrabMantap 5380,Seafood,Bogor
GF-05382,Resto GrabMantap 5381,Fast Food,Bandung
GF-05383,Resto GrabMantap 5382,Fast Food,Bogor
GF-05384,Resto GrabMantap 5383,Snacks,Bandung
GF-05385,Resto GrabMantap 5384,Snacks,Tangerang
GF-05386,Resto GrabMantap 5385,Beverages,Bogor
GF-05387,Resto GrabMantap 5386,Seafood,Medan
GF-05388,Resto GrabMantap 5387,Beverages,Bogor
GF-05389,Resto GrabMantap 5388,Seafood,Bekasi
GF-05390,Resto GrabMantap 5389,Fast Food,Depok
GF-05391,Resto GrabMantap 5390,Seafood,Medan
GF-05392,Resto GrabMantap 5391,Snacks,Medan
GF-05393,Resto GrabMantap 5392,Fast Food,Surabaya
GF-05394,Resto GrabMantap 5393,Fast Food,Surabaya
GF-05395,Resto GrabMantap 5394,Martabak,Bali
GF-05396,Resto GrabMantap 5395,Ayam Geprek,Surabaya
GF-05397,Resto GrabMantap 5396,Fast Food,Tangerang
GF-05398,Resto GrabMantap 5397,Beverages,Jakarta
GF-05399,Resto GrabMantap 5398,Beverages,Bandung
GF-05400,Resto GrabMantap 5399,Seafood,Medan
GF-05401,Resto GrabMantap 5400,Seafood,Bekasi
GF-05402,Resto GrabMantap 5401,Martabak,Jakarta
GF-05403,Resto GrabMantap 5402,Seafood,Bekasi
GF-05404,Resto GrabMantap 5403,Fast Food,Depok
GF-05405,Resto GrabMantap 5404,Ayam Geprek,Depok
GF-05406,Resto GrabMantap 5405,Fast Food,Medan
GF-05407,Resto GrabMantap 5406,Seafood,Tangerang
GF-05408,Resto GrabMantap 5407,Fast Food,Surabaya
GF-05409,Resto GrabMantap 5408,Fast Food,Bogor
GF-05410,Resto GrabMantap 5409,Ayam Geprek,Bogor
GF-05411,Resto GrabMantap 5410,Seafood,Jakarta
GF-05412,Resto GrabMantap 5411,Fast Food,Surabaya
GF-05413,Resto GrabMantap 5412,Snacks,Medan
GF-05414,Resto GrabMantap 5413,Seafood,Bandung
GF-05415,Resto GrabMantap 5414,Fast Food,Medan
GF-05416,Resto GrabMantap 5415,Seafood,Depok
GF-05417,Resto GrabMantap 5416,Snacks,Makassar
GF-05418,Resto GrabMantap 5417,Snacks,Bandung
GF-05419,Resto GrabMantap 5418,Snacks,Makassar
GF-05420,Resto GrabMantap 5419,Seafood,Surabaya
GF-05421,Resto GrabMantap 5420,Martabak,Surabaya
GF-05422,Resto GrabMantap 5421,Snacks,Surabaya
GF-05423,Resto GrabMantap 5422,Ayam Geprek,Makassar
GF-05424,Resto GrabMantap 5423,Ayam Geprek,Jakarta
GF-05425,Resto GrabMantap 5424,Martabak,Bali
GF-05426,Resto GrabMantap 5425,Fast Food,Bali
GF-05427,Resto GrabMantap 5426,Snacks,Bekasi
GF-05428,Resto GrabMantap 5427,Snacks,Surabaya
GF-05429,Resto GrabMantap 5428,Ayam Geprek,Bekasi
GF-05430,Resto GrabMantap 5429,Martabak,Medan
GF-05431,Resto GrabMantap 5430,Martabak,Surabaya
GF-05432,Resto GrabMantap 5431,Beverages,Depok
GF-05433,Resto GrabMantap 5432,Martabak,Bali
GF-05434,Resto GrabMantap 5433,Seafood,Depok
GF-05435,Resto GrabMantap 5434,Martabak,Bekasi
GF-05436,Resto GrabMantap 5435,Martabak,Surabaya
GF-05437,Resto GrabMantap 5436,Snacks,Makassar
GF-05438,Resto GrabMantap 5437,Fast Food,Bandung
GF-05439,Resto GrabMantap 5438,Snacks,Makassar
GF-05440,Resto GrabMantap 5439,Seafood,Tangerang
GF-05441,Resto GrabMantap 5440,Ayam Geprek,Bekasi
GF-05442,Resto GrabMantap 5441,Beverages,Medan
GF-05443,Resto GrabMantap 5442,Fast Food,Surabaya
GF-05444,Resto GrabMantap 5443,Beverages,Bandung
GF-05445,Resto GrabMantap 5444,Beverages,Bali
GF-05446,Resto GrabMantap 5445,Snacks,Bekasi
GF-05447,Resto GrabMantap 5446,Seafood,Surabaya
GF-05448,Resto GrabMantap 5447,Beverages,Bali
GF-05449,Resto GrabMantap 5448,Martabak,Tangerang
GF-05450,Resto GrabMantap 5449,Fast Food,Bogor
GF-05451,Resto GrabMantap 5450,Seafood,Bali
GF-05452,Resto GrabMantap 5451,Snacks,Medan
GF-05453,Resto GrabMantap 5452,Beverages,Makassar
GF-05454,Resto GrabMantap 5453,Beverages,Bali
GF-05455,Resto GrabMantap 5454,Fast Food,Depok
GF-05456,Resto GrabMantap 5455,Ayam Geprek,Makassar
GF-05457,Resto GrabMantap 5456,Martabak,Bekasi
GF-05458,Resto GrabMantap 5457,Ayam Geprek,Medan
GF-05459,Resto GrabMantap 5458,Snacks,Bekasi
GF-05460,Resto GrabMantap 5459,Fast Food,Medan
GF-05461,Resto GrabMantap 5460,Seafood,Surabaya
GF-05462,Resto GrabMantap 5461,Fast Food,Bogor
GF-05463,Resto GrabMantap 5462,Seafood,Bogor
GF-05464,Resto GrabMantap 5463,Ayam Geprek,Depok
GF-05465,Resto GrabMantap 5464,Martabak,Surabaya
GF-05466,Resto GrabMantap 5465,Snacks,Depok
GF-05467,Resto GrabMantap 5466,Beverages,Depok
GF-05468,Resto GrabMantap 5467,Beverages,Bali
GF-05469,Resto GrabMantap 5468,Martabak,Medan
GF-05470,Resto GrabMantap 5469,Fast Food,Jakarta
GF-05471,Resto GrabMantap 5470,Snacks,Bogor
GF-05472,Resto GrabMantap 5471,Seafood,Makassar
GF-05473,Resto GrabMantap 5472,Ayam Geprek,Surabaya
GF-05474,Resto GrabMantap 5473,Beverages,Bogor
GF-05475,Resto GrabMantap 5474,Snacks,Depok
GF-05476,Resto GrabMantap 5475,Martabak,Bekasi
GF-05477,Resto GrabMantap 5476,Beverages,Bekasi
GF-05478,Resto GrabMantap 5477,Seafood,Makassar
GF-05479,Resto GrabMantap 5478,Martabak,Bogor
GF-05480,Resto GrabMantap 5479,Fast Food,Surabaya
GF-05481,Resto GrabMantap 5480,Fast Food,Bandung
GF-05482,Resto GrabMantap 5481,Fast Food,Bekasi
GF-05483,Resto GrabMantap 5482,Martabak,Tangerang
GF-05484,Resto GrabMantap 5483,Beverages,Makassar
GF-05485,Resto GrabMantap 5484,Fast Food,Depok
GF-05486,Resto GrabMantap 5485,Beverages,Jakarta
GF-05487,Resto GrabMantap 5486,Ayam Geprek,Bekasi
GF-05488,Resto GrabMantap 5487,Ayam Geprek,Tangerang
GF-05489,Resto GrabMantap 5488,Martabak,Jakarta
GF-05490,Resto GrabMantap 5489,Beverages,Bekasi
GF-05491,Resto GrabMantap 5490,Snacks,Bogor
GF-05492,Resto GrabMantap 5491,Snacks,Medan
GF-05493,Resto GrabMantap 5492,Beverages,Medan
GF-05494,Resto GrabMantap 5493,Martabak,Jakarta
GF-05495,Resto GrabMantap 5494,Seafood,Makassar
GF-05496,Resto GrabMantap 5495,Seafood,Bandung
GF-05497,Resto GrabMantap 5496,Snacks,Bogor
GF-05498,Resto GrabMantap 5497,Ayam Geprek,Bogor
GF-05499,Resto GrabMantap 5498,Fast Food,Depok
GF-05500,Resto GrabMantap 5499,Fast Food,Makassar
GF-05501,Resto GrabMantap 5500,Martabak,Jakarta
GF-05502,Resto GrabMantap 5501,Beverages,Makassar
GF-05503,Resto GrabMantap 5502,Fast Food,Surabaya
GF-05504,Resto GrabMantap 5503,Snacks,Makassar
GF-05505,Resto GrabMantap 5504,Ayam Geprek,Bogor
GF-05506,Resto GrabMantap 5505,Martabak,Makassar
GF-05507,Resto GrabMantap 5506,Beverages,Bekasi
GF-05508,Resto GrabMantap 5507,Seafood,Surabaya
GF-05509,Resto GrabMantap 5508,Martabak,Bali
GF-05510,Resto GrabMantap 5509,Martabak,Medan
GF-05511,Resto GrabMantap 5510,Fast Food,Bandung
GF-05512,Resto GrabMantap 5511,Seafood,Tangerang
GF-05513,Resto GrabMantap 5512,Seafood,Bandung
GF-05514,Resto GrabMantap 5513,Beverages,Depok
GF-05515,Resto GrabMantap 5514,Ayam Geprek,Tangerang
GF-05516,Resto GrabMantap 5515,Fast Food,Depok
GF-05517,Resto GrabMantap 5516,Ayam Geprek,Bandung
GF-05518,Resto GrabMantap 5517,Snacks,Depok
GF-05519,Resto GrabMantap 5518,Martabak,Bandung
GF-05520,Resto GrabMantap 5519,Fast Food,Depok
GF-05521,Resto GrabMantap 5520,Beverages,Tangerang
GF-05522,Resto GrabMantap 5521,Snacks,Bandung
GF-05523,Resto GrabMantap 5522,Snacks,Bali
GF-05524,Resto GrabMantap 5523,Snacks,Surabaya
GF-05525,Resto GrabMantap 5524,Ayam Geprek,Surabaya
GF-05526,Resto GrabMantap 5525,Fast Food,Makassar
GF-05527,Resto GrabMantap 5526,Seafood,Jakarta
GF-05528,Resto GrabMantap 5527,Fast Food,Depok
GF-05529,Resto GrabMantap 5528,Seafood,Medan
GF-05530,Resto GrabMantap 5529,Martabak,Jakarta
GF-05531,Resto GrabMantap 5530,Ayam Geprek,Tangerang
GF-05532,Resto GrabMantap 5531,Ayam Geprek,Bekasi
GF-05533,Resto GrabMantap 5532,Snacks,Surabaya
GF-05534,Resto GrabMantap 5533,Beverages,Bali
GF-05535,Resto GrabMantap 5534,Seafood,Makassar
GF-05536,Resto GrabMantap 5535,Seafood,Bandung
GF-05537,Resto GrabMantap 5536,Martabak,Bandung
GF-05538,Resto GrabMantap 5537,Ayam Geprek,Bogor
GF-05539,Resto GrabMantap 5538,Martabak,Bali
GF-05540,Resto GrabMantap 5539,Seafood,Makassar
GF-05541,Resto GrabMantap 5540,Beverages,Depok
GF-05542,Resto GrabMantap 5541,Fast Food,Bandung
GF-05543,Resto GrabMantap 5542,Martabak,Medan
GF-05544,Resto GrabMantap 5543,Martabak,Bali
GF-05545,Resto GrabMantap 5544,Martabak,Bandung
GF-05546,Resto GrabMantap 5545,Martabak,Bogor
GF-05547,Resto GrabMantap 5546,Seafood,Surabaya
GF-05548,Resto GrabMantap 5547,Beverages,Bekasi
GF-05549,Resto GrabMantap 5548,Fast Food,Depok
GF-05550,Resto GrabMantap 5549,Seafood,Makassar
GF-05551,Resto GrabMantap 5550,Beverages,Medan
GF-05552,Resto GrabMantap 5551,Beverages,Medan
GF-05553,Resto GrabMantap 5552,Seafood,Depok
GF-05554,Resto GrabMantap 5553,Beverages,Makassar
GF-05555,Resto GrabMantap 5554,Martabak,Bali
GF-05556,Resto GrabMantap 5555,Seafood,Bali
GF-05557,Resto GrabMantap 5556,Beverages,Bogor
GF-05558,Resto GrabMantap 5557,Beverages,Jakarta
GF-05559,Resto GrabMantap 5558,Snacks,Makassar
GF-05560,Resto GrabMantap 5559,Ayam Geprek,Depok
GF-05561,Resto GrabMantap 5560,Fast Food,Medan
GF-05562,Resto GrabMantap 5561,Martabak,Jakarta
GF-05563,Resto GrabMantap 5562,Ayam Geprek,Surabaya
GF-05564,Resto GrabMantap 5563,Seafood,Medan
GF-05565,Resto GrabMantap 5564,Martabak,Jakarta
GF-05566,Resto GrabMantap 5565,Martabak,Bekasi
GF-05567,Resto GrabMantap 5566,Seafood,Bogor
GF-05568,Resto GrabMantap 5567,Seafood,Medan
GF-05569,Resto GrabMantap 5568,Ayam Geprek,Makassar
GF-05570,Resto GrabMantap 5569,Seafood,Bandung
GF-05571,Resto GrabMantap 5570,Martabak,Bandung
GF-05572,Resto GrabMantap 5571,Seafood,Tangerang
GF-05573,Resto GrabMantap 5572,Beverages,Bekasi
GF-05574,Resto GrabMantap 5573,Fast Food,Bogor
GF-05575,Resto GrabMantap 5574,Martabak,Bekasi
GF-05576,Resto GrabMantap 5575,Beverages,Bekasi
GF-05577,Resto GrabMantap 5576,Ayam Geprek,Surabaya
GF-05578,Resto GrabMantap 5577,Martabak,Bali
GF-05579,Resto GrabMantap 5578,Seafood,Jakarta
GF-05580,Resto GrabMantap 5579,Fast Food,Depok
GF-05581,Resto GrabMantap 5580,Fast Food,Surabaya
GF-05582,Resto GrabMantap 5581,Snacks,Bandung
GF-05583,Resto GrabMantap 5582,Seafood,Bogor
GF-05584,Resto GrabMantap 5583,Martabak,Bandung
GF-05585,Resto GrabMantap 5584,Martabak,Makassar
GF-05586,Resto GrabMantap 5585,Beverages,Surabaya
GF-05587,Resto GrabMantap 5586,Martabak,Makassar
GF-05588,Resto GrabMantap 5587,Martabak,Jakarta
GF-05589,Resto GrabMantap 5588,Beverages,Bogor
GF-05590,Resto GrabMantap 5589,Ayam Geprek,Surabaya
GF-05591,Resto GrabMantap 5590,Seafood,Tangerang
GF-05592,Resto GrabMantap 5591,Fast Food,Bekasi
GF-05593,Resto GrabMantap 5592,Beverages,Bogor
GF-05594,Resto GrabMantap 5593,Fast Food,Tangerang
GF-05595,Resto GrabMantap 5594,Beverages,Medan
GF-05596,Resto GrabMantap 5595,Martabak,Bali
GF-05597,Resto GrabMantap 5596,Martabak,Jakarta
GF-05598,Resto GrabMantap 5597,Fast Food,Jakarta
GF-05599,Resto GrabMantap 5598,Fast Food,Surabaya
GF-05600,Resto GrabMantap 5599,Seafood,Tangerang
GF-05601,Resto GrabMantap 5600,Fast Food,Bandung
GF-05602,Resto GrabMantap 5601,Martabak,Surabaya
GF-05603,Resto GrabMantap 5602,Fast Food,Bogor
GF-05604,Resto GrabMantap 5603,Seafood,Bogor
GF-05605,Resto GrabMantap 5604,Ayam Geprek,Bogor
GF-05606,Resto GrabMantap 5605,Fast Food,Makassar
GF-05607,Resto GrabMantap 5606,Ayam Geprek,Bekasi
GF-05608,Resto GrabMantap 5607,Martabak,Jakarta
GF-05609,Resto GrabMantap 5608,Martabak,Tangerang
GF-05610,Resto GrabMantap 5609,Martabak,Depok
GF-05611,Resto GrabMantap 5610,Fast Food,Surabaya
GF-05612,Resto GrabMantap 5611,Ayam Geprek,Bandung
GF-05613,Resto GrabMantap 5612,Snacks,Bandung
GF-05614,Resto GrabMantap 5613,Ayam Geprek,Surabaya
GF-05615,Resto GrabMantap 5614,Snacks,Tangerang
GF-05616,Resto GrabMantap 5615,Beverages,Jakarta
GF-05617,Resto GrabMantap 5616,Martabak,Tangerang
GF-05618,Resto GrabMantap 5617,Seafood,Bekasi
GF-05619,Resto GrabMantap 5618,Fast Food,Bandung
GF-05620,Resto GrabMantap 5619,Snacks,Surabaya
GF-05621,Resto GrabMantap 5620,Beverages,Bekasi
GF-05622,Resto GrabMantap 5621,Ayam Geprek,Bekasi
GF-05623,Resto GrabMantap 5622,Beverages,Medan
GF-05624,Resto GrabMantap 5623,Seafood,Medan
GF-05625,Resto GrabMantap 5624,Ayam Geprek,Surabaya
GF-05626,Resto GrabMantap 5625,Fast Food,Depok
GF-05627,Resto GrabMantap 5626,Martabak,Jakarta
GF-05628,Resto GrabMantap 5627,Ayam Geprek,Tangerang
GF-05629,Resto GrabMantap 5628,Seafood,Surabaya
GF-05630,Resto GrabMantap 5629,Martabak,Tangerang
GF-05631,Resto GrabMantap 5630,Ayam Geprek,Jakarta
GF-05632,Resto GrabMantap 5631,Seafood,Bandung
GF-05633,Resto GrabMantap 5632,Martabak,Jakarta
GF-05634,Resto GrabMantap 5633,Fast Food,Bekasi
GF-05635,Resto GrabMantap 5634,Beverages,Bekasi
GF-05636,Resto GrabMantap 5635,Beverages,Bali
GF-05637,Resto GrabMantap 5636,Beverages,Makassar
GF-05638,Resto GrabMantap 5637,Seafood,Bekasi
GF-05639,Resto GrabMantap 5638,Snacks,Medan
GF-05640,Resto GrabMantap 5639,Seafood,Jakarta
GF-05641,Resto GrabMantap 5640,Snacks,Jakarta
GF-05642,Resto GrabMantap 5641,Beverages,Tangerang
GF-05643,Resto GrabMantap 5642,Martabak,Bandung
GF-05644,Resto GrabMantap 5643,Snacks,Medan
GF-05645,Resto GrabMantap 5644,Beverages,Bali
GF-05646,Resto GrabMantap 5645,Ayam Geprek,Bekasi
GF-05647,Resto GrabMantap 5646,Martabak,Tangerang
GF-05648,Resto GrabMantap 5647,Seafood,Bekasi
GF-05649,Resto GrabMantap 5648,Fast Food,Jakarta
GF-05650,Resto GrabMantap 5649,Martabak,Bandung
GF-05651,Resto GrabMantap 5650,Seafood,Jakarta
GF-05652,Resto GrabMantap 5651,Fast Food,Surabaya
GF-05653,Resto GrabMantap 5652,Ayam Geprek,Surabaya
GF-05654,Resto GrabMantap 5653,Beverages,Depok
GF-05655,Resto GrabMantap 5654,Fast Food,Bogor
GF-05656,Resto GrabMantap 5655,Seafood,Jakarta
GF-05657,Resto GrabMantap 5656,Ayam Geprek,Depok
GF-05658,Resto GrabMantap 5657,Snacks,Bogor
GF-05659,Resto GrabMantap 5658,Ayam Geprek,Bekasi
GF-05660,Resto GrabMantap 5659,Snacks,Makassar
GF-05661,Resto GrabMantap 5660,Snacks,Surabaya
GF-05662,Resto GrabMantap 5661,Ayam Geprek,Bali
GF-05663,Resto GrabMantap 5662,Beverages,Bekasi
GF-05664,Resto GrabMantap 5663,Beverages,Tangerang
GF-05665,Resto GrabMantap 5664,Fast Food,Bogor
GF-05666,Resto GrabMantap 5665,Beverages,Bekasi
GF-05667,Resto GrabMantap 5666,Snacks,Bogor
GF-05668,Resto GrabMantap 5667,Seafood,Makassar
GF-05669,Resto GrabMantap 5668,Snacks,Tangerang
GF-05670,Resto GrabMantap 5669,Seafood,Medan
GF-05671,Resto GrabMantap 5670,Seafood,Bandung
GF-05672,Resto GrabMantap 5671,Fast Food,Bali
GF-05673,Resto GrabMantap 5672,Beverages,Bogor
GF-05674,Resto GrabMantap 5673,Martabak,Tangerang
GF-05675,Resto GrabMantap 5674,Snacks,Makassar
GF-05676,Resto GrabMantap 5675,Beverages,Bogor
GF-05677,Resto GrabMantap 5676,Martabak,Jakarta
GF-05678,Resto GrabMantap 5677,Fast Food,Bandung
GF-05679,Resto GrabMantap 5678,Ayam Geprek,Bekasi
GF-05680,Resto GrabMantap 5679,Beverages,Bogor
GF-05681,Resto GrabMantap 5680,Ayam Geprek,Surabaya
GF-05682,Resto GrabMantap 5681,Seafood,Medan
GF-05683,Resto GrabMantap 5682,Martabak,Tangerang
GF-05684,Resto GrabMantap 5683,Fast Food,Bogor
GF-05685,Resto GrabMantap 5684,Fast Food,Bogor
GF-05686,Resto GrabMantap 5685,Martabak,Makassar
GF-05687,Resto GrabMantap 5686,Martabak,Tangerang
GF-05688,Resto GrabMantap 5687,Ayam Geprek,Jakarta
GF-05689,Resto GrabMantap 5688,Fast Food,Bogor
GF-05690,Resto GrabMantap 5689,Snacks,Bandung
GF-05691,Resto GrabMantap 5690,Fast Food,Depok
GF-05692,Resto GrabMantap 5691,Seafood,Bogor
GF-05693,Resto GrabMantap 5692,Martabak,Depok
GF-05694,Resto GrabMantap 5693,Martabak,Medan
GF-05695,Resto GrabMantap 5694,Fast Food,Surabaya
GF-05696,Resto GrabMantap 5695,Martabak,Surabaya
GF-05697,Resto GrabMantap 5696,Seafood,Bekasi
GF-05698,Resto GrabMantap 5697,Ayam Geprek,Bekasi
GF-05699,Resto GrabMantap 5698,Seafood,Bandung
GF-05700,Resto GrabMantap 5699,Beverages,Jakarta
GF-05701,Resto GrabMantap 5700,Snacks,Bali
GF-05702,Resto GrabMantap 5701,Martabak,Medan
GF-05703,Resto GrabMantap 5702,Seafood,Depok
GF-05704,Resto GrabMantap 5703,Martabak,Bekasi
GF-05705,Resto GrabMantap 5704,Beverages,Jakarta
GF-05706,Resto GrabMantap 5705,Ayam Geprek,Jakarta
GF-05707,Resto GrabMantap 5706,Beverages,Bandung
GF-05708,Resto GrabMantap 5707,Fast Food,Makassar
GF-05709,Resto GrabMantap 5708,Beverages,Bandung
GF-05710,Resto GrabMantap 5709,Martabak,Depok
GF-05711,Resto GrabMantap 5710,Martabak,Tangerang
GF-05712,Resto GrabMantap 5711,Snacks,Depok
GF-05713,Resto GrabMantap 5712,Martabak,Tangerang
GF-05714,Resto GrabMantap 5713,Beverages,Medan
GF-05715,Resto GrabMantap 5714,Martabak,Surabaya
GF-05716,Resto GrabMantap 5715,Snacks,Jakarta
GF-05717,Resto GrabMantap 5716,Snacks,Bekasi
GF-05718,Resto GrabMantap 5717,Fast Food,Jakarta
GF-05719,Resto GrabMantap 5718,Ayam Geprek,Jakarta
GF-05720,Resto GrabMantap 5719,Beverages,Bali
GF-05721,Resto GrabMantap 5720,Snacks,Surabaya
GF-05722,Resto GrabMantap 5721,Fast Food,Medan
GF-05723,Resto GrabMantap 5722,Martabak,Tangerang
GF-05724,Resto GrabMantap 5723,Seafood,Makassar
GF-05725,Resto GrabMantap 5724,Beverages,Bogor
GF-05726,Resto GrabMantap 5725,Fast Food,Tangerang
GF-05727,Resto GrabMantap 5726,Snacks,Tangerang
GF-05728,Resto GrabMantap 5727,Ayam Geprek,Medan
GF-05729,Resto GrabMantap 5728,Ayam Geprek,Depok
GF-05730,Resto GrabMantap 5729,Martabak,Bandung
GF-05731,Resto GrabMantap 5730,Beverages,Jakarta
GF-05732,Resto GrabMantap 5731,Snacks,Surabaya
GF-05733,Resto GrabMantap 5732,Ayam Geprek,Depok
GF-05734,Resto GrabMantap 5733,Beverages,Makassar
GF-05735,Resto GrabMantap 5734,Seafood,Bali
GF-05736,Resto GrabMantap 5735,Seafood,Bali
GF-05737,Resto GrabMantap 5736,Ayam Geprek,Depok
GF-05738,Resto GrabMantap 5737,Seafood,Bali
GF-05739,Resto GrabMantap 5738,Martabak,Bekasi
GF-05740,Resto GrabMantap 5739,Martabak,Depok
GF-05741,Resto GrabMantap 5740,Beverages,Makassar
GF-05742,Resto GrabMantap 5741,Seafood,Bandung
GF-05743,Resto GrabMantap 5742,Seafood,Surabaya
GF-05744,Resto GrabMantap 5743,Martabak,Bali
GF-05745,Resto GrabMantap 5744,Seafood,Medan
GF-05746,Resto GrabMantap 5745,Fast Food,Medan
GF-05747,Resto GrabMantap 5746,Beverages,Surabaya
GF-05748,Resto GrabMantap 5747,Beverages,Bogor
GF-05749,Resto GrabMantap 5748,Beverages,Jakarta
GF-05750,Resto GrabMantap 5749,Ayam Geprek,Bekasi
GF-05751,Resto GrabMantap 5750,Snacks,Bogor
GF-05752,Resto GrabMantap 5751,Fast Food,Bandung
GF-05753,Resto GrabMantap 5752,Ayam Geprek,Bogor
GF-05754,Resto GrabMantap 5753,Ayam Geprek,Medan
GF-05755,Resto GrabMantap 5754,Fast Food,Tangerang
GF-05756,Resto GrabMantap 5755,Martabak,Bogor
GF-05757,Resto GrabMantap 5756,Ayam Geprek,Bogor
GF-05758,Resto GrabMantap 5757,Beverages,Bali
GF-05759,Resto GrabMantap 5758,Snacks,Depok
GF-05760,Resto GrabMantap 5759,Fast Food,Surabaya
GF-05761,Resto GrabMantap 5760,Beverages,Jakarta
GF-05762,Resto GrabMantap 5761,Ayam Geprek,Medan
GF-05763,Resto GrabMantap 5762,Beverages,Bandung
GF-05764,Resto GrabMantap 5763,Snacks,Depok
GF-05765,Resto GrabMantap 5764,Seafood,Bekasi
GF-05766,Resto GrabMantap 5765,Seafood,Bandung
GF-05767,Resto GrabMantap 5766,Beverages,Bekasi
GF-05768,Resto GrabMantap 5767,Beverages,Tangerang
GF-05769,Resto GrabMantap 5768,Beverages,Surabaya
GF-05770,Resto GrabMantap 5769,Ayam Geprek,Makassar
GF-05771,Resto GrabMantap 5770,Fast Food,Tangerang
GF-05772,Resto GrabMantap 5771,Snacks,Bali
GF-05773,Resto GrabMantap 5772,Martabak,Bandung
GF-05774,Resto GrabMantap 5773,Martabak,Tangerang
GF-05775,Resto GrabMantap 5774,Snacks,Bogor
GF-05776,Resto GrabMantap 5775,Martabak,Bekasi
GF-05777,Resto GrabMantap 5776,Seafood,Bandung
GF-05778,Resto GrabMantap 5777,Snacks,Bandung
GF-05779,Resto GrabMantap 5778,Ayam Geprek,Medan
GF-05780,Resto GrabMantap 5779,Snacks,Surabaya
GF-05781,Resto GrabMantap 5780,Martabak,Bekasi
GF-05782,Resto GrabMantap 5781,Snacks,Surabaya
GF-05783,Resto GrabMantap 5782,Snacks,Surabaya
GF-05784,Resto GrabMantap 5783,Ayam Geprek,Bali
GF-05785,Resto GrabMantap 5784,Seafood,Makassar
GF-05786,Resto GrabMantap 5785,Martabak,Jakarta
GF-05787,Resto GrabMantap 5786,Fast Food,Bekasi
GF-05788,Resto GrabMantap 5787,Seafood,Jakarta
GF-05789,Resto GrabMantap 5788,Martabak,Surabaya
GF-05790,Resto GrabMantap 5789,Beverages,Medan
GF-05791,Resto GrabMantap 5790,Fast Food,Jakarta
GF-05792,Resto GrabMantap 5791,Snacks,Depok
GF-05793,Resto GrabMantap 5792,Seafood,Surabaya
GF-05794,Resto GrabMantap 5793,Snacks,Surabaya
GF-05795,Resto GrabMantap 5794,Ayam Geprek,Surabaya
GF-05796,Resto GrabMantap 5795,Snacks,Medan
GF-05797,Resto GrabMantap 5796,Seafood,Bekasi
GF-05798,Resto GrabMantap 5797,Ayam Geprek,Makassar
GF-05799,Resto GrabMantap 5798,Ayam Geprek,Jakarta
GF-05800,Resto GrabMantap 5799,Fast Food,Surabaya
GF-05801,Resto GrabMantap 5800,Beverages,Tangerang
GF-05802,Resto GrabMantap 5801,Seafood,Bogor
GF-05803,Resto GrabMantap 5802,Martabak,Jakarta
GF-05804,Resto GrabMantap 5803,Beverages,Bogor
GF-05805,Resto GrabMantap 5804,Ayam Geprek,Jakarta
GF-05806,Resto GrabMantap 5805,Seafood,Jakarta
GF-05807,Resto GrabMantap 5806,Martabak,Depok
GF-05808,Resto GrabMantap 5807,Ayam Geprek,Makassar
GF-05809,Resto GrabMantap 5808,Snacks,Depok
GF-05810,Resto GrabMantap 5809,Fast Food,Surabaya
GF-05811,Resto GrabMantap 5810,Seafood,Surabaya
GF-05812,Resto GrabMantap 5811,Seafood,Bogor
GF-05813,Resto GrabMantap 5812,Snacks,Tangerang
GF-05814,Resto GrabMantap 5813,Beverages,Depok
GF-05815,Resto GrabMantap 5814,Ayam Geprek,Surabaya
GF-05816,Resto GrabMantap 5815,Fast Food,Bogor
GF-05817,Resto GrabMantap 5816,Ayam Geprek,Bandung
GF-05818,Resto GrabMantap 5817,Fast Food,Bogor
GF-05819,Resto GrabMantap 5818,Seafood,Jakarta
GF-05820,Resto GrabMantap 5819,Beverages,Bogor
GF-05821,Resto GrabMantap 5820,Ayam Geprek,Bali
GF-05822,Resto GrabMantap 5821,Martabak,Surabaya
GF-05823,Resto GrabMantap 5822,Seafood,Jakarta
GF-05824,Resto GrabMantap 5823,Martabak,Bandung
GF-05825,Resto GrabMantap 5824,Beverages,Medan
GF-05826,Resto GrabMantap 5825,Martabak,Jakarta
GF-05827,Resto GrabMantap 5826,Martabak,Medan
GF-05828,Resto GrabMantap 5827,Beverages,Medan
GF-05829,Resto GrabMantap 5828,Ayam Geprek,Bali
GF-05830,Resto GrabMantap 5829,Seafood,Bekasi
GF-05831,Resto GrabMantap 5830,Snacks,Depok
GF-05832,Resto GrabMantap 5831,Fast Food,Surabaya
GF-05833,Resto GrabMantap 5832,Martabak,Bali
GF-05834,Resto GrabMantap 5833,Ayam Geprek,Surabaya
GF-05835,Resto GrabMantap 5834,Fast Food,Bogor
GF-05836,Resto GrabMantap 5835,Seafood,Bali
GF-05837,Resto GrabMantap 5836,Beverages,Bogor
GF-05838,Resto GrabMantap 5837,Fast Food,Makassar
GF-05839,Resto GrabMantap 5838,Ayam Geprek,Bali
GF-05840,Resto GrabMantap 5839,Seafood,Bekasi
GF-05841,Resto GrabMantap 5840,Ayam Geprek,Bandung
GF-05842,Resto GrabMantap 5841,Beverages,Jakarta
GF-05843,Resto GrabMantap 5842,Fast Food,Bali
GF-05844,Resto GrabMantap 5843,Ayam Geprek,Bali
GF-05845,Resto GrabMantap 5844,Snacks,Bekasi
GF-05846,Resto GrabMantap 5845,Seafood,Bandung
GF-05847,Resto GrabMantap 5846,Beverages,Bogor
GF-05848,Resto GrabMantap 5847,Ayam Geprek,Bekasi
GF-05849,Resto GrabMantap 5848,Seafood,Bogor
GF-05850,Resto GrabMantap 5849,Fast Food,Bali
GF-05851,Resto GrabMantap 5850,Beverages,Medan
GF-05852,Resto GrabMantap 5851,Martabak,Medan
GF-05853,Resto GrabMantap 5852,Martabak,Makassar
GF-05854,Resto GrabMantap 5853,Snacks,Surabaya
GF-05855,Resto GrabMantap 5854,Snacks,Surabaya
GF-05856,Resto GrabMantap 5855,Ayam Geprek,Surabaya
GF-05857,Resto GrabMantap 5856,Beverages,Jakarta
GF-05858,Resto GrabMantap 5857,Seafood,Depok
GF-05859,Resto GrabMantap 5858,Martabak,Bandung
GF-05860,Resto GrabMantap 5859,Seafood,Depok
GF-05861,Resto GrabMantap 5860,Martabak,Medan
GF-05862,Resto GrabMantap 5861,Fast Food,Bandung
GF-05863,Resto GrabMantap 5862,Fast Food,Medan
GF-05864,Resto GrabMantap 5863,Fast Food,Bogor
GF-05865,Resto GrabMantap 5864,Martabak,Bekasi
GF-05866,Resto GrabMantap 5865,Seafood,Bandung
GF-05867,Resto GrabMantap 5866,Martabak,Bogor
GF-05868,Resto GrabMantap 5867,Beverages,Surabaya
GF-05869,Resto GrabMantap 5868,Snacks,Surabaya
GF-05870,Resto GrabMantap 5869,Beverages,Jakarta
GF-05871,Resto GrabMantap 5870,Martabak,Makassar
GF-05872,Resto GrabMantap 5871,Beverages,Bogor
GF-05873,Resto GrabMantap 5872,Martabak,Bali
GF-05874,Resto GrabMantap 5873,Fast Food,Bekasi
GF-05875,Resto GrabMantap 5874,Fast Food,Surabaya
GF-05876,Resto GrabMantap 5875,Fast Food,Bogor
GF-05877,Resto GrabMantap 5876,Ayam Geprek,Bali
GF-05878,Resto GrabMantap 5877,Beverages,Bogor
GF-05879,Resto GrabMantap 5878,Ayam Geprek,Jakarta
GF-05880,Resto GrabMantap 5879,Fast Food,Bekasi
GF-05881,Resto GrabMantap 5880,Martabak,Bogor
GF-05882,Resto GrabMantap 5881,Snacks,Surabaya
GF-05883,Resto GrabMantap 5882,Fast Food,Medan
GF-05884,Resto GrabMantap 5883,Fast Food,Bali
GF-05885,Resto GrabMantap 5884,Fast Food,Surabaya
GF-05886,Resto GrabMantap 5885,Ayam Geprek,Makassar
GF-05887,Resto GrabMantap 5886,Seafood,Bogor
GF-05888,Resto GrabMantap 5887,Ayam Geprek,Bogor
GF-05889,Resto GrabMantap 5888,Seafood,Medan
GF-05890,Resto GrabMantap 5889,Ayam Geprek,Surabaya
GF-05891,Resto GrabMantap 5890,Seafood,Bali
GF-05892,Resto GrabMantap 5891,Martabak,Surabaya
GF-05893,Resto GrabMantap 5892,Martabak,Depok
GF-05894,Resto GrabMantap 5893,Fast Food,Bali
GF-05895,Resto GrabMantap 5894,Martabak,Bandung
GF-05896,Resto GrabMantap 5895,Snacks,Jakarta
GF-05897,Resto GrabMantap 5896,Ayam Geprek,Bogor
GF-05898,Resto GrabMantap 5897,Snacks,Jakarta
GF-05899,Resto GrabMantap 5898,Beverages,Jakarta
GF-05900,Resto GrabMantap 5899,Beverages,Makassar
GF-05901,Resto GrabMantap 5900,Beverages,Surabaya
GF-05902,Resto GrabMantap 5901,Fast Food,Bandung
GF-05903,Resto GrabMantap 5902,Snacks,Tangerang
GF-05904,Resto GrabMantap 5903,Fast Food,Makassar
GF-05905,Resto GrabMantap 5904,Beverages,Bekasi
GF-05906,Resto GrabMantap 5905,Seafood,Surabaya
GF-05907,Resto GrabMantap 5906,Fast Food,Surabaya
GF-05908,Resto GrabMantap 5907,Beverages,Medan
GF-05909,Resto GrabMantap 5908,Martabak,Surabaya
GF-05910,Resto GrabMantap 5909,Ayam Geprek,Tangerang
GF-05911,Resto GrabMantap 5910,Snacks,Tangerang
GF-05912,Resto GrabMantap 5911,Ayam Geprek,Jakarta
GF-05913,Resto GrabMantap 5912,Snacks,Tangerang
GF-05914,Resto GrabMantap 5913,Fast Food,Bekasi
GF-05915,Resto GrabMantap 5914,Ayam Geprek,Bogor
GF-05916,Resto GrabMantap 5915,Snacks,Bali
GF-05917,Resto GrabMantap 5916,Beverages,Surabaya
GF-05918,Resto GrabMantap 5917,Ayam Geprek,Bandung
GF-05919,Resto GrabMantap 5918,Martabak,Surabaya
GF-05920,Resto GrabMantap 5919,Seafood,Depok
GF-05921,Resto GrabMantap 5920,Fast Food,Surabaya
GF-05922,Resto GrabMantap 5921,Snacks,Surabaya
GF-05923,Resto GrabMantap 5922,Fast Food,Medan
GF-05924,Resto GrabMantap 5923,Beverages,Medan
GF-05925,Resto GrabMantap 5924,Seafood,Bekasi
GF-05926,Resto GrabMantap 5925,Beverages,Jakarta
GF-05927,Resto GrabMantap 5926,Martabak,Bekasi
GF-05928,Resto GrabMantap 5927,Seafood,Bogor
GF-05929,Resto GrabMantap 5928,Seafood,Surabaya
GF-05930,Resto GrabMantap 5929,Seafood,Surabaya
GF-05931,Resto GrabMantap 5930,Fast Food,Jakarta
GF-05932,Resto GrabMantap 5931,Seafood,Bogor
GF-05933,Resto GrabMantap 5932,Ayam Geprek,Bogor
GF-05934,Resto GrabMantap 5933,Martabak,Bogor
GF-05935,Resto GrabMantap 5934,Snacks,Surabaya
GF-05936,Resto GrabMantap 5935,Beverages,Jakarta
GF-05937,Resto GrabMantap 5936,Martabak,Medan
GF-05938,Resto GrabMantap 5937,Seafood,Depok
GF-05939,Resto GrabMantap 5938,Beverages,Medan
GF-05940,Resto GrabMantap 5939,Beverages,Bogor
GF-05941,Resto GrabMantap 5940,Ayam Geprek,Surabaya
GF-05942,Resto GrabMantap 5941,Martabak,Medan
GF-05943,Resto GrabMantap 5942,Ayam Geprek,Jakarta
GF-05944,Resto GrabMantap 5943,Ayam Geprek,Bali
GF-05945,Resto GrabMantap 5944,Snacks,Tangerang
GF-05946,Resto GrabMantap 5945,Seafood,Bogor
GF-05947,Resto GrabMantap 5946,Martabak,Bali
GF-05948,Resto GrabMantap 5947,Snacks,Depok
GF-05949,Resto GrabMantap 5948,Beverages,Bogor
GF-05950,Resto GrabMantap 5949,Snacks,Bandung
GF-05951,Resto GrabMantap 5950,Martabak,Bekasi
GF-05952,Resto GrabMantap 5951,Beverages,Depok
GF-05953,Resto GrabMantap 5952,Seafood,Jakarta
GF-05954,Resto GrabMantap 5953,Martabak,Medan
GF-05955,Resto GrabMantap 5954,Ayam Geprek,Jakarta
GF-05956,Resto GrabMantap 5955,Seafood,Makassar
GF-05957,Resto GrabMantap 5956,Martabak,Surabaya
GF-05958,Resto GrabMantap 5957,Snacks,Bandung
GF-05959,Resto GrabMantap 5958,Fast Food,Surabaya
GF-05960,Resto GrabMantap 5959,Beverages,Surabaya
GF-05961,Resto GrabMantap 5960,Ayam Geprek,Bekasi
GF-05962,Resto GrabMantap 5961,Martabak,Makassar
GF-05963,Resto GrabMantap 5962,Beverages,Bekasi
GF-05964,Resto GrabMantap 5963,Ayam Geprek,Bogor
GF-05965,Resto GrabMantap 5964,Seafood,Bekasi
GF-05966,Resto GrabMantap 5965,Beverages,Bogor
GF-05967,Resto GrabMantap 5966,Martabak,Surabaya
GF-05968,Resto GrabMantap 5967,Martabak,Depok
GF-05969,Resto GrabMantap 5968,Snacks,Bekasi
GF-05970,Resto GrabMantap 5969,Beverages,Makassar
GF-05971,Resto GrabMantap 5970,Fast Food,Jakarta
GF-05972,Resto GrabMantap 5971,Beverages,Jakarta
GF-05973,Resto GrabMantap 5972,Fast Food,Depok
GF-05974,Resto GrabMantap 5973,Seafood,Bandung
GF-05975,Resto GrabMantap 5974,Fast Food,Surabaya
GF-05976,Resto GrabMantap 5975,Ayam Geprek,Surabaya
GF-05977,Resto GrabMantap 5976,Martabak,Depok
GF-05978,Resto GrabMantap 5977,Seafood,Medan
GF-05979,Resto GrabMantap 5978,Snacks,Tangerang
GF-05980,Resto GrabMantap 5979,Martabak,Jakarta
GF-05981,Resto GrabMantap 5980,Martabak,Depok
GF-05982,Resto GrabMantap 5981,Seafood,Jakarta
GF-05983,Resto GrabMantap 5982,Martabak,Surabaya
GF-05984,Resto GrabMantap 5983,Seafood,Bekasi
GF-05985,Resto GrabMantap 5984,Snacks,Tangerang
GF-05986,Resto GrabMantap 5985,Ayam Geprek,Surabaya
GF-05987,Resto GrabMantap 5986,Martabak,Tangerang
GF-05988,Resto GrabMantap 5987,Snacks,Bali
GF-05989,Resto GrabMantap 5988,Fast Food,Makassar
GF-05990,Resto GrabMantap 5989,Snacks,Bandung
GF-05991,Resto GrabMantap 5990,Ayam Geprek,Bandung
GF-05992,Resto GrabMantap 5991,Fast Food,Bekasi
GF-05993,Resto GrabMantap 5992,Ayam Geprek,Bogor
GF-05994,Resto GrabMantap 5993,Fast Food,Medan
GF-05995,Resto GrabMantap 5994,Seafood,Tangerang
GF-05996,Resto GrabMantap 5995,Fast Food,Depok
GF-05997,Resto GrabMantap 5996,Fast Food,Bogor
GF-05998,Resto GrabMantap 5997,Seafood,Makassar
GF-05999,Resto GrabMantap 5998,Martabak,Bekasi
GF-06000,Resto GrabMantap 5999,Ayam Geprek,Bali
GF-06001,Resto GrabMantap 6000,Ayam Geprek,Depok
GF-06002,Resto GrabMantap 6001,Ayam Geprek,Surabaya
GF-06003,Resto GrabMantap 6002,Beverages,Surabaya
GF-06004,Resto GrabMantap 6003,Seafood,Surabaya
GF-06005,Resto GrabMantap 6004,Beverages,Surabaya
GF-06006,Resto GrabMantap 6005,Beverages,Bogor
GF-06007,Resto GrabMantap 6006,Seafood,Bali
GF-06008,Resto GrabMantap 6007,Martabak,Makassar
GF-06009,Resto GrabMantap 6008,Seafood,Tangerang
GF-06010,Resto GrabMantap 6009,Seafood,Jakarta
GF-06011,Resto GrabMantap 6010,Snacks,Tangerang
GF-06012,Resto GrabMantap 6011,Beverages,Medan
GF-06013,Resto GrabMantap 6012,Snacks,Surabaya
GF-06014,Resto GrabMantap 6013,Beverages,Bandung
GF-06015,Resto GrabMantap 6014,Fast Food,Depok
GF-06016,Resto GrabMantap 6015,Seafood,Bogor
GF-06017,Resto GrabMantap 6016,Fast Food,Makassar
GF-06018,Resto GrabMantap 6017,Seafood,Surabaya
GF-06019,Resto GrabMantap 6018,Fast Food,Tangerang
GF-06020,Resto GrabMantap 6019,Ayam Geprek,Bali
GF-06021,Resto GrabMantap 6020,Seafood,Surabaya
GF-06022,Resto GrabMantap 6021,Snacks,Bandung
GF-06023,Resto GrabMantap 6022,Fast Food,Makassar
GF-06024,Resto GrabMantap 6023,Snacks,Makassar
GF-06025,Resto GrabMantap 6024,Fast Food,Bali
GF-06026,Resto GrabMantap 6025,Martabak,Bogor
GF-06027,Resto GrabMantap 6026,Beverages,Jakarta
GF-06028,Resto GrabMantap 6027,Beverages,Bali
GF-06029,Resto GrabMantap 6028,Seafood,Bekasi
GF-06030,Resto GrabMantap 6029,Seafood,Medan
GF-06031,Resto GrabMantap 6030,Beverages,Depok
GF-06032,Resto GrabMantap 6031,Snacks,Medan
GF-06033,Resto GrabMantap 6032,Ayam Geprek,Medan
GF-06034,Resto GrabMantap 6033,Beverages,Surabaya
GF-06035,Resto GrabMantap 6034,Fast Food,Bogor
GF-06036,Resto GrabMantap 6035,Snacks,Depok
GF-06037,Resto GrabMantap 6036,Seafood,Makassar
GF-06038,Resto GrabMantap 6037,Ayam Geprek,Surabaya
GF-06039,Resto GrabMantap 6038,Fast Food,Bandung
GF-06040,Resto GrabMantap 6039,Snacks,Bali
GF-06041,Resto GrabMantap 6040,Beverages,Makassar
GF-06042,Resto GrabMantap 6041,Ayam Geprek,Makassar
GF-06043,Resto GrabMantap 6042,Ayam Geprek,Depok
GF-06044,Resto GrabMantap 6043,Fast Food,Bekasi
GF-06045,Resto GrabMantap 6044,Martabak,Medan
GF-06046,Resto GrabMantap 6045,Snacks,Bogor
GF-06047,Resto GrabMantap 6046,Martabak,Bekasi
GF-06048,Resto GrabMantap 6047,Seafood,Bogor
GF-06049,Resto GrabMantap 6048,Beverages,Makassar
GF-06050,Resto GrabMantap 6049,Snacks,Bekasi
GF-06051,Resto GrabMantap 6050,Seafood,Jakarta
GF-06052,Resto GrabMantap 6051,Ayam Geprek,Makassar
GF-06053,Resto GrabMantap 6052,Ayam Geprek,Depok
GF-06054,Resto GrabMantap 6053,Fast Food,Jakarta
GF-06055,Resto GrabMantap 6054,Fast Food,Surabaya
GF-06056,Resto GrabMantap 6055,Martabak,Bali
GF-06057,Resto GrabMantap 6056,Fast Food,Bali
GF-06058,Resto GrabMantap 6057,Martabak,Bali
GF-06059,Resto GrabMantap 6058,Snacks,Bandung
GF-06060,Resto GrabMantap 6059,Snacks,Bekasi
GF-06061,Resto GrabMantap 6060,Snacks,Bali
GF-06062,Resto GrabMantap 6061,Martabak,Tangerang
GF-06063,Resto GrabMantap 6062,Seafood,Medan
GF-06064,Resto GrabMantap 6063,Ayam Geprek,Bogor
GF-06065,Resto GrabMantap 6064,Seafood,Tangerang
GF-06066,Resto GrabMantap 6065,Beverages,Depok
GF-06067,Resto GrabMantap 6066,Ayam Geprek,Jakarta
GF-06068,Resto GrabMantap 6067,Seafood,Bekasi
GF-06069,Resto GrabMantap 6068,Ayam Geprek,Medan
GF-06070,Resto GrabMantap 6069,Fast Food,Bali
GF-06071,Resto GrabMantap 6070,Fast Food,Bekasi
GF-06072,Resto GrabMantap 6071,Seafood,Medan
GF-06073,Resto GrabMantap 6072,Martabak,Jakarta
GF-06074,Resto GrabMantap 6073,Snacks,Bali
GF-06075,Resto GrabMantap 6074,Seafood,Bandung
GF-06076,Resto GrabMantap 6075,Snacks,Bandung
GF-06077,Resto GrabMantap 6076,Ayam Geprek,Jakarta
GF-06078,Resto GrabMantap 6077,Beverages,Tangerang
GF-06079,Resto GrabMantap 6078,Martabak,Tangerang
GF-06080,Resto GrabMantap 6079,Beverages,Bogor
GF-06081,Resto GrabMantap 6080,Martabak,Bekasi
GF-06082,Resto GrabMantap 6081,Beverages,Bali
GF-06083,Resto GrabMantap 6082,Ayam Geprek,Surabaya
GF-06084,Resto GrabMantap 6083,Martabak,Bali
GF-06085,Resto GrabMantap 6084,Martabak,Bekasi
GF-06086,Resto GrabMantap 6085,Beverages,Jakarta
GF-06087,Resto GrabMantap 6086,Ayam Geprek,Depok
GF-06088,Resto GrabMantap 6087,Fast Food,Makassar
GF-06089,Resto GrabMantap 6088,Fast Food,Bali
GF-06090,Resto GrabMantap 6089,Martabak,Bekasi
GF-06091,Resto GrabMantap 6090,Snacks,Surabaya
GF-06092,Resto GrabMantap 6091,Ayam Geprek,Medan
GF-06093,Resto GrabMantap 6092,Snacks,Surabaya
GF-06094,Resto GrabMantap 6093,Fast Food,Bekasi
GF-06095,Resto GrabMantap 6094,Martabak,Medan
GF-06096,Resto GrabMantap 6095,Snacks,Jakarta
GF-06097,Resto GrabMantap 6096,Seafood,Bali
GF-06098,Resto GrabMantap 6097,Seafood,Bandung
GF-06099,Resto GrabMantap 6098,Martabak,Surabaya
GF-06100,Resto GrabMantap 6099,Martabak,Bali
GF-06101,Resto GrabMantap 6100,Snacks,Makassar
GF-06102,Resto GrabMantap 6101,Seafood,Surabaya
GF-06103,Resto GrabMantap 6102,Snacks,Makassar
GF-06104,Resto GrabMantap 6103,Martabak,Bandung
GF-06105,Resto GrabMantap 6104,Seafood,Bekasi
GF-06106,Resto GrabMantap 6105,Ayam Geprek,Tangerang
GF-06107,Resto GrabMantap 6106,Beverages,Makassar
GF-06108,Resto GrabMantap 6107,Martabak,Depok
GF-06109,Resto GrabMantap 6108,Martabak,Tangerang
GF-06110,Resto GrabMantap 6109,Seafood,Bekasi
GF-06111,Resto GrabMantap 6110,Martabak,Makassar
GF-06112,Resto GrabMantap 6111,Fast Food,Surabaya
GF-06113,Resto GrabMantap 6112,Seafood,Medan
GF-06114,Resto GrabMantap 6113,Ayam Geprek,Makassar
GF-06115,Resto GrabMantap 6114,Ayam Geprek,Tangerang
GF-06116,Resto GrabMantap 6115,Martabak,Bali
GF-06117,Resto GrabMantap 6116,Seafood,Makassar
GF-06118,Resto GrabMantap 6117,Fast Food,Makassar
GF-06119,Resto GrabMantap 6118,Beverages,Bekasi
GF-06120,Resto GrabMantap 6119,Martabak,Bogor
GF-06121,Resto GrabMantap 6120,Ayam Geprek,Makassar
GF-06122,Resto GrabMantap 6121,Seafood,Surabaya
GF-06123,Resto GrabMantap 6122,Beverages,Surabaya
GF-06124,Resto GrabMantap 6123,Seafood,Makassar
GF-06125,Resto GrabMantap 6124,Fast Food,Bali
GF-06126,Resto GrabMantap 6125,Martabak,Tangerang
GF-06127,Resto GrabMantap 6126,Beverages,Medan
GF-06128,Resto GrabMantap 6127,Ayam Geprek,Depok
GF-06129,Resto GrabMantap 6128,Beverages,Surabaya
GF-06130,Resto GrabMantap 6129,Snacks,Medan
GF-06131,Resto GrabMantap 6130,Snacks,Medan
GF-06132,Resto GrabMantap 6131,Martabak,Medan
GF-06133,Resto GrabMantap 6132,Beverages,Bali
GF-06134,Resto GrabMantap 6133,Ayam Geprek,Bandung
GF-06135,Resto GrabMantap 6134,Ayam Geprek,Depok
GF-06136,Resto GrabMantap 6135,Fast Food,Jakarta
GF-06137,Resto GrabMantap 6136,Beverages,Bogor
GF-06138,Resto GrabMantap 6137,Seafood,Surabaya
GF-06139,Resto GrabMantap 6138,Fast Food,Tangerang
GF-06140,Resto GrabMantap 6139,Martabak,Makassar
GF-06141,Resto GrabMantap 6140,Fast Food,Surabaya
GF-06142,Resto GrabMantap 6141,Beverages,Bandung
GF-06143,Resto GrabMantap 6142,Ayam Geprek,Surabaya
GF-06144,Resto GrabMantap 6143,Ayam Geprek,Jakarta
GF-06145,Resto GrabMantap 6144,Snacks,Medan
GF-06146,Resto GrabMantap 6145,Seafood,Surabaya
GF-06147,Resto GrabMantap 6146,Ayam Geprek,Bali
GF-06148,Resto GrabMantap 6147,Beverages,Bekasi
GF-06149,Resto GrabMantap 6148,Beverages,Tangerang
GF-06150,Resto GrabMantap 6149,Seafood,Depok
GF-06151,Resto GrabMantap 6150,Seafood,Bandung
GF-06152,Resto GrabMantap 6151,Fast Food,Medan
GF-06153,Resto GrabMantap 6152,Martabak,Bogor
GF-06154,Resto GrabMantap 6153,Snacks,Tangerang
GF-06155,Resto GrabMantap 6154,Ayam Geprek,Makassar
GF-06156,Resto GrabMantap 6155,Ayam Geprek,Depok
GF-06157,Resto GrabMantap 6156,Martabak,Tangerang
GF-06158,Resto GrabMantap 6157,Fast Food,Surabaya
GF-06159,Resto GrabMantap 6158,Beverages,Makassar
GF-06160,Resto GrabMantap 6159,Ayam Geprek,Tangerang
GF-06161,Resto GrabMantap 6160,Beverages,Depok
GF-06162,Resto GrabMantap 6161,Snacks,Medan
GF-06163,Resto GrabMantap 6162,Ayam Geprek,Bandung
GF-06164,Resto GrabMantap 6163,Beverages,Depok
GF-06165,Resto GrabMantap 6164,Beverages,Bogor
GF-06166,Resto GrabMantap 6165,Beverages,Medan
GF-06167,Resto GrabMantap 6166,Seafood,Bandung
GF-06168,Resto GrabMantap 6167,Beverages,Tangerang
GF-06169,Resto GrabMantap 6168,Ayam Geprek,Bogor
GF-06170,Resto GrabMantap 6169,Fast Food,Bekasi
GF-06171,Resto GrabMantap 6170,Beverages,Depok
GF-06172,Resto GrabMantap 6171,Seafood,Bandung
GF-06173,Resto GrabMantap 6172,Martabak,Bekasi
GF-06174,Resto GrabMantap 6173,Fast Food,Surabaya
GF-06175,Resto GrabMantap 6174,Martabak,Bekasi
GF-06176,Resto GrabMantap 6175,Martabak,Bandung
GF-06177,Resto GrabMantap 6176,Fast Food,Depok
GF-06178,Resto GrabMantap 6177,Seafood,Bali
GF-06179,Resto GrabMantap 6178,Ayam Geprek,Bekasi
GF-06180,Resto GrabMantap 6179,Snacks,Bekasi
GF-06181,Resto GrabMantap 6180,Snacks,Jakarta
GF-06182,Resto GrabMantap 6181,Fast Food,Depok
GF-06183,Resto GrabMantap 6182,Fast Food,Bali
GF-06184,Resto GrabMantap 6183,Beverages,Jakarta
GF-06185,Resto GrabMantap 6184,Snacks,Bekasi
GF-06186,Resto GrabMantap 6185,Snacks,Surabaya
GF-06187,Resto GrabMantap 6186,Beverages,Medan
GF-06188,Resto GrabMantap 6187,Ayam Geprek,Bandung
GF-06189,Resto GrabMantap 6188,Fast Food,Surabaya
GF-06190,Resto GrabMantap 6189,Snacks,Surabaya
GF-06191,Resto GrabMantap 6190,Martabak,Bali
GF-06192,Resto GrabMantap 6191,Snacks,Tangerang
GF-06193,Resto GrabMantap 6192,Ayam Geprek,Tangerang
GF-06194,Resto GrabMantap 6193,Martabak,Bekasi
GF-06195,Resto GrabMantap 6194,Ayam Geprek,Depok
GF-06196,Resto GrabMantap 6195,Ayam Geprek,Makassar
GF-06197,Resto GrabMantap 6196,Martabak,Depok
GF-06198,Resto GrabMantap 6197,Ayam Geprek,Makassar
GF-06199,Resto GrabMantap 6198,Seafood,Makassar
GF-06200,Resto GrabMantap 6199,Fast Food,Medan
GF-06201,Resto GrabMantap 6200,Fast Food,Surabaya
GF-06202,Resto GrabMantap 6201,Seafood,Bogor
GF-06203,Resto GrabMantap 6202,Ayam Geprek,Makassar
GF-06204,Resto GrabMantap 6203,Fast Food,Surabaya
GF-06205,Resto GrabMantap 6204,Ayam Geprek,Jakarta
GF-06206,Resto GrabMantap 6205,Snacks,Surabaya
GF-06207,Resto GrabMantap 6206,Ayam Geprek,Surabaya
GF-06208,Resto GrabMantap 6207,Beverages,Surabaya
GF-06209,Resto GrabMantap 6208,Snacks,Bali
GF-06210,Resto GrabMantap 6209,Beverages,Medan
GF-06211,Resto GrabMantap 6210,Seafood,Medan
GF-06212,Resto GrabMantap 6211,Ayam Geprek,Bekasi
GF-06213,Resto GrabMantap 6212,Ayam Geprek,Medan
GF-06214,Resto GrabMantap 6213,Fast Food,Bandung
GF-06215,Resto GrabMantap 6214,Snacks,Surabaya
GF-06216,Resto GrabMantap 6215,Ayam Geprek,Surabaya
GF-06217,Resto GrabMantap 6216,Snacks,Bandung
GF-06218,Resto GrabMantap 6217,Martabak,Medan
GF-06219,Resto GrabMantap 6218,Seafood,Tangerang
GF-06220,Resto GrabMantap 6219,Fast Food,Bali
GF-06221,Resto GrabMantap 6220,Fast Food,Surabaya
GF-06222,Resto GrabMantap 6221,Beverages,Depok
GF-06223,Resto GrabMantap 6222,Martabak,Bekasi
GF-06224,Resto GrabMantap 6223,Seafood,Jakarta
GF-06225,Resto GrabMantap 6224,Beverages,Makassar
GF-06226,Resto GrabMantap 6225,Martabak,Depok
GF-06227,Resto GrabMantap 6226,Fast Food,Bogor
GF-06228,Resto GrabMantap 6227,Seafood,Depok
GF-06229,Resto GrabMantap 6228,Snacks,Tangerang
GF-06230,Resto GrabMantap 6229,Ayam Geprek,Tangerang
GF-06231,Resto GrabMantap 6230,Fast Food,Jakarta
GF-06232,Resto GrabMantap 6231,Martabak,Bali
GF-06233,Resto GrabMantap 6232,Fast Food,Tangerang
GF-06234,Resto GrabMantap 6233,Martabak,Surabaya
GF-06235,Resto GrabMantap 6234,Seafood,Bali
GF-06236,Resto GrabMantap 6235,Beverages,Bogor
GF-06237,Resto GrabMantap 6236,Martabak,Bandung
GF-06238,Resto GrabMantap 6237,Fast Food,Depok
GF-06239,Resto GrabMantap 6238,Ayam Geprek,Bali
GF-06240,Resto GrabMantap 6239,Snacks,Depok
GF-06241,Resto GrabMantap 6240,Beverages,Depok
GF-06242,Resto GrabMantap 6241,Fast Food,Surabaya
GF-06243,Resto GrabMantap 6242,Snacks,Makassar
GF-06244,Resto GrabMantap 6243,Beverages,Bogor
GF-06245,Resto GrabMantap 6244,Fast Food,Bogor
GF-06246,Resto GrabMantap 6245,Fast Food,Bogor
GF-06247,Resto GrabMantap 6246,Snacks,Bogor
GF-06248,Resto GrabMantap 6247,Seafood,Bali
GF-06249,Resto GrabMantap 6248,Martabak,Makassar
GF-06250,Resto GrabMantap 6249,Beverages,Bogor
GF-06251,Resto GrabMantap 6250,Ayam Geprek,Medan
GF-06252,Resto GrabMantap 6251,Snacks,Makassar
GF-06253,Resto GrabMantap 6252,Ayam Geprek,Makassar
GF-06254,Resto GrabMantap 6253,Martabak,Jakarta
GF-06255,Resto GrabMantap 6254,Beverages,Bekasi
GF-06256,Resto GrabMantap 6255,Martabak,Depok
GF-06257,Resto GrabMantap 6256,Fast Food,Bandung
GF-06258,Resto GrabMantap 6257,Snacks,Tangerang
GF-06259,Resto GrabMantap 6258,Snacks,Surabaya
GF-06260,Resto GrabMantap 6259,Ayam Geprek,Surabaya
GF-06261,Resto GrabMantap 6260,Martabak,Medan
GF-06262,Resto GrabMantap 6261,Seafood,Bekasi
GF-06263,Resto GrabMantap 6262,Martabak,Bekasi
GF-06264,Resto GrabMantap 6263,Beverages,Bekasi
GF-06265,Resto GrabMantap 6264,Seafood,Bandung
GF-06266,Resto GrabMantap 6265,Seafood,Bali
GF-06267,Resto GrabMantap 6266,Fast Food,Bekasi
GF-06268,Resto GrabMantap 6267,Ayam Geprek,Bandung
GF-06269,Resto GrabMantap 6268,Beverages,Tangerang
GF-06270,Resto GrabMantap 6269,Seafood,Tangerang
GF-06271,Resto GrabMantap 6270,Snacks,Bali
GF-06272,Resto GrabMantap 6271,Fast Food,Makassar
GF-06273,Resto GrabMantap 6272,Snacks,Depok
GF-06274,Resto GrabMantap 6273,Ayam Geprek,Bogor
GF-06275,Resto GrabMantap 6274,Martabak,Bali
GF-06276,Resto GrabMantap 6275,Snacks,Makassar
GF-06277,Resto GrabMantap 6276,Martabak,Bali
GF-06278,Resto GrabMantap 6277,Martabak,Bandung
GF-06279,Resto GrabMantap 6278,Snacks,Tangerang
GF-06280,Resto GrabMantap 6279,Seafood,Bandung
GF-06281,Resto GrabMantap 6280,Fast Food,Bogor
GF-06282,Resto GrabMantap 6281,Beverages,Bekasi
GF-06283,Resto GrabMantap 6282,Fast Food,Bekasi
GF-06284,Resto GrabMantap 6283,Martabak,Bekasi
GF-06285,Resto GrabMantap 6284,Martabak,Tangerang
GF-06286,Resto GrabMantap 6285,Ayam Geprek,Bandung
GF-06287,Resto GrabMantap 6286,Ayam Geprek,Bogor
GF-06288,Resto GrabMantap 6287,Beverages,Jakarta
GF-06289,Resto GrabMantap 6288,Fast Food,Medan
GF-06290,Resto GrabMantap 6289,Ayam Geprek,Makassar
GF-06291,Resto GrabMantap 6290,Seafood,Tangerang
GF-06292,Resto GrabMantap 6291,Ayam Geprek,Bali
GF-06293,Resto GrabMantap 6292,Fast Food,Medan
GF-06294,Resto GrabMantap 6293,Beverages,Surabaya
GF-06295,Resto GrabMantap 6294,Fast Food,Bekasi
GF-06296,Resto GrabMantap 6295,Ayam Geprek,Tangerang
GF-06297,Resto GrabMantap 6296,Snacks,Jakarta
GF-06298,Resto GrabMantap 6297,Snacks,Bekasi
GF-06299,Resto GrabMantap 6298,Seafood,Jakarta
GF-06300,Resto GrabMantap 6299,Martabak,Depok
GF-06301,Resto GrabMantap 6300,Ayam Geprek,Medan
GF-06302,Resto GrabMantap 6301,Snacks,Tangerang
GF-06303,Resto GrabMantap 6302,Seafood,Bali
GF-06304,Resto GrabMantap 6303,Snacks,Makassar
GF-06305,Resto GrabMantap 6304,Fast Food,Bandung
GF-06306,Resto GrabMantap 6305,Martabak,Surabaya
GF-06307,Resto GrabMantap 6306,Ayam Geprek,Bogor
GF-06308,Resto GrabMantap 6307,Beverages,Depok
GF-06309,Resto GrabMantap 6308,Snacks,Bogor
GF-06310,Resto GrabMantap 6309,Snacks,Bali
GF-06311,Resto GrabMantap 6310,Beverages,Medan
GF-06312,Resto GrabMantap 6311,Seafood,Depok
GF-06313,Resto GrabMantap 6312,Beverages,Medan
GF-06314,Resto GrabMantap 6313,Fast Food,Bandung
GF-06315,Resto GrabMantap 6314,Martabak,Medan
GF-06316,Resto GrabMantap 6315,Snacks,Depok
GF-06317,Resto GrabMantap 6316,Ayam Geprek,Makassar
GF-06318,Resto GrabMantap 6317,Seafood,Bandung
GF-06319,Resto GrabMantap 6318,Ayam Geprek,Bekasi
GF-06320,Resto GrabMantap 6319,Fast Food,Tangerang
GF-06321,Resto GrabMantap 6320,Fast Food,Jakarta
GF-06322,Resto GrabMantap 6321,Fast Food,Medan
GF-06323,Resto GrabMantap 6322,Snacks,Depok
GF-06324,Resto GrabMantap 6323,Snacks,Surabaya
GF-06325,Resto GrabMantap 6324,Seafood,Depok
GF-06326,Resto GrabMantap 6325,Fast Food,Surabaya
GF-06327,Resto GrabMantap 6326,Seafood,Makassar
GF-06328,Resto GrabMantap 6327,Fast Food,Bekasi
GF-06329,Resto GrabMantap 6328,Snacks,Bandung
GF-06330,Resto GrabMantap 6329,Snacks,Jakarta
GF-06331,Resto GrabMantap 6330,Fast Food,Depok
GF-06332,Resto GrabMantap 6331,Seafood,Bali
GF-06333,Resto GrabMantap 6332,Seafood,Medan
GF-06334,Resto GrabMantap 6333,Beverages,Depok
GF-06335,Resto GrabMantap 6334,Ayam Geprek,Makassar
GF-06336,Resto GrabMantap 6335,Beverages,Bogor
GF-06337,Resto GrabMantap 6336,Seafood,Bekasi
GF-06338,Resto GrabMantap 6337,Fast Food,Bekasi
GF-06339,Resto GrabMantap 6338,Martabak,Bekasi
GF-06340,Resto GrabMantap 6339,Martabak,Tangerang
GF-06341,Resto GrabMantap 6340,Ayam Geprek,Depok
GF-06342,Resto GrabMantap 6341,Ayam Geprek,Makassar
GF-06343,Resto GrabMantap 6342,Snacks,Jakarta
GF-06344,Resto GrabMantap 6343,Snacks,Bali
GF-06345,Resto GrabMantap 6344,Fast Food,Surabaya
GF-06346,Resto GrabMantap 6345,Beverages,Bekasi
GF-06347,Resto GrabMantap 6346,Beverages,Bekasi
GF-06348,Resto GrabMantap 6347,Snacks,Medan
GF-06349,Resto GrabMantap 6348,Snacks,Bekasi
GF-06350,Resto GrabMantap 6349,Fast Food,Bogor
GF-06351,Resto GrabMantap 6350,Fast Food,Tangerang
GF-06352,Resto GrabMantap 6351,Ayam Geprek,Bali
GF-06353,Resto GrabMantap 6352,Fast Food,Makassar
GF-06354,Resto GrabMantap 6353,Ayam Geprek,Medan
GF-06355,Resto GrabMantap 6354,Martabak,Bekasi
GF-06356,Resto GrabMantap 6355,Fast Food,Depok
GF-06357,Resto GrabMantap 6356,Martabak,Bandung
GF-06358,Resto GrabMantap 6357,Martabak,Makassar
GF-06359,Resto GrabMantap 6358,Martabak,Jakarta
GF-06360,Resto GrabMantap 6359,Beverages,Jakarta
GF-06361,Resto GrabMantap 6360,Snacks,Bekasi
GF-06362,Resto GrabMantap 6361,Martabak,Depok
GF-06363,Resto GrabMantap 6362,Ayam Geprek,Surabaya
GF-06364,Resto GrabMantap 6363,Fast Food,Bogor
GF-06365,Resto GrabMantap 6364,Fast Food,Jakarta
GF-06366,Resto GrabMantap 6365,Martabak,Medan
GF-06367,Resto GrabMantap 6366,Ayam Geprek,Bali
GF-06368,Resto GrabMantap 6367,Ayam Geprek,Bogor
GF-06369,Resto GrabMantap 6368,Ayam Geprek,Bogor
GF-06370,Resto GrabMantap 6369,Martabak,Bogor
GF-06371,Resto GrabMantap 6370,Ayam Geprek,Bandung
GF-06372,Resto GrabMantap 6371,Seafood,Surabaya
GF-06373,Resto GrabMantap 6372,Fast Food,Depok
GF-06374,Resto GrabMantap 6373,Seafood,Makassar
GF-06375,Resto GrabMantap 6374,Snacks,Makassar
GF-06376,Resto GrabMantap 6375,Beverages,Tangerang
GF-06377,Resto GrabMantap 6376,Martabak,Medan
GF-06378,Resto GrabMantap 6377,Beverages,Depok
GF-06379,Resto GrabMantap 6378,Snacks,Medan
GF-06380,Resto GrabMantap 6379,Martabak,Depok
GF-06381,Resto GrabMantap 6380,Martabak,Bali
GF-06382,Resto GrabMantap 6381,Martabak,Medan
GF-06383,Resto GrabMantap 6382,Ayam Geprek,Bandung
GF-06384,Resto GrabMantap 6383,Seafood,Tangerang
GF-06385,Resto GrabMantap 6384,Seafood,Surabaya
GF-06386,Resto GrabMantap 6385,Snacks,Tangerang
GF-06387,Resto GrabMantap 6386,Fast Food,Tangerang
GF-06388,Resto GrabMantap 6387,Ayam Geprek,Makassar
GF-06389,Resto GrabMantap 6388,Beverages,Depok
GF-06390,Resto GrabMantap 6389,Beverages,Bali
GF-06391,Resto GrabMantap 6390,Martabak,Jakarta
GF-06392,Resto GrabMantap 6391,Fast Food,Tangerang
GF-06393,Resto GrabMantap 6392,Martabak,Jakarta
GF-06394,Resto GrabMantap 6393,Fast Food,Bali
GF-06395,Resto GrabMantap 6394,Beverages,Bekasi
GF-06396,Resto GrabMantap 6395,Beverages,Bali
GF-06397,Resto GrabMantap 6396,Seafood,Jakarta
GF-06398,Resto GrabMantap 6397,Fast Food,Depok
GF-06399,Resto GrabMantap 6398,Beverages,Tangerang
GF-06400,Resto GrabMantap 6399,Seafood,Depok
GF-06401,Resto GrabMantap 6400,Martabak,Bekasi
GF-06402,Resto GrabMantap 6401,Beverages,Surabaya
GF-06403,Resto GrabMantap 6402,Snacks,Depok
GF-06404,Resto GrabMantap 6403,Martabak,Bali
GF-06405,Resto GrabMantap 6404,Snacks,Medan
GF-06406,Resto GrabMantap 6405,Ayam Geprek,Tangerang
GF-06407,Resto GrabMantap 6406,Beverages,Bekasi
GF-06408,Resto GrabMantap 6407,Fast Food,Surabaya
GF-06409,Resto GrabMantap 6408,Ayam Geprek,Surabaya
GF-06410,Resto GrabMantap 6409,Fast Food,Medan
GF-06411,Resto GrabMantap 6410,Seafood,Medan
GF-06412,Resto GrabMantap 6411,Fast Food,Tangerang
GF-06413,Resto GrabMantap 6412,Ayam Geprek,Bali
GF-06414,Resto GrabMantap 6413,Fast Food,Makassar
GF-06415,Resto GrabMantap 6414,Fast Food,Bogor
GF-06416,Resto GrabMantap 6415,Fast Food,Tangerang
GF-06417,Resto GrabMantap 6416,Ayam Geprek,Bogor
GF-06418,Resto GrabMantap 6417,Martabak,Makassar
GF-06419,Resto GrabMantap 6418,Fast Food,Bogor
GF-06420,Resto GrabMantap 6419,Snacks,Makassar
GF-06421,Resto GrabMantap 6420,Seafood,Depok
GF-06422,Resto GrabMantap 6421,Beverages,Bandung
GF-06423,Resto GrabMantap 6422,Seafood,Surabaya
GF-06424,Resto GrabMantap 6423,Ayam Geprek,Jakarta
GF-06425,Resto GrabMantap 6424,Fast Food,Jakarta
GF-06426,Resto GrabMantap 6425,Fast Food,Bekasi
GF-06427,Resto GrabMantap 6426,Fast Food,Depok
GF-06428,Resto GrabMantap 6427,Ayam Geprek,Surabaya
GF-06429,Resto GrabMantap 6428,Martabak,Jakarta
GF-06430,Resto GrabMantap 6429,Martabak,Medan
GF-06431,Resto GrabMantap 6430,Fast Food,Makassar
GF-06432,Resto GrabMantap 6431,Beverages,Depok
GF-06433,Resto GrabMantap 6432,Fast Food,Medan
GF-06434,Resto GrabMantap 6433,Fast Food,Bogor
GF-06435,Resto GrabMantap 6434,Fast Food,Bogor
GF-06436,Resto GrabMantap 6435,Fast Food,Medan
GF-06437,Resto GrabMantap 6436,Seafood,Bali
GF-06438,Resto GrabMantap 6437,Ayam Geprek,Bali
GF-06439,Resto GrabMantap 6438,Martabak,Bali
GF-06440,Resto GrabMantap 6439,Fast Food,Bandung
GF-06441,Resto GrabMantap 6440,Fast Food,Tangerang
GF-06442,Resto GrabMantap 6441,Ayam Geprek,Bogor
GF-06443,Resto GrabMantap 6442,Martabak,Surabaya
GF-06444,Resto GrabMantap 6443,Fast Food,Tangerang
GF-06445,Resto GrabMantap 6444,Fast Food,Bogor
GF-06446,Resto GrabMantap 6445,Beverages,Bali
GF-06447,Resto GrabMantap 6446,Seafood,Bekasi
GF-06448,Resto GrabMantap 6447,Fast Food,Bali
GF-06449,Resto GrabMantap 6448,Beverages,Bandung
GF-06450,Resto GrabMantap 6449,Seafood,Tangerang
GF-06451,Resto GrabMantap 6450,Martabak,Makassar
GF-06452,Resto GrabMantap 6451,Seafood,Medan
GF-06453,Resto GrabMantap 6452,Beverages,Surabaya
GF-06454,Resto GrabMantap 6453,Martabak,Makassar
GF-06455,Resto GrabMantap 6454,Fast Food,Bekasi
GF-06456,Resto GrabMantap 6455,Beverages,Makassar
GF-06457,Resto GrabMantap 6456,Martabak,Bandung
GF-06458,Resto GrabMantap 6457,Ayam Geprek,Bandung
GF-06459,Resto GrabMantap 6458,Martabak,Makassar
GF-06460,Resto GrabMantap 6459,Ayam Geprek,Medan
GF-06461,Resto GrabMantap 6460,Seafood,Bekasi
GF-06462,Resto GrabMantap 6461,Snacks,Bali
GF-06463,Resto GrabMantap 6462,Seafood,Jakarta
GF-06464,Resto GrabMantap 6463,Snacks,Bandung
GF-06465,Resto GrabMantap 6464,Snacks,Jakarta
GF-06466,Resto GrabMantap 6465,Seafood,Makassar
GF-06467,Resto GrabMantap 6466,Ayam Geprek,Surabaya
GF-06468,Resto GrabMantap 6467,Ayam Geprek,Makassar
GF-06469,Resto GrabMantap 6468,Ayam Geprek,Tangerang
GF-06470,Resto GrabMantap 6469,Ayam Geprek,Tangerang
GF-06471,Resto GrabMantap 6470,Martabak,Bogor
GF-06472,Resto GrabMantap 6471,Ayam Geprek,Depok
GF-06473,Resto GrabMantap 6472,Ayam Geprek,Depok
GF-06474,Resto GrabMantap 6473,Ayam Geprek,Makassar
GF-06475,Resto GrabMantap 6474,Beverages,Makassar
GF-06476,Resto GrabMantap 6475,Martabak,Jakarta
GF-06477,Resto GrabMantap 6476,Beverages,Bogor
GF-06478,Resto GrabMantap 6477,Martabak,Medan
GF-06479,Resto GrabMantap 6478,Fast Food,Bogor
GF-06480,Resto GrabMantap 6479,Seafood,Depok
GF-06481,Resto GrabMantap 6480,Ayam Geprek,Surabaya
GF-06482,Resto GrabMantap 6481,Beverages,Makassar
GF-06483,Resto GrabMantap 6482,Beverages,Bekasi
GF-06484,Resto GrabMantap 6483,Snacks,Bogor
GF-06485,Resto GrabMantap 6484,Ayam Geprek,Surabaya
GF-06486,Resto GrabMantap 6485,Seafood,Jakarta
GF-06487,Resto GrabMantap 6486,Martabak,Bekasi
GF-06488,Resto GrabMantap 6487,Snacks,Bandung
GF-06489,Resto GrabMantap 6488,Ayam Geprek,Bali
GF-06490,Resto GrabMantap 6489,Seafood,Jakarta
GF-06491,Resto GrabMantap 6490,Ayam Geprek,Bali
GF-06492,Resto GrabMantap 6491,Ayam Geprek,Bogor
GF-06493,Resto GrabMantap 6492,Seafood,Bogor
GF-06494,Resto GrabMantap 6493,Seafood,Medan
GF-06495,Resto GrabMantap 6494,Martabak,Medan
GF-06496,Resto GrabMantap 6495,Fast Food,Bekasi
GF-06497,Resto GrabMantap 6496,Beverages,Bali
GF-06498,Resto GrabMantap 6497,Snacks,Surabaya
GF-06499,Resto GrabMantap 6498,Snacks,Depok
GF-06500,Resto GrabMantap 6499,Martabak,Medan
GF-06501,Resto GrabMantap 6500,Fast Food,Tangerang
GF-06502,Resto GrabMantap 6501,Beverages,Bali
GF-06503,Resto GrabMantap 6502,Ayam Geprek,Jakarta
GF-06504,Resto GrabMantap 6503,Seafood,Surabaya
GF-06505,Resto GrabMantap 6504,Ayam Geprek,Jakarta
GF-06506,Resto GrabMantap 6505,Fast Food,Makassar
GF-06507,Resto GrabMantap 6506,Seafood,Medan
GF-06508,Resto GrabMantap 6507,Snacks,Bandung
GF-06509,Resto GrabMantap 6508,Beverages,Bogor
GF-06510,Resto GrabMantap 6509,Seafood,Depok
GF-06511,Resto GrabMantap 6510,Fast Food,Medan
GF-06512,Resto GrabMantap 6511,Ayam Geprek,Bekasi
GF-06513,Resto GrabMantap 6512,Fast Food,Makassar
GF-06514,Resto GrabMantap 6513,Martabak,Bogor
GF-06515,Resto GrabMantap 6514,Fast Food,Depok
GF-06516,Resto GrabMantap 6515,Seafood,Bekasi
GF-06517,Resto GrabMantap 6516,Snacks,Makassar
GF-06518,Resto GrabMantap 6517,Snacks,Depok
GF-06519,Resto GrabMantap 6518,Fast Food,Tangerang
GF-06520,Resto GrabMantap 6519,Ayam Geprek,Bekasi
GF-06521,Resto GrabMantap 6520,Snacks,Medan
GF-06522,Resto GrabMantap 6521,Snacks,Bekasi
GF-06523,Resto GrabMantap 6522,Seafood,Bali
GF-06524,Resto GrabMantap 6523,Ayam Geprek,Medan
GF-06525,Resto GrabMantap 6524,Snacks,Bekasi
GF-06526,Resto GrabMantap 6525,Seafood,Makassar
GF-06527,Resto GrabMantap 6526,Ayam Geprek,Tangerang
GF-06528,Resto GrabMantap 6527,Beverages,Bekasi
GF-06529,Resto GrabMantap 6528,Beverages,Bali
GF-06530,Resto GrabMantap 6529,Ayam Geprek,Medan
GF-06531,Resto GrabMantap 6530,Beverages,Medan
GF-06532,Resto GrabMantap 6531,Fast Food,Bekasi
GF-06533,Resto GrabMantap 6532,Seafood,Tangerang
GF-06534,Resto GrabMantap 6533,Martabak,Bali
GF-06535,Resto GrabMantap 6534,Snacks,Bali
GF-06536,Resto GrabMantap 6535,Beverages,Surabaya
GF-06537,Resto GrabMantap 6536,Snacks,Bekasi
GF-06538,Resto GrabMantap 6537,Martabak,Tangerang
GF-06539,Resto GrabMantap 6538,Ayam Geprek,Jakarta
GF-06540,Resto GrabMantap 6539,Martabak,Bandung
GF-06541,Resto GrabMantap 6540,Seafood,Surabaya
GF-06542,Resto GrabMantap 6541,Seafood,Bandung
GF-06543,Resto GrabMantap 6542,Ayam Geprek,Depok
GF-06544,Resto GrabMantap 6543,Beverages,Bandung
GF-06545,Resto GrabMantap 6544,Fast Food,Makassar
GF-06546,Resto GrabMantap 6545,Beverages,Medan
GF-06547,Resto GrabMantap 6546,Ayam Geprek,Bogor
GF-06548,Resto GrabMantap 6547,Martabak,Bandung
GF-06549,Resto GrabMantap 6548,Fast Food,Bogor
GF-06550,Resto GrabMantap 6549,Beverages,Bandung
GF-06551,Resto GrabMantap 6550,Beverages,Makassar
GF-06552,Resto GrabMantap 6551,Beverages,Surabaya
GF-06553,Resto GrabMantap 6552,Ayam Geprek,Depok
GF-06554,Resto GrabMantap 6553,Seafood,Bekasi
GF-06555,Resto GrabMantap 6554,Fast Food,Bandung
GF-06556,Resto GrabMantap 6555,Ayam Geprek,Jakarta
GF-06557,Resto GrabMantap 6556,Ayam Geprek,Tangerang
GF-06558,Resto GrabMantap 6557,Beverages,Jakarta
GF-06559,Resto GrabMantap 6558,Snacks,Bali
GF-06560,Resto GrabMantap 6559,Ayam Geprek,Depok
GF-06561,Resto GrabMantap 6560,Beverages,Bandung
GF-06562,Resto GrabMantap 6561,Fast Food,Depok
GF-06563,Resto GrabMantap 6562,Fast Food,Bogor
GF-06564,Resto GrabMantap 6563,Martabak,Depok
GF-06565,Resto GrabMantap 6564,Fast Food,Bogor
GF-06566,Resto GrabMantap 6565,Snacks,Depok
GF-06567,Resto GrabMantap 6566,Snacks,Tangerang
GF-06568,Resto GrabMantap 6567,Beverages,Bali
GF-06569,Resto GrabMantap 6568,Martabak,Tangerang
GF-06570,Resto GrabMantap 6569,Ayam Geprek,Tangerang
GF-06571,Resto GrabMantap 6570,Snacks,Bandung
GF-06572,Resto GrabMantap 6571,Snacks,Medan
GF-06573,Resto GrabMantap 6572,Beverages,Jakarta
GF-06574,Resto GrabMantap 6573,Seafood,Bekasi
GF-06575,Resto GrabMantap 6574,Ayam Geprek,Medan
GF-06576,Resto GrabMantap 6575,Snacks,Bekasi
GF-06577,Resto GrabMantap 6576,Seafood,Bekasi
GF-06578,Resto GrabMantap 6577,Beverages,Bali
GF-06579,Resto GrabMantap 6578,Fast Food,Bogor
GF-06580,Resto GrabMantap 6579,Fast Food,Bogor
GF-06581,Resto GrabMantap 6580,Fast Food,Bogor
GF-06582,Resto GrabMantap 6581,Snacks,Bogor
GF-06583,Resto GrabMantap 6582,Fast Food,Makassar
GF-06584,Resto GrabMantap 6583,Martabak,Medan
GF-06585,Resto GrabMantap 6584,Ayam Geprek,Tangerang
GF-06586,Resto GrabMantap 6585,Martabak,Makassar
GF-06587,Resto GrabMantap 6586,Snacks,Tangerang
GF-06588,Resto GrabMantap 6587,Seafood,Bandung
GF-06589,Resto GrabMantap 6588,Fast Food,Bandung
GF-06590,Resto GrabMantap 6589,Beverages,Bali
GF-06591,Resto GrabMantap 6590,Martabak,Medan
GF-06592,Resto GrabMantap 6591,Beverages,Bandung
GF-06593,Resto GrabMantap 6592,Martabak,Tangerang
GF-06594,Resto GrabMantap 6593,Seafood,Bekasi
GF-06595,Resto GrabMantap 6594,Seafood,Makassar
GF-06596,Resto GrabMantap 6595,Martabak,Depok
GF-06597,Resto GrabMantap 6596,Ayam Geprek,Bekasi
GF-06598,Resto GrabMantap 6597,Ayam Geprek,Bandung
GF-06599,Resto GrabMantap 6598,Snacks,Surabaya
GF-06600,Resto GrabMantap 6599,Fast Food,Medan
GF-06601,Resto GrabMantap 6600,Beverages,Depok
GF-06602,Resto GrabMantap 6601,Martabak,Bandung
GF-06603,Resto GrabMantap 6602,Martabak,Bogor
GF-06604,Resto GrabMantap 6603,Fast Food,Tangerang
GF-06605,Resto GrabMantap 6604,Seafood,Jakarta
GF-06606,Resto GrabMantap 6605,Ayam Geprek,Depok
GF-06607,Resto GrabMantap 6606,Martabak,Bandung
GF-06608,Resto GrabMantap 6607,Seafood,Medan
GF-06609,Resto GrabMantap 6608,Snacks,Bekasi
GF-06610,Resto GrabMantap 6609,Martabak,Bekasi
GF-06611,Resto GrabMantap 6610,Fast Food,Medan
GF-06612,Resto GrabMantap 6611,Snacks,Bekasi
GF-06613,Resto GrabMantap 6612,Snacks,Bekasi
GF-06614,Resto GrabMantap 6613,Beverages,Medan
GF-06615,Resto GrabMantap 6614,Snacks,Bandung
GF-06616,Resto GrabMantap 6615,Fast Food,Tangerang
GF-06617,Resto GrabMantap 6616,Beverages,Bekasi
GF-06618,Resto GrabMantap 6617,Snacks,Makassar
GF-06619,Resto GrabMantap 6618,Martabak,Bandung
GF-06620,Resto GrabMantap 6619,Snacks,Jakarta
GF-06621,Resto GrabMantap 6620,Martabak,Bekasi
GF-06622,Resto GrabMantap 6621,Martabak,Bandung
GF-06623,Resto GrabMantap 6622,Ayam Geprek,Depok
GF-06624,Resto GrabMantap 6623,Snacks,Jakarta
GF-06625,Resto GrabMantap 6624,Seafood,Bandung
GF-06626,Resto GrabMantap 6625,Fast Food,Bali
GF-06627,Resto GrabMantap 6626,Martabak,Bekasi
GF-06628,Resto GrabMantap 6627,Beverages,Depok
GF-06629,Resto GrabMantap 6628,Martabak,Medan
GF-06630,Resto GrabMantap 6629,Seafood,Surabaya
GF-06631,Resto GrabMantap 6630,Ayam Geprek,Tangerang
GF-06632,Resto GrabMantap 6631,Beverages,Medan
GF-06633,Resto GrabMantap 6632,Snacks,Bogor
GF-06634,Resto GrabMantap 6633,Beverages,Surabaya
GF-06635,Resto GrabMantap 6634,Seafood,Depok
GF-06636,Resto GrabMantap 6635,Seafood,Surabaya
GF-06637,Resto GrabMantap 6636,Snacks,Makassar
GF-06638,Resto GrabMantap 6637,Seafood,Bogor
GF-06639,Resto GrabMantap 6638,Seafood,Surabaya
GF-06640,Resto GrabMantap 6639,Snacks,Bali
GF-06641,Resto GrabMantap 6640,Ayam Geprek,Surabaya
GF-06642,Resto GrabMantap 6641,Fast Food,Bandung
GF-06643,Resto GrabMantap 6642,Ayam Geprek,Jakarta
GF-06644,Resto GrabMantap 6643,Ayam Geprek,Medan
GF-06645,Resto GrabMantap 6644,Seafood,Medan
GF-06646,Resto GrabMantap 6645,Snacks,Makassar
GF-06647,Resto GrabMantap 6646,Fast Food,Bogor
GF-06648,Resto GrabMantap 6647,Seafood,Bali
GF-06649,Resto GrabMantap 6648,Fast Food,Surabaya
GF-06650,Resto GrabMantap 6649,Fast Food,Bogor
GF-06651,Resto GrabMantap 6650,Ayam Geprek,Bali
GF-06652,Resto GrabMantap 6651,Fast Food,Medan
GF-06653,Resto GrabMantap 6652,Fast Food,Bekasi
GF-06654,Resto GrabMantap 6653,Martabak,Jakarta
GF-06655,Resto GrabMantap 6654,Fast Food,Bali
GF-06656,Resto GrabMantap 6655,Martabak,Surabaya
GF-06657,Resto GrabMantap 6656,Martabak,Bogor
GF-06658,Resto GrabMantap 6657,Snacks,Medan
GF-06659,Resto GrabMantap 6658,Fast Food,Tangerang
GF-06660,Resto GrabMantap 6659,Seafood,Bogor
GF-06661,Resto GrabMantap 6660,Martabak,Bogor
GF-06662,Resto GrabMantap 6661,Beverages,Depok
GF-06663,Resto GrabMantap 6662,Beverages,Depok
GF-06664,Resto GrabMantap 6663,Beverages,Depok
GF-06665,Resto GrabMantap 6664,Martabak,Tangerang
GF-06666,Resto GrabMantap 6665,Fast Food,Medan
GF-06667,Resto GrabMantap 6666,Martabak,Makassar
GF-06668,Resto GrabMantap 6667,Seafood,Bogor
GF-06669,Resto GrabMantap 6668,Snacks,Depok
GF-06670,Resto GrabMantap 6669,Snacks,Medan
GF-06671,Resto GrabMantap 6670,Snacks,Bekasi
GF-06672,Resto GrabMantap 6671,Snacks,Bandung
GF-06673,Resto GrabMantap 6672,Martabak,Bogor
GF-06674,Resto GrabMantap 6673,Fast Food,Tangerang
GF-06675,Resto GrabMantap 6674,Fast Food,Bogor
GF-06676,Resto GrabMantap 6675,Fast Food,Bekasi
GF-06677,Resto GrabMantap 6676,Martabak,Jakarta
GF-06678,Resto GrabMantap 6677,Ayam Geprek,Bekasi
GF-06679,Resto GrabMantap 6678,Martabak,Bandung
GF-06680,Resto GrabMantap 6679,Beverages,Bali
GF-06681,Resto GrabMantap 6680,Seafood,Makassar
GF-06682,Resto GrabMantap 6681,Snacks,Bali
GF-06683,Resto GrabMantap 6682,Ayam Geprek,Bekasi
GF-06684,Resto GrabMantap 6683,Fast Food,Depok
GF-06685,Resto GrabMantap 6684,Martabak,Bogor
GF-06686,Resto GrabMantap 6685,Seafood,Depok
GF-06687,Resto GrabMantap 6686,Seafood,Bekasi
GF-06688,Resto GrabMantap 6687,Seafood,Jakarta
GF-06689,Resto GrabMantap 6688,Snacks,Bandung
GF-06690,Resto GrabMantap 6689,Seafood,Medan
GF-06691,Resto GrabMantap 6690,Beverages,Bali
GF-06692,Resto GrabMantap 6691,Seafood,Jakarta
GF-06693,Resto GrabMantap 6692,Seafood,Bogor
GF-06694,Resto GrabMantap 6693,Fast Food,Bekasi
GF-06695,Resto GrabMantap 6694,Snacks,Depok
GF-06696,Resto GrabMantap 6695,Ayam Geprek,Bogor
GF-06697,Resto GrabMantap 6696,Seafood,Surabaya
GF-06698,Resto GrabMantap 6697,Snacks,Medan
GF-06699,Resto GrabMantap 6698,Martabak,Bali
GF-06700,Resto GrabMantap 6699,Seafood,Bekasi
GF-06701,Resto GrabMantap 6700,Seafood,Makassar
GF-06702,Resto GrabMantap 6701,Martabak,Bali
GF-06703,Resto GrabMantap 6702,Martabak,Bali
GF-06704,Resto GrabMantap 6703,Seafood,Jakarta
GF-06705,Resto GrabMantap 6704,Seafood,Depok
GF-06706,Resto GrabMantap 6705,Martabak,Surabaya
GF-06707,Resto GrabMantap 6706,Beverages,Medan
GF-06708,Resto GrabMantap 6707,Beverages,Surabaya
GF-06709,Resto GrabMantap 6708,Fast Food,Medan
GF-06710,Resto GrabMantap 6709,Snacks,Bekasi
GF-06711,Resto GrabMantap 6710,Seafood,Surabaya
GF-06712,Resto GrabMantap 6711,Beverages,Jakarta
GF-06713,Resto GrabMantap 6712,Ayam Geprek,Surabaya
GF-06714,Resto GrabMantap 6713,Martabak,Depok
GF-06715,Resto GrabMantap 6714,Snacks,Jakarta
GF-06716,Resto GrabMantap 6715,Ayam Geprek,Bekasi
GF-06717,Resto GrabMantap 6716,Ayam Geprek,Depok
GF-06718,Resto GrabMantap 6717,Seafood,Bekasi
GF-06719,Resto GrabMantap 6718,Seafood,Bogor
GF-06720,Resto GrabMantap 6719,Martabak,Tangerang
GF-06721,Resto GrabMantap 6720,Fast Food,Surabaya
GF-06722,Resto GrabMantap 6721,Beverages,Bekasi
GF-06723,Resto GrabMantap 6722,Snacks,Makassar
GF-06724,Resto GrabMantap 6723,Seafood,Makassar
GF-06725,Resto GrabMantap 6724,Martabak,Bekasi
GF-06726,Resto GrabMantap 6725,Martabak,Bogor
GF-06727,Resto GrabMantap 6726,Seafood,Depok
GF-06728,Resto GrabMantap 6727,Beverages,Makassar
GF-06729,Resto GrabMantap 6728,Seafood,Jakarta
GF-06730,Resto GrabMantap 6729,Seafood,Bali
GF-06731,Resto GrabMantap 6730,Beverages,Bekasi
GF-06732,Resto GrabMantap 6731,Ayam Geprek,Medan
GF-06733,Resto GrabMantap 6732,Martabak,Jakarta
GF-06734,Resto GrabMantap 6733,Snacks,Depok
GF-06735,Resto GrabMantap 6734,Seafood,Bekasi
GF-06736,Resto GrabMantap 6735,Snacks,Jakarta
GF-06737,Resto GrabMantap 6736,Seafood,Surabaya
GF-06738,Resto GrabMantap 6737,Ayam Geprek,Surabaya
GF-06739,Resto GrabMantap 6738,Beverages,Tangerang
GF-06740,Resto GrabMantap 6739,Fast Food,Tangerang
GF-06741,Resto GrabMantap 6740,Ayam Geprek,Medan
GF-06742,Resto GrabMantap 6741,Martabak,Tangerang
GF-06743,Resto GrabMantap 6742,Ayam Geprek,Depok
GF-06744,Resto GrabMantap 6743,Fast Food,Medan
GF-06745,Resto GrabMantap 6744,Fast Food,Medan
GF-06746,Resto GrabMantap 6745,Seafood,Bogor
GF-06747,Resto GrabMantap 6746,Ayam Geprek,Depok
GF-06748,Resto GrabMantap 6747,Seafood,Surabaya
GF-06749,Resto GrabMantap 6748,Snacks,Bogor
GF-06750,Resto GrabMantap 6749,Beverages,Depok
GF-06751,Resto GrabMantap 6750,Martabak,Surabaya
GF-06752,Resto GrabMantap 6751,Beverages,Makassar
GF-06753,Resto GrabMantap 6752,Martabak,Bogor
GF-06754,Resto GrabMantap 6753,Beverages,Jakarta
GF-06755,Resto GrabMantap 6754,Ayam Geprek,Jakarta
GF-06756,Resto GrabMantap 6755,Ayam Geprek,Bogor
GF-06757,Resto GrabMantap 6756,Ayam Geprek,Bandung
GF-06758,Resto GrabMantap 6757,Martabak,Bekasi
GF-06759,Resto GrabMantap 6758,Seafood,Tangerang
GF-06760,Resto GrabMantap 6759,Ayam Geprek,Jakarta
GF-06761,Resto GrabMantap 6760,Seafood,Bandung
GF-06762,Resto GrabMantap 6761,Beverages,Bandung
GF-06763,Resto GrabMantap 6762,Martabak,Jakarta
GF-06764,Resto GrabMantap 6763,Fast Food,Bekasi
GF-06765,Resto GrabMantap 6764,Fast Food,Bali
GF-06766,Resto GrabMantap 6765,Martabak,Bali
GF-06767,Resto GrabMantap 6766,Snacks,Medan
GF-06768,Resto GrabMantap 6767,Snacks,Tangerang
GF-06769,Resto GrabMantap 6768,Ayam Geprek,Bekasi
GF-06770,Resto GrabMantap 6769,Seafood,Bandung
GF-06771,Resto GrabMantap 6770,Martabak,Medan
GF-06772,Resto GrabMantap 6771,Ayam Geprek,Bandung
GF-06773,Resto GrabMantap 6772,Fast Food,Tangerang
GF-06774,Resto GrabMantap 6773,Snacks,Tangerang
GF-06775,Resto GrabMantap 6774,Seafood,Depok
GF-06776,Resto GrabMantap 6775,Martabak,Makassar
GF-06777,Resto GrabMantap 6776,Snacks,Tangerang
GF-06778,Resto GrabMantap 6777,Martabak,Jakarta
GF-06779,Resto GrabMantap 6778,Seafood,Bandung
GF-06780,Resto GrabMantap 6779,Ayam Geprek,Jakarta
GF-06781,Resto GrabMantap 6780,Beverages,Depok
GF-06782,Resto GrabMantap 6781,Seafood,Bandung
GF-06783,Resto GrabMantap 6782,Beverages,Bali
GF-06784,Resto GrabMantap 6783,Seafood,Bekasi
GF-06785,Resto GrabMantap 6784,Seafood,Bogor
GF-06786,Resto GrabMantap 6785,Seafood,Bekasi
GF-06787,Resto GrabMantap 6786,Snacks,Bali
GF-06788,Resto GrabMantap 6787,Martabak,Bandung
GF-06789,Resto GrabMantap 6788,Beverages,Bekasi
GF-06790,Resto GrabMantap 6789,Martabak,Tangerang
GF-06791,Resto GrabMantap 6790,Martabak,Bekasi
GF-06792,Resto GrabMantap 6791,Martabak,Tangerang
GF-06793,Resto GrabMantap 6792,Beverages,Depok
GF-06794,Resto GrabMantap 6793,Seafood,Bali
GF-06795,Resto GrabMantap 6794,Martabak,Makassar
GF-06796,Resto GrabMantap 6795,Beverages,Bogor
GF-06797,Resto GrabMantap 6796,Beverages,Bandung
GF-06798,Resto GrabMantap 6797,Snacks,Depok
GF-06799,Resto GrabMantap 6798,Seafood,Medan
GF-06800,Resto GrabMantap 6799,Beverages,Medan
GF-06801,Resto GrabMantap 6800,Seafood,Tangerang
GF-06802,Resto GrabMantap 6801,Martabak,Surabaya
GF-06803,Resto GrabMantap 6802,Beverages,Bogor
GF-06804,Resto GrabMantap 6803,Martabak,Bekasi
GF-06805,Resto GrabMantap 6804,Fast Food,Bali
GF-06806,Resto GrabMantap 6805,Seafood,Depok
GF-06807,Resto GrabMantap 6806,Martabak,Bali
GF-06808,Resto GrabMantap 6807,Martabak,Bogor
GF-06809,Resto GrabMantap 6808,Beverages,Tangerang
GF-06810,Resto GrabMantap 6809,Ayam Geprek,Medan
GF-06811,Resto GrabMantap 6810,Ayam Geprek,Bekasi
GF-06812,Resto GrabMantap 6811,Seafood,Bogor
GF-06813,Resto GrabMantap 6812,Fast Food,Bekasi
GF-06814,Resto GrabMantap 6813,Martabak,Surabaya
GF-06815,Resto GrabMantap 6814,Martabak,Makassar
GF-06816,Resto GrabMantap 6815,Martabak,Bali
GF-06817,Resto GrabMantap 6816,Martabak,Depok
GF-06818,Resto GrabMantap 6817,Seafood,Surabaya
GF-06819,Resto GrabMantap 6818,Martabak,Jakarta
GF-06820,Resto GrabMantap 6819,Beverages,Tangerang
GF-06821,Resto GrabMantap 6820,Fast Food,Jakarta
GF-06822,Resto GrabMantap 6821,Ayam Geprek,Medan
GF-06823,Resto GrabMantap 6822,Martabak,Medan
GF-06824,Resto GrabMantap 6823,Snacks,Bali
GF-06825,Resto GrabMantap 6824,Ayam Geprek,Depok
GF-06826,Resto GrabMantap 6825,Martabak,Tangerang
GF-06827,Resto GrabMantap 6826,Seafood,Tangerang
GF-06828,Resto GrabMantap 6827,Ayam Geprek,Makassar
GF-06829,Resto GrabMantap 6828,Snacks,Bandung
GF-06830,Resto GrabMantap 6829,Fast Food,Medan
GF-06831,Resto GrabMantap 6830,Fast Food,Makassar
GF-06832,Resto GrabMantap 6831,Ayam Geprek,Surabaya
GF-06833,Resto GrabMantap 6832,Beverages,Surabaya
GF-06834,Resto GrabMantap 6833,Seafood,Bandung
GF-06835,Resto GrabMantap 6834,Seafood,Bekasi
GF-06836,Resto GrabMantap 6835,Ayam Geprek,Bandung
GF-06837,Resto GrabMantap 6836,Fast Food,Bali
GF-06838,Resto GrabMantap 6837,Ayam Geprek,Bandung
GF-06839,Resto GrabMantap 6838,Martabak,Bandung
GF-06840,Resto GrabMantap 6839,Snacks,Makassar
GF-06841,Resto GrabMantap 6840,Ayam Geprek,Surabaya
GF-06842,Resto GrabMantap 6841,Fast Food,Medan
GF-06843,Resto GrabMantap 6842,Ayam Geprek,Jakarta
GF-06844,Resto GrabMantap 6843,Fast Food,Depok
GF-06845,Resto GrabMantap 6844,Fast Food,Jakarta
GF-06846,Resto GrabMantap 6845,Snacks,Bogor
GF-06847,Resto GrabMantap 6846,Snacks,Tangerang
GF-06848,Resto GrabMantap 6847,Fast Food,Jakarta
GF-06849,Resto GrabMantap 6848,Martabak,Medan
GF-06850,Resto GrabMantap 6849,Ayam Geprek,Medan
GF-06851,Resto GrabMantap 6850,Martabak,Surabaya
GF-06852,Resto GrabMantap 6851,Seafood,Surabaya
GF-06853,Resto GrabMantap 6852,Ayam Geprek,Bandung
GF-06854,Resto GrabMantap 6853,Ayam Geprek,Bogor
GF-06855,Resto GrabMantap 6854,Seafood,Jakarta
GF-06856,Resto GrabMantap 6855,Fast Food,Jakarta
GF-06857,Resto GrabMantap 6856,Ayam Geprek,Surabaya
GF-06858,Resto GrabMantap 6857,Fast Food,Bandung
GF-06859,Resto GrabMantap 6858,Ayam Geprek,Tangerang
GF-06860,Resto GrabMantap 6859,Martabak,Jakarta
GF-06861,Resto GrabMantap 6860,Martabak,Bali
GF-06862,Resto GrabMantap 6861,Snacks,Makassar
GF-06863,Resto GrabMantap 6862,Fast Food,Medan
GF-06864,Resto GrabMantap 6863,Beverages,Surabaya
GF-06865,Resto GrabMantap 6864,Fast Food,Tangerang
GF-06866,Resto GrabMantap 6865,Ayam Geprek,Bekasi
GF-06867,Resto GrabMantap 6866,Fast Food,Bekasi
GF-06868,Resto GrabMantap 6867,Beverages,Bogor
GF-06869,Resto GrabMantap 6868,Seafood,Bekasi
GF-06870,Resto GrabMantap 6869,Seafood,Depok
GF-06871,Resto GrabMantap 6870,Ayam Geprek,Makassar
GF-06872,Resto GrabMantap 6871,Snacks,Jakarta
GF-06873,Resto GrabMantap 6872,Snacks,Tangerang
GF-06874,Resto GrabMantap 6873,Seafood,Bekasi
GF-06875,Resto GrabMantap 6874,Beverages,Bekasi
GF-06876,Resto GrabMantap 6875,Martabak,Bogor
GF-06877,Resto GrabMantap 6876,Ayam Geprek,Tangerang
GF-06878,Resto GrabMantap 6877,Martabak,Bogor
GF-06879,Resto GrabMantap 6878,Martabak,Bogor
GF-06880,Resto GrabMantap 6879,Fast Food,Bogor
GF-06881,Resto GrabMantap 6880,Seafood,Bogor
GF-06882,Resto GrabMantap 6881,Martabak,Medan
GF-06883,Resto GrabMantap 6882,Snacks,Medan
GF-06884,Resto GrabMantap 6883,Seafood,Surabaya
GF-06885,Resto GrabMantap 6884,Fast Food,Bandung
GF-06886,Resto GrabMantap 6885,Seafood,Bali
GF-06887,Resto GrabMantap 6886,Snacks,Bandung
GF-06888,Resto GrabMantap 6887,Martabak,Surabaya
GF-06889,Resto GrabMantap 6888,Fast Food,Bandung
GF-06890,Resto GrabMantap 6889,Beverages,Medan
GF-06891,Resto GrabMantap 6890,Snacks,Bali
GF-06892,Resto GrabMantap 6891,Snacks,Bali
GF-06893,Resto GrabMantap 6892,Snacks,Bogor
GF-06894,Resto GrabMantap 6893,Ayam Geprek,Bandung
GF-06895,Resto GrabMantap 6894,Martabak,Jakarta
GF-06896,Resto GrabMantap 6895,Martabak,Surabaya
GF-06897,Resto GrabMantap 6896,Fast Food,Surabaya
GF-06898,Resto GrabMantap 6897,Beverages,Bandung
GF-06899,Resto GrabMantap 6898,Seafood,Surabaya
GF-06900,Resto GrabMantap 6899,Snacks,Tangerang
GF-06901,Resto GrabMantap 6900,Seafood,Bandung
GF-06902,Resto GrabMantap 6901,Martabak,Bogor
GF-06903,Resto GrabMantap 6902,Beverages,Surabaya
GF-06904,Resto GrabMantap 6903,Snacks,Bekasi
GF-06905,Resto GrabMantap 6904,Ayam Geprek,Bogor
GF-06906,Resto GrabMantap 6905,Fast Food,Bogor
GF-06907,Resto GrabMantap 6906,Beverages,Tangerang
GF-06908,Resto GrabMantap 6907,Ayam Geprek,Jakarta
GF-06909,Resto GrabMantap 6908,Beverages,Bali
GF-06910,Resto GrabMantap 6909,Seafood,Medan
GF-06911,Resto GrabMantap 6910,Ayam Geprek,Bogor
GF-06912,Resto GrabMantap 6911,Ayam Geprek,Medan
GF-06913,Resto GrabMantap 6912,Ayam Geprek,Bandung
GF-06914,Resto GrabMantap 6913,Snacks,Depok
GF-06915,Resto GrabMantap 6914,Fast Food,Medan
GF-06916,Resto GrabMantap 6915,Beverages,Tangerang
GF-06917,Resto GrabMantap 6916,Snacks,Jakarta
GF-06918,Resto GrabMantap 6917,Snacks,Jakarta
GF-06919,Resto GrabMantap 6918,Snacks,Makassar
GF-06920,Resto GrabMantap 6919,Ayam Geprek,Depok
GF-06921,Resto GrabMantap 6920,Fast Food,Surabaya
GF-06922,Resto GrabMantap 6921,Beverages,Makassar
GF-06923,Resto GrabMantap 6922,Beverages,Jakarta
GF-06924,Resto GrabMantap 6923,Snacks,Bekasi
GF-06925,Resto GrabMantap 6924,Martabak,Medan
GF-06926,Resto GrabMantap 6925,Seafood,Surabaya
GF-06927,Resto GrabMantap 6926,Snacks,Depok
GF-06928,Resto GrabMantap 6927,Fast Food,Bekasi
GF-06929,Resto GrabMantap 6928,Ayam Geprek,Surabaya
GF-06930,Resto GrabMantap 6929,Ayam Geprek,Bogor
GF-06931,Resto GrabMantap 6930,Snacks,Bali
GF-06932,Resto GrabMantap 6931,Beverages,Makassar
GF-06933,Resto GrabMantap 6932,Fast Food,Surabaya
GF-06934,Resto GrabMantap 6933,Snacks,Surabaya
GF-06935,Resto GrabMantap 6934,Fast Food,Depok
GF-06936,Resto GrabMantap 6935,Fast Food,Makassar
GF-06937,Resto GrabMantap 6936,Fast Food,Medan
GF-06938,Resto GrabMantap 6937,Fast Food,Depok
GF-06939,Resto GrabMantap 6938,Martabak,Bogor
GF-06940,Resto GrabMantap 6939,Martabak,Bali
GF-06941,Resto GrabMantap 6940,Fast Food,Surabaya
GF-06942,Resto GrabMantap 6941,Seafood,Surabaya
GF-06943,Resto GrabMantap 6942,Beverages,Jakarta
GF-06944,Resto GrabMantap 6943,Snacks,Medan
GF-06945,Resto GrabMantap 6944,Martabak,Surabaya
GF-06946,Resto GrabMantap 6945,Seafood,Bekasi
GF-06947,Resto GrabMantap 6946,Snacks,Bali
GF-06948,Resto GrabMantap 6947,Snacks,Bandung
GF-06949,Resto GrabMantap 6948,Beverages,Bandung
GF-06950,Resto GrabMantap 6949,Ayam Geprek,Tangerang
GF-06951,Resto GrabMantap 6950,Fast Food,Depok
GF-06952,Resto GrabMantap 6951,Seafood,Bali
GF-06953,Resto GrabMantap 6952,Ayam Geprek,Tangerang
GF-06954,Resto GrabMantap 6953,Beverages,Makassar
GF-06955,Resto GrabMantap 6954,Ayam Geprek,Surabaya
GF-06956,Resto GrabMantap 6955,Ayam Geprek,Surabaya
GF-06957,Resto GrabMantap 6956,Seafood,Bogor
GF-06958,Resto GrabMantap 6957,Snacks,Bogor
GF-06959,Resto GrabMantap 6958,Fast Food,Surabaya
GF-06960,Resto GrabMantap 6959,Beverages,Bali
GF-06961,Resto GrabMantap 6960,Snacks,Bekasi
GF-06962,Resto GrabMantap 6961,Fast Food,Jakarta
GF-06963,Resto GrabMantap 6962,Fast Food,Bogor
GF-06964,Resto GrabMantap 6963,Snacks,Surabaya
GF-06965,Resto GrabMantap 6964,Snacks,Jakarta
GF-06966,Resto GrabMantap 6965,Snacks,Jakarta
GF-06967,Resto GrabMantap 6966,Martabak,Surabaya
GF-06968,Resto GrabMantap 6967,Fast Food,Medan
GF-06969,Resto GrabMantap 6968,Ayam Geprek,Bali
GF-06970,Resto GrabMantap 6969,Snacks,Medan
GF-06971,Resto GrabMantap 6970,Beverages,Tangerang
GF-06972,Resto GrabMantap 6971,Seafood,Bandung
GF-06973,Resto GrabMantap 6972,Seafood,Depok
GF-06974,Resto GrabMantap 6973,Snacks,Tangerang
GF-06975,Resto GrabMantap 6974,Seafood,Depok
GF-06976,Resto GrabMantap 6975,Beverages,Surabaya
GF-06977,Resto GrabMantap 6976,Beverages,Bogor
GF-06978,Resto GrabMantap 6977,Ayam Geprek,Bekasi
GF-06979,Resto GrabMantap 6978,Ayam Geprek,Bogor
GF-06980,Resto GrabMantap 6979,Fast Food,Jakarta
GF-06981,Resto GrabMantap 6980,Beverages,Tangerang
GF-06982,Resto GrabMantap 6981,Martabak,Depok
GF-06983,Resto GrabMantap 6982,Fast Food,Depok
GF-06984,Resto GrabMantap 6983,Snacks,Bekasi
GF-06985,Resto GrabMantap 6984,Ayam Geprek,Makassar
GF-06986,Resto GrabMantap 6985,Ayam Geprek,Jakarta
GF-06987,Resto GrabMantap 6986,Martabak,Bekasi
GF-06988,Resto GrabMantap 6987,Martabak,Tangerang
GF-06989,Resto GrabMantap 6988,Snacks,Bali
GF-06990,Resto GrabMantap 6989,Beverages,Medan
GF-06991,Resto GrabMantap 6990,Beverages,Surabaya
GF-06992,Resto GrabMantap 6991,Ayam Geprek,Bogor
GF-06993,Resto GrabMantap 6992,Ayam Geprek,Jakarta
GF-06994,Resto GrabMantap 6993,Ayam Geprek,Bali
GF-06995,Resto GrabMantap 6994,Fast Food,Makassar
GF-06996,Resto GrabMantap 6995,Martabak,Surabaya
GF-06997,Resto GrabMantap 6996,Snacks,Bekasi
GF-06998,Resto GrabMantap 6997,Snacks,Bekasi
GF-06999,Resto GrabMantap 6998,Beverages,Makassar
GF-07000,Resto GrabMantap 6999,Fast Food,Depok
GF-07001,Resto GrabMantap 7000,Martabak,Surabaya
GF-07002,Resto GrabMantap 7001,Snacks,Surabaya
GF-07003,Resto GrabMantap 7002,Fast Food,Bekasi
GF-07004,Resto GrabMantap 7003,Ayam Geprek,Jakarta
GF-07005,Resto GrabMantap 7004,Martabak,Medan
GF-07006,Resto GrabMantap 7005,Snacks,Bekasi
GF-07007,Resto GrabMantap 7006,Seafood,Bekasi
GF-07008,Resto GrabMantap 7007,Seafood,Surabaya
GF-07009,Resto GrabMantap 7008,Martabak,Makassar
GF-07010,Resto GrabMantap 7009,Beverages,Medan
GF-07011,Resto GrabMantap 7010,Martabak,Surabaya
GF-07012,Resto GrabMantap 7011,Beverages,Bekasi
GF-07013,Resto GrabMantap 7012,Martabak,Medan
GF-07014,Resto GrabMantap 7013,Beverages,Jakarta
GF-07015,Resto GrabMantap 7014,Snacks,Tangerang
GF-07016,Resto GrabMantap 7015,Snacks,Depok
GF-07017,Resto GrabMantap 7016,Ayam Geprek,Bogor
GF-07018,Resto GrabMantap 7017,Seafood,Depok
GF-07019,Resto GrabMantap 7018,Ayam Geprek,Bali
GF-07020,Resto GrabMantap 7019,Fast Food,Bandung
GF-07021,Resto GrabMantap 7020,Seafood,Makassar
GF-07022,Resto GrabMantap 7021,Snacks,Bekasi
GF-07023,Resto GrabMantap 7022,Beverages,Bekasi
GF-07024,Resto GrabMantap 7023,Beverages,Medan
GF-07025,Resto GrabMantap 7024,Beverages,Bogor
GF-07026,Resto GrabMantap 7025,Ayam Geprek,Depok
GF-07027,Resto GrabMantap 7026,Snacks,Bandung
GF-07028,Resto GrabMantap 7027,Beverages,Jakarta
GF-07029,Resto GrabMantap 7028,Seafood,Depok
GF-07030,Resto GrabMantap 7029,Seafood,Jakarta
GF-07031,Resto GrabMantap 7030,Martabak,Bogor
GF-07032,Resto GrabMantap 7031,Beverages,Bandung
GF-07033,Resto GrabMantap 7032,Seafood,Tangerang
GF-07034,Resto GrabMantap 7033,Martabak,Bali
GF-07035,Resto GrabMantap 7034,Beverages,Depok
GF-07036,Resto GrabMantap 7035,Fast Food,Depok
GF-07037,Resto GrabMantap 7036,Seafood,Jakarta
GF-07038,Resto GrabMantap 7037,Fast Food,Tangerang
GF-07039,Resto GrabMantap 7038,Beverages,Depok
GF-07040,Resto GrabMantap 7039,Beverages,Jakarta
GF-07041,Resto GrabMantap 7040,Snacks,Bandung
GF-07042,Resto GrabMantap 7041,Seafood,Bandung
GF-07043,Resto GrabMantap 7042,Beverages,Medan
GF-07044,Resto GrabMantap 7043,Fast Food,Tangerang
GF-07045,Resto GrabMantap 7044,Ayam Geprek,Bekasi
GF-07046,Resto GrabMantap 7045,Ayam Geprek,Bogor
GF-07047,Resto GrabMantap 7046,Beverages,Bogor
GF-07048,Resto GrabMantap 7047,Ayam Geprek,Jakarta
GF-07049,Resto GrabMantap 7048,Seafood,Bandung
GF-07050,Resto GrabMantap 7049,Fast Food,Bali
GF-07051,Resto GrabMantap 7050,Ayam Geprek,Surabaya
GF-07052,Resto GrabMantap 7051,Ayam Geprek,Tangerang
GF-07053,Resto GrabMantap 7052,Beverages,Depok
GF-07054,Resto GrabMantap 7053,Beverages,Bandung
GF-07055,Resto GrabMantap 7054,Martabak,Medan
GF-07056,Resto GrabMantap 7055,Beverages,Medan
GF-07057,Resto GrabMantap 7056,Snacks,Makassar
GF-07058,Resto GrabMantap 7057,Fast Food,Medan
GF-07059,Resto GrabMantap 7058,Beverages,Jakarta
GF-07060,Resto GrabMantap 7059,Martabak,Makassar
GF-07061,Resto GrabMantap 7060,Martabak,Makassar
GF-07062,Resto GrabMantap 7061,Martabak,Makassar
GF-07063,Resto GrabMantap 7062,Ayam Geprek,Bekasi
GF-07064,Resto GrabMantap 7063,Seafood,Bali
GF-07065,Resto GrabMantap 7064,Beverages,Jakarta
GF-07066,Resto GrabMantap 7065,Martabak,Bekasi
GF-07067,Resto GrabMantap 7066,Martabak,Jakarta
GF-07068,Resto GrabMantap 7067,Martabak,Bali
GF-07069,Resto GrabMantap 7068,Fast Food,Tangerang
GF-07070,Resto GrabMantap 7069,Snacks,Bekasi
GF-07071,Resto GrabMantap 7070,Martabak,Depok
GF-07072,Resto GrabMantap 7071,Fast Food,Bekasi
GF-07073,Resto GrabMantap 7072,Seafood,Medan
GF-07074,Resto GrabMantap 7073,Snacks,Surabaya
GF-07075,Resto GrabMantap 7074,Seafood,Makassar
GF-07076,Resto GrabMantap 7075,Fast Food,Bogor
GF-07077,Resto GrabMantap 7076,Martabak,Jakarta
GF-07078,Resto GrabMantap 7077,Seafood,Medan
GF-07079,Resto GrabMantap 7078,Beverages,Bandung
GF-07080,Resto GrabMantap 7079,Ayam Geprek,Makassar
GF-07081,Resto GrabMantap 7080,Beverages,Surabaya
GF-07082,Resto GrabMantap 7081,Martabak,Bali
GF-07083,Resto GrabMantap 7082,Seafood,Bandung
GF-07084,Resto GrabMantap 7083,Ayam Geprek,Makassar
GF-07085,Resto GrabMantap 7084,Snacks,Jakarta
GF-07086,Resto GrabMantap 7085,Seafood,Bogor
GF-07087,Resto GrabMantap 7086,Martabak,Surabaya
GF-07088,Resto GrabMantap 7087,Snacks,Bogor
GF-07089,Resto GrabMantap 7088,Seafood,Bali
GF-07090,Resto GrabMantap 7089,Seafood,Jakarta
GF-07091,Resto GrabMantap 7090,Seafood,Depok
GF-07092,Resto GrabMantap 7091,Seafood,Bekasi
GF-07093,Resto GrabMantap 7092,Martabak,Bogor
GF-07094,Resto GrabMantap 7093,Martabak,Bogor
GF-07095,Resto GrabMantap 7094,Snacks,Bogor
GF-07096,Resto GrabMantap 7095,Fast Food,Jakarta
GF-07097,Resto GrabMantap 7096,Ayam Geprek,Depok
GF-07098,Resto GrabMantap 7097,Seafood,Bogor
GF-07099,Resto GrabMantap 7098,Fast Food,Bali
GF-07100,Resto GrabMantap 7099,Fast Food,Bali
GF-07101,Resto GrabMantap 7100,Ayam Geprek,Jakarta
GF-07102,Resto GrabMantap 7101,Snacks,Bogor
GF-07103,Resto GrabMantap 7102,Fast Food,Bandung
GF-07104,Resto GrabMantap 7103,Martabak,Bekasi
GF-07105,Resto GrabMantap 7104,Beverages,Surabaya
GF-07106,Resto GrabMantap 7105,Martabak,Tangerang
GF-07107,Resto GrabMantap 7106,Snacks,Makassar
GF-07108,Resto GrabMantap 7107,Seafood,Jakarta
GF-07109,Resto GrabMantap 7108,Fast Food,Tangerang
GF-07110,Resto GrabMantap 7109,Beverages,Makassar
GF-07111,Resto GrabMantap 7110,Seafood,Medan
GF-07112,Resto GrabMantap 7111,Martabak,Bali
GF-07113,Resto GrabMantap 7112,Ayam Geprek,Jakarta
GF-07114,Resto GrabMantap 7113,Ayam Geprek,Jakarta
GF-07115,Resto GrabMantap 7114,Beverages,Bandung
GF-07116,Resto GrabMantap 7115,Ayam Geprek,Bekasi
GF-07117,Resto GrabMantap 7116,Seafood,Bali
GF-07118,Resto GrabMantap 7117,Fast Food,Bali
GF-07119,Resto GrabMantap 7118,Ayam Geprek,Medan
GF-07120,Resto GrabMantap 7119,Snacks,Makassar
GF-07121,Resto GrabMantap 7120,Martabak,Bandung
GF-07122,Resto GrabMantap 7121,Beverages,Bali
GF-07123,Resto GrabMantap 7122,Ayam Geprek,Medan
GF-07124,Resto GrabMantap 7123,Fast Food,Medan
GF-07125,Resto GrabMantap 7124,Martabak,Depok
GF-07126,Resto GrabMantap 7125,Beverages,Surabaya
GF-07127,Resto GrabMantap 7126,Seafood,Medan
GF-07128,Resto GrabMantap 7127,Martabak,Tangerang
GF-07129,Resto GrabMantap 7128,Ayam Geprek,Bali
GF-07130,Resto GrabMantap 7129,Seafood,Medan
GF-07131,Resto GrabMantap 7130,Snacks,Jakarta
GF-07132,Resto GrabMantap 7131,Seafood,Bogor
GF-07133,Resto GrabMantap 7132,Fast Food,Bogor
GF-07134,Resto GrabMantap 7133,Ayam Geprek,Medan
GF-07135,Resto GrabMantap 7134,Martabak,Medan
GF-07136,Resto GrabMantap 7135,Fast Food,Medan
GF-07137,Resto GrabMantap 7136,Martabak,Depok
GF-07138,Resto GrabMantap 7137,Ayam Geprek,Surabaya
GF-07139,Resto GrabMantap 7138,Seafood,Bekasi
GF-07140,Resto GrabMantap 7139,Ayam Geprek,Medan
GF-07141,Resto GrabMantap 7140,Ayam Geprek,Makassar
GF-07142,Resto GrabMantap 7141,Beverages,Bekasi
GF-07143,Resto GrabMantap 7142,Martabak,Depok
GF-07144,Resto GrabMantap 7143,Snacks,Depok
GF-07145,Resto GrabMantap 7144,Beverages,Medan
GF-07146,Resto GrabMantap 7145,Beverages,Tangerang
GF-07147,Resto GrabMantap 7146,Snacks,Bekasi
GF-07148,Resto GrabMantap 7147,Beverages,Surabaya
GF-07149,Resto GrabMantap 7148,Martabak,Bandung
GF-07150,Resto GrabMantap 7149,Seafood,Bandung
GF-07151,Resto GrabMantap 7150,Beverages,Jakarta
GF-07152,Resto GrabMantap 7151,Martabak,Bogor
GF-07153,Resto GrabMantap 7152,Beverages,Depok
GF-07154,Resto GrabMantap 7153,Seafood,Medan
GF-07155,Resto GrabMantap 7154,Ayam Geprek,Medan
GF-07156,Resto GrabMantap 7155,Snacks,Depok
GF-07157,Resto GrabMantap 7156,Fast Food,Bogor
GF-07158,Resto GrabMantap 7157,Beverages,Bogor
GF-07159,Resto GrabMantap 7158,Beverages,Jakarta
GF-07160,Resto GrabMantap 7159,Beverages,Tangerang
GF-07161,Resto GrabMantap 7160,Seafood,Jakarta
GF-07162,Resto GrabMantap 7161,Martabak,Depok
GF-07163,Resto GrabMantap 7162,Fast Food,Tangerang
GF-07164,Resto GrabMantap 7163,Martabak,Bali
GF-07165,Resto GrabMantap 7164,Fast Food,Bali
GF-07166,Resto GrabMantap 7165,Seafood,Tangerang
GF-07167,Resto GrabMantap 7166,Beverages,Tangerang
GF-07168,Resto GrabMantap 7167,Ayam Geprek,Makassar
GF-07169,Resto GrabMantap 7168,Martabak,Tangerang
GF-07170,Resto GrabMantap 7169,Ayam Geprek,Bekasi
GF-07171,Resto GrabMantap 7170,Snacks,Tangerang
GF-07172,Resto GrabMantap 7171,Fast Food,Bogor
GF-07173,Resto GrabMantap 7172,Martabak,Tangerang
GF-07174,Resto GrabMantap 7173,Snacks,Medan
GF-07175,Resto GrabMantap 7174,Fast Food,Bekasi
GF-07176,Resto GrabMantap 7175,Snacks,Jakarta
GF-07177,Resto GrabMantap 7176,Seafood,Tangerang
GF-07178,Resto GrabMantap 7177,Seafood,Surabaya
GF-07179,Resto GrabMantap 7178,Snacks,Medan
GF-07180,Resto GrabMantap 7179,Martabak,Medan
GF-07181,Resto GrabMantap 7180,Ayam Geprek,Depok
GF-07182,Resto GrabMantap 7181,Martabak,Jakarta
GF-07183,Resto GrabMantap 7182,Snacks,Depok
GF-07184,Resto GrabMantap 7183,Fast Food,Bandung
GF-07185,Resto GrabMantap 7184,Martabak,Bekasi
GF-07186,Resto GrabMantap 7185,Beverages,Bandung
GF-07187,Resto GrabMantap 7186,Seafood,Bali
GF-07188,Resto GrabMantap 7187,Fast Food,Surabaya
GF-07189,Resto GrabMantap 7188,Fast Food,Surabaya
GF-07190,Resto GrabMantap 7189,Seafood,Bogor
GF-07191,Resto GrabMantap 7190,Ayam Geprek,Makassar
GF-07192,Resto GrabMantap 7191,Ayam Geprek,Bogor
GF-07193,Resto GrabMantap 7192,Seafood,Bandung
GF-07194,Resto GrabMantap 7193,Beverages,Jakarta
GF-07195,Resto GrabMantap 7194,Seafood,Jakarta
GF-07196,Resto GrabMantap 7195,Seafood,Bekasi
GF-07197,Resto GrabMantap 7196,Martabak,Medan
GF-07198,Resto GrabMantap 7197,Snacks,Makassar
GF-07199,Resto GrabMantap 7198,Snacks,Bali
GF-07200,Resto GrabMantap 7199,Snacks,Bogor
GF-07201,Resto GrabMantap 7200,Fast Food,Bekasi
GF-07202,Resto GrabMantap 7201,Fast Food,Medan
GF-07203,Resto GrabMantap 7202,Martabak,Bali
GF-07204,Resto GrabMantap 7203,Fast Food,Surabaya
GF-07205,Resto GrabMantap 7204,Beverages,Bogor
GF-07206,Resto GrabMantap 7205,Fast Food,Bekasi
GF-07207,Resto GrabMantap 7206,Snacks,Jakarta
GF-07208,Resto GrabMantap 7207,Martabak,Depok
GF-07209,Resto GrabMantap 7208,Snacks,Medan
GF-07210,Resto GrabMantap 7209,Seafood,Bandung
GF-07211,Resto GrabMantap 7210,Martabak,Medan
GF-07212,Resto GrabMantap 7211,Ayam Geprek,Surabaya
GF-07213,Resto GrabMantap 7212,Beverages,Tangerang
GF-07214,Resto GrabMantap 7213,Snacks,Bandung
GF-07215,Resto GrabMantap 7214,Snacks,Jakarta
GF-07216,Resto GrabMantap 7215,Snacks,Jakarta
GF-07217,Resto GrabMantap 7216,Fast Food,Bali
GF-07218,Resto GrabMantap 7217,Ayam Geprek,Tangerang
GF-07219,Resto GrabMantap 7218,Snacks,Tangerang
GF-07220,Resto GrabMantap 7219,Ayam Geprek,Makassar
GF-07221,Resto GrabMantap 7220,Seafood,Depok
GF-07222,Resto GrabMantap 7221,Ayam Geprek,Jakarta
GF-07223,Resto GrabMantap 7222,Fast Food,Makassar
GF-07224,Resto GrabMantap 7223,Fast Food,Surabaya
GF-07225,Resto GrabMantap 7224,Seafood,Jakarta
GF-07226,Resto GrabMantap 7225,Ayam Geprek,Depok
GF-07227,Resto GrabMantap 7226,Beverages,Jakarta
GF-07228,Resto GrabMantap 7227,Martabak,Depok
GF-07229,Resto GrabMantap 7228,Martabak,Bali
GF-07230,Resto GrabMantap 7229,Martabak,Surabaya
GF-07231,Resto GrabMantap 7230,Snacks,Depok
GF-07232,Resto GrabMantap 7231,Snacks,Bandung
GF-07233,Resto GrabMantap 7232,Ayam Geprek,Bekasi
GF-07234,Resto GrabMantap 7233,Ayam Geprek,Bogor
GF-07235,Resto GrabMantap 7234,Seafood,Surabaya
GF-07236,Resto GrabMantap 7235,Fast Food,Jakarta
GF-07237,Resto GrabMantap 7236,Seafood,Medan
GF-07238,Resto GrabMantap 7237,Fast Food,Depok
GF-07239,Resto GrabMantap 7238,Seafood,Jakarta
GF-07240,Resto GrabMantap 7239,Beverages,Bogor
GF-07241,Resto GrabMantap 7240,Snacks,Tangerang
GF-07242,Resto GrabMantap 7241,Snacks,Makassar
GF-07243,Resto GrabMantap 7242,Seafood,Jakarta
GF-07244,Resto GrabMantap 7243,Snacks,Surabaya
GF-07245,Resto GrabMantap 7244,Seafood,Bali
GF-07246,Resto GrabMantap 7245,Beverages,Medan
GF-07247,Resto GrabMantap 7246,Ayam Geprek,Tangerang
GF-07248,Resto GrabMantap 7247,Martabak,Medan
GF-07249,Resto GrabMantap 7248,Martabak,Tangerang
GF-07250,Resto GrabMantap 7249,Seafood,Tangerang
GF-07251,Resto GrabMantap 7250,Seafood,Bandung
GF-07252,Resto GrabMantap 7251,Ayam Geprek,Tangerang
GF-07253,Resto GrabMantap 7252,Ayam Geprek,Makassar
GF-07254,Resto GrabMantap 7253,Snacks,Jakarta
GF-07255,Resto GrabMantap 7254,Seafood,Bali
GF-07256,Resto GrabMantap 7255,Fast Food,Jakarta
GF-07257,Resto GrabMantap 7256,Seafood,Bogor
GF-07258,Resto GrabMantap 7257,Snacks,Bali
GF-07259,Resto GrabMantap 7258,Martabak,Medan
GF-07260,Resto GrabMantap 7259,Ayam Geprek,Bandung
GF-07261,Resto GrabMantap 7260,Seafood,Bogor
GF-07262,Resto GrabMantap 7261,Beverages,Tangerang
GF-07263,Resto GrabMantap 7262,Martabak,Makassar
GF-07264,Resto GrabMantap 7263,Martabak,Bekasi
GF-07265,Resto GrabMantap 7264,Ayam Geprek,Makassar
GF-07266,Resto GrabMantap 7265,Beverages,Bekasi
GF-07267,Resto GrabMantap 7266,Seafood,Medan
GF-07268,Resto GrabMantap 7267,Beverages,Bogor
GF-07269,Resto GrabMantap 7268,Seafood,Bogor
GF-07270,Resto GrabMantap 7269,Fast Food,Bali
GF-07271,Resto GrabMantap 7270,Ayam Geprek,Bogor
GF-07272,Resto GrabMantap 7271,Martabak,Bogor
GF-07273,Resto GrabMantap 7272,Beverages,Depok
GF-07274,Resto GrabMantap 7273,Ayam Geprek,Surabaya
GF-07275,Resto GrabMantap 7274,Ayam Geprek,Surabaya
GF-07276,Resto GrabMantap 7275,Fast Food,Bekasi
GF-07277,Resto GrabMantap 7276,Snacks,Medan
GF-07278,Resto GrabMantap 7277,Seafood,Bogor
GF-07279,Resto GrabMantap 7278,Ayam Geprek,Surabaya
GF-07280,Resto GrabMantap 7279,Seafood,Makassar
GF-07281,Resto GrabMantap 7280,Fast Food,Bandung
GF-07282,Resto GrabMantap 7281,Ayam Geprek,Bogor
GF-07283,Resto GrabMantap 7282,Snacks,Jakarta
GF-07284,Resto GrabMantap 7283,Seafood,Makassar
GF-07285,Resto GrabMantap 7284,Ayam Geprek,Surabaya
GF-07286,Resto GrabMantap 7285,Fast Food,Jakarta
GF-07287,Resto GrabMantap 7286,Fast Food,Surabaya
GF-07288,Resto GrabMantap 7287,Seafood,Bekasi
GF-07289,Resto GrabMantap 7288,Seafood,Surabaya
GF-07290,Resto GrabMantap 7289,Seafood,Tangerang
GF-07291,Resto GrabMantap 7290,Seafood,Depok
GF-07292,Resto GrabMantap 7291,Seafood,Depok
GF-07293,Resto GrabMantap 7292,Martabak,Bekasi
GF-07294,Resto GrabMantap 7293,Fast Food,Makassar
GF-07295,Resto GrabMantap 7294,Martabak,Bogor
GF-07296,Resto GrabMantap 7295,Snacks,Bogor
GF-07297,Resto GrabMantap 7296,Snacks,Bekasi
GF-07298,Resto GrabMantap 7297,Snacks,Bali
GF-07299,Resto GrabMantap 7298,Martabak,Surabaya
GF-07300,Resto GrabMantap 7299,Seafood,Makassar
GF-07301,Resto GrabMantap 7300,Seafood,Surabaya
GF-07302,Resto GrabMantap 7301,Martabak,Bekasi
GF-07303,Resto GrabMantap 7302,Fast Food,Bekasi
GF-07304,Resto GrabMantap 7303,Snacks,Makassar
GF-07305,Resto GrabMantap 7304,Beverages,Bandung
GF-07306,Resto GrabMantap 7305,Ayam Geprek,Bali
GF-07307,Resto GrabMantap 7306,Fast Food,Medan
GF-07308,Resto GrabMantap 7307,Beverages,Bekasi
GF-07309,Resto GrabMantap 7308,Seafood,Makassar
GF-07310,Resto GrabMantap 7309,Beverages,Makassar
GF-07311,Resto GrabMantap 7310,Snacks,Bali
GF-07312,Resto GrabMantap 7311,Snacks,Bali
GF-07313,Resto GrabMantap 7312,Martabak,Bali
GF-07314,Resto GrabMantap 7313,Fast Food,Jakarta
GF-07315,Resto GrabMantap 7314,Ayam Geprek,Bali
GF-07316,Resto GrabMantap 7315,Fast Food,Tangerang
GF-07317,Resto GrabMantap 7316,Martabak,Bekasi
GF-07318,Resto GrabMantap 7317,Snacks,Depok
GF-07319,Resto GrabMantap 7318,Beverages,Bali
GF-07320,Resto GrabMantap 7319,Martabak,Medan
GF-07321,Resto GrabMantap 7320,Beverages,Bandung
GF-07322,Resto GrabMantap 7321,Snacks,Bogor
GF-07323,Resto GrabMantap 7322,Fast Food,Surabaya
GF-07324,Resto GrabMantap 7323,Snacks,Bogor
GF-07325,Resto GrabMantap 7324,Snacks,Surabaya
GF-07326,Resto GrabMantap 7325,Fast Food,Medan
GF-07327,Resto GrabMantap 7326,Snacks,Depok
GF-07328,Resto GrabMantap 7327,Snacks,Bali
GF-07329,Resto GrabMantap 7328,Ayam Geprek,Bekasi
GF-07330,Resto GrabMantap 7329,Ayam Geprek,Bandung
GF-07331,Resto GrabMantap 7330,Martabak,Makassar
GF-07332,Resto GrabMantap 7331,Ayam Geprek,Depok
GF-07333,Resto GrabMantap 7332,Beverages,Medan
GF-07334,Resto GrabMantap 7333,Fast Food,Bogor
GF-07335,Resto GrabMantap 7334,Seafood,Bali
GF-07336,Resto GrabMantap 7335,Fast Food,Bali
GF-07337,Resto GrabMantap 7336,Seafood,Bandung
GF-07338,Resto GrabMantap 7337,Martabak,Bandung
GF-07339,Resto GrabMantap 7338,Snacks,Jakarta
GF-07340,Resto GrabMantap 7339,Snacks,Bekasi
GF-07341,Resto GrabMantap 7340,Snacks,Jakarta
GF-07342,Resto GrabMantap 7341,Fast Food,Bali
GF-07343,Resto GrabMantap 7342,Beverages,Bogor
GF-07344,Resto GrabMantap 7343,Snacks,Bogor
GF-07345,Resto GrabMantap 7344,Martabak,Tangerang
GF-07346,Resto GrabMantap 7345,Seafood,Bogor
GF-07347,Resto GrabMantap 7346,Fast Food,Bandung
GF-07348,Resto GrabMantap 7347,Snacks,Tangerang
GF-07349,Resto GrabMantap 7348,Martabak,Bali
GF-07350,Resto GrabMantap 7349,Ayam Geprek,Tangerang
GF-07351,Resto GrabMantap 7350,Snacks,Makassar
GF-07352,Resto GrabMantap 7351,Fast Food,Bekasi
GF-07353,Resto GrabMantap 7352,Beverages,Bandung
GF-07354,Resto GrabMantap 7353,Snacks,Depok
GF-07355,Resto GrabMantap 7354,Fast Food,Surabaya
GF-07356,Resto GrabMantap 7355,Ayam Geprek,Medan
GF-07357,Resto GrabMantap 7356,Seafood,Bandung
GF-07358,Resto GrabMantap 7357,Seafood,Bandung
GF-07359,Resto GrabMantap 7358,Ayam Geprek,Medan
GF-07360,Resto GrabMantap 7359,Snacks,Depok
GF-07361,Resto GrabMantap 7360,Ayam Geprek,Depok
GF-07362,Resto GrabMantap 7361,Beverages,Bali
GF-07363,Resto GrabMantap 7362,Beverages,Makassar
GF-07364,Resto GrabMantap 7363,Seafood,Bandung
GF-07365,Resto GrabMantap 7364,Fast Food,Bandung
GF-07366,Resto GrabMantap 7365,Ayam Geprek,Bandung
GF-07367,Resto GrabMantap 7366,Seafood,Depok
GF-07368,Resto GrabMantap 7367,Beverages,Jakarta
GF-07369,Resto GrabMantap 7368,Seafood,Medan
GF-07370,Resto GrabMantap 7369,Fast Food,Jakarta
GF-07371,Resto GrabMantap 7370,Seafood,Depok
GF-07372,Resto GrabMantap 7371,Ayam Geprek,Depok
GF-07373,Resto GrabMantap 7372,Ayam Geprek,Jakarta
GF-07374,Resto GrabMantap 7373,Beverages,Depok
GF-07375,Resto GrabMantap 7374,Ayam Geprek,Tangerang
GF-07376,Resto GrabMantap 7375,Snacks,Tangerang
GF-07377,Resto GrabMantap 7376,Ayam Geprek,Bandung
GF-07378,Resto GrabMantap 7377,Seafood,Surabaya
GF-07379,Resto GrabMantap 7378,Snacks,Bogor
GF-07380,Resto GrabMantap 7379,Ayam Geprek,Medan
GF-07381,Resto GrabMantap 7380,Ayam Geprek,Medan
GF-07382,Resto GrabMantap 7381,Snacks,Medan
GF-07383,Resto GrabMantap 7382,Seafood,Tangerang
GF-07384,Resto GrabMantap 7383,Fast Food,Surabaya
GF-07385,Resto GrabMantap 7384,Snacks,Makassar
GF-07386,Resto GrabMantap 7385,Seafood,Tangerang
GF-07387,Resto GrabMantap 7386,Ayam Geprek,Bali
GF-07388,Resto GrabMantap 7387,Beverages,Tangerang
GF-07389,Resto GrabMantap 7388,Seafood,Tangerang
GF-07390,Resto GrabMantap 7389,Snacks,Makassar
GF-07391,Resto GrabMantap 7390,Fast Food,Bali
GF-07392,Resto GrabMantap 7391,Fast Food,Depok
GF-07393,Resto GrabMantap 7392,Martabak,Surabaya
GF-07394,Resto GrabMantap 7393,Snacks,Tangerang
GF-07395,Resto GrabMantap 7394,Beverages,Tangerang
GF-07396,Resto GrabMantap 7395,Ayam Geprek,Makassar
GF-07397,Resto GrabMantap 7396,Fast Food,Medan
GF-07398,Resto GrabMantap 7397,Martabak,Tangerang
GF-07399,Resto GrabMantap 7398,Ayam Geprek,Depok
GF-07400,Resto GrabMantap 7399,Beverages,Bali
GF-07401,Resto GrabMantap 7400,Snacks,Bandung
GF-07402,Resto GrabMantap 7401,Ayam Geprek,Depok
GF-07403,Resto GrabMantap 7402,Seafood,Bogor
GF-07404,Resto GrabMantap 7403,Snacks,Bogor
GF-07405,Resto GrabMantap 7404,Beverages,Bandung
GF-07406,Resto GrabMantap 7405,Beverages,Bandung
GF-07407,Resto GrabMantap 7406,Martabak,Depok
GF-07408,Resto GrabMantap 7407,Beverages,Depok
GF-07409,Resto GrabMantap 7408,Fast Food,Bogor
GF-07410,Resto GrabMantap 7409,Beverages,Depok
GF-07411,Resto GrabMantap 7410,Ayam Geprek,Bogor
GF-07412,Resto GrabMantap 7411,Seafood,Bandung
GF-07413,Resto GrabMantap 7412,Beverages,Makassar
GF-07414,Resto GrabMantap 7413,Fast Food,Surabaya
GF-07415,Resto GrabMantap 7414,Fast Food,Medan
GF-07416,Resto GrabMantap 7415,Snacks,Surabaya
GF-07417,Resto GrabMantap 7416,Beverages,Tangerang
GF-07418,Resto GrabMantap 7417,Seafood,Tangerang
GF-07419,Resto GrabMantap 7418,Snacks,Bogor
GF-07420,Resto GrabMantap 7419,Seafood,Surabaya
GF-07421,Resto GrabMantap 7420,Snacks,Medan
GF-07422,Resto GrabMantap 7421,Snacks,Jakarta
GF-07423,Resto GrabMantap 7422,Beverages,Surabaya
GF-07424,Resto GrabMantap 7423,Martabak,Bandung
GF-07425,Resto GrabMantap 7424,Snacks,Bogor
GF-07426,Resto GrabMantap 7425,Ayam Geprek,Depok
GF-07427,Resto GrabMantap 7426,Beverages,Makassar
GF-07428,Resto GrabMantap 7427,Seafood,Depok
GF-07429,Resto GrabMantap 7428,Snacks,Bekasi
GF-07430,Resto GrabMantap 7429,Snacks,Bali
GF-07431,Resto GrabMantap 7430,Beverages,Bali
GF-07432,Resto GrabMantap 7431,Martabak,Jakarta
GF-07433,Resto GrabMantap 7432,Beverages,Bogor
GF-07434,Resto GrabMantap 7433,Ayam Geprek,Bekasi
GF-07435,Resto GrabMantap 7434,Fast Food,Bandung
GF-07436,Resto GrabMantap 7435,Snacks,Depok
GF-07437,Resto GrabMantap 7436,Beverages,Bandung
GF-07438,Resto GrabMantap 7437,Beverages,Bali
GF-07439,Resto GrabMantap 7438,Beverages,Tangerang
GF-07440,Resto GrabMantap 7439,Fast Food,Medan
GF-07441,Resto GrabMantap 7440,Seafood,Makassar
GF-07442,Resto GrabMantap 7441,Martabak,Medan
GF-07443,Resto GrabMantap 7442,Martabak,Bali
GF-07444,Resto GrabMantap 7443,Fast Food,Bekasi
GF-07445,Resto GrabMantap 7444,Martabak,Bali
GF-07446,Resto GrabMantap 7445,Fast Food,Jakarta
GF-07447,Resto GrabMantap 7446,Seafood,Depok
GF-07448,Resto GrabMantap 7447,Seafood,Bali
GF-07449,Resto GrabMantap 7448,Snacks,Bandung
GF-07450,Resto GrabMantap 7449,Seafood,Bali
GF-07451,Resto GrabMantap 7450,Seafood,Bekasi
GF-07452,Resto GrabMantap 7451,Seafood,Bekasi
GF-07453,Resto GrabMantap 7452,Seafood,Jakarta
GF-07454,Resto GrabMantap 7453,Fast Food,Bali
GF-07455,Resto GrabMantap 7454,Martabak,Bekasi
GF-07456,Resto GrabMantap 7455,Seafood,Depok
GF-07457,Resto GrabMantap 7456,Martabak,Surabaya
GF-07458,Resto GrabMantap 7457,Beverages,Jakarta
GF-07459,Resto GrabMantap 7458,Martabak,Depok
GF-07460,Resto GrabMantap 7459,Martabak,Medan
GF-07461,Resto GrabMantap 7460,Fast Food,Jakarta
GF-07462,Resto GrabMantap 7461,Ayam Geprek,Bogor
GF-07463,Resto GrabMantap 7462,Fast Food,Makassar
GF-07464,Resto GrabMantap 7463,Martabak,Bogor
GF-07465,Resto GrabMantap 7464,Beverages,Bali
GF-07466,Resto GrabMantap 7465,Beverages,Jakarta
GF-07467,Resto GrabMantap 7466,Snacks,Bandung
GF-07468,Resto GrabMantap 7467,Ayam Geprek,Bandung
GF-07469,Resto GrabMantap 7468,Seafood,Depok
GF-07470,Resto GrabMantap 7469,Snacks,Bogor
GF-07471,Resto GrabMantap 7470,Snacks,Bandung
GF-07472,Resto GrabMantap 7471,Martabak,Bogor
GF-07473,Resto GrabMantap 7472,Beverages,Makassar
GF-07474,Resto GrabMantap 7473,Seafood,Jakarta
GF-07475,Resto GrabMantap 7474,Ayam Geprek,Medan
GF-07476,Resto GrabMantap 7475,Snacks,Jakarta
GF-07477,Resto GrabMantap 7476,Seafood,Bogor
GF-07478,Resto GrabMantap 7477,Beverages,Bali
GF-07479,Resto GrabMantap 7478,Ayam Geprek,Makassar
GF-07480,Resto GrabMantap 7479,Beverages,Depok
GF-07481,Resto GrabMantap 7480,Ayam Geprek,Jakarta
GF-07482,Resto GrabMantap 7481,Seafood,Bekasi
GF-07483,Resto GrabMantap 7482,Snacks,Bali
GF-07484,Resto GrabMantap 7483,Seafood,Bogor
GF-07485,Resto GrabMantap 7484,Martabak,Bali
GF-07486,Resto GrabMantap 7485,Seafood,Makassar
GF-07487,Resto GrabMantap 7486,Ayam Geprek,Depok
GF-07488,Resto GrabMantap 7487,Fast Food,Surabaya
GF-07489,Resto GrabMantap 7488,Snacks,Medan
GF-07490,Resto GrabMantap 7489,Ayam Geprek,Bekasi
GF-07491,Resto GrabMantap 7490,Snacks,Depok
GF-07492,Resto GrabMantap 7491,Seafood,Bandung
GF-07493,Resto GrabMantap 7492,Fast Food,Jakarta
GF-07494,Resto GrabMantap 7493,Martabak,Makassar
GF-07495,Resto GrabMantap 7494,Beverages,Tangerang
GF-07496,Resto GrabMantap 7495,Martabak,Makassar
GF-07497,Resto GrabMantap 7496,Ayam Geprek,Bekasi
GF-07498,Resto GrabMantap 7497,Fast Food,Jakarta
GF-07499,Resto GrabMantap 7498,Seafood,Bali
GF-07500,Resto GrabMantap 7499,Fast Food,Depok
GF-07501,Resto GrabMantap 7500,Fast Food,Makassar
GF-07502,Resto GrabMantap 7501,Seafood,Medan
GF-07503,Resto GrabMantap 7502,Beverages,Bekasi
GF-07504,Resto GrabMantap 7503,Snacks,Bekasi
GF-07505,Resto GrabMantap 7504,Seafood,Surabaya
GF-07506,Resto GrabMantap 7505,Beverages,Jakarta
GF-07507,Resto GrabMantap 7506,Seafood,Tangerang
GF-07508,Resto GrabMantap 7507,Fast Food,Jakarta
GF-07509,Resto GrabMantap 7508,Seafood,Tangerang
GF-07510,Resto GrabMantap 7509,Beverages,Bekasi
GF-07511,Resto GrabMantap 7510,Martabak,Makassar
GF-07512,Resto GrabMantap 7511,Ayam Geprek,Tangerang
GF-07513,Resto GrabMantap 7512,Seafood,Bogor
GF-07514,Resto GrabMantap 7513,Martabak,Bali
GF-07515,Resto GrabMantap 7514,Fast Food,Medan
GF-07516,Resto GrabMantap 7515,Fast Food,Bali
GF-07517,Resto GrabMantap 7516,Fast Food,Bali
GF-07518,Resto GrabMantap 7517,Martabak,Jakarta
GF-07519,Resto GrabMantap 7518,Fast Food,Bogor
GF-07520,Resto GrabMantap 7519,Fast Food,Depok
GF-07521,Resto GrabMantap 7520,Beverages,Bali
GF-07522,Resto GrabMantap 7521,Fast Food,Tangerang
GF-07523,Resto GrabMantap 7522,Fast Food,Bali
GF-07524,Resto GrabMantap 7523,Snacks,Depok
GF-07525,Resto GrabMantap 7524,Ayam Geprek,Bekasi
GF-07526,Resto GrabMantap 7525,Snacks,Tangerang
GF-07527,Resto GrabMantap 7526,Snacks,Surabaya
GF-07528,Resto GrabMantap 7527,Beverages,Bandung
GF-07529,Resto GrabMantap 7528,Seafood,Makassar
GF-07530,Resto GrabMantap 7529,Martabak,Medan
GF-07531,Resto GrabMantap 7530,Seafood,Bali
GF-07532,Resto GrabMantap 7531,Martabak,Surabaya
GF-07533,Resto GrabMantap 7532,Snacks,Depok
GF-07534,Resto GrabMantap 7533,Seafood,Bali
GF-07535,Resto GrabMantap 7534,Beverages,Bali
GF-07536,Resto GrabMantap 7535,Beverages,Tangerang
GF-07537,Resto GrabMantap 7536,Ayam Geprek,Surabaya
GF-07538,Resto GrabMantap 7537,Martabak,Surabaya
GF-07539,Resto GrabMantap 7538,Martabak,Surabaya
GF-07540,Resto GrabMantap 7539,Martabak,Jakarta
GF-07541,Resto GrabMantap 7540,Fast Food,Bekasi
GF-07542,Resto GrabMantap 7541,Martabak,Tangerang
GF-07543,Resto GrabMantap 7542,Seafood,Jakarta
GF-07544,Resto GrabMantap 7543,Fast Food,Bogor
GF-07545,Resto GrabMantap 7544,Snacks,Medan
GF-07546,Resto GrabMantap 7545,Beverages,Jakarta
GF-07547,Resto GrabMantap 7546,Fast Food,Depok
GF-07548,Resto GrabMantap 7547,Beverages,Bogor
GF-07549,Resto GrabMantap 7548,Ayam Geprek,Depok
GF-07550,Resto GrabMantap 7549,Fast Food,Surabaya
GF-07551,Resto GrabMantap 7550,Ayam Geprek,Surabaya
GF-07552,Resto GrabMantap 7551,Beverages,Bogor
GF-07553,Resto GrabMantap 7552,Snacks,Bandung
GF-07554,Resto GrabMantap 7553,Snacks,Makassar
GF-07555,Resto GrabMantap 7554,Ayam Geprek,Depok
GF-07556,Resto GrabMantap 7555,Fast Food,Tangerang
GF-07557,Resto GrabMantap 7556,Martabak,Bandung
GF-07558,Resto GrabMantap 7557,Seafood,Bogor
GF-07559,Resto GrabMantap 7558,Snacks,Tangerang
GF-07560,Resto GrabMantap 7559,Snacks,Bandung
GF-07561,Resto GrabMantap 7560,Snacks,Tangerang
GF-07562,Resto GrabMantap 7561,Snacks,Bali
GF-07563,Resto GrabMantap 7562,Beverages,Jakarta
GF-07564,Resto GrabMantap 7563,Martabak,Bandung
GF-07565,Resto GrabMantap 7564,Ayam Geprek,Depok
GF-07566,Resto GrabMantap 7565,Seafood,Jakarta
GF-07567,Resto GrabMantap 7566,Seafood,Tangerang
GF-07568,Resto GrabMantap 7567,Snacks,Medan
GF-07569,Resto GrabMantap 7568,Snacks,Jakarta
GF-07570,Resto GrabMantap 7569,Fast Food,Surabaya
GF-07571,Resto GrabMantap 7570,Beverages,Surabaya
GF-07572,Resto GrabMantap 7571,Snacks,Surabaya
GF-07573,Resto GrabMantap 7572,Fast Food,Bekasi
GF-07574,Resto GrabMantap 7573,Martabak,Bandung
GF-07575,Resto GrabMantap 7574,Ayam Geprek,Jakarta
GF-07576,Resto GrabMantap 7575,Beverages,Surabaya
GF-07577,Resto GrabMantap 7576,Beverages,Bali
GF-07578,Resto GrabMantap 7577,Fast Food,Surabaya
GF-07579,Resto GrabMantap 7578,Snacks,Medan
GF-07580,Resto GrabMantap 7579,Beverages,Jakarta
GF-07581,Resto GrabMantap 7580,Seafood,Medan
GF-07582,Resto GrabMantap 7581,Martabak,Depok
GF-07583,Resto GrabMantap 7582,Beverages,Depok
GF-07584,Resto GrabMantap 7583,Snacks,Tangerang
GF-07585,Resto GrabMantap 7584,Snacks,Depok
GF-07586,Resto GrabMantap 7585,Snacks,Bali
GF-07587,Resto GrabMantap 7586,Seafood,Bogor
GF-07588,Resto GrabMantap 7587,Seafood,Bogor
GF-07589,Resto GrabMantap 7588,Beverages,Depok
GF-07590,Resto GrabMantap 7589,Beverages,Tangerang
GF-07591,Resto GrabMantap 7590,Snacks,Makassar
GF-07592,Resto GrabMantap 7591,Seafood,Depok
GF-07593,Resto GrabMantap 7592,Martabak,Bogor
GF-07594,Resto GrabMantap 7593,Beverages,Bali
GF-07595,Resto GrabMantap 7594,Beverages,Bandung
GF-07596,Resto GrabMantap 7595,Ayam Geprek,Surabaya
GF-07597,Resto GrabMantap 7596,Ayam Geprek,Surabaya
GF-07598,Resto GrabMantap 7597,Beverages,Medan
GF-07599,Resto GrabMantap 7598,Snacks,Bali
GF-07600,Resto GrabMantap 7599,Martabak,Tangerang
GF-07601,Resto GrabMantap 7600,Ayam Geprek,Makassar
GF-07602,Resto GrabMantap 7601,Snacks,Makassar
GF-07603,Resto GrabMantap 7602,Ayam Geprek,Jakarta
GF-07604,Resto GrabMantap 7603,Seafood,Jakarta
GF-07605,Resto GrabMantap 7604,Snacks,Bogor
GF-07606,Resto GrabMantap 7605,Snacks,Medan
GF-07607,Resto GrabMantap 7606,Snacks,Surabaya
GF-07608,Resto GrabMantap 7607,Beverages,Bekasi
GF-07609,Resto GrabMantap 7608,Ayam Geprek,Medan
GF-07610,Resto GrabMantap 7609,Beverages,Depok
GF-07611,Resto GrabMantap 7610,Ayam Geprek,Makassar
GF-07612,Resto GrabMantap 7611,Snacks,Tangerang
GF-07613,Resto GrabMantap 7612,Martabak,Jakarta
GF-07614,Resto GrabMantap 7613,Beverages,Tangerang
GF-07615,Resto GrabMantap 7614,Seafood,Bekasi
GF-07616,Resto GrabMantap 7615,Beverages,Surabaya
GF-07617,Resto GrabMantap 7616,Martabak,Makassar
GF-07618,Resto GrabMantap 7617,Ayam Geprek,Makassar
GF-07619,Resto GrabMantap 7618,Seafood,Bekasi
GF-07620,Resto GrabMantap 7619,Seafood,Jakarta
GF-07621,Resto GrabMantap 7620,Martabak,Medan
GF-07622,Resto GrabMantap 7621,Ayam Geprek,Bekasi
GF-07623,Resto GrabMantap 7622,Beverages,Depok
GF-07624,Resto GrabMantap 7623,Fast Food,Depok
GF-07625,Resto GrabMantap 7624,Martabak,Jakarta
GF-07626,Resto GrabMantap 7625,Beverages,Bekasi
GF-07627,Resto GrabMantap 7626,Ayam Geprek,Medan
GF-07628,Resto GrabMantap 7627,Beverages,Bekasi
GF-07629,Resto GrabMantap 7628,Fast Food,Bogor
GF-07630,Resto GrabMantap 7629,Beverages,Bali
GF-07631,Resto GrabMantap 7630,Beverages,Tangerang
GF-07632,Resto GrabMantap 7631,Snacks,Tangerang
GF-07633,Resto GrabMantap 7632,Fast Food,Bogor
GF-07634,Resto GrabMantap 7633,Fast Food,Bali
GF-07635,Resto GrabMantap 7634,Fast Food,Tangerang
GF-07636,Resto GrabMantap 7635,Snacks,Bekasi
GF-07637,Resto GrabMantap 7636,Ayam Geprek,Bali
GF-07638,Resto GrabMantap 7637,Snacks,Surabaya
GF-07639,Resto GrabMantap 7638,Martabak,Bali
GF-07640,Resto GrabMantap 7639,Fast Food,Bogor
GF-07641,Resto GrabMantap 7640,Fast Food,Tangerang
GF-07642,Resto GrabMantap 7641,Snacks,Surabaya
GF-07643,Resto GrabMantap 7642,Martabak,Medan
GF-07644,Resto GrabMantap 7643,Martabak,Bekasi
GF-07645,Resto GrabMantap 7644,Beverages,Bandung
GF-07646,Resto GrabMantap 7645,Snacks,Bekasi
GF-07647,Resto GrabMantap 7646,Beverages,Surabaya
GF-07648,Resto GrabMantap 7647,Beverages,Bali
GF-07649,Resto GrabMantap 7648,Beverages,Bandung
GF-07650,Resto GrabMantap 7649,Snacks,Depok
GF-07651,Resto GrabMantap 7650,Seafood,Bekasi
GF-07652,Resto GrabMantap 7651,Fast Food,Medan
GF-07653,Resto GrabMantap 7652,Seafood,Bandung
GF-07654,Resto GrabMantap 7653,Seafood,Depok
GF-07655,Resto GrabMantap 7654,Snacks,Bali
GF-07656,Resto GrabMantap 7655,Snacks,Depok
GF-07657,Resto GrabMantap 7656,Ayam Geprek,Bandung
GF-07658,Resto GrabMantap 7657,Beverages,Bogor
GF-07659,Resto GrabMantap 7658,Fast Food,Makassar
GF-07660,Resto GrabMantap 7659,Beverages,Bogor
GF-07661,Resto GrabMantap 7660,Snacks,Tangerang
GF-07662,Resto GrabMantap 7661,Seafood,Bandung
GF-07663,Resto GrabMantap 7662,Martabak,Bogor
GF-07664,Resto GrabMantap 7663,Fast Food,Bekasi
GF-07665,Resto GrabMantap 7664,Martabak,Tangerang
GF-07666,Resto GrabMantap 7665,Ayam Geprek,Medan
GF-07667,Resto GrabMantap 7666,Ayam Geprek,Depok
GF-07668,Resto GrabMantap 7667,Snacks,Bekasi
GF-07669,Resto GrabMantap 7668,Ayam Geprek,Bogor
GF-07670,Resto GrabMantap 7669,Snacks,Makassar
GF-07671,Resto GrabMantap 7670,Ayam Geprek,Surabaya
GF-07672,Resto GrabMantap 7671,Fast Food,Bekasi
GF-07673,Resto GrabMantap 7672,Snacks,Bandung
GF-07674,Resto GrabMantap 7673,Seafood,Depok
GF-07675,Resto GrabMantap 7674,Beverages,Bali
GF-07676,Resto GrabMantap 7675,Fast Food,Bandung
GF-07677,Resto GrabMantap 7676,Ayam Geprek,Depok
GF-07678,Resto GrabMantap 7677,Snacks,Tangerang
GF-07679,Resto GrabMantap 7678,Ayam Geprek,Bali
GF-07680,Resto GrabMantap 7679,Snacks,Jakarta
GF-07681,Resto GrabMantap 7680,Fast Food,Tangerang
GF-07682,Resto GrabMantap 7681,Ayam Geprek,Makassar
GF-07683,Resto GrabMantap 7682,Seafood,Depok
GF-07684,Resto GrabMantap 7683,Snacks,Tangerang
GF-07685,Resto GrabMantap 7684,Martabak,Bogor
GF-07686,Resto GrabMantap 7685,Ayam Geprek,Bekasi
GF-07687,Resto GrabMantap 7686,Fast Food,Jakarta
GF-07688,Resto GrabMantap 7687,Fast Food,Bali
GF-07689,Resto GrabMantap 7688,Fast Food,Surabaya
GF-07690,Resto GrabMantap 7689,Fast Food,Jakarta
GF-07691,Resto GrabMantap 7690,Fast Food,Depok
GF-07692,Resto GrabMantap 7691,Ayam Geprek,Bali
GF-07693,Resto GrabMantap 7692,Fast Food,Surabaya
GF-07694,Resto GrabMantap 7693,Fast Food,Depok
GF-07695,Resto GrabMantap 7694,Fast Food,Medan
GF-07696,Resto GrabMantap 7695,Ayam Geprek,Jakarta
GF-07697,Resto GrabMantap 7696,Ayam Geprek,Makassar
GF-07698,Resto GrabMantap 7697,Ayam Geprek,Medan
GF-07699,Resto GrabMantap 7698,Beverages,Medan
GF-07700,Resto GrabMantap 7699,Beverages,Bali
GF-07701,Resto GrabMantap 7700,Fast Food,Bali
GF-07702,Resto GrabMantap 7701,Beverages,Surabaya
GF-07703,Resto GrabMantap 7702,Beverages,Bandung
GF-07704,Resto GrabMantap 7703,Ayam Geprek,Bekasi
GF-07705,Resto GrabMantap 7704,Snacks,Jakarta
GF-07706,Resto GrabMantap 7705,Seafood,Medan
GF-07707,Resto GrabMantap 7706,Beverages,Tangerang
GF-07708,Resto GrabMantap 7707,Fast Food,Makassar
GF-07709,Resto GrabMantap 7708,Ayam Geprek,Depok
GF-07710,Resto GrabMantap 7709,Fast Food,Surabaya
GF-07711,Resto GrabMantap 7710,Snacks,Jakarta
GF-07712,Resto GrabMantap 7711,Beverages,Medan
GF-07713,Resto GrabMantap 7712,Snacks,Jakarta
GF-07714,Resto GrabMantap 7713,Ayam Geprek,Bandung
GF-07715,Resto GrabMantap 7714,Fast Food,Surabaya
GF-07716,Resto GrabMantap 7715,Seafood,Surabaya
GF-07717,Resto GrabMantap 7716,Fast Food,Makassar
GF-07718,Resto GrabMantap 7717,Beverages,Depok
GF-07719,Resto GrabMantap 7718,Snacks,Bandung
GF-07720,Resto GrabMantap 7719,Snacks,Makassar
GF-07721,Resto GrabMantap 7720,Beverages,Depok
GF-07722,Resto GrabMantap 7721,Beverages,Depok
GF-07723,Resto GrabMantap 7722,Snacks,Bali
GF-07724,Resto GrabMantap 7723,Beverages,Bekasi
GF-07725,Resto GrabMantap 7724,Martabak,Depok
GF-07726,Resto GrabMantap 7725,Beverages,Jakarta
GF-07727,Resto GrabMantap 7726,Seafood,Bali
GF-07728,Resto GrabMantap 7727,Snacks,Medan
GF-07729,Resto GrabMantap 7728,Snacks,Tangerang
GF-07730,Resto GrabMantap 7729,Beverages,Bandung
GF-07731,Resto GrabMantap 7730,Beverages,Medan
GF-07732,Resto GrabMantap 7731,Ayam Geprek,Surabaya
GF-07733,Resto GrabMantap 7732,Fast Food,Bali
GF-07734,Resto GrabMantap 7733,Fast Food,Makassar
GF-07735,Resto GrabMantap 7734,Snacks,Bali
GF-07736,Resto GrabMantap 7735,Fast Food,Makassar
GF-07737,Resto GrabMantap 7736,Martabak,Jakarta
GF-07738,Resto GrabMantap 7737,Seafood,Jakarta
GF-07739,Resto GrabMantap 7738,Beverages,Bogor
GF-07740,Resto GrabMantap 7739,Snacks,Bogor
GF-07741,Resto GrabMantap 7740,Beverages,Surabaya
GF-07742,Resto GrabMantap 7741,Snacks,Bandung
GF-07743,Resto GrabMantap 7742,Martabak,Bogor
GF-07744,Resto GrabMantap 7743,Ayam Geprek,Bandung
GF-07745,Resto GrabMantap 7744,Ayam Geprek,Jakarta
GF-07746,Resto GrabMantap 7745,Fast Food,Bandung
GF-07747,Resto GrabMantap 7746,Snacks,Medan
GF-07748,Resto GrabMantap 7747,Ayam Geprek,Jakarta
GF-07749,Resto GrabMantap 7748,Beverages,Tangerang
GF-07750,Resto GrabMantap 7749,Martabak,Bandung
GF-07751,Resto GrabMantap 7750,Seafood,Bogor
GF-07752,Resto GrabMantap 7751,Beverages,Medan
GF-07753,Resto GrabMantap 7752,Snacks,Bekasi
GF-07754,Resto GrabMantap 7753,Beverages,Depok
GF-07755,Resto GrabMantap 7754,Seafood,Makassar
GF-07756,Resto GrabMantap 7755,Beverages,Medan
GF-07757,Resto GrabMantap 7756,Beverages,Depok
GF-07758,Resto GrabMantap 7757,Fast Food,Bekasi
GF-07759,Resto GrabMantap 7758,Beverages,Surabaya
GF-07760,Resto GrabMantap 7759,Snacks,Jakarta
GF-07761,Resto GrabMantap 7760,Snacks,Surabaya
GF-07762,Resto GrabMantap 7761,Snacks,Surabaya
GF-07763,Resto GrabMantap 7762,Seafood,Surabaya
GF-07764,Resto GrabMantap 7763,Ayam Geprek,Bali
GF-07765,Resto GrabMantap 7764,Beverages,Tangerang
GF-07766,Resto GrabMantap 7765,Fast Food,Bandung
GF-07767,Resto GrabMantap 7766,Fast Food,Makassar
GF-07768,Resto GrabMantap 7767,Fast Food,Bandung
GF-07769,Resto GrabMantap 7768,Martabak,Bekasi
GF-07770,Resto GrabMantap 7769,Snacks,Bali
GF-07771,Resto GrabMantap 7770,Snacks,Bali
GF-07772,Resto GrabMantap 7771,Seafood,Bogor
GF-07773,Resto GrabMantap 7772,Martabak,Medan
GF-07774,Resto GrabMantap 7773,Beverages,Bali
GF-07775,Resto GrabMantap 7774,Fast Food,Depok
GF-07776,Resto GrabMantap 7775,Snacks,Bogor
GF-07777,Resto GrabMantap 7776,Seafood,Surabaya
GF-07778,Resto GrabMantap 7777,Seafood,Bekasi
GF-07779,Resto GrabMantap 7778,Ayam Geprek,Jakarta
GF-07780,Resto GrabMantap 7779,Seafood,Bekasi
GF-07781,Resto GrabMantap 7780,Snacks,Bogor
GF-07782,Resto GrabMantap 7781,Seafood,Bekasi
GF-07783,Resto GrabMantap 7782,Seafood,Medan
GF-07784,Resto GrabMantap 7783,Fast Food,Surabaya
GF-07785,Resto GrabMantap 7784,Beverages,Bandung
GF-07786,Resto GrabMantap 7785,Ayam Geprek,Makassar
GF-07787,Resto GrabMantap 7786,Snacks,Surabaya
GF-07788,Resto GrabMantap 7787,Ayam Geprek,Depok
GF-07789,Resto GrabMantap 7788,Ayam Geprek,Depok
GF-07790,Resto GrabMantap 7789,Snacks,Tangerang
GF-07791,Resto GrabMantap 7790,Seafood,Bali
GF-07792,Resto GrabMantap 7791,Ayam Geprek,Surabaya
GF-07793,Resto GrabMantap 7792,Fast Food,Depok
GF-07794,Resto GrabMantap 7793,Martabak,Surabaya
GF-07795,Resto GrabMantap 7794,Fast Food,Surabaya
GF-07796,Resto GrabMantap 7795,Snacks,Medan
GF-07797,Resto GrabMantap 7796,Seafood,Depok
GF-07798,Resto GrabMantap 7797,Snacks,Tangerang
GF-07799,Resto GrabMantap 7798,Martabak,Tangerang
GF-07800,Resto GrabMantap 7799,Fast Food,Bandung
GF-07801,Resto GrabMantap 7800,Beverages,Jakarta
GF-07802,Resto GrabMantap 7801,Martabak,Surabaya
GF-07803,Resto GrabMantap 7802,Fast Food,Bekasi
GF-07804,Resto GrabMantap 7803,Beverages,Surabaya
GF-07805,Resto GrabMantap 7804,Ayam Geprek,Jakarta
GF-07806,Resto GrabMantap 7805,Martabak,Depok
GF-07807,Resto GrabMantap 7806,Ayam Geprek,Depok
GF-07808,Resto GrabMantap 7807,Beverages,Medan
GF-07809,Resto GrabMantap 7808,Snacks,Medan
GF-07810,Resto GrabMantap 7809,Seafood,Bandung
GF-07811,Resto GrabMantap 7810,Martabak,Surabaya
GF-07812,Resto GrabMantap 7811,Snacks,Bali
GF-07813,Resto GrabMantap 7812,Ayam Geprek,Makassar
GF-07814,Resto GrabMantap 7813,Martabak,Surabaya
GF-07815,Resto GrabMantap 7814,Ayam Geprek,Bali
GF-07816,Resto GrabMantap 7815,Martabak,Medan
GF-07817,Resto GrabMantap 7816,Ayam Geprek,Depok
GF-07818,Resto GrabMantap 7817,Martabak,Surabaya
GF-07819,Resto GrabMantap 7818,Snacks,Bogor
GF-07820,Resto GrabMantap 7819,Beverages,Jakarta
GF-07821,Resto GrabMantap 7820,Seafood,Jakarta
GF-07822,Resto GrabMantap 7821,Martabak,Bali
GF-07823,Resto GrabMantap 7822,Martabak,Bandung
GF-07824,Resto GrabMantap 7823,Snacks,Bali
GF-07825,Resto GrabMantap 7824,Fast Food,Bali
GF-07826,Resto GrabMantap 7825,Fast Food,Tangerang
GF-07827,Resto GrabMantap 7826,Ayam Geprek,Makassar
GF-07828,Resto GrabMantap 7827,Fast Food,Bandung
GF-07829,Resto GrabMantap 7828,Seafood,Bogor
GF-07830,Resto GrabMantap 7829,Snacks,Makassar
GF-07831,Resto GrabMantap 7830,Snacks,Jakarta
GF-07832,Resto GrabMantap 7831,Ayam Geprek,Bandung
GF-07833,Resto GrabMantap 7832,Fast Food,Bogor
GF-07834,Resto GrabMantap 7833,Ayam Geprek,Tangerang
GF-07835,Resto GrabMantap 7834,Ayam Geprek,Bali
GF-07836,Resto GrabMantap 7835,Seafood,Bandung
GF-07837,Resto GrabMantap 7836,Ayam Geprek,Bandung
GF-07838,Resto GrabMantap 7837,Ayam Geprek,Medan
GF-07839,Resto GrabMantap 7838,Seafood,Jakarta
GF-07840,Resto GrabMantap 7839,Snacks,Makassar
GF-07841,Resto GrabMantap 7840,Martabak,Bandung
GF-07842,Resto GrabMantap 7841,Snacks,Bandung
GF-07843,Resto GrabMantap 7842,Snacks,Jakarta
GF-07844,Resto GrabMantap 7843,Seafood,Surabaya
GF-07845,Resto GrabMantap 7844,Ayam Geprek,Tangerang
GF-07846,Resto GrabMantap 7845,Martabak,Surabaya
GF-07847,Resto GrabMantap 7846,Fast Food,Medan
GF-07848,Resto GrabMantap 7847,Beverages,Tangerang
GF-07849,Resto GrabMantap 7848,Martabak,Depok
GF-07850,Resto GrabMantap 7849,Seafood,Tangerang
GF-07851,Resto GrabMantap 7850,Snacks,Makassar
GF-07852,Resto GrabMantap 7851,Seafood,Surabaya
GF-07853,Resto GrabMantap 7852,Ayam Geprek,Bekasi
GF-07854,Resto GrabMantap 7853,Ayam Geprek,Makassar
GF-07855,Resto GrabMantap 7854,Fast Food,Bekasi
GF-07856,Resto GrabMantap 7855,Fast Food,Bogor
GF-07857,Resto GrabMantap 7856,Ayam Geprek,Tangerang
GF-07858,Resto GrabMantap 7857,Martabak,Depok
GF-07859,Resto GrabMantap 7858,Martabak,Bali
GF-07860,Resto GrabMantap 7859,Martabak,Bekasi
GF-07861,Resto GrabMantap 7860,Ayam Geprek,Jakarta
GF-07862,Resto GrabMantap 7861,Martabak,Makassar
GF-07863,Resto GrabMantap 7862,Seafood,Bekasi
GF-07864,Resto GrabMantap 7863,Seafood,Medan
GF-07865,Resto GrabMantap 7864,Snacks,Bekasi
GF-07866,Resto GrabMantap 7865,Seafood,Medan
GF-07867,Resto GrabMantap 7866,Martabak,Bekasi
GF-07868,Resto GrabMantap 7867,Martabak,Bali
GF-07869,Resto GrabMantap 7868,Snacks,Bekasi
GF-07870,Resto GrabMantap 7869,Fast Food,Surabaya
GF-07871,Resto GrabMantap 7870,Beverages,Bogor
GF-07872,Resto GrabMantap 7871,Martabak,Bekasi
GF-07873,Resto GrabMantap 7872,Ayam Geprek,Medan
GF-07874,Resto GrabMantap 7873,Martabak,Bali
GF-07875,Resto GrabMantap 7874,Martabak,Makassar
GF-07876,Resto GrabMantap 7875,Ayam Geprek,Makassar
GF-07877,Resto GrabMantap 7876,Fast Food,Medan
GF-07878,Resto GrabMantap 7877,Ayam Geprek,Jakarta
GF-07879,Resto GrabMantap 7878,Martabak,Surabaya
GF-07880,Resto GrabMantap 7879,Seafood,Makassar
GF-07881,Resto GrabMantap 7880,Snacks,Tangerang
GF-07882,Resto GrabMantap 7881,Martabak,Bekasi
GF-07883,Resto GrabMantap 7882,Snacks,Tangerang
GF-07884,Resto GrabMantap 7883,Ayam Geprek,Depok
GF-07885,Resto GrabMantap 7884,Fast Food,Bali
GF-07886,Resto GrabMantap 7885,Fast Food,Bekasi
GF-07887,Resto GrabMantap 7886,Seafood,Medan
GF-07888,Resto GrabMantap 7887,Fast Food,Depok
GF-07889,Resto GrabMantap 7888,Ayam Geprek,Tangerang
GF-07890,Resto GrabMantap 7889,Snacks,Depok
GF-07891,Resto GrabMantap 7890,Snacks,Makassar
GF-07892,Resto GrabMantap 7891,Fast Food,Tangerang
GF-07893,Resto GrabMantap 7892,Fast Food,Tangerang
GF-07894,Resto GrabMantap 7893,Beverages,Surabaya
GF-07895,Resto GrabMantap 7894,Beverages,Medan
GF-07896,Resto GrabMantap 7895,Seafood,Bandung
GF-07897,Resto GrabMantap 7896,Fast Food,Bogor
GF-07898,Resto GrabMantap 7897,Martabak,Medan
GF-07899,Resto GrabMantap 7898,Fast Food,Medan
GF-07900,Resto GrabMantap 7899,Snacks,Surabaya
GF-07901,Resto GrabMantap 7900,Snacks,Makassar
GF-07902,Resto GrabMantap 7901,Beverages,Makassar
GF-07903,Resto GrabMantap 7902,Fast Food,Bandung
GF-07904,Resto GrabMantap 7903,Ayam Geprek,Bekasi
GF-07905,Resto GrabMantap 7904,Ayam Geprek,Depok
GF-07906,Resto GrabMantap 7905,Ayam Geprek,Depok
GF-07907,Resto GrabMantap 7906,Seafood,Bandung
GF-07908,Resto GrabMantap 7907,Martabak,Makassar
GF-07909,Resto GrabMantap 7908,Seafood,Tangerang
GF-07910,Resto GrabMantap 7909,Seafood,Bandung
GF-07911,Resto GrabMantap 7910,Ayam Geprek,Makassar
GF-07912,Resto GrabMantap 7911,Ayam Geprek,Tangerang
GF-07913,Resto GrabMantap 7912,Snacks,Depok
GF-07914,Resto GrabMantap 7913,Beverages,Medan
GF-07915,Resto GrabMantap 7914,Ayam Geprek,Bandung
GF-07916,Resto GrabMantap 7915,Martabak,Bandung
GF-07917,Resto GrabMantap 7916,Seafood,Bali
GF-07918,Resto GrabMantap 7917,Beverages,Tangerang
GF-07919,Resto GrabMantap 7918,Beverages,Surabaya
GF-07920,Resto GrabMantap 7919,Snacks,Medan
GF-07921,Resto GrabMantap 7920,Snacks,Makassar
GF-07922,Resto GrabMantap 7921,Seafood,Surabaya
GF-07923,Resto GrabMantap 7922,Fast Food,Bogor
GF-07924,Resto GrabMantap 7923,Fast Food,Makassar
GF-07925,Resto GrabMantap 7924,Ayam Geprek,Makassar
GF-07926,Resto GrabMantap 7925,Martabak,Tangerang
GF-07927,Resto GrabMantap 7926,Martabak,Bali
GF-07928,Resto GrabMantap 7927,Beverages,Bali
GF-07929,Resto GrabMantap 7928,Seafood,Jakarta
GF-07930,Resto GrabMantap 7929,Fast Food,Surabaya
GF-07931,Resto GrabMantap 7930,Fast Food,Depok
GF-07932,Resto GrabMantap 7931,Martabak,Bekasi
GF-07933,Resto GrabMantap 7932,Snacks,Bekasi
GF-07934,Resto GrabMantap 7933,Seafood,Bandung
GF-07935,Resto GrabMantap 7934,Seafood,Makassar
GF-07936,Resto GrabMantap 7935,Martabak,Makassar
GF-07937,Resto GrabMantap 7936,Seafood,Medan
GF-07938,Resto GrabMantap 7937,Beverages,Bogor
GF-07939,Resto GrabMantap 7938,Beverages,Depok
GF-07940,Resto GrabMantap 7939,Ayam Geprek,Medan
GF-07941,Resto GrabMantap 7940,Seafood,Jakarta
GF-07942,Resto GrabMantap 7941,Beverages,Bandung
GF-07943,Resto GrabMantap 7942,Snacks,Medan
GF-07944,Resto GrabMantap 7943,Fast Food,Bogor
GF-07945,Resto GrabMantap 7944,Snacks,Makassar
GF-07946,Resto GrabMantap 7945,Fast Food,Jakarta
GF-07947,Resto GrabMantap 7946,Seafood,Medan
GF-07948,Resto GrabMantap 7947,Ayam Geprek,Bekasi
GF-07949,Resto GrabMantap 7948,Fast Food,Bogor
GF-07950,Resto GrabMantap 7949,Martabak,Bogor
GF-07951,Resto GrabMantap 7950,Fast Food,Surabaya
GF-07952,Resto GrabMantap 7951,Fast Food,Medan
GF-07953,Resto GrabMantap 7952,Seafood,Depok
GF-07954,Resto GrabMantap 7953,Seafood,Jakarta
GF-07955,Resto GrabMantap 7954,Beverages,Bekasi
GF-07956,Resto GrabMantap 7955,Seafood,Depok
GF-07957,Resto GrabMantap 7956,Snacks,Bogor
GF-07958,Resto GrabMantap 7957,Beverages,Bali
GF-07959,Resto GrabMantap 7958,Beverages,Bekasi
GF-07960,Resto GrabMantap 7959,Martabak,Depok
GF-07961,Resto GrabMantap 7960,Ayam Geprek,Bekasi
GF-07962,Resto GrabMantap 7961,Seafood,Bekasi
GF-07963,Resto GrabMantap 7962,Beverages,Tangerang
GF-07964,Resto GrabMantap 7963,Beverages,Bandung
GF-07965,Resto GrabMantap 7964,Martabak,Surabaya
GF-07966,Resto GrabMantap 7965,Fast Food,Bogor
GF-07967,Resto GrabMantap 7966,Fast Food,Bali
GF-07968,Resto GrabMantap 7967,Fast Food,Medan
GF-07969,Resto GrabMantap 7968,Beverages,Bogor
GF-07970,Resto GrabMantap 7969,Beverages,Bali
GF-07971,Resto GrabMantap 7970,Ayam Geprek,Medan
GF-07972,Resto GrabMantap 7971,Seafood,Jakarta
GF-07973,Resto GrabMantap 7972,Ayam Geprek,Bali
GF-07974,Resto GrabMantap 7973,Seafood,Jakarta
GF-07975,Resto GrabMantap 7974,Ayam Geprek,Surabaya
GF-07976,Resto GrabMantap 7975,Seafood,Bandung
GF-07977,Resto GrabMantap 7976,Snacks,Bekasi
GF-07978,Resto GrabMantap 7977,Beverages,Bogor
GF-07979,Resto GrabMantap 7978,Beverages,Bekasi
GF-07980,Resto GrabMantap 7979,Martabak,Depok
GF-07981,Resto GrabMantap 7980,Fast Food,Depok
GF-07982,Resto GrabMantap 7981,Snacks,Medan
GF-07983,Resto GrabMantap 7982,Beverages,Bandung
GF-07984,Resto GrabMantap 7983,Snacks,Bali
GF-07985,Resto GrabMantap 7984,Seafood,Tangerang
GF-07986,Resto GrabMantap 7985,Seafood,Bandung
GF-07987,Resto GrabMantap 7986,Ayam Geprek,Bandung
GF-07988,Resto GrabMantap 7987,Martabak,Bekasi
GF-07989,Resto GrabMantap 7988,Beverages,Bogor
GF-07990,Resto GrabMantap 7989,Fast Food,Makassar
GF-07991,Resto GrabMantap 7990,Fast Food,Bekasi
GF-07992,Resto GrabMantap 7991,Fast Food,Bogor
GF-07993,Resto GrabMantap 7992,Fast Food,Tangerang
GF-07994,Resto GrabMantap 7993,Ayam Geprek,Jakarta
GF-07995,Resto GrabMantap 7994,Martabak,Bandung
GF-07996,Resto GrabMantap 7995,Ayam Geprek,Bali
GF-07997,Resto GrabMantap 7996,Snacks,Tangerang
GF-07998,Resto GrabMantap 7997,Snacks,Depok
GF-07999,Resto GrabMantap 7998,Martabak,Depok
GF-08000,Resto GrabMantap 7999,Ayam Geprek,Surabaya
